#pragma once
/* Generated by scripts/gen_avatars.py — do not edit by hand. */
#include <stdint.h>
#include "lvgl.h"

#define AVATAR_SLOT_COUNT 12
#define AVATAR_IMG_SIZE 48

static const uint8_t avatar_1_map[] = {
    0xa3, 0x10, 0xa3, 0x10, 0xa3, 0x10, 0xa3, 0x10, 0xa3, 0x10, 0xa3, 0x10, 0xa3, 0x10, 0xa3, 0x10, 0xa3, 0x10, 0xa3, 0x10, 0xa3, 0x10, 0xa3, 0x10,
    0xa3, 0x10, 0xa3, 0x10, 0xa3, 0x10, 0xa3, 0x10, 0xa3, 0x10, 0xa3, 0x10, 0xa3, 0x10, 0xa3, 0x10, 0xa3, 0x10, 0xa3, 0x10, 0xa3, 0x10, 0xa3, 0x10,
    0xa3, 0x10, 0xa3, 0x10, 0xa3, 0x10, 0xa3, 0x10, 0xa3, 0x10, 0xa3, 0x10, 0xa3, 0x10, 0xa3, 0x10, 0xa3, 0x10, 0xa3, 0x10, 0xa3, 0x10, 0xa3, 0x10,
    0xa3, 0x10, 0xa3, 0x10, 0xa3, 0x10, 0xa3, 0x10, 0xa3, 0x10, 0xa3, 0x10, 0xa3, 0x10, 0xa3, 0x10, 0xa3, 0x10, 0xa3, 0x10, 0xa3, 0x10, 0xa3, 0x10,
    0xa3, 0x10, 0xa3, 0x10, 0xa3, 0x10, 0xa3, 0x10, 0xa3, 0x10, 0xa3, 0x10, 0xa3, 0x10, 0xa3, 0x10, 0xa3, 0x10, 0xa3, 0x10, 0xa3, 0x10, 0xa3, 0x10,
    0xa3, 0x10, 0xa3, 0x10, 0xa3, 0x10, 0xa3, 0x10, 0xa3, 0x10, 0xa3, 0x10, 0xa3, 0x10, 0xa3, 0x10, 0xa3, 0x10, 0xa3, 0x10, 0xa3, 0x10, 0xa3, 0x10,
    0xa3, 0x10, 0xa3, 0x10, 0xa3, 0x10, 0xa3, 0x10, 0xa3, 0x10, 0xa3, 0x10, 0xa3, 0x10, 0xa3, 0x10, 0xa3, 0x10, 0xa3, 0x10, 0xa3, 0x10, 0xa3, 0x10,
    0xa3, 0x10, 0xa3, 0x10, 0xa3, 0x10, 0xa3, 0x10, 0xa3, 0x10, 0xa3, 0x10, 0xa3, 0x10, 0xa3, 0x10, 0xa3, 0x10, 0xa3, 0x10, 0xa3, 0x10, 0xa3, 0x10,
    0xa3, 0x10, 0xa3, 0x10, 0xa3, 0x10, 0xa3, 0x10, 0xa3, 0x10, 0xa3, 0x10, 0xa3, 0x10, 0xa3, 0x10, 0xa3, 0x10, 0xa3, 0x10, 0xa3, 0x10, 0xa3, 0x10,
    0xa3, 0x10, 0xa3, 0x10, 0xa3, 0x10, 0xa3, 0x10, 0xa3, 0x10, 0xa3, 0x10, 0xa3, 0x10, 0xa3, 0x10, 0xa3, 0x10, 0xa3, 0x10, 0xa3, 0x10, 0xa3, 0x10,
    0xa3, 0x10, 0xa3, 0x10, 0xa3, 0x10, 0xa3, 0x10, 0xa3, 0x10, 0xa3, 0x10, 0xa3, 0x10, 0xa3, 0x10, 0xa3, 0x10, 0xa3, 0x10, 0xa3, 0x10, 0xa3, 0x10,
    0xa3, 0x10, 0xa3, 0x10, 0xa3, 0x10, 0xa3, 0x10, 0xa3, 0x10, 0xa3, 0x10, 0xa3, 0x10, 0xa3, 0x10, 0xa3, 0x10, 0xa3, 0x10, 0xa3, 0x10, 0xa3, 0x10,
    0xa3, 0x10, 0xa3, 0x10, 0xa3, 0x10, 0xa3, 0x10, 0xa3, 0x10, 0xa3, 0x10, 0xa3, 0x10, 0xa3, 0x10, 0xa3, 0x10, 0xa3, 0x10, 0xa3, 0x10, 0xa3, 0x10,
    0xa3, 0x10, 0xa3, 0x10, 0xa3, 0x10, 0xa3, 0x10, 0xa3, 0x10, 0xa3, 0x10, 0xa3, 0x10, 0xa3, 0x10, 0xa3, 0x10, 0xa3, 0x10, 0xa3, 0x10, 0xa3, 0x10,
    0xa3, 0x10, 0xa3, 0x10, 0xa3, 0x10, 0xa3, 0x10, 0xa3, 0x10, 0xa3, 0x10, 0xa3, 0x10, 0xa3, 0x10, 0xa3, 0x10, 0xa3, 0x10, 0xa3, 0x10, 0xa3, 0x10,
    0xa3, 0x10, 0xa3, 0x10, 0xa3, 0x10, 0xa3, 0x10, 0xa3, 0x10, 0xa3, 0x10, 0xa3, 0x10, 0xa3, 0x10, 0xa3, 0x10, 0xa3, 0x10, 0xa3, 0x10, 0xa3, 0x10,
    0xa3, 0x10, 0xa3, 0x10, 0xa3, 0x10, 0xa3, 0x10, 0xa3, 0x10, 0xa3, 0x10, 0xa3, 0x10, 0xa3, 0x10, 0xa3, 0x10, 0xa3, 0x10, 0xa3, 0x10, 0xa3, 0x10,
    0xa3, 0x10, 0xa3, 0x10, 0xa3, 0x10, 0xa3, 0x10, 0xa3, 0x10, 0xa3, 0x10, 0xa3, 0x10, 0xa3, 0x10, 0xa3, 0x10, 0xa3, 0x10, 0xa3, 0x10, 0xa3, 0x10,
    0xa3, 0x10, 0xa3, 0x10, 0xa3, 0x10, 0xa3, 0x10, 0xa3, 0x10, 0xa3, 0x10, 0xa3, 0x10, 0xa3, 0x10, 0xa3, 0x10, 0xa3, 0x10, 0xa3, 0x10, 0xa3, 0x10,
    0xa3, 0x10, 0xa3, 0x10, 0xa3, 0x10, 0xa3, 0x10, 0xa3, 0x10, 0xa3, 0x10, 0xa3, 0x10, 0xa3, 0x10, 0xa3, 0x10, 0xa3, 0x10, 0xa3, 0x10, 0xa3, 0x10,
    0xa3, 0x10, 0xa3, 0x10, 0xa3, 0x10, 0xa3, 0x10, 0xa3, 0x10, 0xa3, 0x10, 0xa3, 0x10, 0xa3, 0x10, 0xa3, 0x10, 0xa3, 0x10, 0xa3, 0x10, 0xa3, 0x10,
    0xa3, 0x10, 0xa3, 0x10, 0xa3, 0x10, 0xa3, 0x10, 0xa3, 0x10, 0xa3, 0x10, 0xa3, 0x10, 0xa3, 0x10, 0xa3, 0x10, 0xa3, 0x10, 0xa3, 0x10, 0xa3, 0x10,
    0xa3, 0x10, 0xa3, 0x10, 0xa3, 0x10, 0xa3, 0x10, 0xa3, 0x10, 0xa3, 0x10, 0xa3, 0x10, 0xa3, 0x10, 0xa3, 0x10, 0xa3, 0x10, 0xa3, 0x10, 0xa3, 0x10,
    0xa3, 0x10, 0xa3, 0x10, 0xa3, 0x10, 0xa3, 0x10, 0xa3, 0x10, 0xa3, 0x10, 0xa3, 0x10, 0xa3, 0x10, 0xa3, 0x10, 0xa3, 0x10, 0xa3, 0x10, 0xa3, 0x10,
    0xa3, 0x10, 0xa3, 0x10, 0xa3, 0x10, 0xa3, 0x10, 0xa3, 0x10, 0xa3, 0x10, 0xa3, 0x10, 0xa3, 0x10, 0xa3, 0x10, 0xa3, 0x10, 0xa3, 0x10, 0xa3, 0x10,
    0xa3, 0x10, 0xa3, 0x10, 0xa3, 0x10, 0xa3, 0x10, 0xa3, 0x10, 0xa3, 0x10, 0xa3, 0x10, 0xa3, 0x10, 0xa3, 0x10, 0xa3, 0x10, 0xa3, 0x10, 0xa3, 0x10,
    0xa3, 0x10, 0xa3, 0x10, 0xa3, 0x10, 0xa3, 0x10, 0xa3, 0x10, 0xa3, 0x10, 0xa3, 0x10, 0xa3, 0x10, 0xa3, 0x10, 0xa3, 0x10, 0xa3, 0x10, 0xa3, 0x10,
    0xa3, 0x10, 0xa3, 0x10, 0xa3, 0x10, 0xa3, 0x10, 0xa3, 0x10, 0xa3, 0x10, 0xa3, 0x10, 0xa3, 0x10, 0xa3, 0x10, 0xa3, 0x10, 0xa3, 0x10, 0xa3, 0x10,
    0xa3, 0x10, 0xa3, 0x10, 0xa3, 0x10, 0xa3, 0x10, 0xa3, 0x10, 0xa3, 0x10, 0xa3, 0x10, 0xa3, 0x10, 0xa3, 0x10, 0xa3, 0x10, 0xa3, 0x10, 0xa3, 0x10,
    0xa3, 0x10, 0xa3, 0x10, 0xa3, 0x10, 0xa3, 0x10, 0xa3, 0x10, 0xa3, 0x10, 0xa3, 0x10, 0xa3, 0x10, 0xa3, 0x10, 0xa3, 0x10, 0xa3, 0x10, 0xa3, 0x10,
    0xa3, 0x10, 0xa3, 0x10, 0xa3, 0x10, 0xa3, 0x10, 0xa3, 0x10, 0xa3, 0x10, 0xa3, 0x10, 0xa3, 0x10, 0xa3, 0x10, 0xa3, 0x10, 0xa3, 0x10, 0xa3, 0x10,
    0xa3, 0x10, 0xa3, 0x10, 0xa3, 0x10, 0xa3, 0x10, 0xa3, 0x10, 0xa3, 0x10, 0xa3, 0x10, 0xa3, 0x10, 0xa3, 0x10, 0xa3, 0x10, 0xa3, 0x10, 0xa3, 0x10,
    0xa3, 0x10, 0xa3, 0x10, 0xa3, 0x10, 0xa3, 0x10, 0xa3, 0x10, 0xa3, 0x10, 0xa3, 0x10, 0xa3, 0x10, 0xa3, 0x10, 0xa3, 0x10, 0x08, 0xee, 0x08, 0xee,
    0x08, 0xee, 0x08, 0xee, 0x08, 0xee, 0xa3, 0x10, 0xa3, 0x10, 0xa3, 0x10, 0xa3, 0x10, 0xa3, 0x10, 0xa3, 0x10, 0xa3, 0x10, 0xa3, 0x10, 0xa3, 0x10,
    0xa3, 0x10, 0xa3, 0x10, 0xa3, 0x10, 0xa3, 0x10, 0xa3, 0x10, 0xa3, 0x10, 0xa3, 0x10, 0xa3, 0x10, 0xa3, 0x10, 0xa3, 0x10, 0x08, 0xee, 0x08, 0xee,
    0x08, 0xee, 0x08, 0xee, 0x08, 0xee, 0xa3, 0x10, 0xa3, 0x10, 0xa3, 0x10, 0xa3, 0x10, 0xa3, 0x10, 0xa3, 0x10, 0xa3, 0x10, 0xa3, 0x10, 0xa3, 0x10,
    0xa3, 0x10, 0xa3, 0x10, 0xa3, 0x10, 0xa3, 0x10, 0xa3, 0x10, 0xa3, 0x10, 0xa3, 0x10, 0xa3, 0x10, 0xa3, 0x10, 0x08, 0xee, 0x08, 0xee, 0x08, 0xee,
    0x08, 0xee, 0x08, 0xee, 0x08, 0xee, 0x08, 0xee, 0xa3, 0x10, 0xa3, 0x10, 0xa3, 0x10, 0xa3, 0x10, 0xa3, 0x10, 0xa3, 0x10, 0xa3, 0x10, 0xa3, 0x10,
    0xa3, 0x10, 0xa3, 0x10, 0xa3, 0x10, 0xa3, 0x10, 0xa3, 0x10, 0xa3, 0x10, 0xa3, 0x10, 0xa3, 0x10, 0xa3, 0x10, 0x08, 0xee, 0x08, 0xee, 0x08, 0xee,
    0x08, 0xee, 0x08, 0xee, 0x08, 0xee, 0x08, 0xee, 0xa3, 0x10, 0xa3, 0x10, 0xa3, 0x10, 0xa3, 0x10, 0xa3, 0x10, 0xa3, 0x10, 0xa3, 0x10, 0xa3, 0x10,
    0xa3, 0x10, 0xa3, 0x10, 0xa3, 0x10, 0xa3, 0x10, 0xa3, 0x10, 0xa3, 0x10, 0xa3, 0x10, 0xa3, 0x10, 0x08, 0xee, 0x08, 0xee, 0x08, 0xee, 0x08, 0xee,
    0x08, 0xee, 0x08, 0xee, 0x08, 0xee, 0x08, 0xee, 0x08, 0xee, 0xa3, 0x10, 0xa3, 0x10, 0x1d, 0x5d, 0x1d, 0x5d, 0x1d, 0x5d, 0x1d, 0x5d, 0x1d, 0x5d,
    0x1d, 0x5d, 0x1d, 0x5d, 0x1d, 0x5d, 0x1d, 0x5d, 0x1d, 0x5d, 0x1d, 0x5d, 0xa3, 0x10, 0xa3, 0x10, 0x08, 0xee, 0x08, 0xee, 0x08, 0xee, 0x08, 0xee,
    0x08, 0xee, 0x08, 0xee, 0x08, 0xee, 0x08, 0xee, 0x08, 0xee, 0xa3, 0x10, 0xa3, 0x10, 0xa3, 0x10, 0xa3, 0x10, 0xa3, 0x10, 0xa3, 0x10, 0xa3, 0x10,
    0xa3, 0x10, 0xa3, 0x10, 0xa3, 0x10, 0xa3, 0x10, 0xa3, 0x10, 0xa3, 0x10, 0xa3, 0x10, 0xa3, 0x10, 0x08, 0xee, 0x08, 0xee, 0x08, 0xee, 0x08, 0xee,
    0x08, 0xee, 0x08, 0xee, 0x08, 0xee, 0x08, 0xee, 0x08, 0xee, 0x1d, 0x5d, 0x1d, 0x5d, 0x1d, 0x5d, 0x1d, 0x5d, 0x1d, 0x5d, 0x1d, 0x5d, 0x1d, 0x5d,
    0x1d, 0x5d, 0x1d, 0x5d, 0x1d, 0x5d, 0x1d, 0x5d, 0x1d, 0x5d, 0x1d, 0x5d, 0x1d, 0x5d, 0x1d, 0x5d, 0x08, 0xee, 0x08, 0xee, 0x08, 0xee, 0x08, 0xee,
    0x08, 0xee, 0x08, 0xee, 0x08, 0xee, 0x08, 0xee, 0x08, 0xee, 0xa3, 0x10, 0xa3, 0x10, 0xa3, 0x10, 0xa3, 0x10, 0xa3, 0x10, 0xa3, 0x10, 0xa3, 0x10,
    0xa3, 0x10, 0xa3, 0x10, 0xa3, 0x10, 0xa3, 0x10, 0xa3, 0x10, 0xa3, 0x10, 0xa3, 0x10, 0xa3, 0x10, 0x08, 0xee, 0x08, 0xee, 0x08, 0xee, 0x08, 0xee,
    0x08, 0xee, 0x08, 0xee, 0x08, 0xee, 0x1d, 0x5d, 0x1d, 0x5d, 0x1d, 0x5d, 0x1d, 0x5d, 0x1d, 0x5d, 0x1d, 0x5d, 0x1d, 0x5d, 0x1d, 0x5d, 0x1d, 0x5d,
    0x1d, 0x5d, 0x1d, 0x5d, 0x1d, 0x5d, 0x1d, 0x5d, 0x1d, 0x5d, 0x1d, 0x5d, 0x1d, 0x5d, 0x1d, 0x5d, 0x1d, 0x5d, 0x1d, 0x5d, 0x08, 0xee, 0x08, 0xee,
    0x08, 0xee, 0x08, 0xee, 0x08, 0xee, 0x08, 0xee, 0x08, 0xee, 0xa3, 0x10, 0xa3, 0x10, 0xa3, 0x10, 0xa3, 0x10, 0xa3, 0x10, 0xa3, 0x10, 0xa3, 0x10,
    0xa3, 0x10, 0xa3, 0x10, 0xa3, 0x10, 0xa3, 0x10, 0xa3, 0x10, 0xa3, 0x10, 0xa3, 0x10, 0xa3, 0x10, 0x08, 0xee, 0x08, 0xee, 0x08, 0xee, 0x08, 0xee,
    0x08, 0xee, 0x08, 0xee, 0x1d, 0x5d, 0x1d, 0x5d, 0x1d, 0x5d, 0x1d, 0x5d, 0x1d, 0x5d, 0x1d, 0x5d, 0x1d, 0x5d, 0x1d, 0x5d, 0x1d, 0x5d, 0x1d, 0x5d,
    0x1d, 0x5d, 0x1d, 0x5d, 0x1d, 0x5d, 0x1d, 0x5d, 0x1d, 0x5d, 0x1d, 0x5d, 0x1d, 0x5d, 0x1d, 0x5d, 0x1d, 0x5d, 0x1d, 0x5d, 0x1d, 0x5d, 0x08, 0xee,
    0x08, 0xee, 0x08, 0xee, 0x08, 0xee, 0x08, 0xee, 0x08, 0xee, 0xa3, 0x10, 0xa3, 0x10, 0xa3, 0x10, 0xa3, 0x10, 0xa3, 0x10, 0xa3, 0x10, 0xa3, 0x10,
    0xa3, 0x10, 0xa3, 0x10, 0xa3, 0x10, 0xa3, 0x10, 0xa3, 0x10, 0xa3, 0x10, 0xa3, 0x10, 0xa3, 0x10, 0x08, 0xee, 0x08, 0xee, 0x08, 0xee, 0x08, 0xee,
    0x1d, 0x5d, 0x1d, 0x5d, 0x1d, 0x5d, 0x1d, 0x5d, 0x1d, 0x5d, 0x1d, 0x5d, 0x1d, 0x5d, 0x1d, 0x5d, 0x1d, 0x5d, 0x1d, 0x5d, 0x1d, 0x5d, 0x1d, 0x5d,
    0x1d, 0x5d, 0x1d, 0x5d, 0x1d, 0x5d, 0x1d, 0x5d, 0x1d, 0x5d, 0x1d, 0x5d, 0x1d, 0x5d, 0x1d, 0x5d, 0x1d, 0x5d, 0x1d, 0x5d, 0x1d, 0x5d, 0x1d, 0x5d,
    0x1d, 0x5d, 0x08, 0xee, 0x08, 0xee, 0x08, 0xee, 0x08, 0xee, 0xa3, 0x10, 0xa3, 0x10, 0xa3, 0x10, 0xa3, 0x10, 0xa3, 0x10, 0xa3, 0x10, 0xa3, 0x10,
    0xa3, 0x10, 0xa3, 0x10, 0xa3, 0x10, 0xa3, 0x10, 0xa3, 0x10, 0xa3, 0x10, 0xa3, 0x10, 0xa3, 0x10, 0xa3, 0x10, 0x08, 0xee, 0x08, 0xee, 0x08, 0xee,
    0x1d, 0x5d, 0x1d, 0x5d, 0x1d, 0x5d, 0x1d, 0x5d, 0x1d, 0x5d, 0x1d, 0x5d, 0x1d, 0x5d, 0x1d, 0x5d, 0x1d, 0x5d, 0x1d, 0x5d, 0x1d, 0x5d, 0x1d, 0x5d,
    0x1d, 0x5d, 0x1d, 0x5d, 0x1d, 0x5d, 0x1d, 0x5d, 0x1d, 0x5d, 0x1d, 0x5d, 0x1d, 0x5d, 0x1d, 0x5d, 0x1d, 0x5d, 0x1d, 0x5d, 0x1d, 0x5d, 0x1d, 0x5d,
    0x1d, 0x5d, 0x08, 0xee, 0x08, 0xee, 0x08, 0xee, 0xa3, 0x10, 0xa3, 0x10, 0xa3, 0x10, 0xa3, 0x10, 0xa3, 0x10, 0xa3, 0x10, 0xa3, 0x10, 0xa3, 0x10,
    0xa3, 0x10, 0xa3, 0x10, 0xa3, 0x10, 0xa3, 0x10, 0xa3, 0x10, 0xa3, 0x10, 0xa3, 0x10, 0xa3, 0x10, 0xa3, 0x10, 0xa3, 0x10, 0x08, 0xee, 0x1d, 0x5d,
    0x1d, 0x5d, 0x1d, 0x5d, 0x1d, 0x5d, 0x1d, 0x5d, 0x1d, 0x5d, 0x1d, 0x5d, 0x1d, 0x5d, 0x1d, 0x5d, 0x1d, 0x5d, 0x1d, 0x5d, 0x1d, 0x5d, 0x1d, 0x5d,
    0x1d, 0x5d, 0x1d, 0x5d, 0x1d, 0x5d, 0x1d, 0x5d, 0x1d, 0x5d, 0x1d, 0x5d, 0x1d, 0x5d, 0x1d, 0x5d, 0x1d, 0x5d, 0x1d, 0x5d, 0x1d, 0x5d, 0x1d, 0x5d,
    0x1d, 0x5d, 0x1d, 0x5d, 0x08, 0xee, 0xa3, 0x10, 0xa3, 0x10, 0xa3, 0x10, 0xa3, 0x10, 0xa3, 0x10, 0xa3, 0x10, 0xa3, 0x10, 0xa3, 0x10, 0xa3, 0x10,
    0xa3, 0x10, 0xa3, 0x10, 0xa3, 0x10, 0xa3, 0x10, 0xa3, 0x10, 0xa3, 0x10, 0xa3, 0x10, 0xa3, 0x10, 0xa3, 0x10, 0xa3, 0x10, 0x1d, 0x5d, 0x1d, 0x5d,
    0x1d, 0x5d, 0x1d, 0x5d, 0x1d, 0x5d, 0x1d, 0x5d, 0x1d, 0x5d, 0x1d, 0x5d, 0x1d, 0x5d, 0x1d, 0x5d, 0x8f, 0x2a, 0x8f, 0x2a, 0x8f, 0x2a, 0x8f, 0x2a,
    0x8f, 0x2a, 0x8f, 0x2a, 0x8f, 0x2a, 0x8f, 0x2a, 0x8f, 0x2a, 0x1d, 0x5d, 0x1d, 0x5d, 0x1d, 0x5d, 0x1d, 0x5d, 0x1d, 0x5d, 0x1d, 0x5d, 0x1d, 0x5d,
    0x1d, 0x5d, 0x1d, 0x5d, 0x1d, 0x5d, 0xa3, 0x10, 0xa3, 0x10, 0xa3, 0x10, 0xa3, 0x10, 0xa3, 0x10, 0xa3, 0x10, 0xa3, 0x10, 0xa3, 0x10, 0xa3, 0x10,
    0xa3, 0x10, 0xa3, 0x10, 0xa3, 0x10, 0xa3, 0x10, 0xa3, 0x10, 0xa3, 0x10, 0xa3, 0x10, 0xa3, 0x10, 0xa3, 0x10, 0xa3, 0x10, 0x1d, 0x5d, 0x1d, 0x5d,
    0x1d, 0x5d, 0x1d, 0x5d, 0x1d, 0x5d, 0x1d, 0x5d, 0x1d, 0x5d, 0x1d, 0x5d, 0x8f, 0x2a, 0x8f, 0x2a, 0x8f, 0x2a, 0x8f, 0x2a, 0x8f, 0x2a, 0x8f, 0x2a,
    0x8f, 0x2a, 0x8f, 0x2a, 0x8f, 0x2a, 0x8f, 0x2a, 0x8f, 0x2a, 0x8f, 0x2a, 0x8f, 0x2a, 0x1d, 0x5d, 0x1d, 0x5d, 0x1d, 0x5d, 0x1d, 0x5d, 0x1d, 0x5d,
    0x1d, 0x5d, 0x1d, 0x5d, 0x1d, 0x5d, 0xa3, 0x10, 0xa3, 0x10, 0xa3, 0x10, 0xa3, 0x10, 0xa3, 0x10, 0xa3, 0x10, 0xa3, 0x10, 0xa3, 0x10, 0xa3, 0x10,
    0xa3, 0x10, 0xa3, 0x10, 0xa3, 0x10, 0xa3, 0x10, 0xa3, 0x10, 0xa3, 0x10, 0xa3, 0x10, 0xa3, 0x10, 0xa3, 0x10, 0x1d, 0x5d, 0x1d, 0x5d, 0x1d, 0x5d,
    0x1d, 0x5d, 0x1d, 0x5d, 0x1d, 0x5d, 0x1d, 0x5d, 0x1d, 0x5d, 0x8f, 0x2a, 0x8f, 0x2a, 0x8f, 0x2a, 0x8f, 0x2a, 0x8f, 0x2a, 0x8f, 0x2a, 0x8f, 0x2a,
    0x8f, 0x2a, 0x8f, 0x2a, 0x8f, 0x2a, 0x8f, 0x2a, 0x8f, 0x2a, 0x8f, 0x2a, 0x8f, 0x2a, 0x8f, 0x2a, 0x1d, 0x5d, 0x1d, 0x5d, 0x1d, 0x5d, 0x1d, 0x5d,
    0x1d, 0x5d, 0x1d, 0x5d, 0x1d, 0x5d, 0x1d, 0x5d, 0xa3, 0x10, 0xa3, 0x10, 0xa3, 0x10, 0xa3, 0x10, 0xa3, 0x10, 0xa3, 0x10, 0xa3, 0x10, 0xa3, 0x10,
    0xa3, 0x10, 0xa3, 0x10, 0xa3, 0x10, 0xa3, 0x10, 0xa3, 0x10, 0xa3, 0x10, 0xa3, 0x10, 0xa3, 0x10, 0xa3, 0x10, 0x1d, 0x5d, 0x1d, 0x5d, 0x1d, 0x5d,
    0x1d, 0x5d, 0x1d, 0x5d, 0x1d, 0x5d, 0x1d, 0x5d, 0x8f, 0x2a, 0x8f, 0x2a, 0x8f, 0x2a, 0x8f, 0x2a, 0x8f, 0x2a, 0x8f, 0x2a, 0x8f, 0x2a, 0x8f, 0x2a,
    0x8f, 0x2a, 0x8f, 0x2a, 0x8f, 0x2a, 0x8f, 0x2a, 0x8f, 0x2a, 0x8f, 0x2a, 0x8f, 0x2a, 0x8f, 0x2a, 0x8f, 0x2a, 0x1d, 0x5d, 0x1d, 0x5d, 0x1d, 0x5d,
    0x1d, 0x5d, 0x1d, 0x5d, 0x1d, 0x5d, 0x1d, 0x5d, 0xa3, 0x10, 0xa3, 0x10, 0xa3, 0x10, 0xa3, 0x10, 0xa3, 0x10, 0xa3, 0x10, 0xa3, 0x10, 0xa3, 0x10,
    0xa3, 0x10, 0xa3, 0x10, 0xa3, 0x10, 0xa3, 0x10, 0xa3, 0x10, 0xa3, 0x10, 0xa3, 0x10, 0xa3, 0x10, 0x1d, 0x5d, 0x1d, 0x5d, 0x1d, 0x5d, 0x1d, 0x5d,
    0x1d, 0x5d, 0x1d, 0x5d, 0x1d, 0x5d, 0x8f, 0x2a, 0x8f, 0x2a, 0x8f, 0x2a, 0x8f, 0x2a, 0x8f, 0x2a, 0x8f, 0x2a, 0x8f, 0x2a, 0x8f, 0x2a, 0x8f, 0x2a,
    0x8f, 0x2a, 0x8f, 0x2a, 0x8f, 0x2a, 0x8f, 0x2a, 0x8f, 0x2a, 0x8f, 0x2a, 0x8f, 0x2a, 0x8f, 0x2a, 0x8f, 0x2a, 0x8f, 0x2a, 0x1d, 0x5d, 0x1d, 0x5d,
    0x1d, 0x5d, 0x1d, 0x5d, 0x1d, 0x5d, 0x1d, 0x5d, 0x1d, 0x5d, 0xa3, 0x10, 0xa3, 0x10, 0xa3, 0x10, 0xa3, 0x10, 0xa3, 0x10, 0xa3, 0x10, 0xa3, 0x10,
    0xa3, 0x10, 0xa3, 0x10, 0xa3, 0x10, 0xa3, 0x10, 0xa3, 0x10, 0xa3, 0x10, 0xa3, 0x10, 0xa3, 0x10, 0x1d, 0x5d, 0x1d, 0x5d, 0x1d, 0x5d, 0x1d, 0x5d,
    0x1d, 0x5d, 0x1d, 0x5d, 0x8f, 0x2a, 0x8f, 0x2a, 0x8f, 0x2a, 0x8f, 0x2a, 0x8f, 0x2a, 0x8f, 0x2a, 0x8f, 0x2a, 0x8f, 0x2a, 0x8f, 0x2a, 0x8f, 0x2a,
    0x8f, 0x2a, 0x8f, 0x2a, 0x8f, 0x2a, 0x8f, 0x2a, 0x8f, 0x2a, 0x8f, 0x2a, 0x8f, 0x2a, 0x8f, 0x2a, 0x8f, 0x2a, 0x8f, 0x2a, 0x8f, 0x2a, 0x1d, 0x5d,
    0x1d, 0x5d, 0x1d, 0x5d, 0x1d, 0x5d, 0x1d, 0x5d, 0x1d, 0x5d, 0xa3, 0x10, 0xa3, 0x10, 0xa3, 0x10, 0xa3, 0x10, 0xa3, 0x10, 0xa3, 0x10, 0xa3, 0x10,
    0xa3, 0x10, 0xa3, 0x10, 0xa3, 0x10, 0xa3, 0x10, 0xa3, 0x10, 0xa3, 0x10, 0xa3, 0x10, 0xa3, 0x10, 0x1d, 0x5d, 0x1d, 0x5d, 0x1d, 0x5d, 0x1d, 0x5d,
    0x1d, 0x5d, 0x1d, 0x5d, 0x8f, 0x2a, 0x8f, 0x2a, 0x8f, 0x2a, 0x8f, 0x2a, 0xa3, 0x10, 0xa3, 0x10, 0xa3, 0x10, 0x8f, 0x2a, 0x8f, 0x2a, 0x8f, 0x2a,
    0x8f, 0x2a, 0x8f, 0x2a, 0x8f, 0x2a, 0x8f, 0x2a, 0xa3, 0x10, 0xa3, 0x10, 0xa3, 0x10, 0x8f, 0x2a, 0x8f, 0x2a, 0x8f, 0x2a, 0x8f, 0x2a, 0x1d, 0x5d,
    0x1d, 0x5d, 0x1d, 0x5d, 0x1d, 0x5d, 0x1d, 0x5d, 0x1d, 0x5d, 0xa3, 0x10, 0xa3, 0x10, 0xa3, 0x10, 0xa3, 0x10, 0xa3, 0x10, 0xa3, 0x10, 0xa3, 0x10,
    0xa3, 0x10, 0xa3, 0x10, 0xa3, 0x10, 0xa3, 0x10, 0xa3, 0x10, 0xa3, 0x10, 0xa3, 0x10, 0xa3, 0x10, 0x1d, 0x5d, 0x1d, 0x5d, 0x1d, 0x5d, 0x1d, 0x5d,
    0x1d, 0x5d, 0x8f, 0x2a, 0x8f, 0x2a, 0x8f, 0x2a, 0x8f, 0x2a, 0xa3, 0x10, 0xa3, 0x10, 0xa3, 0x10, 0xa3, 0x10, 0xa3, 0x10, 0x8f, 0x2a, 0x8f, 0x2a,
    0x8f, 0x2a, 0x8f, 0x2a, 0x8f, 0x2a, 0xa3, 0x10, 0xa3, 0x10, 0xa3, 0x10, 0xa3, 0x10, 0xa3, 0x10, 0x8f, 0x2a, 0x8f, 0x2a, 0x8f, 0x2a, 0x8f, 0x2a,
    0x1d, 0x5d, 0x1d, 0x5d, 0x1d, 0x5d, 0x1d, 0x5d, 0x1d, 0x5d, 0xa3, 0x10, 0xa3, 0x10, 0xa3, 0x10, 0xa3, 0x10, 0xa3, 0x10, 0xa3, 0x10, 0xa3, 0x10,
    0xa3, 0x10, 0xa3, 0x10, 0xa3, 0x10, 0xa3, 0x10, 0xa3, 0x10, 0xa3, 0x10, 0xa3, 0x10, 0xa3, 0x10, 0x1d, 0x5d, 0x1d, 0x5d, 0x1d, 0x5d, 0x1d, 0x5d,
    0x1d, 0x5d, 0x8f, 0x2a, 0x8f, 0x2a, 0x8f, 0x2a, 0x8f, 0x2a, 0xa3, 0x10, 0xa3, 0x10, 0xa3, 0x10, 0xa3, 0x10, 0xa3, 0x10, 0x8f, 0x2a, 0x8f, 0x2a,
    0x8f, 0x2a, 0x8f, 0x2a, 0x8f, 0x2a, 0xa3, 0x10, 0xa3, 0x10, 0xa3, 0x10, 0xa3, 0x10, 0xa3, 0x10, 0x8f, 0x2a, 0x8f, 0x2a, 0x8f, 0x2a, 0x8f, 0x2a,
    0x1d, 0x5d, 0x1d, 0x5d, 0x1d, 0x5d, 0x1d, 0x5d, 0x1d, 0x5d, 0xa3, 0x10, 0xa3, 0x10, 0xa3, 0x10, 0xa3, 0x10, 0xa3, 0x10, 0xa3, 0x10, 0xa3, 0x10,
    0xa3, 0x10, 0xa3, 0x10, 0xa3, 0x10, 0xa3, 0x10, 0xa3, 0x10, 0xa3, 0x10, 0xa3, 0x10, 0xa3, 0x10, 0x1d, 0x5d, 0x1d, 0x5d, 0x1d, 0x5d, 0x1d, 0x5d,
    0x1d, 0x5d, 0x8f, 0x2a, 0x8f, 0x2a, 0x8f, 0x2a, 0x8f, 0x2a, 0xa3, 0x10, 0xa3, 0x10, 0xa3, 0x10, 0xa3, 0x10, 0xa3, 0x10, 0x8f, 0x2a, 0x8f, 0x2a,
    0x8f, 0x2a, 0x8f, 0x2a, 0x8f, 0x2a, 0xa3, 0x10, 0xa3, 0x10, 0xa3, 0x10, 0xa3, 0x10, 0xa3, 0x10, 0x8f, 0x2a, 0x8f, 0x2a, 0x8f, 0x2a, 0x8f, 0x2a,
    0x1d, 0x5d, 0x1d, 0x5d, 0x1d, 0x5d, 0x1d, 0x5d, 0x1d, 0x5d, 0xa3, 0x10, 0xa3, 0x10, 0xa3, 0x10, 0xa3, 0x10, 0xa3, 0x10, 0xa3, 0x10, 0xa3, 0x10,
    0xa3, 0x10, 0xa3, 0x10, 0xa3, 0x10, 0xa3, 0x10, 0xa3, 0x10, 0xa3, 0x10, 0xa3, 0x10, 0xa3, 0x10, 0x1d, 0x5d, 0x1d, 0x5d, 0x1d, 0x5d, 0x1d, 0x5d,
    0x1d, 0x5d, 0x8f, 0x2a, 0x8f, 0x2a, 0x8f, 0x2a, 0x8f, 0x2a, 0x8f, 0x2a, 0xa3, 0x10, 0xa3, 0x10, 0xa3, 0x10, 0x8f, 0x2a, 0x8f, 0x2a, 0x8f, 0x2a,
    0x8f, 0x2a, 0x8f, 0x2a, 0x8f, 0x2a, 0x8f, 0x2a, 0xa3, 0x10, 0xa3, 0x10, 0xa3, 0x10, 0x8f, 0x2a, 0x8f, 0x2a, 0x8f, 0x2a, 0x8f, 0x2a, 0x8f, 0x2a,
    0x1d, 0x5d, 0x1d, 0x5d, 0x1d, 0x5d, 0x1d, 0x5d, 0x1d, 0x5d, 0xa3, 0x10, 0xa3, 0x10, 0xa3, 0x10, 0xa3, 0x10, 0xa3, 0x10, 0xa3, 0x10, 0xa3, 0x10,
    0xa3, 0x10, 0xa3, 0x10, 0xa3, 0x10, 0xa3, 0x10, 0xa3, 0x10, 0xa3, 0x10, 0xa3, 0x10, 0xa3, 0x10, 0x1d, 0x5d, 0x1d, 0x5d, 0x1d, 0x5d, 0x1d, 0x5d,
    0x1d, 0x5d, 0x8f, 0x2a, 0x8f, 0x2a, 0x8f, 0x2a, 0x8f, 0x2a, 0x8f, 0x2a, 0x8f, 0x2a, 0x8f, 0x2a, 0x8f, 0x2a, 0x8f, 0x2a, 0x8f, 0x2a, 0x8f, 0x2a,
    0x8f, 0x2a, 0x8f, 0x2a, 0x8f, 0x2a, 0x8f, 0x2a, 0x8f, 0x2a, 0x8f, 0x2a, 0x8f, 0x2a, 0x8f, 0x2a, 0x8f, 0x2a, 0x8f, 0x2a, 0x8f, 0x2a, 0x8f, 0x2a,
    0x1d, 0x5d, 0x1d, 0x5d, 0x1d, 0x5d, 0x1d, 0x5d, 0x1d, 0x5d, 0xa3, 0x10, 0xa3, 0x10, 0xa3, 0x10, 0xa3, 0x10, 0xa3, 0x10, 0xa3, 0x10, 0xa3, 0x10,
    0xa3, 0x10, 0xa3, 0x10, 0xa3, 0x10, 0xa3, 0x10, 0xa3, 0x10, 0xa3, 0x10, 0xa3, 0x10, 0xa3, 0x10, 0x1d, 0x5d, 0x1d, 0x5d, 0x1d, 0x5d, 0x1d, 0x5d,
    0x1d, 0x5d, 0x8f, 0x2a, 0x8f, 0x2a, 0x8f, 0x2a, 0x8f, 0x2a, 0x8f, 0x2a, 0x8f, 0x2a, 0x8f, 0x2a, 0x8f, 0x2a, 0x8f, 0x2a, 0x8f, 0x2a, 0x8f, 0x2a,
    0x8f, 0x2a, 0x8f, 0x2a, 0x8f, 0x2a, 0x8f, 0x2a, 0x8f, 0x2a, 0x8f, 0x2a, 0x8f, 0x2a, 0x8f, 0x2a, 0x8f, 0x2a, 0x8f, 0x2a, 0x8f, 0x2a, 0x8f, 0x2a,
    0x1d, 0x5d, 0x1d, 0x5d, 0x1d, 0x5d, 0x1d, 0x5d, 0x1d, 0x5d, 0xa3, 0x10, 0xa3, 0x10, 0xa3, 0x10, 0xa3, 0x10, 0xa3, 0x10, 0xa3, 0x10, 0xa3, 0x10,
    0xa3, 0x10, 0xa3, 0x10, 0xa3, 0x10, 0xa3, 0x10, 0xa3, 0x10, 0xa3, 0x10, 0xa3, 0x10, 0xa3, 0x10, 0x1d, 0x5d, 0x1d, 0x5d, 0x1d, 0x5d, 0x1d, 0x5d,
    0x1d, 0x5d, 0x8f, 0x2a, 0x8f, 0x2a, 0x8f, 0x2a, 0x8f, 0x2a, 0x8f, 0x2a, 0x8f, 0x2a, 0x8f, 0x2a, 0x8f, 0x2a, 0x8f, 0x2a, 0x8f, 0x2a, 0x8f, 0x2a,
    0x8f, 0x2a, 0x8f, 0x2a, 0x8f, 0x2a, 0x8f, 0x2a, 0x8f, 0x2a, 0x8f, 0x2a, 0x8f, 0x2a, 0x8f, 0x2a, 0x8f, 0x2a, 0x8f, 0x2a, 0x8f, 0x2a, 0x8f, 0x2a,
    0x1d, 0x5d, 0x1d, 0x5d, 0x1d, 0x5d, 0x1d, 0x5d, 0x1d, 0x5d, 0xa3, 0x10, 0xa3, 0x10, 0xa3, 0x10, 0xa3, 0x10, 0xa3, 0x10, 0xa3, 0x10, 0xa3, 0x10,
    0xa3, 0x10, 0xa3, 0x10, 0xa3, 0x10, 0xa3, 0x10, 0xa3, 0x10, 0xa3, 0x10, 0xa3, 0x10, 0xa3, 0x10, 0x1d, 0x5d, 0x1d, 0x5d, 0x1d, 0x5d, 0x1d, 0x5d,
    0x1d, 0x5d, 0x8f, 0x2a, 0x8f, 0x2a, 0x8f, 0x2a, 0x8f, 0x2a, 0x8f, 0x2a, 0x8f, 0x2a, 0x8f, 0x2a, 0x08, 0xee, 0x08, 0xee, 0x08, 0xee, 0x08, 0xee,
    0x08, 0xee, 0x08, 0xee, 0x08, 0xee, 0x08, 0xee, 0x08, 0xee, 0x8f, 0x2a, 0x8f, 0x2a, 0x8f, 0x2a, 0x8f, 0x2a, 0x8f, 0x2a, 0x8f, 0x2a, 0x8f, 0x2a,
    0x1d, 0x5d, 0x1d, 0x5d, 0x1d, 0x5d, 0x1d, 0x5d, 0x1d, 0x5d, 0xa3, 0x10, 0xa3, 0x10, 0xa3, 0x10, 0xa3, 0x10, 0xa3, 0x10, 0xa3, 0x10, 0xa3, 0x10,
    0xa3, 0x10, 0xa3, 0x10, 0xa3, 0x10, 0xa3, 0x10, 0xa3, 0x10, 0xa3, 0x10, 0xa3, 0x10, 0xa3, 0x10, 0xa3, 0x10, 0x1d, 0x5d, 0x1d, 0x5d, 0x1d, 0x5d,
    0x1d, 0x5d, 0x8f, 0x2a, 0x8f, 0x2a, 0x8f, 0x2a, 0x8f, 0x2a, 0x8f, 0x2a, 0x8f, 0x2a, 0x8f, 0x2a, 0x08, 0xee, 0x08, 0xee, 0x08, 0xee, 0x08, 0xee,
    0x08, 0xee, 0x08, 0xee, 0x08, 0xee, 0x08, 0xee, 0x08, 0xee, 0x8f, 0x2a, 0x8f, 0x2a, 0x8f, 0x2a, 0x8f, 0x2a, 0x8f, 0x2a, 0x8f, 0x2a, 0x8f, 0x2a,
    0x1d, 0x5d, 0x1d, 0x5d, 0x1d, 0x5d, 0x1d, 0x5d, 0xa3, 0x10, 0xa3, 0x10, 0xa3, 0x10, 0xa3, 0x10, 0xa3, 0x10, 0xa3, 0x10, 0xa3, 0x10, 0xa3, 0x10,
    0xa3, 0x10, 0xa3, 0x10, 0xa3, 0x10, 0xa3, 0x10, 0xa3, 0x10, 0xa3, 0x10, 0xa3, 0x10, 0xa3, 0x10, 0xa3, 0x10, 0x1d, 0x5d, 0x1d, 0x5d, 0x1d, 0x5d,
    0x1d, 0x5d, 0x1d, 0x5d, 0x8f, 0x2a, 0x8f, 0x2a, 0x8f, 0x2a, 0x8f, 0x2a, 0x8f, 0x2a, 0x8f, 0x2a, 0x08, 0xee, 0x08, 0xee, 0x08, 0xee, 0x08, 0xee,
    0x08, 0xee, 0x08, 0xee, 0x08, 0xee, 0x08, 0xee, 0x08, 0xee, 0x8f, 0x2a, 0x8f, 0x2a, 0x8f, 0x2a, 0x8f, 0x2a, 0x8f, 0x2a, 0x8f, 0x2a, 0x1d, 0x5d,
    0x1d, 0x5d, 0x1d, 0x5d, 0x1d, 0x5d, 0x1d, 0x5d, 0xa3, 0x10, 0xa3, 0x10, 0xa3, 0x10, 0xa3, 0x10, 0xa3, 0x10, 0xa3, 0x10, 0xa3, 0x10, 0xa3, 0x10,
    0xa3, 0x10, 0xa3, 0x10, 0xa3, 0x10, 0xa3, 0x10, 0xa3, 0x10, 0xa3, 0x10, 0xa3, 0x10, 0xa3, 0x10, 0xa3, 0x10, 0xa3, 0x10, 0x1d, 0x5d, 0x1d, 0x5d,
    0x1d, 0x5d, 0x1d, 0x5d, 0x8f, 0x2a, 0x8f, 0x2a, 0x8f, 0x2a, 0x8f, 0x2a, 0x8f, 0x2a, 0x8f, 0x2a, 0x8f, 0x2a, 0x8f, 0x2a, 0x8f, 0x2a, 0x8f, 0x2a,
    0x8f, 0x2a, 0x8f, 0x2a, 0x8f, 0x2a, 0x8f, 0x2a, 0x8f, 0x2a, 0x8f, 0x2a, 0x8f, 0x2a, 0x8f, 0x2a, 0x8f, 0x2a, 0x8f, 0x2a, 0x8f, 0x2a, 0x1d, 0x5d,
    0x1d, 0x5d, 0x1d, 0x5d, 0x1d, 0x5d, 0xa3, 0x10, 0xa3, 0x10, 0xa3, 0x10, 0xa3, 0x10, 0xa3, 0x10, 0xa3, 0x10, 0xa3, 0x10, 0xa3, 0x10, 0xa3, 0x10,
    0xa3, 0x10, 0xa3, 0x10, 0xa3, 0x10, 0xa3, 0x10, 0xa3, 0x10, 0xa3, 0x10, 0xa3, 0x10, 0xa3, 0x10, 0xa3, 0x10, 0xa3, 0x10, 0x1d, 0x5d, 0x1d, 0x5d,
    0x1d, 0x5d, 0x1d, 0x5d, 0x1d, 0x5d, 0x8f, 0x2a, 0x8f, 0x2a, 0x8f, 0x2a, 0x8f, 0x2a, 0x8f, 0x2a, 0x8f, 0x2a, 0x8f, 0x2a, 0x8f, 0x2a, 0x8f, 0x2a,
    0x8f, 0x2a, 0x8f, 0x2a, 0x8f, 0x2a, 0x8f, 0x2a, 0x8f, 0x2a, 0x8f, 0x2a, 0x8f, 0x2a, 0x8f, 0x2a, 0x8f, 0x2a, 0x8f, 0x2a, 0x1d, 0x5d, 0x1d, 0x5d,
    0x1d, 0x5d, 0x1d, 0x5d, 0x1d, 0x5d, 0xa3, 0x10, 0xa3, 0x10, 0xa3, 0x10, 0xa3, 0x10, 0xa3, 0x10, 0xa3, 0x10, 0xa3, 0x10, 0xa3, 0x10, 0xa3, 0x10,
    0xa3, 0x10, 0xa3, 0x10, 0xa3, 0x10, 0xa3, 0x10, 0xa3, 0x10, 0xa3, 0x10, 0xa3, 0x10, 0xa3, 0x10, 0xa3, 0x10, 0xa3, 0x10, 0xa3, 0x10, 0x1d, 0x5d,
    0x1d, 0x5d, 0x1d, 0x5d, 0x1d, 0x5d, 0x1d, 0x5d, 0x8f, 0x2a, 0x8f, 0x2a, 0x8f, 0x2a, 0x8f, 0x2a, 0x8f, 0x2a, 0x8f, 0x2a, 0x8f, 0x2a, 0x8f, 0x2a,
    0x8f, 0x2a, 0x8f, 0x2a, 0x8f, 0x2a, 0x8f, 0x2a, 0x8f, 0x2a, 0x8f, 0x2a, 0x8f, 0x2a, 0x8f, 0x2a, 0x8f, 0x2a, 0x1d, 0x5d, 0x1d, 0x5d, 0x1d, 0x5d,
    0x1d, 0x5d, 0x1d, 0x5d, 0xa3, 0x10, 0xa3, 0x10, 0xa3, 0x10, 0xa3, 0x10, 0xa3, 0x10, 0xa3, 0x10, 0xa3, 0x10, 0xa3, 0x10, 0xa3, 0x10, 0xa3, 0x10,
    0xa3, 0x10, 0xa3, 0x10, 0xa3, 0x10, 0xa3, 0x10, 0xa3, 0x10, 0xa3, 0x10, 0xa3, 0x10, 0xa3, 0x10, 0xa3, 0x10, 0xa3, 0x10, 0xa3, 0x10, 0xa3, 0x10,
    0x1d, 0x5d, 0x1d, 0x5d, 0x1d, 0x5d, 0x1d, 0x5d, 0x1d, 0x5d, 0x8f, 0x2a, 0x8f, 0x2a, 0x8f, 0x2a, 0x8f, 0x2a, 0x8f, 0x2a, 0x8f, 0x2a, 0x8f, 0x2a,
    0x8f, 0x2a, 0x8f, 0x2a, 0x8f, 0x2a, 0x8f, 0x2a, 0x8f, 0x2a, 0x8f, 0x2a, 0x8f, 0x2a, 0x8f, 0x2a, 0x1d, 0x5d, 0x1d, 0x5d, 0x1d, 0x5d, 0x1d, 0x5d,
    0x1d, 0x5d, 0xa3, 0x10, 0xa3, 0x10, 0xa3, 0x10, 0xa3, 0x10, 0xa3, 0x10, 0xa3, 0x10, 0xa3, 0x10, 0xa3, 0x10, 0xa3, 0x10, 0xa3, 0x10, 0xa3, 0x10,
    0xa3, 0x10, 0xa3, 0x10, 0xa3, 0x10, 0xa3, 0x10, 0xa3, 0x10, 0xa3, 0x10, 0xa3, 0x10, 0xa3, 0x10, 0xa3, 0x10, 0xa3, 0x10, 0xa3, 0x10, 0xa3, 0x10,
    0x1d, 0x5d, 0x1d, 0x5d, 0x1d, 0x5d, 0x1d, 0x5d, 0x1d, 0x5d, 0x1d, 0x5d, 0x8f, 0x2a, 0x8f, 0x2a, 0x8f, 0x2a, 0x8f, 0x2a, 0x8f, 0x2a, 0x8f, 0x2a,
    0x8f, 0x2a, 0x8f, 0x2a, 0x8f, 0x2a, 0x8f, 0x2a, 0x8f, 0x2a, 0x8f, 0x2a, 0x8f, 0x2a, 0x1d, 0x5d, 0x1d, 0x5d, 0x1d, 0x5d, 0x1d, 0x5d, 0x1d, 0x5d,
    0x1d, 0x5d, 0xa3, 0x10, 0xa3, 0x10, 0xa3, 0x10, 0xa3, 0x10, 0xa3, 0x10, 0xa3, 0x10, 0xa3, 0x10, 0xa3, 0x10, 0xa3, 0x10, 0xa3, 0x10, 0xa3, 0x10,
    0xa3, 0x10, 0xa3, 0x10, 0xa3, 0x10, 0xa3, 0x10, 0xa3, 0x10, 0xa3, 0x10, 0xa3, 0x10, 0xa3, 0x10, 0xa3, 0x10, 0xa3, 0x10, 0xa3, 0x10, 0xa3, 0x10,
    0xa3, 0x10, 0xa3, 0x10, 0x1d, 0x5d, 0x1d, 0x5d, 0x1d, 0x5d, 0x1d, 0x5d, 0x1d, 0x5d, 0x1d, 0x5d, 0x8f, 0x2a, 0x8f, 0x2a, 0x8f, 0x2a, 0x8f, 0x2a,
    0x8f, 0x2a, 0x8f, 0x2a, 0x8f, 0x2a, 0x8f, 0x2a, 0x8f, 0x2a, 0x1d, 0x5d, 0x1d, 0x5d, 0x1d, 0x5d, 0x1d, 0x5d, 0x1d, 0x5d, 0x1d, 0x5d, 0xa3, 0x10,
    0xa3, 0x10, 0xa3, 0x10, 0xa3, 0x10, 0xa3, 0x10, 0xa3, 0x10, 0xa3, 0x10, 0xa3, 0x10, 0xa3, 0x10, 0xa3, 0x10, 0xa3, 0x10, 0xa3, 0x10, 0xa3, 0x10,
    0xa3, 0x10, 0xa3, 0x10, 0xa3, 0x10, 0xa3, 0x10, 0xa3, 0x10, 0xa3, 0x10, 0xa3, 0x10, 0xa3, 0x10, 0xa3, 0x10, 0xa3, 0x10, 0xa3, 0x10, 0xa3, 0x10,
    0xa3, 0x10, 0xa3, 0x10, 0xa3, 0x10, 0x1d, 0x5d, 0x1d, 0x5d, 0x1d, 0x5d, 0x1d, 0x5d, 0x1d, 0x5d, 0x1d, 0x5d, 0x1d, 0x5d, 0x1d, 0x5d, 0x1d, 0x5d,
    0x1d, 0x5d, 0x1d, 0x5d, 0x1d, 0x5d, 0x1d, 0x5d, 0x1d, 0x5d, 0x1d, 0x5d, 0x1d, 0x5d, 0x1d, 0x5d, 0x1d, 0x5d, 0x1d, 0x5d, 0xa3, 0x10, 0xa3, 0x10,
    0xa3, 0x10, 0xa3, 0x10, 0xa3, 0x10, 0xa3, 0x10, 0xa3, 0x10, 0xa3, 0x10, 0xa3, 0x10, 0xa3, 0x10, 0xa3, 0x10, 0xa3, 0x10, 0xa3, 0x10, 0xa3, 0x10,
    0xa3, 0x10, 0xa3, 0x10, 0xa3, 0x10, 0xa3, 0x10, 0xa3, 0x10, 0xa3, 0x10, 0xa3, 0x10, 0xa3, 0x10, 0xa3, 0x10, 0xa3, 0x10, 0xa3, 0x10, 0xa3, 0x10,
    0xa3, 0x10, 0xa3, 0x10, 0xa3, 0x10, 0xa3, 0x10, 0xa3, 0x10, 0x1d, 0x5d, 0x1d, 0x5d, 0x1d, 0x5d, 0x1d, 0x5d, 0x1d, 0x5d, 0x1d, 0x5d, 0x1d, 0x5d,
    0x1d, 0x5d, 0x1d, 0x5d, 0x1d, 0x5d, 0x1d, 0x5d, 0x1d, 0x5d, 0x1d, 0x5d, 0x1d, 0x5d, 0x1d, 0x5d, 0xa3, 0x10, 0xa3, 0x10, 0xa3, 0x10, 0xa3, 0x10,
    0xa3, 0x10, 0xa3, 0x10, 0xa3, 0x10, 0xa3, 0x10, 0xa3, 0x10, 0xa3, 0x10, 0xa3, 0x10, 0xa3, 0x10, 0xa3, 0x10, 0xa3, 0x10, 0xa3, 0x10, 0xa3, 0x10,
    0xa3, 0x10, 0xa3, 0x10, 0xa3, 0x10, 0xa3, 0x10, 0xa3, 0x10, 0xa3, 0x10, 0xa3, 0x10, 0xa3, 0x10, 0xa3, 0x10, 0xa3, 0x10, 0xa3, 0x10, 0xa3, 0x10,
    0xa3, 0x10, 0xa3, 0x10, 0xa3, 0x10, 0xa3, 0x10, 0xa3, 0x10, 0xa3, 0x10, 0xa3, 0x10, 0x1d, 0x5d, 0x1d, 0x5d, 0x1d, 0x5d, 0x1d, 0x5d, 0x1d, 0x5d,
    0x1d, 0x5d, 0x1d, 0x5d, 0x1d, 0x5d, 0x1d, 0x5d, 0x1d, 0x5d, 0x1d, 0x5d, 0xa3, 0x10, 0xa3, 0x10, 0xa3, 0x10, 0xa3, 0x10, 0xa3, 0x10, 0xa3, 0x10,
    0xa3, 0x10, 0xa3, 0x10, 0xa3, 0x10, 0xa3, 0x10, 0xa3, 0x10, 0xa3, 0x10, 0xa3, 0x10, 0xa3, 0x10, 0xa3, 0x10, 0xa3, 0x10, 0xa3, 0x10, 0xa3, 0x10,
    0xa3, 0x10, 0xa3, 0x10, 0xa3, 0x10, 0xa3, 0x10, 0xa3, 0x10, 0xa3, 0x10, 0xa3, 0x10, 0xa3, 0x10, 0xa3, 0x10, 0xa3, 0x10, 0xa3, 0x10, 0xa3, 0x10,
    0xa3, 0x10, 0xa3, 0x10, 0xa3, 0x10, 0xa3, 0x10, 0xa3, 0x10, 0xa3, 0x10, 0xa3, 0x10, 0xa3, 0x10, 0xa3, 0x10, 0xa3, 0x10, 0xa3, 0x10, 0xa3, 0x10,
    0xa3, 0x10, 0xa3, 0x10, 0xa3, 0x10, 0xa3, 0x10, 0xa3, 0x10, 0xa3, 0x10, 0xa3, 0x10, 0xa3, 0x10, 0xa3, 0x10, 0xa3, 0x10, 0xa3, 0x10, 0xa3, 0x10,
    0xa3, 0x10, 0xa3, 0x10, 0xa3, 0x10, 0xa3, 0x10, 0xa3, 0x10, 0xa3, 0x10, 0xa3, 0x10, 0xa3, 0x10, 0xa3, 0x10, 0xa3, 0x10, 0xa3, 0x10, 0xa3, 0x10,
    0xa3, 0x10, 0xa3, 0x10, 0xa3, 0x10, 0xa3, 0x10, 0xa3, 0x10, 0xa3, 0x10, 0xa3, 0x10, 0xa3, 0x10, 0xa3, 0x10, 0xa3, 0x10, 0xa3, 0x10, 0xa3, 0x10,
    0xa3, 0x10, 0xa3, 0x10, 0xa3, 0x10, 0xa3, 0x10, 0xa3, 0x10, 0xa3, 0x10, 0xa3, 0x10, 0xa3, 0x10, 0xa3, 0x10, 0xa3, 0x10, 0xa3, 0x10, 0xa3, 0x10,
    0xa3, 0x10, 0xa3, 0x10, 0xa3, 0x10, 0xa3, 0x10, 0xa3, 0x10, 0xa3, 0x10, 0xa3, 0x10, 0xa3, 0x10, 0xa3, 0x10, 0xa3, 0x10, 0xa3, 0x10, 0xa3, 0x10,
    0xa3, 0x10, 0xa3, 0x10, 0xa3, 0x10, 0xa3, 0x10, 0xa3, 0x10, 0xa3, 0x10, 0xa3, 0x10, 0xa3, 0x10, 0xa3, 0x10, 0xa3, 0x10, 0xa3, 0x10, 0xa3, 0x10,
    0xa3, 0x10, 0xa3, 0x10, 0xa3, 0x10, 0xa3, 0x10, 0xa3, 0x10, 0xa3, 0x10, 0xa3, 0x10, 0xa3, 0x10, 0xa3, 0x10, 0xa3, 0x10, 0xa3, 0x10, 0xa3, 0x10,
    0xa3, 0x10, 0xa3, 0x10, 0xa3, 0x10, 0xa3, 0x10, 0xa3, 0x10, 0xa3, 0x10, 0xa3, 0x10, 0xa3, 0x10, 0xa3, 0x10, 0xa3, 0x10, 0xa3, 0x10, 0xa3, 0x10,
    0xa3, 0x10, 0xa3, 0x10, 0xa3, 0x10, 0xa3, 0x10, 0xa3, 0x10, 0xa3, 0x10, 0xa3, 0x10, 0xa3, 0x10, 0xa3, 0x10, 0xa3, 0x10, 0xa3, 0x10, 0xa3, 0x10,
    0xa3, 0x10, 0xa3, 0x10, 0xa3, 0x10, 0xa3, 0x10, 0xa3, 0x10, 0xa3, 0x10, 0xa3, 0x10, 0xa3, 0x10, 0xa3, 0x10, 0xa3, 0x10, 0xa3, 0x10, 0xa3, 0x10,
    0xa3, 0x10, 0xa3, 0x10, 0xa3, 0x10, 0xa3, 0x10, 0xa3, 0x10, 0xa3, 0x10, 0xa3, 0x10, 0xa3, 0x10, 0xa3, 0x10, 0xa3, 0x10, 0xa3, 0x10, 0xa3, 0x10,
    0xa3, 0x10, 0xa3, 0x10, 0xa3, 0x10, 0xa3, 0x10, 0xa3, 0x10, 0xa3, 0x10, 0xa3, 0x10, 0xa3, 0x10, 0xa3, 0x10, 0xa3, 0x10, 0xa3, 0x10, 0xa3, 0x10,
    0xa3, 0x10, 0xa3, 0x10, 0xa3, 0x10, 0xa3, 0x10, 0xa3, 0x10, 0xa3, 0x10, 0xa3, 0x10, 0xa3, 0x10, 0xa3, 0x10, 0xa3, 0x10, 0xa3, 0x10, 0xa3, 0x10,
    0xa3, 0x10, 0xa3, 0x10, 0xa3, 0x10, 0xa3, 0x10, 0xa3, 0x10, 0xa3, 0x10, 0xa3, 0x10, 0xa3, 0x10, 0xa3, 0x10, 0xa3, 0x10, 0xa3, 0x10, 0xa3, 0x10,
    0xa3, 0x10, 0xa3, 0x10, 0xa3, 0x10, 0xa3, 0x10, 0xa3, 0x10, 0xa3, 0x10, 0xa3, 0x10, 0xa3, 0x10, 0xa3, 0x10, 0xa3, 0x10, 0xa3, 0x10, 0xa3, 0x10,
    0xa3, 0x10, 0xa3, 0x10, 0xa3, 0x10, 0xa3, 0x10, 0xa3, 0x10, 0xa3, 0x10, 0xa3, 0x10, 0xa3, 0x10, 0xa3, 0x10, 0xa3, 0x10, 0xa3, 0x10, 0xa3, 0x10,
    0xa3, 0x10, 0xa3, 0x10, 0xa3, 0x10, 0xa3, 0x10, 0xa3, 0x10, 0xa3, 0x10, 0xa3, 0x10, 0xa3, 0x10, 0xa3, 0x10, 0xa3, 0x10, 0xa3, 0x10, 0xa3, 0x10,
    0xa3, 0x10, 0xa3, 0x10, 0xa3, 0x10, 0xa3, 0x10, 0xa3, 0x10, 0xa3, 0x10, 0xa3, 0x10, 0xa3, 0x10, 0xa3, 0x10, 0xa3, 0x10, 0xa3, 0x10, 0xa3, 0x10,
};

static const lv_image_dsc_t avatar_1 = {
    .header.magic = LV_IMAGE_HEADER_MAGIC,
    .header.cf = LV_COLOR_FORMAT_RGB565,
    .header.w = 48,
    .header.h = 48,
    .header.stride = 96,
    .data_size = 4608,
    .data = avatar_1_map,
};

static const uint8_t avatar_2_map[] = {
    0xa3, 0x10, 0xa3, 0x10, 0xa3, 0x10, 0xa3, 0x10, 0xa3, 0x10, 0xa3, 0x10, 0xa3, 0x10, 0xa3, 0x10, 0xa3, 0x10, 0xa3, 0x10, 0xa3, 0x10, 0xa3, 0x10,
    0xa3, 0x10, 0xa3, 0x10, 0xa3, 0x10, 0xa3, 0x10, 0xa3, 0x10, 0xa3, 0x10, 0xa3, 0x10, 0xa3, 0x10, 0xa3, 0x10, 0xa3, 0x10, 0xa3, 0x10, 0xa3, 0x10,
    0xa3, 0x10, 0xa3, 0x10, 0xa3, 0x10, 0xa3, 0x10, 0xa3, 0x10, 0xa3, 0x10, 0xa3, 0x10, 0xa3, 0x10, 0xa3, 0x10, 0xa3, 0x10, 0xa3, 0x10, 0xa3, 0x10,
    0xa3, 0x10, 0xa3, 0x10, 0xa3, 0x10, 0xa3, 0x10, 0xa3, 0x10, 0xa3, 0x10, 0xa3, 0x10, 0xa3, 0x10, 0xa3, 0x10, 0xa3, 0x10, 0xa3, 0x10, 0xa3, 0x10,
    0xa3, 0x10, 0xa3, 0x10, 0xa3, 0x10, 0xa3, 0x10, 0xa3, 0x10, 0xa3, 0x10, 0xa3, 0x10, 0xa3, 0x10, 0xa3, 0x10, 0xa3, 0x10, 0xa3, 0x10, 0xa3, 0x10,
    0xa3, 0x10, 0xa3, 0x10, 0xa3, 0x10, 0xa3, 0x10, 0xa3, 0x10, 0xa3, 0x10, 0xa3, 0x10, 0xa3, 0x10, 0xa3, 0x10, 0xa3, 0x10, 0xa3, 0x10, 0xa3, 0x10,
    0xa3, 0x10, 0xa3, 0x10, 0xa3, 0x10, 0xa3, 0x10, 0xa3, 0x10, 0xa3, 0x10, 0xa3, 0x10, 0xa3, 0x10, 0xa3, 0x10, 0xa3, 0x10, 0xa3, 0x10, 0xa3, 0x10,
    0xa3, 0x10, 0xa3, 0x10, 0xa3, 0x10, 0xa3, 0x10, 0xa3, 0x10, 0xa3, 0x10, 0xa3, 0x10, 0xa3, 0x10, 0xa3, 0x10, 0xa3, 0x10, 0xa3, 0x10, 0xa3, 0x10,
    0xa3, 0x10, 0xa3, 0x10, 0xa3, 0x10, 0xa3, 0x10, 0xa3, 0x10, 0xa3, 0x10, 0xa3, 0x10, 0xa3, 0x10, 0xa3, 0x10, 0xa3, 0x10, 0xa3, 0x10, 0xa3, 0x10,
    0xa3, 0x10, 0xa3, 0x10, 0xa3, 0x10, 0xa3, 0x10, 0xa3, 0x10, 0xa3, 0x10, 0xa3, 0x10, 0xa3, 0x10, 0xa3, 0x10, 0xa3, 0x10, 0xa3, 0x10, 0xa3, 0x10,
    0xa3, 0x10, 0xa3, 0x10, 0xa3, 0x10, 0xa3, 0x10, 0xa3, 0x10, 0xa3, 0x10, 0xa3, 0x10, 0xa3, 0x10, 0xa3, 0x10, 0xa3, 0x10, 0xa3, 0x10, 0xa3, 0x10,
    0xa3, 0x10, 0xa3, 0x10, 0xa3, 0x10, 0xa3, 0x10, 0xa3, 0x10, 0xa3, 0x10, 0xa3, 0x10, 0xa3, 0x10, 0xa3, 0x10, 0xa3, 0x10, 0xa3, 0x10, 0xa3, 0x10,
    0xa3, 0x10, 0xa3, 0x10, 0xa3, 0x10, 0xa3, 0x10, 0xa3, 0x10, 0xa3, 0x10, 0xa3, 0x10, 0xa3, 0x10, 0xa3, 0x10, 0xa3, 0x10, 0xa3, 0x10, 0xa3, 0x10,
    0xa3, 0x10, 0xa3, 0x10, 0xa3, 0x10, 0xa3, 0x10, 0xa3, 0x10, 0xa3, 0x10, 0xa3, 0x10, 0xa3, 0x10, 0xa3, 0x10, 0xa3, 0x10, 0xa3, 0x10, 0xa3, 0x10,
    0xa3, 0x10, 0xa3, 0x10, 0xa3, 0x10, 0xa3, 0x10, 0xa3, 0x10, 0xa3, 0x10, 0xa3, 0x10, 0xa3, 0x10, 0xa3, 0x10, 0xa3, 0x10, 0xa3, 0x10, 0xa3, 0x10,
    0xa3, 0x10, 0xa3, 0x10, 0xa3, 0x10, 0xa3, 0x10, 0xa3, 0x10, 0xa3, 0x10, 0xa3, 0x10, 0xa3, 0x10, 0xa3, 0x10, 0xa3, 0x10, 0xa3, 0x10, 0xa3, 0x10,
    0xa3, 0x10, 0xa3, 0x10, 0xa3, 0x10, 0xa3, 0x10, 0xa3, 0x10, 0xa3, 0x10, 0xa3, 0x10, 0xa3, 0x10, 0xa3, 0x10, 0xa3, 0x10, 0xa3, 0x10, 0xa3, 0x10,
    0xa3, 0x10, 0xa3, 0x10, 0xa3, 0x10, 0xa3, 0x10, 0xa3, 0x10, 0xa3, 0x10, 0xa3, 0x10, 0xa3, 0x10, 0xa3, 0x10, 0xa3, 0x10, 0xa3, 0x10, 0xa3, 0x10,
    0xa3, 0x10, 0xa3, 0x10, 0xa3, 0x10, 0xa3, 0x10, 0xa3, 0x10, 0xa3, 0x10, 0xa3, 0x10, 0xa3, 0x10, 0xa3, 0x10, 0xa3, 0x10, 0xa3, 0x10, 0xa3, 0x10,
    0xa3, 0x10, 0xa3, 0x10, 0xa3, 0x10, 0xa3, 0x10, 0xa3, 0x10, 0xa3, 0x10, 0xa3, 0x10, 0xa3, 0x10, 0xa3, 0x10, 0xa3, 0x10, 0xa3, 0x10, 0xa3, 0x10,
    0xa3, 0x10, 0xa3, 0x10, 0xa3, 0x10, 0xa3, 0x10, 0xa3, 0x10, 0xa3, 0x10, 0xa3, 0x10, 0xa3, 0x10, 0xa3, 0x10, 0xa3, 0x10, 0xa3, 0x10, 0xa3, 0x10,
    0xa3, 0x10, 0xa3, 0x10, 0xa3, 0x10, 0xa3, 0x10, 0xa3, 0x10, 0xa3, 0x10, 0xa3, 0x10, 0xa3, 0x10, 0xa3, 0x10, 0xa3, 0x10, 0xa3, 0x10, 0xa3, 0x10,
    0xa3, 0x10, 0xa3, 0x10, 0xa3, 0x10, 0xa3, 0x10, 0xa3, 0x10, 0xa3, 0x10, 0xa3, 0x10, 0xa3, 0x10, 0xa3, 0x10, 0xa3, 0x10, 0xa3, 0x10, 0xa3, 0x10,
    0xa3, 0x10, 0xa3, 0x10, 0xa3, 0x10, 0xa3, 0x10, 0xa3, 0x10, 0xa3, 0x10, 0xa3, 0x10, 0xa3, 0x10, 0xa3, 0x10, 0xa3, 0x10, 0xa3, 0x10, 0xa3, 0x10,
    0xa3, 0x10, 0xa3, 0x10, 0xa3, 0x10, 0xa3, 0x10, 0xa3, 0x10, 0xa3, 0x10, 0xa3, 0x10, 0xa3, 0x10, 0xa3, 0x10, 0xa3, 0x10, 0xa3, 0x10, 0xa3, 0x10,
    0xa3, 0x10, 0xa3, 0x10, 0xa3, 0x10, 0xa3, 0x10, 0xa3, 0x10, 0xa3, 0x10, 0xa3, 0x10, 0xa3, 0x10, 0xa3, 0x10, 0xa3, 0x10, 0xa3, 0x10, 0xa3, 0x10,
    0xa3, 0x10, 0xa3, 0x10, 0xa3, 0x10, 0xa3, 0x10, 0xa3, 0x10, 0xa3, 0x10, 0xa3, 0x10, 0xa3, 0x10, 0xa3, 0x10, 0xa3, 0x10, 0xa3, 0x10, 0xa3, 0x10,
    0xa3, 0x10, 0xa3, 0x10, 0xa3, 0x10, 0xa3, 0x10, 0xa3, 0x10, 0xa3, 0x10, 0xa3, 0x10, 0xa3, 0x10, 0xa3, 0x10, 0xa3, 0x10, 0xa3, 0x10, 0xa3, 0x10,
    0xa3, 0x10, 0xa3, 0x10, 0xa3, 0x10, 0xa3, 0x10, 0xa3, 0x10, 0xa3, 0x10, 0xa3, 0x10, 0xa3, 0x10, 0xa3, 0x10, 0xa3, 0x10, 0xa3, 0x10, 0xa3, 0x10,
    0xa3, 0x10, 0xa3, 0x10, 0xa3, 0x10, 0xa3, 0x10, 0xa3, 0x10, 0xa3, 0x10, 0xa3, 0x10, 0xa3, 0x10, 0xa3, 0x10, 0xa3, 0x10, 0xa3, 0x10, 0xa3, 0x10,
    0xa3, 0x10, 0xa3, 0x10, 0xa3, 0x10, 0xa3, 0x10, 0xa3, 0x10, 0xa3, 0x10, 0xa3, 0x10, 0xa3, 0x10, 0xa3, 0x10, 0xa3, 0x10, 0xa3, 0x10, 0xa3, 0x10,
    0xa3, 0x10, 0xa3, 0x10, 0xa3, 0x10, 0xa3, 0x10, 0xa3, 0x10, 0xa3, 0x10, 0xa3, 0x10, 0xa3, 0x10, 0xa3, 0x10, 0xa3, 0x10, 0xa3, 0x10, 0xa3, 0x10,
    0xa3, 0x10, 0xa3, 0x10, 0xa3, 0x10, 0xa3, 0x10, 0xa3, 0x10, 0xa3, 0x10, 0xa3, 0x10, 0xa3, 0x10, 0xa3, 0x10, 0xa3, 0x10, 0xa3, 0x10, 0xa3, 0x10,
    0xa3, 0x10, 0xa3, 0x10, 0xa3, 0x10, 0xa3, 0x10, 0xa3, 0x10, 0xa3, 0x10, 0xa3, 0x10, 0xa3, 0x10, 0xa3, 0x10, 0xa3, 0x10, 0xa3, 0x10, 0xa3, 0x10,
    0xa3, 0x10, 0xa3, 0x10, 0xa3, 0x10, 0xa3, 0x10, 0xa3, 0x10, 0xa3, 0x10, 0xa3, 0x10, 0xa3, 0x10, 0xa3, 0x10, 0xa3, 0x10, 0xa3, 0x10, 0xa3, 0x10,
    0xa3, 0x10, 0xa3, 0x10, 0xa3, 0x10, 0xa3, 0x10, 0xa3, 0x10, 0xa3, 0x10, 0xa3, 0x10, 0xa3, 0x10, 0xa3, 0x10, 0xa3, 0x10, 0xa3, 0x10, 0xa3, 0x10,
    0xa3, 0x10, 0xa3, 0x10, 0xa3, 0x10, 0xa3, 0x10, 0xa3, 0x10, 0xa3, 0x10, 0xa3, 0x10, 0xa3, 0x10, 0xa3, 0x10, 0xa3, 0x10, 0xa3, 0x10, 0xa3, 0x10,
    0xa3, 0x10, 0xa3, 0x10, 0xa3, 0x10, 0xa3, 0x10, 0xa3, 0x10, 0xa3, 0x10, 0xa3, 0x10, 0xa3, 0x10, 0xa3, 0x10, 0xa3, 0x10, 0xa3, 0x10, 0xa3, 0x10,
    0xa3, 0x10, 0xa3, 0x10, 0xa3, 0x10, 0xa3, 0x10, 0xa3, 0x10, 0xa3, 0x10, 0xa3, 0x10, 0xa3, 0x10, 0xa3, 0x10, 0xa3, 0x10, 0xa3, 0x10, 0xa3, 0x10,
    0xa3, 0x10, 0xa3, 0x10, 0xa3, 0x10, 0xa3, 0x10, 0xa3, 0x10, 0xa3, 0x10, 0xa3, 0x10, 0xa3, 0x10, 0xa3, 0x10, 0xa3, 0x10, 0xa3, 0x10, 0xa3, 0x10,
    0xa3, 0x10, 0xa3, 0x10, 0xa3, 0x10, 0xa3, 0x10, 0xa3, 0x10, 0xa3, 0x10, 0xa3, 0x10, 0xa3, 0x10, 0xa3, 0x10, 0xa3, 0x10, 0xa3, 0x10, 0xa3, 0x10,
    0xa3, 0x10, 0xa3, 0x10, 0xa3, 0x10, 0xa3, 0x10, 0xa3, 0x10, 0xa3, 0x10, 0xa3, 0x10, 0xd3, 0xeb, 0xd3, 0xeb, 0xd3, 0xeb, 0xd3, 0xeb, 0xd3, 0xeb,
    0xd3, 0xeb, 0xd3, 0xeb, 0xd3, 0xeb, 0xd3, 0xeb, 0xd3, 0xeb, 0xd3, 0xeb, 0xa3, 0x10, 0xa3, 0x10, 0xa3, 0x10, 0xa3, 0x10, 0xa3, 0x10, 0xa3, 0x10,
    0xa3, 0x10, 0xa3, 0x10, 0xa3, 0x10, 0xa3, 0x10, 0xa3, 0x10, 0xa3, 0x10, 0xa3, 0x10, 0xa3, 0x10, 0xa3, 0x10, 0xa3, 0x10, 0xa3, 0x10, 0xa3, 0x10,
    0xa3, 0x10, 0xa3, 0x10, 0xa3, 0x10, 0xa3, 0x10, 0xa3, 0x10, 0xa3, 0x10, 0xa3, 0x10, 0xa3, 0x10, 0xa3, 0x10, 0xa3, 0x10, 0xa3, 0x10, 0xa3, 0x10,
    0xa3, 0x10, 0xa3, 0x10, 0xa3, 0x10, 0xa3, 0x10, 0xa3, 0x10, 0xd3, 0xeb, 0xd3, 0xeb, 0xd3, 0xeb, 0xd3, 0xeb, 0xd3, 0xeb, 0xd3, 0xeb, 0xd3, 0xeb,
    0xd3, 0xeb, 0xd3, 0xeb, 0xd3, 0xeb, 0xd3, 0xeb, 0xd3, 0xeb, 0xd3, 0xeb, 0xd3, 0xeb, 0xd3, 0xeb, 0xa3, 0x10, 0xa3, 0x10, 0xa3, 0x10, 0xa3, 0x10,
    0xa3, 0x10, 0xa3, 0x10, 0xa3, 0x10, 0xa3, 0x10, 0xa3, 0x10, 0xa3, 0x10, 0xa3, 0x10, 0xa3, 0x10, 0xa3, 0x10, 0xa3, 0x10, 0xa3, 0x10, 0xa3, 0x10,
    0xa3, 0x10, 0xa3, 0x10, 0xa3, 0x10, 0xa3, 0x10, 0xa3, 0x10, 0xa3, 0x10, 0xa3, 0x10, 0xa3, 0x10, 0xa3, 0x10, 0xa3, 0x10, 0xa3, 0x10, 0xa3, 0x10,
    0xa3, 0x10, 0xa3, 0x10, 0xa3, 0x10, 0xd3, 0xeb, 0xd3, 0xeb, 0xd3, 0xeb, 0xd3, 0xeb, 0xd3, 0xeb, 0xd3, 0xeb, 0xd3, 0xeb, 0xd3, 0xeb, 0xd3, 0xeb,
    0xd3, 0xeb, 0xd3, 0xeb, 0xd3, 0xeb, 0xd3, 0xeb, 0xd3, 0xeb, 0xd3, 0xeb, 0xd3, 0xeb, 0xd3, 0xeb, 0xd3, 0xeb, 0xd3, 0xeb, 0xa3, 0x10, 0xa3, 0x10,
    0xa3, 0x10, 0xa3, 0x10, 0xa3, 0x10, 0xa3, 0x10, 0xa3, 0x10, 0xa3, 0x10, 0xa3, 0x10, 0xa3, 0x10, 0xa3, 0x10, 0xa3, 0x10, 0xa3, 0x10, 0xa3, 0x10,
    0xa3, 0x10, 0xa3, 0x10, 0xa3, 0x10, 0xa3, 0x10, 0xa3, 0x10, 0xa3, 0x10, 0xa3, 0x10, 0xa3, 0x10, 0xa3, 0x10, 0xa3, 0x10, 0xa3, 0x10, 0xa3, 0x10,
    0xff, 0xff, 0xff, 0xff, 0xd3, 0xeb, 0xd3, 0xeb, 0xd3, 0xeb, 0xd3, 0xeb, 0xd3, 0xeb, 0xd3, 0xeb, 0xd3, 0xeb, 0xd3, 0xeb, 0xd3, 0xeb, 0xd3, 0xeb,
    0xd3, 0xeb, 0xd3, 0xeb, 0xd3, 0xeb, 0xd3, 0xeb, 0xd3, 0xeb, 0xd3, 0xeb, 0xd3, 0xeb, 0xd3, 0xeb, 0xd3, 0xeb, 0xd3, 0xeb, 0xd3, 0xeb, 0xff, 0xff,
    0xff, 0xff, 0xa3, 0x10, 0xa3, 0x10, 0xa3, 0x10, 0xa3, 0x10, 0xa3, 0x10, 0xa3, 0x10, 0xa3, 0x10, 0xa3, 0x10, 0xa3, 0x10, 0xa3, 0x10, 0xa3, 0x10,
    0xa3, 0x10, 0xa3, 0x10, 0xa3, 0x10, 0xa3, 0x10, 0xa3, 0x10, 0xa3, 0x10, 0xa3, 0x10, 0xa3, 0x10, 0xa3, 0x10, 0xa3, 0x10, 0xa3, 0x10, 0xff, 0xff,
    0xd3, 0xeb, 0xd3, 0xeb, 0xd3, 0xeb, 0xd3, 0xeb, 0xd3, 0xeb, 0xd3, 0xeb, 0xd3, 0xeb, 0xd3, 0xeb, 0xd3, 0xeb, 0xd3, 0xeb, 0xd3, 0xeb, 0xd3, 0xeb,
    0xd3, 0xeb, 0xd3, 0xeb, 0xd3, 0xeb, 0xd3, 0xeb, 0xd3, 0xeb, 0xd3, 0xeb, 0xd3, 0xeb, 0xd3, 0xeb, 0xd3, 0xeb, 0xd3, 0xeb, 0xd3, 0xeb, 0xd3, 0xeb,
    0xd3, 0xeb, 0xff, 0xff, 0xa3, 0x10, 0xa3, 0x10, 0xa3, 0x10, 0xa3, 0x10, 0xa3, 0x10, 0xa3, 0x10, 0xa3, 0x10, 0xa3, 0x10, 0xa3, 0x10, 0xa3, 0x10,
    0xa3, 0x10, 0xa3, 0x10, 0xa3, 0x10, 0xa3, 0x10, 0xa3, 0x10, 0xa3, 0x10, 0xa3, 0x10, 0xa3, 0x10, 0xa3, 0x10, 0xa3, 0x10, 0xa3, 0x10, 0xff, 0xff,
    0xd3, 0xeb, 0xd3, 0xeb, 0xd3, 0xeb, 0xd3, 0xeb, 0xd3, 0xeb, 0xd3, 0xeb, 0xd3, 0xeb, 0xd3, 0xeb, 0xd3, 0xeb, 0xd3, 0xeb, 0xd3, 0xeb, 0xd3, 0xeb,
    0xd3, 0xeb, 0xd3, 0xeb, 0xd3, 0xeb, 0xd3, 0xeb, 0xd3, 0xeb, 0xd3, 0xeb, 0xd3, 0xeb, 0xd3, 0xeb, 0xd3, 0xeb, 0xd3, 0xeb, 0xd3, 0xeb, 0xd3, 0xeb,
    0xd3, 0xeb, 0xff, 0xff, 0xa3, 0x10, 0xa3, 0x10, 0xa3, 0x10, 0xa3, 0x10, 0xa3, 0x10, 0xa3, 0x10, 0xa3, 0x10, 0xa3, 0x10, 0xa3, 0x10, 0xa3, 0x10,
    0xa3, 0x10, 0xa3, 0x10, 0xa3, 0x10, 0xa3, 0x10, 0xa3, 0x10, 0xa3, 0x10, 0xa3, 0x10, 0xa3, 0x10, 0xa3, 0x10, 0xa3, 0x10, 0xa3, 0x10, 0xd3, 0xeb,
    0xd3, 0xeb, 0xd3, 0xeb, 0xd3, 0xeb, 0xd3, 0xeb, 0xd3, 0xeb, 0xd3, 0xeb, 0xd3, 0xeb, 0xd3, 0xeb, 0xd3, 0xeb, 0xd3, 0xeb, 0xd3, 0xeb, 0xd3, 0xeb,
    0xd3, 0xeb, 0xd3, 0xeb, 0xd3, 0xeb, 0xd3, 0xeb, 0xd3, 0xeb, 0xd3, 0xeb, 0xd3, 0xeb, 0xd3, 0xeb, 0xd3, 0xeb, 0xd3, 0xeb, 0xd3, 0xeb, 0xd3, 0xeb,
    0xd3, 0xeb, 0xd3, 0xeb, 0xa3, 0x10, 0xa3, 0x10, 0xa3, 0x10, 0xa3, 0x10, 0xa3, 0x10, 0xa3, 0x10, 0xa3, 0x10, 0xa3, 0x10, 0xa3, 0x10, 0xa3, 0x10,
    0xa3, 0x10, 0xa3, 0x10, 0xa3, 0x10, 0xa3, 0x10, 0xa3, 0x10, 0xa3, 0x10, 0xa3, 0x10, 0xa3, 0x10, 0xa3, 0x10, 0xa3, 0x10, 0xd3, 0xeb, 0xd3, 0xeb,
    0xd3, 0xeb, 0xd3, 0xeb, 0xd3, 0xeb, 0xd3, 0xeb, 0xd3, 0xeb, 0xd3, 0xeb, 0xd3, 0xeb, 0xd3, 0xeb, 0xcb, 0x89, 0xcb, 0x89, 0xcb, 0x89, 0xcb, 0x89,
    0xcb, 0x89, 0xcb, 0x89, 0xcb, 0x89, 0xcb, 0x89, 0xcb, 0x89, 0xd3, 0xeb, 0xd3, 0xeb, 0xd3, 0xeb, 0xd3, 0xeb, 0xd3, 0xeb, 0xd3, 0xeb, 0xd3, 0xeb,
    0xd3, 0xeb, 0xd3, 0xeb, 0xd3, 0xeb, 0xa3, 0x10, 0xa3, 0x10, 0xa3, 0x10, 0xa3, 0x10, 0xa3, 0x10, 0xa3, 0x10, 0xa3, 0x10, 0xa3, 0x10, 0xa3, 0x10,
    0xa3, 0x10, 0xa3, 0x10, 0xa3, 0x10, 0xa3, 0x10, 0xa3, 0x10, 0xa3, 0x10, 0xa3, 0x10, 0xa3, 0x10, 0xa3, 0x10, 0xa3, 0x10, 0xd3, 0xeb, 0xd3, 0xeb,
    0xd3, 0xeb, 0xd3, 0xeb, 0xd3, 0xeb, 0xd3, 0xeb, 0xd3, 0xeb, 0xd3, 0xeb, 0xcb, 0x89, 0xcb, 0x89, 0xcb, 0x89, 0xcb, 0x89, 0xcb, 0x89, 0xcb, 0x89,
    0xcb, 0x89, 0xcb, 0x89, 0xcb, 0x89, 0xcb, 0x89, 0xcb, 0x89, 0xcb, 0x89, 0xcb, 0x89, 0xd3, 0xeb, 0xd3, 0xeb, 0xd3, 0xeb, 0xd3, 0xeb, 0xd3, 0xeb,
    0xd3, 0xeb, 0xd3, 0xeb, 0xd3, 0xeb, 0xa3, 0x10, 0xa3, 0x10, 0xa3, 0x10, 0xa3, 0x10, 0xa3, 0x10, 0xa3, 0x10, 0xa3, 0x10, 0xa3, 0x10, 0xa3, 0x10,
    0xa3, 0x10, 0xa3, 0x10, 0xa3, 0x10, 0xa3, 0x10, 0xa3, 0x10, 0xa3, 0x10, 0xa3, 0x10, 0xa3, 0x10, 0xa3, 0x10, 0xd3, 0xeb, 0xd3, 0xeb, 0xd3, 0xeb,
    0xd3, 0xeb, 0xd3, 0xeb, 0xd3, 0xeb, 0xd3, 0xeb, 0xd3, 0xeb, 0xcb, 0x89, 0xcb, 0x89, 0xcb, 0x89, 0xcb, 0x89, 0xcb, 0x89, 0xcb, 0x89, 0xcb, 0x89,
    0xcb, 0x89, 0xcb, 0x89, 0xcb, 0x89, 0xcb, 0x89, 0xcb, 0x89, 0xcb, 0x89, 0xcb, 0x89, 0xcb, 0x89, 0xd3, 0xeb, 0xd3, 0xeb, 0xd3, 0xeb, 0xd3, 0xeb,
    0xd3, 0xeb, 0xd3, 0xeb, 0xd3, 0xeb, 0xd3, 0xeb, 0xa3, 0x10, 0xa3, 0x10, 0xa3, 0x10, 0xa3, 0x10, 0xa3, 0x10, 0xa3, 0x10, 0xa3, 0x10, 0xa3, 0x10,
    0xa3, 0x10, 0xa3, 0x10, 0xa3, 0x10, 0xa3, 0x10, 0xa3, 0x10, 0xa3, 0x10, 0xa3, 0x10, 0xa3, 0x10, 0xa3, 0x10, 0xd3, 0xeb, 0xd3, 0xeb, 0xd3, 0xeb,
    0xd3, 0xeb, 0xd3, 0xeb, 0xd3, 0xeb, 0xd3, 0xeb, 0xcb, 0x89, 0xcb, 0x89, 0xcb, 0x89, 0xcb, 0x89, 0xcb, 0x89, 0xcb, 0x89, 0xcb, 0x89, 0xcb, 0x89,
    0xcb, 0x89, 0xcb, 0x89, 0xcb, 0x89, 0xcb, 0x89, 0xcb, 0x89, 0xcb, 0x89, 0xcb, 0x89, 0xcb, 0x89, 0xcb, 0x89, 0xd3, 0xeb, 0xd3, 0xeb, 0xd3, 0xeb,
    0xd3, 0xeb, 0xd3, 0xeb, 0xd3, 0xeb, 0xd3, 0xeb, 0xa3, 0x10, 0xa3, 0x10, 0xa3, 0x10, 0xa3, 0x10, 0xa3, 0x10, 0xa3, 0x10, 0xa3, 0x10, 0xa3, 0x10,
    0xa3, 0x10, 0xa3, 0x10, 0xa3, 0x10, 0xa3, 0x10, 0xa3, 0x10, 0xa3, 0x10, 0xa3, 0x10, 0xa3, 0x10, 0xd3, 0xeb, 0xd3, 0xeb, 0xd3, 0xeb, 0xd3, 0xeb,
    0xd3, 0xeb, 0xd3, 0xeb, 0xd3, 0xeb, 0xcb, 0x89, 0xcb, 0x89, 0xcb, 0x89, 0xcb, 0x89, 0xcb, 0x89, 0xcb, 0x89, 0xcb, 0x89, 0xcb, 0x89, 0xcb, 0x89,
    0xcb, 0x89, 0xcb, 0x89, 0xcb, 0x89, 0xcb, 0x89, 0xcb, 0x89, 0xcb, 0x89, 0xcb, 0x89, 0xcb, 0x89, 0xcb, 0x89, 0xcb, 0x89, 0xd3, 0xeb, 0xd3, 0xeb,
    0xd3, 0xeb, 0xd3, 0xeb, 0xd3, 0xeb, 0xd3, 0xeb, 0xd3, 0xeb, 0xa3, 0x10, 0xa3, 0x10, 0xa3, 0x10, 0xa3, 0x10, 0xa3, 0x10, 0xa3, 0x10, 0xa3, 0x10,
    0xa3, 0x10, 0xa3, 0x10, 0xa3, 0x10, 0xa3, 0x10, 0xa3, 0x10, 0xa3, 0x10, 0xa3, 0x10, 0xa3, 0x10, 0xd3, 0xeb, 0xd3, 0xeb, 0xd3, 0xeb, 0xd3, 0xeb,
    0xd3, 0xeb, 0xd3, 0xeb, 0xcb, 0x89, 0xcb, 0x89, 0xcb, 0x89, 0xcb, 0x89, 0xcb, 0x89, 0xcb, 0x89, 0xcb, 0x89, 0xcb, 0x89, 0xcb, 0x89, 0xcb, 0x89,
    0xcb, 0x89, 0xcb, 0x89, 0xcb, 0x89, 0xcb, 0x89, 0xcb, 0x89, 0xcb, 0x89, 0xcb, 0x89, 0xcb, 0x89, 0xcb, 0x89, 0xcb, 0x89, 0xcb, 0x89, 0xd3, 0xeb,
    0xd3, 0xeb, 0xd3, 0xeb, 0xd3, 0xeb, 0xd3, 0xeb, 0xd3, 0xeb, 0xa3, 0x10, 0xa3, 0x10, 0xa3, 0x10, 0xa3, 0x10, 0xa3, 0x10, 0xa3, 0x10, 0xa3, 0x10,
    0xa3, 0x10, 0xa3, 0x10, 0xa3, 0x10, 0xa3, 0x10, 0xa3, 0x10, 0xa3, 0x10, 0xa3, 0x10, 0xa3, 0x10, 0xd3, 0xeb, 0xd3, 0xeb, 0xd3, 0xeb, 0xd3, 0xeb,
    0xd3, 0xeb, 0xd3, 0xeb, 0xcb, 0x89, 0xcb, 0x89, 0xcb, 0x89, 0xcb, 0x89, 0xa3, 0x10, 0xa3, 0x10, 0xa3, 0x10, 0xcb, 0x89, 0xcb, 0x89, 0xcb, 0x89,
    0xcb, 0x89, 0xcb, 0x89, 0xcb, 0x89, 0xcb, 0x89, 0xa3, 0x10, 0xa3, 0x10, 0xa3, 0x10, 0xcb, 0x89, 0xcb, 0x89, 0xcb, 0x89, 0xcb, 0x89, 0xd3, 0xeb,
    0xd3, 0xeb, 0xd3, 0xeb, 0xd3, 0xeb, 0xd3, 0xeb, 0xd3, 0xeb, 0xa3, 0x10, 0xa3, 0x10, 0xa3, 0x10, 0xa3, 0x10, 0xa3, 0x10, 0xa3, 0x10, 0xa3, 0x10,
    0xa3, 0x10, 0xa3, 0x10, 0xa3, 0x10, 0xa3, 0x10, 0xa3, 0x10, 0xa3, 0x10, 0xa3, 0x10, 0xa3, 0x10, 0xd3, 0xeb, 0xd3, 0xeb, 0xd3, 0xeb, 0xd3, 0xeb,
    0xd3, 0xeb, 0xcb, 0x89, 0xcb, 0x89, 0xcb, 0x89, 0xcb, 0x89, 0xa3, 0x10, 0xa3, 0x10, 0xa3, 0x10, 0xa3, 0x10, 0xa3, 0x10, 0xcb, 0x89, 0xcb, 0x89,
    0xcb, 0x89, 0xcb, 0x89, 0xcb, 0x89, 0xa3, 0x10, 0xa3, 0x10, 0xa3, 0x10, 0xa3, 0x10, 0xa3, 0x10, 0xcb, 0x89, 0xcb, 0x89, 0xcb, 0x89, 0xcb, 0x89,
    0xd3, 0xeb, 0xd3, 0xeb, 0xd3, 0xeb, 0xd3, 0xeb, 0xd3, 0xeb, 0xa3, 0x10, 0xa3, 0x10, 0xa3, 0x10, 0xa3, 0x10, 0xa3, 0x10, 0xa3, 0x10, 0xa3, 0x10,
    0xa3, 0x10, 0xa3, 0x10, 0xa3, 0x10, 0xa3, 0x10, 0xa3, 0x10, 0xa3, 0x10, 0xa3, 0x10, 0xa3, 0x10, 0xd3, 0xeb, 0xd3, 0xeb, 0xd3, 0xeb, 0xd3, 0xeb,
    0xd3, 0xeb, 0xcb, 0x89, 0xcb, 0x89, 0xcb, 0x89, 0xcb, 0x89, 0xa3, 0x10, 0xa3, 0x10, 0xa3, 0x10, 0xa3, 0x10, 0xa3, 0x10, 0xcb, 0x89, 0xcb, 0x89,
    0xcb, 0x89, 0xcb, 0x89, 0xcb, 0x89, 0xa3, 0x10, 0xa3, 0x10, 0xa3, 0x10, 0xa3, 0x10, 0xa3, 0x10, 0xcb, 0x89, 0xcb, 0x89, 0xcb, 0x89, 0xcb, 0x89,
    0xd3, 0xeb, 0xd3, 0xeb, 0xd3, 0xeb, 0xd3, 0xeb, 0xd3, 0xeb, 0xa3, 0x10, 0xa3, 0x10, 0xa3, 0x10, 0xa3, 0x10, 0xa3, 0x10, 0xa3, 0x10, 0xa3, 0x10,
    0xa3, 0x10, 0xa3, 0x10, 0xa3, 0x10, 0xa3, 0x10, 0xa3, 0x10, 0xa3, 0x10, 0xa3, 0x10, 0xa3, 0x10, 0xd3, 0xeb, 0xd3, 0xeb, 0xd3, 0xeb, 0xd3, 0xeb,
    0xd3, 0xeb, 0xcb, 0x89, 0xcb, 0x89, 0xcb, 0x89, 0xcb, 0x89, 0xa3, 0x10, 0xa3, 0x10, 0xa3, 0x10, 0xa3, 0x10, 0xa3, 0x10, 0xcb, 0x89, 0xcb, 0x89,
    0xcb, 0x89, 0xcb, 0x89, 0xcb, 0x89, 0xa3, 0x10, 0xa3, 0x10, 0xa3, 0x10, 0xa3, 0x10, 0xa3, 0x10, 0xcb, 0x89, 0xcb, 0x89, 0xcb, 0x89, 0xcb, 0x89,
    0xd3, 0xeb, 0xd3, 0xeb, 0xd3, 0xeb, 0xd3, 0xeb, 0xd3, 0xeb, 0xa3, 0x10, 0xa3, 0x10, 0xa3, 0x10, 0xa3, 0x10, 0xa3, 0x10, 0xa3, 0x10, 0xa3, 0x10,
    0xa3, 0x10, 0xa3, 0x10, 0xa3, 0x10, 0xa3, 0x10, 0xa3, 0x10, 0xa3, 0x10, 0xa3, 0x10, 0xa3, 0x10, 0xd3, 0xeb, 0xd3, 0xeb, 0xd3, 0xeb, 0xd3, 0xeb,
    0xd3, 0xeb, 0xcb, 0x89, 0xcb, 0x89, 0xcb, 0x89, 0xcb, 0x89, 0xcb, 0x89, 0xa3, 0x10, 0xa3, 0x10, 0xa3, 0x10, 0xcb, 0x89, 0xcb, 0x89, 0xcb, 0x89,
    0xcb, 0x89, 0xcb, 0x89, 0xcb, 0x89, 0xcb, 0x89, 0xa3, 0x10, 0xa3, 0x10, 0xa3, 0x10, 0xcb, 0x89, 0xcb, 0x89, 0xcb, 0x89, 0xcb, 0x89, 0xcb, 0x89,
    0xd3, 0xeb, 0xd3, 0xeb, 0xd3, 0xeb, 0xd3, 0xeb, 0xd3, 0xeb, 0xa3, 0x10, 0xa3, 0x10, 0xa3, 0x10, 0xa3, 0x10, 0xa3, 0x10, 0xa3, 0x10, 0xa3, 0x10,
    0xa3, 0x10, 0xa3, 0x10, 0xa3, 0x10, 0xa3, 0x10, 0xa3, 0x10, 0xa3, 0x10, 0xa3, 0x10, 0xa3, 0x10, 0xd3, 0xeb, 0xd3, 0xeb, 0xd3, 0xeb, 0xd3, 0xeb,
    0xd3, 0xeb, 0xcb, 0x89, 0xcb, 0x89, 0xcb, 0x89, 0xcb, 0x89, 0xcb, 0x89, 0xcb, 0x89, 0xcb, 0x89, 0xcb, 0x89, 0xcb, 0x89, 0xcb, 0x89, 0xcb, 0x89,
    0xcb, 0x89, 0xcb, 0x89, 0xcb, 0x89, 0xcb, 0x89, 0xcb, 0x89, 0xcb, 0x89, 0xcb, 0x89, 0xcb, 0x89, 0xcb, 0x89, 0xcb, 0x89, 0xcb, 0x89, 0xcb, 0x89,
    0xd3, 0xeb, 0xd3, 0xeb, 0xd3, 0xeb, 0xd3, 0xeb, 0xd3, 0xeb, 0xa3, 0x10, 0xa3, 0x10, 0xa3, 0x10, 0xa3, 0x10, 0xa3, 0x10, 0xa3, 0x10, 0xa3, 0x10,
    0xa3, 0x10, 0xa3, 0x10, 0xa3, 0x10, 0xa3, 0x10, 0xa3, 0x10, 0xa3, 0x10, 0xa3, 0x10, 0xa3, 0x10, 0xd3, 0xeb, 0xd3, 0xeb, 0xd3, 0xeb, 0xd3, 0xeb,
    0xd3, 0xeb, 0xcb, 0x89, 0xcb, 0x89, 0xcb, 0x89, 0xcb, 0x89, 0xcb, 0x89, 0xcb, 0x89, 0xcb, 0x89, 0xcb, 0x89, 0xcb, 0x89, 0xcb, 0x89, 0xcb, 0x89,
    0xcb, 0x89, 0xcb, 0x89, 0xcb, 0x89, 0xcb, 0x89, 0xcb, 0x89, 0xcb, 0x89, 0xcb, 0x89, 0xcb, 0x89, 0xcb, 0x89, 0xcb, 0x89, 0xcb, 0x89, 0xcb, 0x89,
    0xd3, 0xeb, 0xd3, 0xeb, 0xd3, 0xeb, 0xd3, 0xeb, 0xd3, 0xeb, 0xa3, 0x10, 0xa3, 0x10, 0xa3, 0x10, 0xa3, 0x10, 0xa3, 0x10, 0xa3, 0x10, 0xa3, 0x10,
    0xa3, 0x10, 0xa3, 0x10, 0xa3, 0x10, 0xa3, 0x10, 0xa3, 0x10, 0xa3, 0x10, 0xa3, 0x10, 0xa3, 0x10, 0xd3, 0xeb, 0xd3, 0xeb, 0xd3, 0xeb, 0xd3, 0xeb,
    0xd3, 0xeb, 0xcb, 0x89, 0xcb, 0x89, 0xcb, 0x89, 0xcb, 0x89, 0xcb, 0x89, 0xcb, 0x89, 0xcb, 0x89, 0xcb, 0x89, 0xcb, 0x89, 0xcb, 0x89, 0xcb, 0x89,
    0xcb, 0x89, 0xcb, 0x89, 0xcb, 0x89, 0xcb, 0x89, 0xcb, 0x89, 0xcb, 0x89, 0xcb, 0x89, 0xcb, 0x89, 0xcb, 0x89, 0xcb, 0x89, 0xcb, 0x89, 0xcb, 0x89,
    0xd3, 0xeb, 0xd3, 0xeb, 0xd3, 0xeb, 0xd3, 0xeb, 0xd3, 0xeb, 0xa3, 0x10, 0xa3, 0x10, 0xa3, 0x10, 0xa3, 0x10, 0xa3, 0x10, 0xa3, 0x10, 0xa3, 0x10,
    0xa3, 0x10, 0xa3, 0x10, 0xa3, 0x10, 0xa3, 0x10, 0xa3, 0x10, 0xa3, 0x10, 0xa3, 0x10, 0xa3, 0x10, 0xd3, 0xeb, 0xd3, 0xeb, 0xd3, 0xeb, 0xd3, 0xeb,
    0xd3, 0xeb, 0xcb, 0x89, 0xcb, 0x89, 0xcb, 0x89, 0xcb, 0x89, 0xcb, 0x89, 0xcb, 0x89, 0xcb, 0x89, 0xff, 0xff, 0xff, 0xff, 0xff, 0xff, 0xff, 0xff,
    0xff, 0xff, 0xff, 0xff, 0xff, 0xff, 0xff, 0xff, 0xff, 0xff, 0xcb, 0x89, 0xcb, 0x89, 0xcb, 0x89, 0xcb, 0x89, 0xcb, 0x89, 0xcb, 0x89, 0xcb, 0x89,
    0xd3, 0xeb, 0xd3, 0xeb, 0xd3, 0xeb, 0xd3, 0xeb, 0xd3, 0xeb, 0xa3, 0x10, 0xa3, 0x10, 0xa3, 0x10, 0xa3, 0x10, 0xa3, 0x10, 0xa3, 0x10, 0xa3, 0x10,
    0xa3, 0x10, 0xa3, 0x10, 0xa3, 0x10, 0xa3, 0x10, 0xa3, 0x10, 0xa3, 0x10, 0xa3, 0x10, 0xa3, 0x10, 0xa3, 0x10, 0xd3, 0xeb, 0xd3, 0xeb, 0xd3, 0xeb,
    0xd3, 0xeb, 0xcb, 0x89, 0xcb, 0x89, 0xcb, 0x89, 0xcb, 0x89, 0xcb, 0x89, 0xcb, 0x89, 0xcb, 0x89, 0xff, 0xff, 0xff, 0xff, 0xff, 0xff, 0xff, 0xff,
    0xff, 0xff, 0xff, 0xff, 0xff, 0xff, 0xff, 0xff, 0xff, 0xff, 0xcb, 0x89, 0xcb, 0x89, 0xcb, 0x89, 0xcb, 0x89, 0xcb, 0x89, 0xcb, 0x89, 0xcb, 0x89,
    0xd3, 0xeb, 0xd3, 0xeb, 0xd3, 0xeb, 0xd3, 0xeb, 0xa3, 0x10, 0xa3, 0x10, 0xa3, 0x10, 0xa3, 0x10, 0xa3, 0x10, 0xa3, 0x10, 0xa3, 0x10, 0xa3, 0x10,
    0xa3, 0x10, 0xa3, 0x10, 0xa3, 0x10, 0xa3, 0x10, 0xa3, 0x10, 0xa3, 0x10, 0xa3, 0x10, 0xa3, 0x10, 0xa3, 0x10, 0xd3, 0xeb, 0xd3, 0xeb, 0xd3, 0xeb,
    0xd3, 0xeb, 0xd3, 0xeb, 0xcb, 0x89, 0xcb, 0x89, 0xcb, 0x89, 0xcb, 0x89, 0xcb, 0x89, 0xcb, 0x89, 0xff, 0xff, 0xff, 0xff, 0xff, 0xff, 0xff, 0xff,
    0xff, 0xff, 0xff, 0xff, 0xff, 0xff, 0xff, 0xff, 0xff, 0xff, 0xcb, 0x89, 0xcb, 0x89, 0xcb, 0x89, 0xcb, 0x89, 0xcb, 0x89, 0xcb, 0x89, 0xd3, 0xeb,
    0xd3, 0xeb, 0xd3, 0xeb, 0xd3, 0xeb, 0xd3, 0xeb, 0xa3, 0x10, 0xa3, 0x10, 0xa3, 0x10, 0xa3, 0x10, 0xa3, 0x10, 0xa3, 0x10, 0xa3, 0x10, 0xa3, 0x10,
    0xa3, 0x10, 0xa3, 0x10, 0xa3, 0x10, 0xa3, 0x10, 0xa3, 0x10, 0xa3, 0x10, 0xa3, 0x10, 0xa3, 0x10, 0xa3, 0x10, 0xa3, 0x10, 0xd3, 0xeb, 0xd3, 0xeb,
    0xd3, 0xeb, 0xd3, 0xeb, 0xcb, 0x89, 0xcb, 0x89, 0xcb, 0x89, 0xcb, 0x89, 0xcb, 0x89, 0xcb, 0x89, 0xcb, 0x89, 0xcb, 0x89, 0xcb, 0x89, 0xcb, 0x89,
    0xcb, 0x89, 0xcb, 0x89, 0xcb, 0x89, 0xcb, 0x89, 0xcb, 0x89, 0xcb, 0x89, 0xcb, 0x89, 0xcb, 0x89, 0xcb, 0x89, 0xcb, 0x89, 0xcb, 0x89, 0xd3, 0xeb,
    0xd3, 0xeb, 0xd3, 0xeb, 0xd3, 0xeb, 0xa3, 0x10, 0xa3, 0x10, 0xa3, 0x10, 0xa3, 0x10, 0xa3, 0x10, 0xa3, 0x10, 0xa3, 0x10, 0xa3, 0x10, 0xa3, 0x10,
    0xa3, 0x10, 0xa3, 0x10, 0xa3, 0x10, 0xa3, 0x10, 0xa3, 0x10, 0xa3, 0x10, 0xa3, 0x10, 0xa3, 0x10, 0xa3, 0x10, 0xa3, 0x10, 0xd3, 0xeb, 0xd3, 0xeb,
    0xd3, 0xeb, 0xd3, 0xeb, 0xd3, 0xeb, 0xcb, 0x89, 0xcb, 0x89, 0xcb, 0x89, 0xcb, 0x89, 0xcb, 0x89, 0xcb, 0x89, 0xcb, 0x89, 0xcb, 0x89, 0xcb, 0x89,
    0xcb, 0x89, 0xcb, 0x89, 0xcb, 0x89, 0xcb, 0x89, 0xcb, 0x89, 0xcb, 0x89, 0xcb, 0x89, 0xcb, 0x89, 0xcb, 0x89, 0xcb, 0x89, 0xd3, 0xeb, 0xd3, 0xeb,
    0xd3, 0xeb, 0xd3, 0xeb, 0xd3, 0xeb, 0xa3, 0x10, 0xa3, 0x10, 0xa3, 0x10, 0xa3, 0x10, 0xa3, 0x10, 0xa3, 0x10, 0xa3, 0x10, 0xa3, 0x10, 0xa3, 0x10,
    0xa3, 0x10, 0xa3, 0x10, 0xa3, 0x10, 0xa3, 0x10, 0xa3, 0x10, 0xa3, 0x10, 0xa3, 0x10, 0xa3, 0x10, 0xa3, 0x10, 0xa3, 0x10, 0xa3, 0x10, 0xd3, 0xeb,
    0xd3, 0xeb, 0xd3, 0xeb, 0xd3, 0xeb, 0xd3, 0xeb, 0xcb, 0x89, 0xcb, 0x89, 0xcb, 0x89, 0xcb, 0x89, 0xcb, 0x89, 0xcb, 0x89, 0xcb, 0x89, 0xcb, 0x89,
    0xcb, 0x89, 0xcb, 0x89, 0xcb, 0x89, 0xcb, 0x89, 0xcb, 0x89, 0xcb, 0x89, 0xcb, 0x89, 0xcb, 0x89, 0xcb, 0x89, 0xd3, 0xeb, 0xd3, 0xeb, 0xd3, 0xeb,
    0xd3, 0xeb, 0xd3, 0xeb, 0xa3, 0x10, 0xa3, 0x10, 0xa3, 0x10, 0xa3, 0x10, 0xa3, 0x10, 0xa3, 0x10, 0xa3, 0x10, 0xa3, 0x10, 0xa3, 0x10, 0xa3, 0x10,
    0xa3, 0x10, 0xa3, 0x10, 0xa3, 0x10, 0xa3, 0x10, 0xa3, 0x10, 0xa3, 0x10, 0xa3, 0x10, 0xa3, 0x10, 0xa3, 0x10, 0xa3, 0x10, 0xa3, 0x10, 0xa3, 0x10,
    0xd3, 0xeb, 0xd3, 0xeb, 0xd3, 0xeb, 0xd3, 0xeb, 0xd3, 0xeb, 0xcb, 0x89, 0xcb, 0x89, 0xcb, 0x89, 0xcb, 0x89, 0xcb, 0x89, 0xcb, 0x89, 0xcb, 0x89,
    0xcb, 0x89, 0xcb, 0x89, 0xcb, 0x89, 0xcb, 0x89, 0xcb, 0x89, 0xcb, 0x89, 0xcb, 0x89, 0xcb, 0x89, 0xd3, 0xeb, 0xd3, 0xeb, 0xd3, 0xeb, 0xd3, 0xeb,
    0xd3, 0xeb, 0xa3, 0x10, 0xa3, 0x10, 0xa3, 0x10, 0xa3, 0x10, 0xa3, 0x10, 0xa3, 0x10, 0xa3, 0x10, 0xa3, 0x10, 0xa3, 0x10, 0xa3, 0x10, 0xa3, 0x10,
    0xa3, 0x10, 0xa3, 0x10, 0xa3, 0x10, 0xa3, 0x10, 0xa3, 0x10, 0xa3, 0x10, 0xa3, 0x10, 0xa3, 0x10, 0xa3, 0x10, 0xa3, 0x10, 0xa3, 0x10, 0xa3, 0x10,
    0xd3, 0xeb, 0xd3, 0xeb, 0xd3, 0xeb, 0xd3, 0xeb, 0xd3, 0xeb, 0xd3, 0xeb, 0xcb, 0x89, 0xcb, 0x89, 0xcb, 0x89, 0xcb, 0x89, 0xcb, 0x89, 0xcb, 0x89,
    0xcb, 0x89, 0xcb, 0x89, 0xcb, 0x89, 0xcb, 0x89, 0xcb, 0x89, 0xcb, 0x89, 0xcb, 0x89, 0xd3, 0xeb, 0xd3, 0xeb, 0xd3, 0xeb, 0xd3, 0xeb, 0xd3, 0xeb,
    0xd3, 0xeb, 0xa3, 0x10, 0xa3, 0x10, 0xa3, 0x10, 0xa3, 0x10, 0xa3, 0x10, 0xa3, 0x10, 0xa3, 0x10, 0xa3, 0x10, 0xa3, 0x10, 0xa3, 0x10, 0xa3, 0x10,
    0xa3, 0x10, 0xa3, 0x10, 0xa3, 0x10, 0xa3, 0x10, 0xa3, 0x10, 0xa3, 0x10, 0xa3, 0x10, 0xa3, 0x10, 0xa3, 0x10, 0xa3, 0x10, 0xa3, 0x10, 0xa3, 0x10,
    0xa3, 0x10, 0xa3, 0x10, 0xd3, 0xeb, 0xd3, 0xeb, 0xd3, 0xeb, 0xd3, 0xeb, 0xd3, 0xeb, 0xd3, 0xeb, 0xcb, 0x89, 0xcb, 0x89, 0xcb, 0x89, 0xcb, 0x89,
    0xcb, 0x89, 0xcb, 0x89, 0xcb, 0x89, 0xcb, 0x89, 0xcb, 0x89, 0xd3, 0xeb, 0xd3, 0xeb, 0xd3, 0xeb, 0xd3, 0xeb, 0xd3, 0xeb, 0xd3, 0xeb, 0xa3, 0x10,
    0xa3, 0x10, 0xa3, 0x10, 0xa3, 0x10, 0xa3, 0x10, 0xa3, 0x10, 0xa3, 0x10, 0xa3, 0x10, 0xa3, 0x10, 0xa3, 0x10, 0xa3, 0x10, 0xa3, 0x10, 0xa3, 0x10,
    0xa3, 0x10, 0xa3, 0x10, 0xa3, 0x10, 0xa3, 0x10, 0xa3, 0x10, 0xa3, 0x10, 0xa3, 0x10, 0xa3, 0x10, 0xa3, 0x10, 0xa3, 0x10, 0xa3, 0x10, 0xa3, 0x10,
    0xa3, 0x10, 0xa3, 0x10, 0xa3, 0x10, 0xd3, 0xeb, 0xd3, 0xeb, 0xd3, 0xeb, 0xd3, 0xeb, 0xd3, 0xeb, 0xd3, 0xeb, 0xd3, 0xeb, 0xd3, 0xeb, 0xd3, 0xeb,
    0xd3, 0xeb, 0xd3, 0xeb, 0xd3, 0xeb, 0xd3, 0xeb, 0xd3, 0xeb, 0xd3, 0xeb, 0xd3, 0xeb, 0xd3, 0xeb, 0xd3, 0xeb, 0xd3, 0xeb, 0xa3, 0x10, 0xa3, 0x10,
    0xa3, 0x10, 0xa3, 0x10, 0xa3, 0x10, 0xa3, 0x10, 0xa3, 0x10, 0xa3, 0x10, 0xa3, 0x10, 0xa3, 0x10, 0xa3, 0x10, 0xa3, 0x10, 0xa3, 0x10, 0xa3, 0x10,
    0xa3, 0x10, 0xa3, 0x10, 0xa3, 0x10, 0xa3, 0x10, 0xa3, 0x10, 0xa3, 0x10, 0xa3, 0x10, 0xa3, 0x10, 0xa3, 0x10, 0xa3, 0x10, 0xa3, 0x10, 0xa3, 0x10,
    0xa3, 0x10, 0xa3, 0x10, 0xa3, 0x10, 0xa3, 0x10, 0xa3, 0x10, 0xd3, 0xeb, 0xd3, 0xeb, 0xd3, 0xeb, 0xd3, 0xeb, 0xd3, 0xeb, 0xd3, 0xeb, 0xd3, 0xeb,
    0xd3, 0xeb, 0xd3, 0xeb, 0xd3, 0xeb, 0xd3, 0xeb, 0xd3, 0xeb, 0xd3, 0xeb, 0xd3, 0xeb, 0xd3, 0xeb, 0xa3, 0x10, 0xa3, 0x10, 0xa3, 0x10, 0xa3, 0x10,
    0xa3, 0x10, 0xa3, 0x10, 0xa3, 0x10, 0xa3, 0x10, 0xa3, 0x10, 0xa3, 0x10, 0xa3, 0x10, 0xa3, 0x10, 0xa3, 0x10, 0xa3, 0x10, 0xa3, 0x10, 0xa3, 0x10,
    0xa3, 0x10, 0xa3, 0x10, 0xa3, 0x10, 0xa3, 0x10, 0xa3, 0x10, 0xa3, 0x10, 0xa3, 0x10, 0xa3, 0x10, 0xa3, 0x10, 0xa3, 0x10, 0xa3, 0x10, 0xa3, 0x10,
    0xa3, 0x10, 0xa3, 0x10, 0xa3, 0x10, 0xa3, 0x10, 0xa3, 0x10, 0xa3, 0x10, 0xa3, 0x10, 0xd3, 0xeb, 0xd3, 0xeb, 0xd3, 0xeb, 0xd3, 0xeb, 0xd3, 0xeb,
    0xd3, 0xeb, 0xd3, 0xeb, 0xd3, 0xeb, 0xd3, 0xeb, 0xd3, 0xeb, 0xd3, 0xeb, 0xa3, 0x10, 0xa3, 0x10, 0xa3, 0x10, 0xa3, 0x10, 0xa3, 0x10, 0xa3, 0x10,
    0xa3, 0x10, 0xa3, 0x10, 0xa3, 0x10, 0xa3, 0x10, 0xa3, 0x10, 0xa3, 0x10, 0xa3, 0x10, 0xa3, 0x10, 0xa3, 0x10, 0xa3, 0x10, 0xa3, 0x10, 0xa3, 0x10,
    0xa3, 0x10, 0xa3, 0x10, 0xa3, 0x10, 0xa3, 0x10, 0xa3, 0x10, 0xa3, 0x10, 0xa3, 0x10, 0xa3, 0x10, 0xa3, 0x10, 0xa3, 0x10, 0xa3, 0x10, 0xa3, 0x10,
    0xa3, 0x10, 0xa3, 0x10, 0xa3, 0x10, 0xa3, 0x10, 0xa3, 0x10, 0xa3, 0x10, 0xa3, 0x10, 0xa3, 0x10, 0xa3, 0x10, 0xa3, 0x10, 0xa3, 0x10, 0xa3, 0x10,
    0xa3, 0x10, 0xa3, 0x10, 0xa3, 0x10, 0xa3, 0x10, 0xa3, 0x10, 0xa3, 0x10, 0xa3, 0x10, 0xa3, 0x10, 0xa3, 0x10, 0xa3, 0x10, 0xa3, 0x10, 0xa3, 0x10,
    0xa3, 0x10, 0xa3, 0x10, 0xa3, 0x10, 0xa3, 0x10, 0xa3, 0x10, 0xa3, 0x10, 0xa3, 0x10, 0xa3, 0x10, 0xa3, 0x10, 0xa3, 0x10, 0xa3, 0x10, 0xa3, 0x10,
    0xa3, 0x10, 0xa3, 0x10, 0xa3, 0x10, 0xa3, 0x10, 0xa3, 0x10, 0xa3, 0x10, 0xa3, 0x10, 0xa3, 0x10, 0xa3, 0x10, 0xa3, 0x10, 0xa3, 0x10, 0xa3, 0x10,
    0xa3, 0x10, 0xa3, 0x10, 0xa3, 0x10, 0xa3, 0x10, 0xa3, 0x10, 0xa3, 0x10, 0xa3, 0x10, 0xa3, 0x10, 0xa3, 0x10, 0xa3, 0x10, 0xa3, 0x10, 0xa3, 0x10,
    0xa3, 0x10, 0xa3, 0x10, 0xa3, 0x10, 0xa3, 0x10, 0xa3, 0x10, 0xa3, 0x10, 0xa3, 0x10, 0xa3, 0x10, 0xa3, 0x10, 0xa3, 0x10, 0xa3, 0x10, 0xa3, 0x10,
    0xa3, 0x10, 0xa3, 0x10, 0xa3, 0x10, 0xa3, 0x10, 0xa3, 0x10, 0xa3, 0x10, 0xa3, 0x10, 0xa3, 0x10, 0xa3, 0x10, 0xa3, 0x10, 0xa3, 0x10, 0xa3, 0x10,
    0xa3, 0x10, 0xa3, 0x10, 0xa3, 0x10, 0xa3, 0x10, 0xa3, 0x10, 0xa3, 0x10, 0xa3, 0x10, 0xa3, 0x10, 0xa3, 0x10, 0xa3, 0x10, 0xa3, 0x10, 0xa3, 0x10,
    0xa3, 0x10, 0xa3, 0x10, 0xa3, 0x10, 0xa3, 0x10, 0xa3, 0x10, 0xa3, 0x10, 0xa3, 0x10, 0xa3, 0x10, 0xa3, 0x10, 0xa3, 0x10, 0xa3, 0x10, 0xa3, 0x10,
    0xa3, 0x10, 0xa3, 0x10, 0xa3, 0x10, 0xa3, 0x10, 0xa3, 0x10, 0xa3, 0x10, 0xa3, 0x10, 0xa3, 0x10, 0xa3, 0x10, 0xa3, 0x10, 0xa3, 0x10, 0xa3, 0x10,
    0xa3, 0x10, 0xa3, 0x10, 0xa3, 0x10, 0xa3, 0x10, 0xa3, 0x10, 0xa3, 0x10, 0xa3, 0x10, 0xa3, 0x10, 0xa3, 0x10, 0xa3, 0x10, 0xa3, 0x10, 0xa3, 0x10,
    0xa3, 0x10, 0xa3, 0x10, 0xa3, 0x10, 0xa3, 0x10, 0xa3, 0x10, 0xa3, 0x10, 0xa3, 0x10, 0xa3, 0x10, 0xa3, 0x10, 0xa3, 0x10, 0xa3, 0x10, 0xa3, 0x10,
    0xa3, 0x10, 0xa3, 0x10, 0xa3, 0x10, 0xa3, 0x10, 0xa3, 0x10, 0xa3, 0x10, 0xa3, 0x10, 0xa3, 0x10, 0xa3, 0x10, 0xa3, 0x10, 0xa3, 0x10, 0xa3, 0x10,
    0xa3, 0x10, 0xa3, 0x10, 0xa3, 0x10, 0xa3, 0x10, 0xa3, 0x10, 0xa3, 0x10, 0xa3, 0x10, 0xa3, 0x10, 0xa3, 0x10, 0xa3, 0x10, 0xa3, 0x10, 0xa3, 0x10,
    0xa3, 0x10, 0xa3, 0x10, 0xa3, 0x10, 0xa3, 0x10, 0xa3, 0x10, 0xa3, 0x10, 0xa3, 0x10, 0xa3, 0x10, 0xa3, 0x10, 0xa3, 0x10, 0xa3, 0x10, 0xa3, 0x10,
    0xa3, 0x10, 0xa3, 0x10, 0xa3, 0x10, 0xa3, 0x10, 0xa3, 0x10, 0xa3, 0x10, 0xa3, 0x10, 0xa3, 0x10, 0xa3, 0x10, 0xa3, 0x10, 0xa3, 0x10, 0xa3, 0x10,
    0xa3, 0x10, 0xa3, 0x10, 0xa3, 0x10, 0xa3, 0x10, 0xa3, 0x10, 0xa3, 0x10, 0xa3, 0x10, 0xa3, 0x10, 0xa3, 0x10, 0xa3, 0x10, 0xa3, 0x10, 0xa3, 0x10,
    0xa3, 0x10, 0xa3, 0x10, 0xa3, 0x10, 0xa3, 0x10, 0xa3, 0x10, 0xa3, 0x10, 0xa3, 0x10, 0xa3, 0x10, 0xa3, 0x10, 0xa3, 0x10, 0xa3, 0x10, 0xa3, 0x10,
    0xa3, 0x10, 0xa3, 0x10, 0xa3, 0x10, 0xa3, 0x10, 0xa3, 0x10, 0xa3, 0x10, 0xa3, 0x10, 0xa3, 0x10, 0xa3, 0x10, 0xa3, 0x10, 0xa3, 0x10, 0xa3, 0x10,
};

static const lv_image_dsc_t avatar_2 = {
    .header.magic = LV_IMAGE_HEADER_MAGIC,
    .header.cf = LV_COLOR_FORMAT_RGB565,
    .header.w = 48,
    .header.h = 48,
    .header.stride = 96,
    .data_size = 4608,
    .data = avatar_2_map,
};

static const uint8_t avatar_3_map[] = {
    0xa3, 0x10, 0xa3, 0x10, 0xa3, 0x10, 0xa3, 0x10, 0xa3, 0x10, 0xa3, 0x10, 0xa3, 0x10, 0xa3, 0x10, 0xa3, 0x10, 0xa3, 0x10, 0xa3, 0x10, 0xa3, 0x10,
    0xa3, 0x10, 0xa3, 0x10, 0xa3, 0x10, 0xa3, 0x10, 0xa3, 0x10, 0xa3, 0x10, 0xa3, 0x10, 0xa3, 0x10, 0xa3, 0x10, 0xa3, 0x10, 0xa3, 0x10, 0xa3, 0x10,
    0xa3, 0x10, 0xa3, 0x10, 0xa3, 0x10, 0xa3, 0x10, 0xa3, 0x10, 0xa3, 0x10, 0xa3, 0x10, 0xa3, 0x10, 0xa3, 0x10, 0xa3, 0x10, 0xa3, 0x10, 0xa3, 0x10,
    0xa3, 0x10, 0xa3, 0x10, 0xa3, 0x10, 0xa3, 0x10, 0xa3, 0x10, 0xa3, 0x10, 0xa3, 0x10, 0xa3, 0x10, 0xa3, 0x10, 0xa3, 0x10, 0xa3, 0x10, 0xa3, 0x10,
    0xa3, 0x10, 0xa3, 0x10, 0xa3, 0x10, 0xa3, 0x10, 0xa3, 0x10, 0xa3, 0x10, 0xa3, 0x10, 0xa3, 0x10, 0xa3, 0x10, 0xa3, 0x10, 0xa3, 0x10, 0xa3, 0x10,
    0xa3, 0x10, 0xa3, 0x10, 0xa3, 0x10, 0xa3, 0x10, 0xa3, 0x10, 0xa3, 0x10, 0xa3, 0x10, 0xa3, 0x10, 0xa3, 0x10, 0xa3, 0x10, 0xa3, 0x10, 0xa3, 0x10,
    0xa3, 0x10, 0xa3, 0x10, 0xa3, 0x10, 0xa3, 0x10, 0xa3, 0x10, 0xa3, 0x10, 0xa3, 0x10, 0xa3, 0x10, 0xa3, 0x10, 0xa3, 0x10, 0xa3, 0x10, 0xa3, 0x10,
    0xa3, 0x10, 0xa3, 0x10, 0xa3, 0x10, 0xa3, 0x10, 0xa3, 0x10, 0xa3, 0x10, 0xa3, 0x10, 0xa3, 0x10, 0xa3, 0x10, 0xa3, 0x10, 0xa3, 0x10, 0xa3, 0x10,
    0xa3, 0x10, 0xa3, 0x10, 0xa3, 0x10, 0xa3, 0x10, 0xa3, 0x10, 0xa3, 0x10, 0xa3, 0x10, 0xa3, 0x10, 0xa3, 0x10, 0xa3, 0x10, 0xa3, 0x10, 0xa3, 0x10,
    0xa3, 0x10, 0xa3, 0x10, 0xa3, 0x10, 0xa3, 0x10, 0xa3, 0x10, 0xa3, 0x10, 0xa3, 0x10, 0xa3, 0x10, 0xa3, 0x10, 0xa3, 0x10, 0xa3, 0x10, 0xa3, 0x10,
    0xa3, 0x10, 0xa3, 0x10, 0xa3, 0x10, 0xa3, 0x10, 0xa3, 0x10, 0xa3, 0x10, 0xa3, 0x10, 0xa3, 0x10, 0xa3, 0x10, 0xa3, 0x10, 0xa3, 0x10, 0xa3, 0x10,
    0xa3, 0x10, 0xa3, 0x10, 0xa3, 0x10, 0xa3, 0x10, 0xa3, 0x10, 0xa3, 0x10, 0xa3, 0x10, 0xa3, 0x10, 0xa3, 0x10, 0xa3, 0x10, 0xa3, 0x10, 0xa3, 0x10,
    0xa3, 0x10, 0xa3, 0x10, 0xa3, 0x10, 0xa3, 0x10, 0xa3, 0x10, 0xa3, 0x10, 0xa3, 0x10, 0xa3, 0x10, 0xa3, 0x10, 0xa3, 0x10, 0xa3, 0x10, 0xa3, 0x10,
    0xa3, 0x10, 0xa3, 0x10, 0xa3, 0x10, 0xa3, 0x10, 0xa3, 0x10, 0xa3, 0x10, 0xa3, 0x10, 0xa3, 0x10, 0xa3, 0x10, 0xa3, 0x10, 0xa3, 0x10, 0xa3, 0x10,
    0xa3, 0x10, 0xa3, 0x10, 0xa3, 0x10, 0xa3, 0x10, 0xa3, 0x10, 0xa3, 0x10, 0xa3, 0x10, 0xa3, 0x10, 0xa3, 0x10, 0xa3, 0x10, 0xa3, 0x10, 0xa3, 0x10,
    0xa3, 0x10, 0xa3, 0x10, 0xa3, 0x10, 0xa3, 0x10, 0xa3, 0x10, 0xa3, 0x10, 0xa3, 0x10, 0xa3, 0x10, 0xa3, 0x10, 0xa3, 0x10, 0xa3, 0x10, 0xa3, 0x10,
    0xa3, 0x10, 0xa3, 0x10, 0xa3, 0x10, 0xa3, 0x10, 0xa3, 0x10, 0xa3, 0x10, 0xa3, 0x10, 0xa3, 0x10, 0xa3, 0x10, 0xa3, 0x10, 0xa3, 0x10, 0xa3, 0x10,
    0xa3, 0x10, 0xa3, 0x10, 0xa3, 0x10, 0xa3, 0x10, 0xa3, 0x10, 0xa3, 0x10, 0xa3, 0x10, 0xa3, 0x10, 0xa3, 0x10, 0xa3, 0x10, 0xa3, 0x10, 0xa3, 0x10,
    0xa3, 0x10, 0xa3, 0x10, 0xa3, 0x10, 0xa3, 0x10, 0xa3, 0x10, 0xa3, 0x10, 0xa3, 0x10, 0xa3, 0x10, 0xa3, 0x10, 0xa3, 0x10, 0xa3, 0x10, 0xa3, 0x10,
    0xa3, 0x10, 0xa3, 0x10, 0xa3, 0x10, 0xa3, 0x10, 0xa3, 0x10, 0xa3, 0x10, 0xa3, 0x10, 0xa3, 0x10, 0xa3, 0x10, 0xa3, 0x10, 0xa3, 0x10, 0xa3, 0x10,
    0xa3, 0x10, 0xa3, 0x10, 0xa3, 0x10, 0xa3, 0x10, 0xa3, 0x10, 0xa3, 0x10, 0xa3, 0x10, 0xa3, 0x10, 0xa3, 0x10, 0xa3, 0x10, 0xa3, 0x10, 0xa3, 0x10,
    0xa3, 0x10, 0xa3, 0x10, 0xa3, 0x10, 0xa3, 0x10, 0xa3, 0x10, 0xa3, 0x10, 0xa3, 0x10, 0xa3, 0x10, 0xa3, 0x10, 0xa3, 0x10, 0xa3, 0x10, 0xa3, 0x10,
    0xa3, 0x10, 0xa3, 0x10, 0xa3, 0x10, 0xa3, 0x10, 0xa3, 0x10, 0xa3, 0x10, 0xa3, 0x10, 0xa3, 0x10, 0xa3, 0x10, 0xa3, 0x10, 0xa3, 0x10, 0xa3, 0x10,
    0xa3, 0x10, 0xa3, 0x10, 0xa3, 0x10, 0xa3, 0x10, 0xa3, 0x10, 0xa3, 0x10, 0xa3, 0x10, 0xa3, 0x10, 0xa3, 0x10, 0xa3, 0x10, 0xa3, 0x10, 0xa3, 0x10,
    0xa3, 0x10, 0xa3, 0x10, 0xa3, 0x10, 0xa3, 0x10, 0xa3, 0x10, 0xa3, 0x10, 0xa3, 0x10, 0xa3, 0x10, 0xa3, 0x10, 0xa3, 0x10, 0xa3, 0x10, 0xa3, 0x10,
    0xa3, 0x10, 0xa3, 0x10, 0xa3, 0x10, 0xa3, 0x10, 0xa3, 0x10, 0xa3, 0x10, 0xa3, 0x10, 0xa3, 0x10, 0xa3, 0x10, 0xa3, 0x10, 0xa3, 0x10, 0xa3, 0x10,
    0xa3, 0x10, 0xa3, 0x10, 0xa3, 0x10, 0xa3, 0x10, 0xa3, 0x10, 0xa3, 0x10, 0xa3, 0x10, 0xa3, 0x10, 0xa3, 0x10, 0xa3, 0x10, 0xa3, 0x10, 0xa3, 0x10,
    0xa3, 0x10, 0xa3, 0x10, 0xa3, 0x10, 0xa3, 0x10, 0xa3, 0x10, 0xa3, 0x10, 0xa3, 0x10, 0xa3, 0x10, 0xa3, 0x10, 0xa3, 0x10, 0xa3, 0x10, 0xa3, 0x10,
    0xa3, 0x10, 0xa3, 0x10, 0xa3, 0x10, 0xa3, 0x10, 0xa3, 0x10, 0xa3, 0x10, 0xa3, 0x10, 0xa3, 0x10, 0xa3, 0x10, 0xa3, 0x10, 0xa3, 0x10, 0xa3, 0x10,
    0xa3, 0x10, 0xa3, 0x10, 0xa3, 0x10, 0xa3, 0x10, 0xa3, 0x10, 0xa3, 0x10, 0xa3, 0x10, 0xa3, 0x10, 0xa3, 0x10, 0xa3, 0x10, 0xa3, 0x10, 0xa3, 0x10,
    0xa3, 0x10, 0xa3, 0x10, 0xa3, 0x10, 0xa3, 0x10, 0xa3, 0x10, 0xa3, 0x10, 0xa3, 0x10, 0xa3, 0x10, 0xa3, 0x10, 0xa3, 0x10, 0xa3, 0x10, 0xa3, 0x10,
    0xa3, 0x10, 0xa3, 0x10, 0xa3, 0x10, 0xa3, 0x10, 0xa3, 0x10, 0xa3, 0x10, 0xa3, 0x10, 0xa3, 0x10, 0xa3, 0x10, 0xa3, 0x10, 0xa3, 0x10, 0xa3, 0x10,
    0xa3, 0x10, 0xa3, 0x10, 0xa3, 0x10, 0xa3, 0x10, 0xa3, 0x10, 0xa3, 0x10, 0xa3, 0x10, 0xa3, 0x10, 0xa3, 0x10, 0xa3, 0x10, 0xa3, 0x10, 0xa3, 0x10,
    0xa3, 0x10, 0xa3, 0x10, 0xa3, 0x10, 0xa3, 0x10, 0xa3, 0x10, 0xa3, 0x10, 0xa3, 0x10, 0xa3, 0x10, 0xa3, 0x10, 0xa3, 0x10, 0xa3, 0x10, 0xa3, 0x10,
    0xa3, 0x10, 0xa3, 0x10, 0xa3, 0x10, 0xa3, 0x10, 0xa3, 0x10, 0xa3, 0x10, 0xa3, 0x10, 0xa3, 0x10, 0xa3, 0x10, 0xa3, 0x10, 0xa3, 0x10, 0xa3, 0x10,
    0xa3, 0x10, 0xa3, 0x10, 0xa3, 0x10, 0xa3, 0x10, 0xa3, 0x10, 0xa3, 0x10, 0xa3, 0x10, 0xa3, 0x10, 0xa3, 0x10, 0xa3, 0x10, 0xa3, 0x10, 0xa3, 0x10,
    0xa3, 0x10, 0xa3, 0x10, 0xa3, 0x10, 0xa3, 0x10, 0xa3, 0x10, 0xa3, 0x10, 0xa3, 0x10, 0xa3, 0x10, 0xa3, 0x10, 0xa3, 0x10, 0xa3, 0x10, 0xa3, 0x10,
    0xa3, 0x10, 0xa3, 0x10, 0xa3, 0x10, 0xa3, 0x10, 0xa3, 0x10, 0xa3, 0x10, 0xa3, 0x10, 0xa3, 0x10, 0xa3, 0x10, 0xa3, 0x10, 0xa3, 0x10, 0xa3, 0x10,
    0xa3, 0x10, 0xa3, 0x10, 0xa3, 0x10, 0xa3, 0x10, 0xa3, 0x10, 0xa3, 0x10, 0xa3, 0x10, 0xa3, 0x10, 0xa3, 0x10, 0xa3, 0x10, 0xa3, 0x10, 0xa3, 0x10,
    0xa3, 0x10, 0xa3, 0x10, 0xa3, 0x10, 0xa3, 0x10, 0xa3, 0x10, 0xa3, 0x10, 0xa3, 0x10, 0xa3, 0x10, 0xa3, 0x10, 0xa3, 0x10, 0xa3, 0x10, 0xa3, 0x10,
    0xa3, 0x10, 0xa3, 0x10, 0xa3, 0x10, 0xa3, 0x10, 0xa3, 0x10, 0xa3, 0x10, 0xa3, 0x10, 0xa3, 0x10, 0xa3, 0x10, 0xa3, 0x10, 0xa3, 0x10, 0xa3, 0x10,
    0xa3, 0x10, 0xa3, 0x10, 0xa3, 0x10, 0xa3, 0x10, 0xa3, 0x10, 0xa3, 0x10, 0xa3, 0x10, 0x2f, 0x7e, 0x2f, 0x7e, 0x2f, 0x7e, 0x2f, 0x7e, 0x2f, 0x7e,
    0x2f, 0x7e, 0x2f, 0x7e, 0x2f, 0x7e, 0x2f, 0x7e, 0x2f, 0x7e, 0x2f, 0x7e, 0xa3, 0x10, 0xa3, 0x10, 0xa3, 0x10, 0xa3, 0x10, 0xa3, 0x10, 0xa3, 0x10,
    0xa3, 0x10, 0xa3, 0x10, 0xa3, 0x10, 0xa3, 0x10, 0xa3, 0x10, 0xa3, 0x10, 0xa3, 0x10, 0xa3, 0x10, 0xa3, 0x10, 0xa3, 0x10, 0xa3, 0x10, 0xa3, 0x10,
    0xa3, 0x10, 0xa3, 0x10, 0xa3, 0x10, 0xa3, 0x10, 0xa3, 0x10, 0xa3, 0x10, 0xa3, 0x10, 0xa3, 0x10, 0xa3, 0x10, 0xa3, 0x10, 0xa3, 0x10, 0xa3, 0x10,
    0xa3, 0x10, 0xa3, 0x10, 0xa3, 0x10, 0xa3, 0x10, 0xa3, 0x10, 0x2f, 0x7e, 0x2f, 0x7e, 0x2f, 0x7e, 0x2f, 0x7e, 0x2f, 0x7e, 0x2f, 0x7e, 0x2f, 0x7e,
    0x2f, 0x7e, 0x2f, 0x7e, 0x2f, 0x7e, 0x2f, 0x7e, 0x2f, 0x7e, 0x2f, 0x7e, 0x2f, 0x7e, 0x2f, 0x7e, 0xa3, 0x10, 0xa3, 0x10, 0xa3, 0x10, 0xa3, 0x10,
    0xa3, 0x10, 0xa3, 0x10, 0xa3, 0x10, 0xa3, 0x10, 0xa3, 0x10, 0xa3, 0x10, 0xa3, 0x10, 0xa3, 0x10, 0xa3, 0x10, 0xa3, 0x10, 0xa3, 0x10, 0xa3, 0x10,
    0xa3, 0x10, 0xa3, 0x10, 0xa3, 0x10, 0xa3, 0x10, 0xa3, 0x10, 0xa3, 0x10, 0xa3, 0x10, 0xa3, 0x10, 0xa3, 0x10, 0xa3, 0x10, 0xa3, 0x10, 0xa3, 0x10,
    0xa3, 0x10, 0xa3, 0x10, 0xa3, 0x10, 0x2f, 0x7e, 0x2f, 0x7e, 0x2f, 0x7e, 0x2f, 0x7e, 0x2f, 0x7e, 0x2f, 0x7e, 0x2f, 0x7e, 0x2f, 0x7e, 0x2f, 0x7e,
    0x2f, 0x7e, 0x2f, 0x7e, 0x2f, 0x7e, 0x2f, 0x7e, 0x2f, 0x7e, 0x2f, 0x7e, 0x2f, 0x7e, 0x2f, 0x7e, 0x2f, 0x7e, 0x2f, 0x7e, 0xa3, 0x10, 0xa3, 0x10,
    0xa3, 0x10, 0xa3, 0x10, 0xa3, 0x10, 0xa3, 0x10, 0xa3, 0x10, 0xa3, 0x10, 0xa3, 0x10, 0xa3, 0x10, 0xa3, 0x10, 0xa3, 0x10, 0xa3, 0x10, 0xa3, 0x10,
    0xa3, 0x10, 0xa3, 0x10, 0xa3, 0x10, 0xa3, 0x10, 0xa3, 0x10, 0xa3, 0x10, 0xa3, 0x10, 0xa3, 0x10, 0xa3, 0x10, 0xa3, 0x10, 0xa3, 0x10, 0xa3, 0x10,
    0xa3, 0x10, 0xa3, 0x10, 0x2f, 0x7e, 0x2f, 0x7e, 0x2f, 0x7e, 0x2f, 0x7e, 0x2f, 0x7e, 0x2f, 0x7e, 0x2f, 0x7e, 0x2f, 0x7e, 0x2f, 0x7e, 0x2f, 0x7e,
    0x2f, 0x7e, 0x2f, 0x7e, 0x2f, 0x7e, 0x2f, 0x7e, 0x2f, 0x7e, 0x2f, 0x7e, 0x2f, 0x7e, 0x2f, 0x7e, 0x2f, 0x7e, 0x2f, 0x7e, 0x2f, 0x7e, 0xa3, 0x10,
    0xa3, 0x10, 0xa3, 0x10, 0xa3, 0x10, 0xa3, 0x10, 0xa3, 0x10, 0xa3, 0x10, 0xa3, 0x10, 0xa3, 0x10, 0xa3, 0x10, 0xa3, 0x10, 0xa3, 0x10, 0xa3, 0x10,
    0xa3, 0x10, 0xa3, 0x10, 0xa3, 0x10, 0xa3, 0x10, 0xa3, 0x10, 0xa3, 0x10, 0xa3, 0x10, 0xa3, 0x10, 0xa3, 0x10, 0xa3, 0x10, 0xa3, 0x10, 0xa3, 0x10,
    0x2f, 0x7e, 0x2f, 0x7e, 0x2f, 0x7e, 0x2f, 0x7e, 0x2f, 0x7e, 0x2f, 0x7e, 0x2f, 0x7e, 0x2f, 0x7e, 0x2f, 0x7e, 0x2f, 0x7e, 0x2f, 0x7e, 0x2f, 0x7e,
    0x2f, 0x7e, 0x2f, 0x7e, 0x2f, 0x7e, 0x2f, 0x7e, 0x2f, 0x7e, 0x2f, 0x7e, 0x2f, 0x7e, 0x2f, 0x7e, 0x2f, 0x7e, 0x2f, 0x7e, 0x2f, 0x7e, 0x2f, 0x7e,
    0x2f, 0x7e, 0xa3, 0x10, 0xa3, 0x10, 0xa3, 0x10, 0xa3, 0x10, 0xa3, 0x10, 0xa3, 0x10, 0xa3, 0x10, 0xa3, 0x10, 0xa3, 0x10, 0xa3, 0x10, 0xa3, 0x10,
    0xa3, 0x10, 0xa3, 0x10, 0xa3, 0x10, 0xa3, 0x10, 0xa3, 0x10, 0xa3, 0x10, 0xa3, 0x10, 0xa3, 0x10, 0xa3, 0x10, 0xa3, 0x10, 0xa3, 0x10, 0xa3, 0x10,
    0x2f, 0x7e, 0x2f, 0x7e, 0x2f, 0x7e, 0x2f, 0x7e, 0x2f, 0x7e, 0x2f, 0x7e, 0x2f, 0x7e, 0x2f, 0x7e, 0x2f, 0x7e, 0x2f, 0x7e, 0x2f, 0x7e, 0x2f, 0x7e,
    0x2f, 0x7e, 0x2f, 0x7e, 0x2f, 0x7e, 0x2f, 0x7e, 0x2f, 0x7e, 0x2f, 0x7e, 0x2f, 0x7e, 0x2f, 0x7e, 0x2f, 0x7e, 0x2f, 0x7e, 0x2f, 0x7e, 0x2f, 0x7e,
    0x2f, 0x7e, 0xa3, 0x10, 0xa3, 0x10, 0xa3, 0x10, 0xa3, 0x10, 0xa3, 0x10, 0xa3, 0x10, 0xa3, 0x10, 0xa3, 0x10, 0xa3, 0x10, 0xa3, 0x10, 0xa3, 0x10,
    0xa3, 0x10, 0xa3, 0x10, 0xa3, 0x10, 0xa3, 0x10, 0xa3, 0x10, 0xa3, 0x10, 0xa3, 0x10, 0xa3, 0x10, 0xa3, 0x10, 0xa3, 0x10, 0xa3, 0x10, 0x2f, 0x7e,
    0x2f, 0x7e, 0x2f, 0x7e, 0x2f, 0x7e, 0x2f, 0x7e, 0x2f, 0x7e, 0x2f, 0x7e, 0x2f, 0x7e, 0x2f, 0x7e, 0x2f, 0x7e, 0x2f, 0x7e, 0x2f, 0x7e, 0x2f, 0x7e,
    0x2f, 0x7e, 0x2f, 0x7e, 0x2f, 0x7e, 0x2f, 0x7e, 0x2f, 0x7e, 0x2f, 0x7e, 0x2f, 0x7e, 0x2f, 0x7e, 0x2f, 0x7e, 0x2f, 0x7e, 0x2f, 0x7e, 0x2f, 0x7e,
    0x2f, 0x7e, 0x2f, 0x7e, 0xa3, 0x10, 0xa3, 0x10, 0xa3, 0x10, 0xa3, 0x10, 0xa3, 0x10, 0xa3, 0x10, 0xa3, 0x10, 0xa3, 0x10, 0xa3, 0x10, 0xa3, 0x10,
    0xa3, 0x10, 0xa3, 0x10, 0xa3, 0x10, 0xa3, 0x10, 0xa3, 0x10, 0xa3, 0x10, 0xa3, 0x10, 0xa3, 0x10, 0xa3, 0x10, 0xa3, 0x10, 0x2f, 0x7e, 0x2f, 0x7e,
    0x2f, 0x7e, 0x2f, 0x7e, 0x2f, 0x7e, 0x2f, 0x7e, 0x2f, 0x7e, 0x2f, 0x7e, 0x2f, 0x7e, 0x2f, 0x7e, 0xa7, 0x3b, 0xa7, 0x3b, 0xa7, 0x3b, 0xa7, 0x3b,
    0xa7, 0x3b, 0xa7, 0x3b, 0xa7, 0x3b, 0xa7, 0x3b, 0xa7, 0x3b, 0x2f, 0x7e, 0x2f, 0x7e, 0x2f, 0x7e, 0x2f, 0x7e, 0x2f, 0x7e, 0x2f, 0x7e, 0x2f, 0x7e,
    0x2f, 0x7e, 0x2f, 0x7e, 0x2f, 0x7e, 0xa3, 0x10, 0xa3, 0x10, 0xa3, 0x10, 0xa3, 0x10, 0xa3, 0x10, 0xa3, 0x10, 0xa3, 0x10, 0xa3, 0x10, 0xa3, 0x10,
    0xa3, 0x10, 0xa3, 0x10, 0xa3, 0x10, 0xa3, 0x10, 0xa3, 0x10, 0xa3, 0x10, 0xa3, 0x10, 0xa3, 0x10, 0xa3, 0x10, 0xa3, 0x10, 0x2f, 0x7e, 0x2f, 0x7e,
    0x2f, 0x7e, 0x2f, 0x7e, 0x2f, 0x7e, 0x2f, 0x7e, 0x2f, 0x7e, 0x2f, 0x7e, 0xa7, 0x3b, 0xa7, 0x3b, 0xa7, 0x3b, 0xa7, 0x3b, 0xa7, 0x3b, 0xa7, 0x3b,
    0xa7, 0x3b, 0xa7, 0x3b, 0xa7, 0x3b, 0xa7, 0x3b, 0xa7, 0x3b, 0xa7, 0x3b, 0xa7, 0x3b, 0x2f, 0x7e, 0x2f, 0x7e, 0x2f, 0x7e, 0x2f, 0x7e, 0x2f, 0x7e,
    0x2f, 0x7e, 0x2f, 0x7e, 0x2f, 0x7e, 0xa3, 0x10, 0xa3, 0x10, 0xa3, 0x10, 0xa3, 0x10, 0xa3, 0x10, 0xa3, 0x10, 0xa3, 0x10, 0xa3, 0x10, 0xa3, 0x10,
    0xa3, 0x10, 0xa3, 0x10, 0xa3, 0x10, 0xa3, 0x10, 0xa3, 0x10, 0xa3, 0x10, 0xa3, 0x10, 0xa3, 0x10, 0xa3, 0x10, 0x2f, 0x7e, 0x2f, 0x7e, 0x2f, 0x7e,
    0x2f, 0x7e, 0x2f, 0x7e, 0x2f, 0x7e, 0x2f, 0x7e, 0x2f, 0x7e, 0xa7, 0x3b, 0xa7, 0x3b, 0xa7, 0x3b, 0xa7, 0x3b, 0xa7, 0x3b, 0xa7, 0x3b, 0xa7, 0x3b,
    0xa7, 0x3b, 0xa7, 0x3b, 0xa7, 0x3b, 0xa7, 0x3b, 0xa7, 0x3b, 0xa7, 0x3b, 0xa7, 0x3b, 0xa7, 0x3b, 0x2f, 0x7e, 0x2f, 0x7e, 0x2f, 0x7e, 0x2f, 0x7e,
    0x2f, 0x7e, 0x2f, 0x7e, 0x2f, 0x7e, 0x2f, 0x7e, 0xa3, 0x10, 0xa3, 0x10, 0xa3, 0x10, 0xa3, 0x10, 0xa3, 0x10, 0xa3, 0x10, 0xa3, 0x10, 0xa3, 0x10,
    0xa3, 0x10, 0xa3, 0x10, 0xa3, 0x10, 0xa3, 0x10, 0xa3, 0x10, 0xa3, 0x10, 0xa3, 0x10, 0xa3, 0x10, 0xa3, 0x10, 0x2f, 0x7e, 0x2f, 0x7e, 0x2f, 0x7e,
    0x2f, 0x7e, 0x2f, 0x7e, 0x2f, 0x7e, 0x2f, 0x7e, 0xa7, 0x3b, 0xa7, 0x3b, 0xa7, 0x3b, 0xa7, 0x3b, 0xa7, 0x3b, 0xa7, 0x3b, 0xa7, 0x3b, 0xa7, 0x3b,
    0xa7, 0x3b, 0xa7, 0x3b, 0xa7, 0x3b, 0xa7, 0x3b, 0xa7, 0x3b, 0xa7, 0x3b, 0xa7, 0x3b, 0xa7, 0x3b, 0xa7, 0x3b, 0x2f, 0x7e, 0x2f, 0x7e, 0x2f, 0x7e,
    0x2f, 0x7e, 0x2f, 0x7e, 0x2f, 0x7e, 0x2f, 0x7e, 0xa3, 0x10, 0xa3, 0x10, 0xa3, 0x10, 0xa3, 0x10, 0xa3, 0x10, 0xa3, 0x10, 0xa3, 0x10, 0xa3, 0x10,
    0xa3, 0x10, 0xa3, 0x10, 0xa3, 0x10, 0xa3, 0x10, 0xa3, 0x10, 0xa3, 0x10, 0xa3, 0x10, 0xa3, 0x10, 0x2f, 0x7e, 0x2f, 0x7e, 0x2f, 0x7e, 0x2f, 0x7e,
    0x2f, 0x7e, 0x2f, 0x7e, 0x2f, 0x7e, 0xa7, 0x3b, 0xa7, 0x3b, 0xa7, 0x3b, 0xa7, 0x3b, 0xa7, 0x3b, 0xa7, 0x3b, 0xa7, 0x3b, 0xa7, 0x3b, 0xa7, 0x3b,
    0xa7, 0x3b, 0xa7, 0x3b, 0xa7, 0x3b, 0xa7, 0x3b, 0xa7, 0x3b, 0xa7, 0x3b, 0xa7, 0x3b, 0xa7, 0x3b, 0xa7, 0x3b, 0xa7, 0x3b, 0x2f, 0x7e, 0x2f, 0x7e,
    0x2f, 0x7e, 0x2f, 0x7e, 0x2f, 0x7e, 0x2f, 0x7e, 0x2f, 0x7e, 0xa3, 0x10, 0xa3, 0x10, 0xa3, 0x10, 0xa3, 0x10, 0xa3, 0x10, 0xa3, 0x10, 0xa3, 0x10,
    0xa3, 0x10, 0xa3, 0x10, 0xa3, 0x10, 0xa3, 0x10, 0xa3, 0x10, 0xa3, 0x10, 0xa3, 0x10, 0xa3, 0x10, 0x2f, 0x7e, 0x2f, 0x7e, 0x2f, 0x7e, 0x2f, 0x7e,
    0x2f, 0x7e, 0x2f, 0x7e, 0xa7, 0x3b, 0xa7, 0x3b, 0xa7, 0x3b, 0xa7, 0x3b, 0xa7, 0x3b, 0xa7, 0x3b, 0xa7, 0x3b, 0xa7, 0x3b, 0xa7, 0x3b, 0xa7, 0x3b,
    0xa7, 0x3b, 0xa7, 0x3b, 0xa7, 0x3b, 0xa7, 0x3b, 0xa7, 0x3b, 0xa7, 0x3b, 0xa7, 0x3b, 0xa7, 0x3b, 0xa7, 0x3b, 0xa7, 0x3b, 0xa7, 0x3b, 0x2f, 0x7e,
    0x2f, 0x7e, 0x2f, 0x7e, 0x2f, 0x7e, 0x2f, 0x7e, 0x2f, 0x7e, 0xa3, 0x10, 0xa3, 0x10, 0xa3, 0x10, 0xa3, 0x10, 0xa3, 0x10, 0xa3, 0x10, 0xa3, 0x10,
    0xa3, 0x10, 0xa3, 0x10, 0xa3, 0x10, 0xa3, 0x10, 0xa3, 0x10, 0xa3, 0x10, 0xa3, 0x10, 0xa3, 0x10, 0x2f, 0x7e, 0x2f, 0x7e, 0x2f, 0x7e, 0x2f, 0x7e,
    0x2f, 0x7e, 0x2f, 0x7e, 0xa7, 0x3b, 0xa7, 0x3b, 0xa7, 0x3b, 0xa7, 0x3b, 0xa3, 0x10, 0xa3, 0x10, 0xa3, 0x10, 0xa7, 0x3b, 0xa7, 0x3b, 0xa7, 0x3b,
    0xa7, 0x3b, 0xa7, 0x3b, 0xa7, 0x3b, 0xa7, 0x3b, 0xa3, 0x10, 0xa3, 0x10, 0xa3, 0x10, 0xa7, 0x3b, 0xa7, 0x3b, 0xa7, 0x3b, 0xa7, 0x3b, 0x2f, 0x7e,
    0x2f, 0x7e, 0x2f, 0x7e, 0x2f, 0x7e, 0x2f, 0x7e, 0x2f, 0x7e, 0xa3, 0x10, 0xa3, 0x10, 0xa3, 0x10, 0xa3, 0x10, 0xa3, 0x10, 0xa3, 0x10, 0xa3, 0x10,
    0xa3, 0x10, 0xa3, 0x10, 0xa3, 0x10, 0xa3, 0x10, 0xa3, 0x10, 0xa3, 0x10, 0xa3, 0x10, 0xa3, 0x10, 0x2f, 0x7e, 0x2f, 0x7e, 0x2f, 0x7e, 0x2f, 0x7e,
    0x2f, 0x7e, 0xa7, 0x3b, 0xa7, 0x3b, 0xa7, 0x3b, 0xa7, 0x3b, 0xa3, 0x10, 0xa3, 0x10, 0xa3, 0x10, 0xa3, 0x10, 0xa3, 0x10, 0xa7, 0x3b, 0xa7, 0x3b,
    0xa7, 0x3b, 0xa7, 0x3b, 0xa7, 0x3b, 0xa3, 0x10, 0xa3, 0x10, 0xa3, 0x10, 0xa3, 0x10, 0xa3, 0x10, 0xa7, 0x3b, 0xa7, 0x3b, 0xa7, 0x3b, 0xa7, 0x3b,
    0x2f, 0x7e, 0x2f, 0x7e, 0x2f, 0x7e, 0x2f, 0x7e, 0x2f, 0x7e, 0xa3, 0x10, 0xa3, 0x10, 0xa3, 0x10, 0xa3, 0x10, 0xa3, 0x10, 0xa3, 0x10, 0xa3, 0x10,
    0xa3, 0x10, 0xa3, 0x10, 0xa3, 0x10, 0xa3, 0x10, 0xa3, 0x10, 0xa3, 0x10, 0xa3, 0x10, 0xa3, 0x10, 0x2f, 0x7e, 0x2f, 0x7e, 0x2f, 0x7e, 0x2f, 0x7e,
    0x2f, 0x7e, 0xa7, 0x3b, 0xa7, 0x3b, 0xa7, 0x3b, 0xa7, 0x3b, 0xa3, 0x10, 0xa3, 0x10, 0xa3, 0x10, 0xa3, 0x10, 0xa3, 0x10, 0xa7, 0x3b, 0xa7, 0x3b,
    0xa7, 0x3b, 0xa7, 0x3b, 0xa7, 0x3b, 0xa3, 0x10, 0xa3, 0x10, 0xa3, 0x10, 0xa3, 0x10, 0xa3, 0x10, 0xa7, 0x3b, 0xa7, 0x3b, 0xa7, 0x3b, 0xa7, 0x3b,
    0x2f, 0x7e, 0x2f, 0x7e, 0x2f, 0x7e, 0x2f, 0x7e, 0x2f, 0x7e, 0xa3, 0x10, 0xa3, 0x10, 0xa3, 0x10, 0xa3, 0x10, 0xa3, 0x10, 0xa3, 0x10, 0xa3, 0x10,
    0xa3, 0x10, 0xa3, 0x10, 0xa3, 0x10, 0xa3, 0x10, 0xa3, 0x10, 0xa3, 0x10, 0xa3, 0x10, 0xa3, 0x10, 0x2f, 0x7e, 0x2f, 0x7e, 0x2f, 0x7e, 0x2f, 0x7e,
    0x2f, 0x7e, 0xa7, 0x3b, 0xa7, 0x3b, 0xa7, 0x3b, 0xa7, 0x3b, 0xa3, 0x10, 0xa3, 0x10, 0xa3, 0x10, 0xa3, 0x10, 0xa3, 0x10, 0xa7, 0x3b, 0xa7, 0x3b,
    0xa7, 0x3b, 0xa7, 0x3b, 0xa7, 0x3b, 0xa3, 0x10, 0xa3, 0x10, 0xa3, 0x10, 0xa3, 0x10, 0xa3, 0x10, 0xa7, 0x3b, 0xa7, 0x3b, 0xa7, 0x3b, 0xa7, 0x3b,
    0x2f, 0x7e, 0x2f, 0x7e, 0x2f, 0x7e, 0x2f, 0x7e, 0x2f, 0x7e, 0xa3, 0x10, 0xa3, 0x10, 0xa3, 0x10, 0xa3, 0x10, 0xa3, 0x10, 0xa3, 0x10, 0xa3, 0x10,
    0xa3, 0x10, 0xa3, 0x10, 0xa3, 0x10, 0xa3, 0x10, 0xa3, 0x10, 0xa3, 0x10, 0xa3, 0x10, 0xa3, 0x10, 0x2f, 0x7e, 0x2f, 0x7e, 0x2f, 0x7e, 0x2f, 0x7e,
    0x2f, 0x7e, 0xa7, 0x3b, 0xa7, 0x3b, 0xa7, 0x3b, 0xa7, 0x3b, 0xa7, 0x3b, 0xa3, 0x10, 0xa3, 0x10, 0xa3, 0x10, 0xa7, 0x3b, 0xa7, 0x3b, 0xa7, 0x3b,
    0xa7, 0x3b, 0xa7, 0x3b, 0xa7, 0x3b, 0xa7, 0x3b, 0xa3, 0x10, 0xa3, 0x10, 0xa3, 0x10, 0xa7, 0x3b, 0xa7, 0x3b, 0xa7, 0x3b, 0xa7, 0x3b, 0xa7, 0x3b,
    0x2f, 0x7e, 0x2f, 0x7e, 0x2f, 0x7e, 0x2f, 0x7e, 0x2f, 0x7e, 0xa3, 0x10, 0xa3, 0x10, 0xa3, 0x10, 0xa3, 0x10, 0xa3, 0x10, 0xa3, 0x10, 0xa3, 0x10,
    0xa3, 0x10, 0xa3, 0x10, 0xa3, 0x10, 0xa3, 0x10, 0xa3, 0x10, 0xa3, 0x10, 0xa3, 0x10, 0xa3, 0x10, 0x2f, 0x7e, 0x2f, 0x7e, 0x2f, 0x7e, 0x2f, 0x7e,
    0x2f, 0x7e, 0xa7, 0x3b, 0xa7, 0x3b, 0xa7, 0x3b, 0xa7, 0x3b, 0xa7, 0x3b, 0xa7, 0x3b, 0xa7, 0x3b, 0xa7, 0x3b, 0xa7, 0x3b, 0xa7, 0x3b, 0xa7, 0x3b,
    0xa7, 0x3b, 0xa7, 0x3b, 0xa7, 0x3b, 0xa7, 0x3b, 0xa7, 0x3b, 0xa7, 0x3b, 0xa7, 0x3b, 0xa7, 0x3b, 0xa7, 0x3b, 0xa7, 0x3b, 0xa7, 0x3b, 0xa7, 0x3b,
    0x2f, 0x7e, 0x2f, 0x7e, 0x2f, 0x7e, 0x2f, 0x7e, 0x2f, 0x7e, 0xa3, 0x10, 0xa3, 0x10, 0xa3, 0x10, 0xa3, 0x10, 0xa3, 0x10, 0xa3, 0x10, 0xa3, 0x10,
    0xa3, 0x10, 0xa3, 0x10, 0xa3, 0x10, 0xa3, 0x10, 0xa3, 0x10, 0xa3, 0x10, 0xa3, 0x10, 0xa3, 0x10, 0x2f, 0x7e, 0x2f, 0x7e, 0x2f, 0x7e, 0x2f, 0x7e,
    0x2f, 0x7e, 0xa7, 0x3b, 0xa7, 0x3b, 0xa7, 0x3b, 0xa7, 0x3b, 0xa7, 0x3b, 0xa7, 0x3b, 0xa7, 0x3b, 0xa7, 0x3b, 0xa7, 0x3b, 0xa7, 0x3b, 0xa7, 0x3b,
    0xa7, 0x3b, 0xa7, 0x3b, 0xa7, 0x3b, 0xa7, 0x3b, 0xa7, 0x3b, 0xa7, 0x3b, 0xa7, 0x3b, 0xa7, 0x3b, 0xa7, 0x3b, 0xa7, 0x3b, 0xa7, 0x3b, 0xa7, 0x3b,
    0x2f, 0x7e, 0x2f, 0x7e, 0x2f, 0x7e, 0x2f, 0x7e, 0x2f, 0x7e, 0xa3, 0x10, 0xa3, 0x10, 0xa3, 0x10, 0xa3, 0x10, 0xa3, 0x10, 0xa3, 0x10, 0xa3, 0x10,
    0xa3, 0x10, 0xa3, 0x10, 0xa3, 0x10, 0xa3, 0x10, 0xa3, 0x10, 0xa3, 0x10, 0xa3, 0x10, 0xa3, 0x10, 0x2f, 0x7e, 0x2f, 0x7e, 0x2f, 0x7e, 0x2f, 0x7e,
    0x2f, 0x7e, 0xa7, 0x3b, 0xa7, 0x3b, 0xa7, 0x3b, 0xa7, 0x3b, 0xa7, 0x3b, 0xa7, 0x3b, 0xa7, 0x3b, 0xa7, 0x3b, 0xa7, 0x3b, 0xa7, 0x3b, 0xa7, 0x3b,
    0xa7, 0x3b, 0xa7, 0x3b, 0xa7, 0x3b, 0xa7, 0x3b, 0xa7, 0x3b, 0xa7, 0x3b, 0xa7, 0x3b, 0xa7, 0x3b, 0xa7, 0x3b, 0xa7, 0x3b, 0xa7, 0x3b, 0xa7, 0x3b,
    0x2f, 0x7e, 0x2f, 0x7e, 0x2f, 0x7e, 0x2f, 0x7e, 0x2f, 0x7e, 0xa3, 0x10, 0xa3, 0x10, 0xa3, 0x10, 0xa3, 0x10, 0xa3, 0x10, 0xa3, 0x10, 0xa3, 0x10,
    0xa3, 0x10, 0xa3, 0x10, 0xa3, 0x10, 0xa3, 0x10, 0xa3, 0x10, 0xa3, 0x10, 0xa3, 0x10, 0xa3, 0x10, 0x2f, 0x7e, 0x2f, 0x7e, 0x2f, 0x7e, 0x2f, 0x7e,
    0x2f, 0x7e, 0xa7, 0x3b, 0xa7, 0x3b, 0xa7, 0x3b, 0xa7, 0x3b, 0xa7, 0x3b, 0xa7, 0x3b, 0xa7, 0x3b, 0x08, 0xee, 0x08, 0xee, 0x08, 0xee, 0x08, 0xee,
    0x08, 0xee, 0x08, 0xee, 0x08, 0xee, 0x08, 0xee, 0x08, 0xee, 0xa7, 0x3b, 0xa7, 0x3b, 0xa7, 0x3b, 0xa7, 0x3b, 0xa7, 0x3b, 0xa7, 0x3b, 0xa7, 0x3b,
    0x2f, 0x7e, 0x2f, 0x7e, 0x2f, 0x7e, 0x2f, 0x7e, 0x2f, 0x7e, 0xa3, 0x10, 0xa3, 0x10, 0xa3, 0x10, 0xa3, 0x10, 0xa3, 0x10, 0xa3, 0x10, 0xa3, 0x10,
    0xa3, 0x10, 0xa3, 0x10, 0xa3, 0x10, 0xa3, 0x10, 0xa3, 0x10, 0xa3, 0x10, 0xa3, 0x10, 0xa3, 0x10, 0xa3, 0x10, 0x2f, 0x7e, 0x2f, 0x7e, 0x2f, 0x7e,
    0x2f, 0x7e, 0xa7, 0x3b, 0xa7, 0x3b, 0xa7, 0x3b, 0xa7, 0x3b, 0xa7, 0x3b, 0xa7, 0x3b, 0xa7, 0x3b, 0x08, 0xee, 0x08, 0xee, 0x08, 0xee, 0x08, 0xee,
    0x08, 0xee, 0x08, 0xee, 0x08, 0xee, 0x08, 0xee, 0x08, 0xee, 0xa7, 0x3b, 0xa7, 0x3b, 0xa7, 0x3b, 0xa7, 0x3b, 0xa7, 0x3b, 0xa7, 0x3b, 0xa7, 0x3b,
    0x2f, 0x7e, 0x2f, 0x7e, 0x2f, 0x7e, 0x2f, 0x7e, 0xa3, 0x10, 0xa3, 0x10, 0xa3, 0x10, 0xa3, 0x10, 0xa3, 0x10, 0xa3, 0x10, 0xa3, 0x10, 0xa3, 0x10,
    0xa3, 0x10, 0xa3, 0x10, 0xa3, 0x10, 0xa3, 0x10, 0xa3, 0x10, 0xa3, 0x10, 0xa3, 0x10, 0xa3, 0x10, 0xa3, 0x10, 0x2f, 0x7e, 0x2f, 0x7e, 0x2f, 0x7e,
    0x2f, 0x7e, 0x2f, 0x7e, 0xa7, 0x3b, 0xa7, 0x3b, 0xa7, 0x3b, 0xa7, 0x3b, 0xa7, 0x3b, 0xa7, 0x3b, 0x08, 0xee, 0x08, 0xee, 0x08, 0xee, 0x08, 0xee,
    0x08, 0xee, 0x08, 0xee, 0x08, 0xee, 0x08, 0xee, 0x08, 0xee, 0xa7, 0x3b, 0xa7, 0x3b, 0xa7, 0x3b, 0xa7, 0x3b, 0xa7, 0x3b, 0xa7, 0x3b, 0x2f, 0x7e,
    0x2f, 0x7e, 0x2f, 0x7e, 0x2f, 0x7e, 0x2f, 0x7e, 0xa3, 0x10, 0xa3, 0x10, 0xa3, 0x10, 0xa3, 0x10, 0xa3, 0x10, 0xa3, 0x10, 0xa3, 0x10, 0xa3, 0x10,
    0xa3, 0x10, 0xa3, 0x10, 0xa3, 0x10, 0xa3, 0x10, 0xa3, 0x10, 0xa3, 0x10, 0xa3, 0x10, 0xa3, 0x10, 0xa3, 0x10, 0xa3, 0x10, 0x2f, 0x7e, 0x2f, 0x7e,
    0x2f, 0x7e, 0x2f, 0x7e, 0xa7, 0x3b, 0xa7, 0x3b, 0xa7, 0x3b, 0xa7, 0x3b, 0xa7, 0x3b, 0xa7, 0x3b, 0xa7, 0x3b, 0xa7, 0x3b, 0xa7, 0x3b, 0xa7, 0x3b,
    0xa7, 0x3b, 0xa7, 0x3b, 0xa7, 0x3b, 0xa7, 0x3b, 0xa7, 0x3b, 0xa7, 0x3b, 0xa7, 0x3b, 0xa7, 0x3b, 0xa7, 0x3b, 0xa7, 0x3b, 0xa7, 0x3b, 0x2f, 0x7e,
    0x2f, 0x7e, 0x2f, 0x7e, 0x2f, 0x7e, 0xa3, 0x10, 0xa3, 0x10, 0xa3, 0x10, 0xa3, 0x10, 0xa3, 0x10, 0xa3, 0x10, 0xa3, 0x10, 0xa3, 0x10, 0xa3, 0x10,
    0xa3, 0x10, 0xa3, 0x10, 0xa3, 0x10, 0xa3, 0x10, 0xa3, 0x10, 0xa3, 0x10, 0xa3, 0x10, 0xa3, 0x10, 0xa3, 0x10, 0xa3, 0x10, 0x2f, 0x7e, 0x2f, 0x7e,
    0x2f, 0x7e, 0x2f, 0x7e, 0x2f, 0x7e, 0xa7, 0x3b, 0xa7, 0x3b, 0xa7, 0x3b, 0xa7, 0x3b, 0xa7, 0x3b, 0xa7, 0x3b, 0xa7, 0x3b, 0xa7, 0x3b, 0xa7, 0x3b,
    0xa7, 0x3b, 0xa7, 0x3b, 0xa7, 0x3b, 0xa7, 0x3b, 0xa7, 0x3b, 0xa7, 0x3b, 0xa7, 0x3b, 0xa7, 0x3b, 0xa7, 0x3b, 0xa7, 0x3b, 0x2f, 0x7e, 0x2f, 0x7e,
    0x2f, 0x7e, 0x2f, 0x7e, 0x2f, 0x7e, 0xa3, 0x10, 0xa3, 0x10, 0xa3, 0x10, 0xa3, 0x10, 0xa3, 0x10, 0xa3, 0x10, 0xa3, 0x10, 0xa3, 0x10, 0xa3, 0x10,
    0xa3, 0x10, 0xa3, 0x10, 0xa3, 0x10, 0xa3, 0x10, 0xa3, 0x10, 0xa3, 0x10, 0xa3, 0x10, 0xa3, 0x10, 0xa3, 0x10, 0xa3, 0x10, 0xa3, 0x10, 0x2f, 0x7e,
    0x2f, 0x7e, 0x2f, 0x7e, 0x2f, 0x7e, 0x2f, 0x7e, 0xa7, 0x3b, 0xa7, 0x3b, 0xa7, 0x3b, 0xa7, 0x3b, 0xa7, 0x3b, 0xa7, 0x3b, 0xa7, 0x3b, 0xa7, 0x3b,
    0xa7, 0x3b, 0xa7, 0x3b, 0xa7, 0x3b, 0xa7, 0x3b, 0xa7, 0x3b, 0xa7, 0x3b, 0xa7, 0x3b, 0xa7, 0x3b, 0xa7, 0x3b, 0x2f, 0x7e, 0x2f, 0x7e, 0x2f, 0x7e,
    0x2f, 0x7e, 0x2f, 0x7e, 0xa3, 0x10, 0xa3, 0x10, 0xa3, 0x10, 0xa3, 0x10, 0xa3, 0x10, 0xa3, 0x10, 0xa3, 0x10, 0xa3, 0x10, 0xa3, 0x10, 0xa3, 0x10,
    0xa3, 0x10, 0xa3, 0x10, 0xa3, 0x10, 0xa3, 0x10, 0xa3, 0x10, 0xa3, 0x10, 0xa3, 0x10, 0xa3, 0x10, 0xa3, 0x10, 0xa3, 0x10, 0xa3, 0x10, 0xa3, 0x10,
    0x2f, 0x7e, 0x2f, 0x7e, 0x2f, 0x7e, 0x2f, 0x7e, 0x2f, 0x7e, 0xa7, 0x3b, 0xa7, 0x3b, 0xa7, 0x3b, 0xa7, 0x3b, 0xa7, 0x3b, 0xa7, 0x3b, 0xa7, 0x3b,
    0xa7, 0x3b, 0xa7, 0x3b, 0xa7, 0x3b, 0xa7, 0x3b, 0xa7, 0x3b, 0xa7, 0x3b, 0xa7, 0x3b, 0xa7, 0x3b, 0x2f, 0x7e, 0x2f, 0x7e, 0x2f, 0x7e, 0x2f, 0x7e,
    0x2f, 0x7e, 0xa3, 0x10, 0xa3, 0x10, 0xa3, 0x10, 0xa3, 0x10, 0xa3, 0x10, 0xa3, 0x10, 0xa3, 0x10, 0xa3, 0x10, 0xa3, 0x10, 0xa3, 0x10, 0xa3, 0x10,
    0xa3, 0x10, 0xa3, 0x10, 0xa3, 0x10, 0xa3, 0x10, 0xa3, 0x10, 0xa3, 0x10, 0xa3, 0x10, 0xa3, 0x10, 0xa3, 0x10, 0xa3, 0x10, 0xa3, 0x10, 0xa3, 0x10,
    0x2f, 0x7e, 0x2f, 0x7e, 0x2f, 0x7e, 0x2f, 0x7e, 0x2f, 0x7e, 0x2f, 0x7e, 0xa7, 0x3b, 0xa7, 0x3b, 0xa7, 0x3b, 0xa7, 0x3b, 0xa7, 0x3b, 0xa7, 0x3b,
    0xa7, 0x3b, 0xa7, 0x3b, 0xa7, 0x3b, 0xa7, 0x3b, 0xa7, 0x3b, 0xa7, 0x3b, 0xa7, 0x3b, 0x2f, 0x7e, 0x2f, 0x7e, 0x2f, 0x7e, 0x2f, 0x7e, 0x2f, 0x7e,
    0x2f, 0x7e, 0xa3, 0x10, 0xa3, 0x10, 0xa3, 0x10, 0xa3, 0x10, 0xa3, 0x10, 0xa3, 0x10, 0xa3, 0x10, 0xa3, 0x10, 0xa3, 0x10, 0xa3, 0x10, 0xa3, 0x10,
    0xa3, 0x10, 0xa3, 0x10, 0xa3, 0x10, 0xa3, 0x10, 0xa3, 0x10, 0xa3, 0x10, 0xa3, 0x10, 0xa3, 0x10, 0xa3, 0x10, 0xa3, 0x10, 0xa3, 0x10, 0xa3, 0x10,
    0xa3, 0x10, 0xa3, 0x10, 0x2f, 0x7e, 0x2f, 0x7e, 0x2f, 0x7e, 0x2f, 0x7e, 0x2f, 0x7e, 0x2f, 0x7e, 0xa7, 0x3b, 0xa7, 0x3b, 0xa7, 0x3b, 0xa7, 0x3b,
    0xa7, 0x3b, 0xa7, 0x3b, 0xa7, 0x3b, 0xa7, 0x3b, 0xa7, 0x3b, 0x2f, 0x7e, 0x2f, 0x7e, 0x2f, 0x7e, 0x2f, 0x7e, 0x2f, 0x7e, 0x2f, 0x7e, 0xa3, 0x10,
    0xa3, 0x10, 0xa3, 0x10, 0xa3, 0x10, 0xa3, 0x10, 0xa3, 0x10, 0xa3, 0x10, 0xa3, 0x10, 0xa3, 0x10, 0xa3, 0x10, 0xa3, 0x10, 0xa3, 0x10, 0xa3, 0x10,
    0xa3, 0x10, 0xa3, 0x10, 0xa3, 0x10, 0xa3, 0x10, 0xa3, 0x10, 0xa3, 0x10, 0xa3, 0x10, 0xa3, 0x10, 0xa3, 0x10, 0xa3, 0x10, 0xa3, 0x10, 0xa3, 0x10,
    0xa3, 0x10, 0xa3, 0x10, 0xa3, 0x10, 0x2f, 0x7e, 0x2f, 0x7e, 0x2f, 0x7e, 0x2f, 0x7e, 0x2f, 0x7e, 0x2f, 0x7e, 0x2f, 0x7e, 0x2f, 0x7e, 0x2f, 0x7e,
    0x2f, 0x7e, 0x2f, 0x7e, 0x2f, 0x7e, 0x2f, 0x7e, 0x2f, 0x7e, 0x2f, 0x7e, 0x2f, 0x7e, 0x2f, 0x7e, 0x2f, 0x7e, 0x2f, 0x7e, 0xa3, 0x10, 0xa3, 0x10,
    0xa3, 0x10, 0xa3, 0x10, 0xa3, 0x10, 0xa3, 0x10, 0xa3, 0x10, 0xa3, 0x10, 0xa3, 0x10, 0xa3, 0x10, 0xa3, 0x10, 0xa3, 0x10, 0xa3, 0x10, 0xa3, 0x10,
    0xa3, 0x10, 0xa3, 0x10, 0xa3, 0x10, 0xa3, 0x10, 0xa3, 0x10, 0xa3, 0x10, 0xa3, 0x10, 0xa3, 0x10, 0xa3, 0x10, 0xa3, 0x10, 0xa3, 0x10, 0xa3, 0x10,
    0xa3, 0x10, 0xa3, 0x10, 0xa3, 0x10, 0xa3, 0x10, 0xa3, 0x10, 0x2f, 0x7e, 0x2f, 0x7e, 0x2f, 0x7e, 0x2f, 0x7e, 0x2f, 0x7e, 0x2f, 0x7e, 0x2f, 0x7e,
    0x2f, 0x7e, 0x2f, 0x7e, 0x2f, 0x7e, 0x2f, 0x7e, 0x2f, 0x7e, 0x2f, 0x7e, 0x2f, 0x7e, 0x2f, 0x7e, 0xa3, 0x10, 0xa3, 0x10, 0xa3, 0x10, 0xa3, 0x10,
    0xa3, 0x10, 0xa3, 0x10, 0xa3, 0x10, 0xa3, 0x10, 0xa3, 0x10, 0xa3, 0x10, 0xa3, 0x10, 0xa3, 0x10, 0xa3, 0x10, 0xa3, 0x10, 0xa3, 0x10, 0xa3, 0x10,
    0xa3, 0x10, 0xa3, 0x10, 0xa3, 0x10, 0xa3, 0x10, 0xa3, 0x10, 0xa3, 0x10, 0xa3, 0x10, 0xa3, 0x10, 0xa3, 0x10, 0xa3, 0x10, 0xa3, 0x10, 0xa3, 0x10,
    0xa3, 0x10, 0xa3, 0x10, 0xa3, 0x10, 0xa3, 0x10, 0xa3, 0x10, 0xa3, 0x10, 0xa3, 0x10, 0x2f, 0x7e, 0x2f, 0x7e, 0x2f, 0x7e, 0x2f, 0x7e, 0x2f, 0x7e,
    0x2f, 0x7e, 0x2f, 0x7e, 0x2f, 0x7e, 0x2f, 0x7e, 0x2f, 0x7e, 0x2f, 0x7e, 0xa3, 0x10, 0xa3, 0x10, 0xa3, 0x10, 0xa3, 0x10, 0xa3, 0x10, 0xa3, 0x10,
    0xa3, 0x10, 0xa3, 0x10, 0xa3, 0x10, 0xa3, 0x10, 0xa3, 0x10, 0xa3, 0x10, 0xa3, 0x10, 0xa3, 0x10, 0xa3, 0x10, 0xa3, 0x10, 0xa3, 0x10, 0xa3, 0x10,
    0xa3, 0x10, 0xa3, 0x10, 0xa3, 0x10, 0xa3, 0x10, 0xa3, 0x10, 0xa3, 0x10, 0xa3, 0x10, 0xa3, 0x10, 0xa3, 0x10, 0xa3, 0x10, 0xa3, 0x10, 0xa3, 0x10,
    0xa3, 0x10, 0xa3, 0x10, 0xa3, 0x10, 0xa3, 0x10, 0xa3, 0x10, 0xa3, 0x10, 0xa3, 0x10, 0xa3, 0x10, 0xa3, 0x10, 0xa3, 0x10, 0xa3, 0x10, 0xa3, 0x10,
    0xa3, 0x10, 0xa3, 0x10, 0xa3, 0x10, 0xa3, 0x10, 0xa3, 0x10, 0xa3, 0x10, 0xa3, 0x10, 0xa3, 0x10, 0xa3, 0x10, 0xa3, 0x10, 0xa3, 0x10, 0xa3, 0x10,
    0xa3, 0x10, 0xa3, 0x10, 0xa3, 0x10, 0xa3, 0x10, 0xa3, 0x10, 0xa3, 0x10, 0xa3, 0x10, 0xa3, 0x10, 0xa3, 0x10, 0xa3, 0x10, 0xa3, 0x10, 0xa3, 0x10,
    0xa3, 0x10, 0xa3, 0x10, 0xa3, 0x10, 0xa3, 0x10, 0xa3, 0x10, 0xa3, 0x10, 0xa3, 0x10, 0xa3, 0x10, 0xa3, 0x10, 0xa3, 0x10, 0xa3, 0x10, 0xa3, 0x10,
    0xa3, 0x10, 0xa3, 0x10, 0xa3, 0x10, 0xa3, 0x10, 0xa3, 0x10, 0xa3, 0x10, 0xa3, 0x10, 0xa3, 0x10, 0xa3, 0x10, 0xa3, 0x10, 0xa3, 0x10, 0xa3, 0x10,
    0xa3, 0x10, 0xa3, 0x10, 0xa3, 0x10, 0xa3, 0x10, 0xa3, 0x10, 0xa3, 0x10, 0xa3, 0x10, 0xa3, 0x10, 0xa3, 0x10, 0xa3, 0x10, 0xa3, 0x10, 0xa3, 0x10,
    0xa3, 0x10, 0xa3, 0x10, 0xa3, 0x10, 0xa3, 0x10, 0xa3, 0x10, 0xa3, 0x10, 0xa3, 0x10, 0xa3, 0x10, 0xa3, 0x10, 0xa3, 0x10, 0xa3, 0x10, 0xa3, 0x10,
    0xa3, 0x10, 0xa3, 0x10, 0xa3, 0x10, 0xa3, 0x10, 0xa3, 0x10, 0xa3, 0x10, 0xa3, 0x10, 0xa3, 0x10, 0xa3, 0x10, 0xa3, 0x10, 0xa3, 0x10, 0xa3, 0x10,
    0xa3, 0x10, 0xa3, 0x10, 0xa3, 0x10, 0xa3, 0x10, 0xa3, 0x10, 0xa3, 0x10, 0xa3, 0x10, 0xa3, 0x10, 0xa3, 0x10, 0xa3, 0x10, 0xa3, 0x10, 0xa3, 0x10,
    0xa3, 0x10, 0xa3, 0x10, 0xa3, 0x10, 0xa3, 0x10, 0xa3, 0x10, 0xa3, 0x10, 0xa3, 0x10, 0xa3, 0x10, 0xa3, 0x10, 0xa3, 0x10, 0xa3, 0x10, 0xa3, 0x10,
    0xa3, 0x10, 0xa3, 0x10, 0xa3, 0x10, 0xa3, 0x10, 0xa3, 0x10, 0xa3, 0x10, 0xa3, 0x10, 0xa3, 0x10, 0xa3, 0x10, 0xa3, 0x10, 0xa3, 0x10, 0xa3, 0x10,
    0xa3, 0x10, 0xa3, 0x10, 0xa3, 0x10, 0xa3, 0x10, 0xa3, 0x10, 0xa3, 0x10, 0xa3, 0x10, 0xa3, 0x10, 0xa3, 0x10, 0xa3, 0x10, 0xa3, 0x10, 0xa3, 0x10,
    0xa3, 0x10, 0xa3, 0x10, 0xa3, 0x10, 0xa3, 0x10, 0xa3, 0x10, 0xa3, 0x10, 0xa3, 0x10, 0xa3, 0x10, 0xa3, 0x10, 0xa3, 0x10, 0xa3, 0x10, 0xa3, 0x10,
    0xa3, 0x10, 0xa3, 0x10, 0xa3, 0x10, 0xa3, 0x10, 0xa3, 0x10, 0xa3, 0x10, 0xa3, 0x10, 0xa3, 0x10, 0xa3, 0x10, 0xa3, 0x10, 0xa3, 0x10, 0xa3, 0x10,
    0xa3, 0x10, 0xa3, 0x10, 0xa3, 0x10, 0xa3, 0x10, 0xa3, 0x10, 0xa3, 0x10, 0xa3, 0x10, 0xa3, 0x10, 0xa3, 0x10, 0xa3, 0x10, 0xa3, 0x10, 0xa3, 0x10,
    0xa3, 0x10, 0xa3, 0x10, 0xa3, 0x10, 0xa3, 0x10, 0xa3, 0x10, 0xa3, 0x10, 0xa3, 0x10, 0xa3, 0x10, 0xa3, 0x10, 0xa3, 0x10, 0xa3, 0x10, 0xa3, 0x10,
    0xa3, 0x10, 0xa3, 0x10, 0xa3, 0x10, 0xa3, 0x10, 0xa3, 0x10, 0xa3, 0x10, 0xa3, 0x10, 0xa3, 0x10, 0xa3, 0x10, 0xa3, 0x10, 0xa3, 0x10, 0xa3, 0x10,
    0xa3, 0x10, 0xa3, 0x10, 0xa3, 0x10, 0xa3, 0x10, 0xa3, 0x10, 0xa3, 0x10, 0xa3, 0x10, 0xa3, 0x10, 0xa3, 0x10, 0xa3, 0x10, 0xa3, 0x10, 0xa3, 0x10,
    0xa3, 0x10, 0xa3, 0x10, 0xa3, 0x10, 0xa3, 0x10, 0xa3, 0x10, 0xa3, 0x10, 0xa3, 0x10, 0xa3, 0x10, 0xa3, 0x10, 0xa3, 0x10, 0xa3, 0x10, 0xa3, 0x10,
};

static const lv_image_dsc_t avatar_3 = {
    .header.magic = LV_IMAGE_HEADER_MAGIC,
    .header.cf = LV_COLOR_FORMAT_RGB565,
    .header.w = 48,
    .header.h = 48,
    .header.stride = 96,
    .data_size = 4608,
    .data = avatar_3_map,
};

static const uint8_t avatar_4_map[] = {
    0xa3, 0x10, 0xa3, 0x10, 0xa3, 0x10, 0xa3, 0x10, 0xa3, 0x10, 0xa3, 0x10, 0xa3, 0x10, 0xa3, 0x10, 0xa3, 0x10, 0xa3, 0x10, 0xa3, 0x10, 0xa3, 0x10,
    0xa3, 0x10, 0xa3, 0x10, 0xa3, 0x10, 0xa3, 0x10, 0xa3, 0x10, 0xa3, 0x10, 0xa3, 0x10, 0xa3, 0x10, 0xa3, 0x10, 0xa3, 0x10, 0xa3, 0x10, 0xa3, 0x10,
    0xa3, 0x10, 0xa3, 0x10, 0xa3, 0x10, 0xa3, 0x10, 0xa3, 0x10, 0xa3, 0x10, 0xa3, 0x10, 0xa3, 0x10, 0xa3, 0x10, 0xa3, 0x10, 0xa3, 0x10, 0xa3, 0x10,
    0xa3, 0x10, 0xa3, 0x10, 0xa3, 0x10, 0xa3, 0x10, 0xa3, 0x10, 0xa3, 0x10, 0xa3, 0x10, 0xa3, 0x10, 0xa3, 0x10, 0xa3, 0x10, 0xa3, 0x10, 0xa3, 0x10,
    0xa3, 0x10, 0xa3, 0x10, 0xa3, 0x10, 0xa3, 0x10, 0xa3, 0x10, 0xa3, 0x10, 0xa3, 0x10, 0xa3, 0x10, 0xa3, 0x10, 0xa3, 0x10, 0xa3, 0x10, 0xa3, 0x10,
    0xa3, 0x10, 0xa3, 0x10, 0xa3, 0x10, 0xa3, 0x10, 0xa3, 0x10, 0xa3, 0x10, 0xa3, 0x10, 0xa3, 0x10, 0xa3, 0x10, 0xa3, 0x10, 0xa3, 0x10, 0xa3, 0x10,
    0xa3, 0x10, 0xa3, 0x10, 0xa3, 0x10, 0xa3, 0x10, 0xa3, 0x10, 0xa3, 0x10, 0xa3, 0x10, 0xa3, 0x10, 0xa3, 0x10, 0xa3, 0x10, 0xa3, 0x10, 0xa3, 0x10,
    0xa3, 0x10, 0xa3, 0x10, 0xa3, 0x10, 0xa3, 0x10, 0xa3, 0x10, 0xa3, 0x10, 0xa3, 0x10, 0xa3, 0x10, 0xa3, 0x10, 0xa3, 0x10, 0xa3, 0x10, 0xa3, 0x10,
    0xa3, 0x10, 0xa3, 0x10, 0xa3, 0x10, 0xa3, 0x10, 0xa3, 0x10, 0xa3, 0x10, 0xa3, 0x10, 0xa3, 0x10, 0xa3, 0x10, 0xa3, 0x10, 0xa3, 0x10, 0xa3, 0x10,
    0xa3, 0x10, 0xa3, 0x10, 0xa3, 0x10, 0xa3, 0x10, 0xa3, 0x10, 0xa3, 0x10, 0xa3, 0x10, 0xa3, 0x10, 0xa3, 0x10, 0xa3, 0x10, 0xa3, 0x10, 0xa3, 0x10,
    0xa3, 0x10, 0xa3, 0x10, 0xa3, 0x10, 0xa3, 0x10, 0xa3, 0x10, 0xa3, 0x10, 0xa3, 0x10, 0xa3, 0x10, 0xa3, 0x10, 0xa3, 0x10, 0xa3, 0x10, 0xa3, 0x10,
    0xa3, 0x10, 0xa3, 0x10, 0xa3, 0x10, 0xa3, 0x10, 0xa3, 0x10, 0xa3, 0x10, 0xa3, 0x10, 0xa3, 0x10, 0xa3, 0x10, 0xa3, 0x10, 0xa3, 0x10, 0xa3, 0x10,
    0xa3, 0x10, 0xa3, 0x10, 0xa3, 0x10, 0xa3, 0x10, 0xa3, 0x10, 0xa3, 0x10, 0xa3, 0x10, 0xa3, 0x10, 0xa3, 0x10, 0xa3, 0x10, 0xa3, 0x10, 0xa3, 0x10,
    0xa3, 0x10, 0xa3, 0x10, 0xa3, 0x10, 0xa3, 0x10, 0xa3, 0x10, 0xa3, 0x10, 0xa3, 0x10, 0xa3, 0x10, 0xa3, 0x10, 0xa3, 0x10, 0xa3, 0x10, 0xa3, 0x10,
    0xa3, 0x10, 0xa3, 0x10, 0xa3, 0x10, 0xa3, 0x10, 0xa3, 0x10, 0xa3, 0x10, 0xa3, 0x10, 0xa3, 0x10, 0xa3, 0x10, 0xa3, 0x10, 0xa3, 0x10, 0xa3, 0x10,
    0xa3, 0x10, 0xa3, 0x10, 0xa3, 0x10, 0xa3, 0x10, 0xa3, 0x10, 0xa3, 0x10, 0xa3, 0x10, 0xa3, 0x10, 0xa3, 0x10, 0xa3, 0x10, 0xa3, 0x10, 0xa3, 0x10,
    0xa3, 0x10, 0xa3, 0x10, 0xa3, 0x10, 0xa3, 0x10, 0xa3, 0x10, 0xa3, 0x10, 0xa3, 0x10, 0xa3, 0x10, 0xa3, 0x10, 0xa3, 0x10, 0xa3, 0x10, 0xa3, 0x10,
    0xa3, 0x10, 0xa3, 0x10, 0xa3, 0x10, 0xa3, 0x10, 0xa3, 0x10, 0xa3, 0x10, 0xa3, 0x10, 0xa3, 0x10, 0xa3, 0x10, 0xa3, 0x10, 0xa3, 0x10, 0xa3, 0x10,
    0xa3, 0x10, 0xa3, 0x10, 0xa3, 0x10, 0xa3, 0x10, 0xa3, 0x10, 0xa3, 0x10, 0xa3, 0x10, 0xa3, 0x10, 0xa3, 0x10, 0xa3, 0x10, 0xa3, 0x10, 0xa3, 0x10,
    0xa3, 0x10, 0xa3, 0x10, 0xa3, 0x10, 0xa3, 0x10, 0xa3, 0x10, 0xa3, 0x10, 0xa3, 0x10, 0xa3, 0x10, 0xa3, 0x10, 0xa3, 0x10, 0xa3, 0x10, 0xa3, 0x10,
    0xa3, 0x10, 0xa3, 0x10, 0xa3, 0x10, 0xa3, 0x10, 0xa3, 0x10, 0xa3, 0x10, 0xa3, 0x10, 0xa3, 0x10, 0xa3, 0x10, 0xa3, 0x10, 0xa3, 0x10, 0xa3, 0x10,
    0xa3, 0x10, 0xa3, 0x10, 0xa3, 0x10, 0xa3, 0x10, 0xa3, 0x10, 0xa3, 0x10, 0xa3, 0x10, 0xa3, 0x10, 0xa3, 0x10, 0xa3, 0x10, 0xa3, 0x10, 0xa3, 0x10,
    0xa3, 0x10, 0xa3, 0x10, 0xa3, 0x10, 0xa3, 0x10, 0xa3, 0x10, 0xa3, 0x10, 0xa3, 0x10, 0xa3, 0x10, 0xa3, 0x10, 0xa3, 0x10, 0xa3, 0x10, 0xa3, 0x10,
    0xa3, 0x10, 0xa3, 0x10, 0xa3, 0x10, 0xa3, 0x10, 0xa3, 0x10, 0xa3, 0x10, 0xa3, 0x10, 0xa3, 0x10, 0xa3, 0x10, 0xa3, 0x10, 0xa3, 0x10, 0xa3, 0x10,
    0xa3, 0x10, 0xa3, 0x10, 0xa3, 0x10, 0xa3, 0x10, 0xa3, 0x10, 0xa3, 0x10, 0xa3, 0x10, 0xa3, 0x10, 0xa3, 0x10, 0xa3, 0x10, 0xa3, 0x10, 0xa3, 0x10,
    0xa3, 0x10, 0xa3, 0x10, 0xa3, 0x10, 0xa3, 0x10, 0xa3, 0x10, 0xa3, 0x10, 0xa3, 0x10, 0xa3, 0x10, 0xa3, 0x10, 0xa3, 0x10, 0xa3, 0x10, 0xa3, 0x10,
    0xa3, 0x10, 0xa3, 0x10, 0xa3, 0x10, 0xa3, 0x10, 0xa3, 0x10, 0xa3, 0x10, 0xa3, 0x10, 0xa3, 0x10, 0xa3, 0x10, 0xa3, 0x10, 0xa3, 0x10, 0xa3, 0x10,
    0xa3, 0x10, 0xa3, 0x10, 0xa3, 0x10, 0xa3, 0x10, 0xa3, 0x10, 0xa3, 0x10, 0xa3, 0x10, 0xa3, 0x10, 0xa3, 0x10, 0xa3, 0x10, 0xa3, 0x10, 0xa3, 0x10,
    0xa3, 0x10, 0xa3, 0x10, 0xa3, 0x10, 0xa3, 0x10, 0xa3, 0x10, 0xa3, 0x10, 0xa3, 0x10, 0xa3, 0x10, 0xa3, 0x10, 0xa3, 0x10, 0xa3, 0x10, 0xa3, 0x10,
    0xa3, 0x10, 0xa3, 0x10, 0xa3, 0x10, 0xa3, 0x10, 0xa3, 0x10, 0xa3, 0x10, 0xa3, 0x10, 0xa3, 0x10, 0xa3, 0x10, 0xa3, 0x10, 0xa3, 0x10, 0xa3, 0x10,
    0xa3, 0x10, 0xa3, 0x10, 0xa3, 0x10, 0xa3, 0x10, 0xa3, 0x10, 0xa3, 0x10, 0xa3, 0x10, 0xa3, 0x10, 0xa3, 0x10, 0xa3, 0x10, 0xa3, 0x10, 0xa3, 0x10,
    0xa3, 0x10, 0xa3, 0x10, 0xa3, 0x10, 0xa3, 0x10, 0xa3, 0x10, 0xa3, 0x10, 0xa3, 0x10, 0xa3, 0x10, 0xa3, 0x10, 0xa3, 0x10, 0xa3, 0x10, 0xa3, 0x10,
    0xa3, 0x10, 0xa3, 0x10, 0xa3, 0x10, 0xa3, 0x10, 0xa3, 0x10, 0xa3, 0x10, 0xa3, 0x10, 0xa3, 0x10, 0xa3, 0x10, 0xa3, 0x10, 0xbd, 0x7e, 0xbd, 0x7e,
    0xbd, 0x7e, 0xbd, 0x7e, 0xbd, 0x7e, 0xa3, 0x10, 0xa3, 0x10, 0xa3, 0x10, 0xa3, 0x10, 0xa3, 0x10, 0xa3, 0x10, 0xa3, 0x10, 0xa3, 0x10, 0xa3, 0x10,
    0xa3, 0x10, 0xa3, 0x10, 0xa3, 0x10, 0xa3, 0x10, 0xa3, 0x10, 0xa3, 0x10, 0xa3, 0x10, 0xa3, 0x10, 0xa3, 0x10, 0xa3, 0x10, 0xbd, 0x7e, 0xbd, 0x7e,
    0xbd, 0x7e, 0xbd, 0x7e, 0xbd, 0x7e, 0xa3, 0x10, 0xa3, 0x10, 0xa3, 0x10, 0xa3, 0x10, 0xa3, 0x10, 0xa3, 0x10, 0xa3, 0x10, 0xa3, 0x10, 0xa3, 0x10,
    0xa3, 0x10, 0xa3, 0x10, 0xa3, 0x10, 0xa3, 0x10, 0xa3, 0x10, 0xa3, 0x10, 0xa3, 0x10, 0xa3, 0x10, 0xa3, 0x10, 0xbd, 0x7e, 0xbd, 0x7e, 0xbd, 0x7e,
    0xbd, 0x7e, 0xbd, 0x7e, 0xbd, 0x7e, 0xbd, 0x7e, 0xa3, 0x10, 0xa3, 0x10, 0xa3, 0x10, 0xa3, 0x10, 0xa3, 0x10, 0xa3, 0x10, 0xa3, 0x10, 0xa3, 0x10,
    0xa3, 0x10, 0xa3, 0x10, 0xa3, 0x10, 0xa3, 0x10, 0xa3, 0x10, 0xa3, 0x10, 0xa3, 0x10, 0xa3, 0x10, 0xa3, 0x10, 0xbd, 0x7e, 0xbd, 0x7e, 0xbd, 0x7e,
    0xbd, 0x7e, 0xbd, 0x7e, 0xbd, 0x7e, 0xbd, 0x7e, 0xa3, 0x10, 0xa3, 0x10, 0xa3, 0x10, 0xa3, 0x10, 0xa3, 0x10, 0xa3, 0x10, 0xa3, 0x10, 0xa3, 0x10,
    0xa3, 0x10, 0xa3, 0x10, 0xa3, 0x10, 0xa3, 0x10, 0xa3, 0x10, 0xa3, 0x10, 0xa3, 0x10, 0xa3, 0x10, 0xbd, 0x7e, 0xbd, 0x7e, 0xbd, 0x7e, 0xbd, 0x7e,
    0xbd, 0x7e, 0xbd, 0x7e, 0xbd, 0x7e, 0xbd, 0x7e, 0xbd, 0x7e, 0xa3, 0x10, 0xa3, 0x10, 0x9d, 0xc3, 0x9d, 0xc3, 0x9d, 0xc3, 0x9d, 0xc3, 0x9d, 0xc3,
    0x9d, 0xc3, 0x9d, 0xc3, 0x9d, 0xc3, 0x9d, 0xc3, 0x9d, 0xc3, 0x9d, 0xc3, 0xa3, 0x10, 0xa3, 0x10, 0xbd, 0x7e, 0xbd, 0x7e, 0xbd, 0x7e, 0xbd, 0x7e,
    0xbd, 0x7e, 0xbd, 0x7e, 0xbd, 0x7e, 0xbd, 0x7e, 0xbd, 0x7e, 0xa3, 0x10, 0xa3, 0x10, 0xa3, 0x10, 0xa3, 0x10, 0xa3, 0x10, 0xa3, 0x10, 0xa3, 0x10,
    0xa3, 0x10, 0xa3, 0x10, 0xa3, 0x10, 0xa3, 0x10, 0xa3, 0x10, 0xa3, 0x10, 0xa3, 0x10, 0xa3, 0x10, 0xbd, 0x7e, 0xbd, 0x7e, 0xbd, 0x7e, 0xbd, 0x7e,
    0xbd, 0x7e, 0xbd, 0x7e, 0xbd, 0x7e, 0xbd, 0x7e, 0xbd, 0x7e, 0x9d, 0xc3, 0x9d, 0xc3, 0x9d, 0xc3, 0x9d, 0xc3, 0x9d, 0xc3, 0x9d, 0xc3, 0x9d, 0xc3,
    0x9d, 0xc3, 0x9d, 0xc3, 0x9d, 0xc3, 0x9d, 0xc3, 0x9d, 0xc3, 0x9d, 0xc3, 0x9d, 0xc3, 0x9d, 0xc3, 0xbd, 0x7e, 0xbd, 0x7e, 0xbd, 0x7e, 0xbd, 0x7e,
    0xbd, 0x7e, 0xbd, 0x7e, 0xbd, 0x7e, 0xbd, 0x7e, 0xbd, 0x7e, 0xa3, 0x10, 0xa3, 0x10, 0xa3, 0x10, 0xa3, 0x10, 0xa3, 0x10, 0xa3, 0x10, 0xa3, 0x10,
    0xa3, 0x10, 0xa3, 0x10, 0xa3, 0x10, 0xa3, 0x10, 0xa3, 0x10, 0xa3, 0x10, 0xa3, 0x10, 0xa3, 0x10, 0xbd, 0x7e, 0xbd, 0x7e, 0xbd, 0x7e, 0xbd, 0x7e,
    0xbd, 0x7e, 0xbd, 0x7e, 0xbd, 0x7e, 0x9d, 0xc3, 0x9d, 0xc3, 0x9d, 0xc3, 0x9d, 0xc3, 0x9d, 0xc3, 0x9d, 0xc3, 0x9d, 0xc3, 0x9d, 0xc3, 0x9d, 0xc3,
    0x9d, 0xc3, 0x9d, 0xc3, 0x9d, 0xc3, 0x9d, 0xc3, 0x9d, 0xc3, 0x9d, 0xc3, 0x9d, 0xc3, 0x9d, 0xc3, 0x9d, 0xc3, 0x9d, 0xc3, 0xbd, 0x7e, 0xbd, 0x7e,
    0xbd, 0x7e, 0xbd, 0x7e, 0xbd, 0x7e, 0xbd, 0x7e, 0xbd, 0x7e, 0xa3, 0x10, 0xa3, 0x10, 0xa3, 0x10, 0xa3, 0x10, 0xa3, 0x10, 0xa3, 0x10, 0xa3, 0x10,
    0xa3, 0x10, 0xa3, 0x10, 0xa3, 0x10, 0xa3, 0x10, 0xa3, 0x10, 0xa3, 0x10, 0xa3, 0x10, 0xa3, 0x10, 0xbd, 0x7e, 0xbd, 0x7e, 0xbd, 0x7e, 0xbd, 0x7e,
    0xbd, 0x7e, 0xbd, 0x7e, 0x9d, 0xc3, 0x9d, 0xc3, 0x9d, 0xc3, 0x9d, 0xc3, 0x9d, 0xc3, 0x9d, 0xc3, 0x9d, 0xc3, 0x9d, 0xc3, 0x9d, 0xc3, 0x9d, 0xc3,
    0x9d, 0xc3, 0x9d, 0xc3, 0x9d, 0xc3, 0x9d, 0xc3, 0x9d, 0xc3, 0x9d, 0xc3, 0x9d, 0xc3, 0x9d, 0xc3, 0x9d, 0xc3, 0x9d, 0xc3, 0x9d, 0xc3, 0xbd, 0x7e,
    0xbd, 0x7e, 0xbd, 0x7e, 0xbd, 0x7e, 0xbd, 0x7e, 0xbd, 0x7e, 0xa3, 0x10, 0xa3, 0x10, 0xa3, 0x10, 0xa3, 0x10, 0xa3, 0x10, 0xa3, 0x10, 0xa3, 0x10,
    0xa3, 0x10, 0xa3, 0x10, 0xa3, 0x10, 0xa3, 0x10, 0xa3, 0x10, 0xa3, 0x10, 0xa3, 0x10, 0xa3, 0x10, 0xbd, 0x7e, 0xbd, 0x7e, 0xbd, 0x7e, 0xbd, 0x7e,
    0x9d, 0xc3, 0x9d, 0xc3, 0x9d, 0xc3, 0x9d, 0xc3, 0x9d, 0xc3, 0x9d, 0xc3, 0x9d, 0xc3, 0x9d, 0xc3, 0x9d, 0xc3, 0x9d, 0xc3, 0x9d, 0xc3, 0x9d, 0xc3,
    0x9d, 0xc3, 0x9d, 0xc3, 0x9d, 0xc3, 0x9d, 0xc3, 0x9d, 0xc3, 0x9d, 0xc3, 0x9d, 0xc3, 0x9d, 0xc3, 0x9d, 0xc3, 0x9d, 0xc3, 0x9d, 0xc3, 0x9d, 0xc3,
    0x9d, 0xc3, 0xbd, 0x7e, 0xbd, 0x7e, 0xbd, 0x7e, 0xbd, 0x7e, 0xa3, 0x10, 0xa3, 0x10, 0xa3, 0x10, 0xa3, 0x10, 0xa3, 0x10, 0xa3, 0x10, 0xa3, 0x10,
    0xa3, 0x10, 0xa3, 0x10, 0xa3, 0x10, 0xa3, 0x10, 0xa3, 0x10, 0xa3, 0x10, 0xa3, 0x10, 0xa3, 0x10, 0xa3, 0x10, 0xbd, 0x7e, 0xbd, 0x7e, 0xbd, 0x7e,
    0x9d, 0xc3, 0x9d, 0xc3, 0x9d, 0xc3, 0x9d, 0xc3, 0x9d, 0xc3, 0x9d, 0xc3, 0x9d, 0xc3, 0x9d, 0xc3, 0x9d, 0xc3, 0x9d, 0xc3, 0x9d, 0xc3, 0x9d, 0xc3,
    0x9d, 0xc3, 0x9d, 0xc3, 0x9d, 0xc3, 0x9d, 0xc3, 0x9d, 0xc3, 0x9d, 0xc3, 0x9d, 0xc3, 0x9d, 0xc3, 0x9d, 0xc3, 0x9d, 0xc3, 0x9d, 0xc3, 0x9d, 0xc3,
    0x9d, 0xc3, 0xbd, 0x7e, 0xbd, 0x7e, 0xbd, 0x7e, 0xa3, 0x10, 0xa3, 0x10, 0xa3, 0x10, 0xa3, 0x10, 0xa3, 0x10, 0xa3, 0x10, 0xa3, 0x10, 0xa3, 0x10,
    0xa3, 0x10, 0xa3, 0x10, 0xa3, 0x10, 0xa3, 0x10, 0xa3, 0x10, 0xa3, 0x10, 0xa3, 0x10, 0xa3, 0x10, 0xa3, 0x10, 0xa3, 0x10, 0xbd, 0x7e, 0x9d, 0xc3,
    0x9d, 0xc3, 0x9d, 0xc3, 0x9d, 0xc3, 0x9d, 0xc3, 0x9d, 0xc3, 0x9d, 0xc3, 0x9d, 0xc3, 0x9d, 0xc3, 0x9d, 0xc3, 0x9d, 0xc3, 0x9d, 0xc3, 0x9d, 0xc3,
    0x9d, 0xc3, 0x9d, 0xc3, 0x9d, 0xc3, 0x9d, 0xc3, 0x9d, 0xc3, 0x9d, 0xc3, 0x9d, 0xc3, 0x9d, 0xc3, 0x9d, 0xc3, 0x9d, 0xc3, 0x9d, 0xc3, 0x9d, 0xc3,
    0x9d, 0xc3, 0x9d, 0xc3, 0xbd, 0x7e, 0xa3, 0x10, 0xa3, 0x10, 0xa3, 0x10, 0xa3, 0x10, 0xa3, 0x10, 0xa3, 0x10, 0xa3, 0x10, 0xa3, 0x10, 0xa3, 0x10,
    0xa3, 0x10, 0xa3, 0x10, 0xa3, 0x10, 0xa3, 0x10, 0xa3, 0x10, 0xa3, 0x10, 0xa3, 0x10, 0xa3, 0x10, 0xa3, 0x10, 0xa3, 0x10, 0x9d, 0xc3, 0x9d, 0xc3,
    0x9d, 0xc3, 0x9d, 0xc3, 0x9d, 0xc3, 0x9d, 0xc3, 0x9d, 0xc3, 0x9d, 0xc3, 0x9d, 0xc3, 0x9d, 0xc3, 0x91, 0x61, 0x91, 0x61, 0x91, 0x61, 0x91, 0x61,
    0x91, 0x61, 0x91, 0x61, 0x91, 0x61, 0x91, 0x61, 0x91, 0x61, 0x9d, 0xc3, 0x9d, 0xc3, 0x9d, 0xc3, 0x9d, 0xc3, 0x9d, 0xc3, 0x9d, 0xc3, 0x9d, 0xc3,
    0x9d, 0xc3, 0x9d, 0xc3, 0x9d, 0xc3, 0xa3, 0x10, 0xa3, 0x10, 0xa3, 0x10, 0xa3, 0x10, 0xa3, 0x10, 0xa3, 0x10, 0xa3, 0x10, 0xa3, 0x10, 0xa3, 0x10,
    0xa3, 0x10, 0xa3, 0x10, 0xa3, 0x10, 0xa3, 0x10, 0xa3, 0x10, 0xa3, 0x10, 0xa3, 0x10, 0xa3, 0x10, 0xa3, 0x10, 0xa3, 0x10, 0x9d, 0xc3, 0x9d, 0xc3,
    0x9d, 0xc3, 0x9d, 0xc3, 0x9d, 0xc3, 0x9d, 0xc3, 0x9d, 0xc3, 0x9d, 0xc3, 0x91, 0x61, 0x91, 0x61, 0x91, 0x61, 0x91, 0x61, 0x91, 0x61, 0x91, 0x61,
    0x91, 0x61, 0x91, 0x61, 0x91, 0x61, 0x91, 0x61, 0x91, 0x61, 0x91, 0x61, 0x91, 0x61, 0x9d, 0xc3, 0x9d, 0xc3, 0x9d, 0xc3, 0x9d, 0xc3, 0x9d, 0xc3,
    0x9d, 0xc3, 0x9d, 0xc3, 0x9d, 0xc3, 0xa3, 0x10, 0xa3, 0x10, 0xa3, 0x10, 0xa3, 0x10, 0xa3, 0x10, 0xa3, 0x10, 0xa3, 0x10, 0xa3, 0x10, 0xa3, 0x10,
    0xa3, 0x10, 0xa3, 0x10, 0xa3, 0x10, 0xa3, 0x10, 0xa3, 0x10, 0xa3, 0x10, 0xa3, 0x10, 0xa3, 0x10, 0xa3, 0x10, 0x9d, 0xc3, 0x9d, 0xc3, 0x9d, 0xc3,
    0x9d, 0xc3, 0x9d, 0xc3, 0x9d, 0xc3, 0x9d, 0xc3, 0x9d, 0xc3, 0x91, 0x61, 0x91, 0x61, 0x91, 0x61, 0x91, 0x61, 0x91, 0x61, 0x91, 0x61, 0x91, 0x61,
    0x91, 0x61, 0x91, 0x61, 0x91, 0x61, 0x91, 0x61, 0x91, 0x61, 0x91, 0x61, 0x91, 0x61, 0x91, 0x61, 0x9d, 0xc3, 0x9d, 0xc3, 0x9d, 0xc3, 0x9d, 0xc3,
    0x9d, 0xc3, 0x9d, 0xc3, 0x9d, 0xc3, 0x9d, 0xc3, 0xa3, 0x10, 0xa3, 0x10, 0xa3, 0x10, 0xa3, 0x10, 0xa3, 0x10, 0xa3, 0x10, 0xa3, 0x10, 0xa3, 0x10,
    0xa3, 0x10, 0xa3, 0x10, 0xa3, 0x10, 0xa3, 0x10, 0xa3, 0x10, 0xa3, 0x10, 0xa3, 0x10, 0xa3, 0x10, 0xa3, 0x10, 0x9d, 0xc3, 0x9d, 0xc3, 0x9d, 0xc3,
    0x9d, 0xc3, 0x9d, 0xc3, 0x9d, 0xc3, 0x9d, 0xc3, 0x91, 0x61, 0x91, 0x61, 0x91, 0x61, 0x91, 0x61, 0x91, 0x61, 0x91, 0x61, 0x91, 0x61, 0x91, 0x61,
    0x91, 0x61, 0x91, 0x61, 0x91, 0x61, 0x91, 0x61, 0x91, 0x61, 0x91, 0x61, 0x91, 0x61, 0x91, 0x61, 0x91, 0x61, 0x9d, 0xc3, 0x9d, 0xc3, 0x9d, 0xc3,
    0x9d, 0xc3, 0x9d, 0xc3, 0x9d, 0xc3, 0x9d, 0xc3, 0xa3, 0x10, 0xa3, 0x10, 0xa3, 0x10, 0xa3, 0x10, 0xa3, 0x10, 0xa3, 0x10, 0xa3, 0x10, 0xa3, 0x10,
    0xa3, 0x10, 0xa3, 0x10, 0xa3, 0x10, 0xa3, 0x10, 0xa3, 0x10, 0xa3, 0x10, 0xa3, 0x10, 0xa3, 0x10, 0x9d, 0xc3, 0x9d, 0xc3, 0x9d, 0xc3, 0x9d, 0xc3,
    0x9d, 0xc3, 0x9d, 0xc3, 0x9d, 0xc3, 0x91, 0x61, 0x91, 0x61, 0x91, 0x61, 0x91, 0x61, 0x91, 0x61, 0x91, 0x61, 0x91, 0x61, 0x91, 0x61, 0x91, 0x61,
    0x91, 0x61, 0x91, 0x61, 0x91, 0x61, 0x91, 0x61, 0x91, 0x61, 0x91, 0x61, 0x91, 0x61, 0x91, 0x61, 0x91, 0x61, 0x91, 0x61, 0x9d, 0xc3, 0x9d, 0xc3,
    0x9d, 0xc3, 0x9d, 0xc3, 0x9d, 0xc3, 0x9d, 0xc3, 0x9d, 0xc3, 0xa3, 0x10, 0xa3, 0x10, 0xa3, 0x10, 0xa3, 0x10, 0xa3, 0x10, 0xa3, 0x10, 0xa3, 0x10,
    0xa3, 0x10, 0xa3, 0x10, 0xa3, 0x10, 0xa3, 0x10, 0xa3, 0x10, 0xa3, 0x10, 0xa3, 0x10, 0xa3, 0x10, 0x9d, 0xc3, 0x9d, 0xc3, 0x9d, 0xc3, 0x9d, 0xc3,
    0x9d, 0xc3, 0x9d, 0xc3, 0x91, 0x61, 0x91, 0x61, 0x91, 0x61, 0x91, 0x61, 0x91, 0x61, 0x91, 0x61, 0x91, 0x61, 0x91, 0x61, 0x91, 0x61, 0x91, 0x61,
    0x91, 0x61, 0x91, 0x61, 0x91, 0x61, 0x91, 0x61, 0x91, 0x61, 0x91, 0x61, 0x91, 0x61, 0x91, 0x61, 0x91, 0x61, 0x91, 0x61, 0x91, 0x61, 0x9d, 0xc3,
    0x9d, 0xc3, 0x9d, 0xc3, 0x9d, 0xc3, 0x9d, 0xc3, 0x9d, 0xc3, 0xa3, 0x10, 0xa3, 0x10, 0xa3, 0x10, 0xa3, 0x10, 0xa3, 0x10, 0xa3, 0x10, 0xa3, 0x10,
    0xa3, 0x10, 0xa3, 0x10, 0xa3, 0x10, 0xa3, 0x10, 0xa3, 0x10, 0xa3, 0x10, 0xa3, 0x10, 0xa3, 0x10, 0x9d, 0xc3, 0x9d, 0xc3, 0x9d, 0xc3, 0x9d, 0xc3,
    0x9d, 0xc3, 0x9d, 0xc3, 0x91, 0x61, 0x91, 0x61, 0x91, 0x61, 0x91, 0x61, 0xa3, 0x10, 0xa3, 0x10, 0xa3, 0x10, 0x91, 0x61, 0x91, 0x61, 0x91, 0x61,
    0x91, 0x61, 0x91, 0x61, 0x91, 0x61, 0x91, 0x61, 0xa3, 0x10, 0xa3, 0x10, 0xa3, 0x10, 0x91, 0x61, 0x91, 0x61, 0x91, 0x61, 0x91, 0x61, 0x9d, 0xc3,
    0x9d, 0xc3, 0x9d, 0xc3, 0x9d, 0xc3, 0x9d, 0xc3, 0x9d, 0xc3, 0xa3, 0x10, 0xa3, 0x10, 0xa3, 0x10, 0xa3, 0x10, 0xa3, 0x10, 0xa3, 0x10, 0xa3, 0x10,
    0xa3, 0x10, 0xa3, 0x10, 0xa3, 0x10, 0xa3, 0x10, 0xa3, 0x10, 0xa3, 0x10, 0xa3, 0x10, 0xa3, 0x10, 0x9d, 0xc3, 0x9d, 0xc3, 0x9d, 0xc3, 0x9d, 0xc3,
    0x9d, 0xc3, 0x91, 0x61, 0x91, 0x61, 0x91, 0x61, 0x91, 0x61, 0xa3, 0x10, 0xa3, 0x10, 0xa3, 0x10, 0xa3, 0x10, 0xa3, 0x10, 0x91, 0x61, 0x91, 0x61,
    0x91, 0x61, 0x91, 0x61, 0x91, 0x61, 0xa3, 0x10, 0xa3, 0x10, 0xa3, 0x10, 0xa3, 0x10, 0xa3, 0x10, 0x91, 0x61, 0x91, 0x61, 0x91, 0x61, 0x91, 0x61,
    0x9d, 0xc3, 0x9d, 0xc3, 0x9d, 0xc3, 0x9d, 0xc3, 0x9d, 0xc3, 0xa3, 0x10, 0xa3, 0x10, 0xa3, 0x10, 0xa3, 0x10, 0xa3, 0x10, 0xa3, 0x10, 0xa3, 0x10,
    0xa3, 0x10, 0xa3, 0x10, 0xa3, 0x10, 0xa3, 0x10, 0xa3, 0x10, 0xa3, 0x10, 0xa3, 0x10, 0xa3, 0x10, 0x9d, 0xc3, 0x9d, 0xc3, 0x9d, 0xc3, 0x9d, 0xc3,
    0x9d, 0xc3, 0x91, 0x61, 0x91, 0x61, 0x91, 0x61, 0x91, 0x61, 0xa3, 0x10, 0xa3, 0x10, 0xa3, 0x10, 0xa3, 0x10, 0xa3, 0x10, 0x91, 0x61, 0x91, 0x61,
    0x91, 0x61, 0x91, 0x61, 0x91, 0x61, 0xa3, 0x10, 0xa3, 0x10, 0xa3, 0x10, 0xa3, 0x10, 0xa3, 0x10, 0x91, 0x61, 0x91, 0x61, 0x91, 0x61, 0x91, 0x61,
    0x9d, 0xc3, 0x9d, 0xc3, 0x9d, 0xc3, 0x9d, 0xc3, 0x9d, 0xc3, 0xa3, 0x10, 0xa3, 0x10, 0xa3, 0x10, 0xa3, 0x10, 0xa3, 0x10, 0xa3, 0x10, 0xa3, 0x10,
    0xa3, 0x10, 0xa3, 0x10, 0xa3, 0x10, 0xa3, 0x10, 0xa3, 0x10, 0xa3, 0x10, 0xa3, 0x10, 0xa3, 0x10, 0x9d, 0xc3, 0x9d, 0xc3, 0x9d, 0xc3, 0x9d, 0xc3,
    0x9d, 0xc3, 0x91, 0x61, 0x91, 0x61, 0x91, 0x61, 0x91, 0x61, 0xa3, 0x10, 0xa3, 0x10, 0xa3, 0x10, 0xa3, 0x10, 0xa3, 0x10, 0x91, 0x61, 0x91, 0x61,
    0x91, 0x61, 0x91, 0x61, 0x91, 0x61, 0xa3, 0x10, 0xa3, 0x10, 0xa3, 0x10, 0xa3, 0x10, 0xa3, 0x10, 0x91, 0x61, 0x91, 0x61, 0x91, 0x61, 0x91, 0x61,
    0x9d, 0xc3, 0x9d, 0xc3, 0x9d, 0xc3, 0x9d, 0xc3, 0x9d, 0xc3, 0xa3, 0x10, 0xa3, 0x10, 0xa3, 0x10, 0xa3, 0x10, 0xa3, 0x10, 0xa3, 0x10, 0xa3, 0x10,
    0xa3, 0x10, 0xa3, 0x10, 0xa3, 0x10, 0xa3, 0x10, 0xa3, 0x10, 0xa3, 0x10, 0xa3, 0x10, 0xa3, 0x10, 0x9d, 0xc3, 0x9d, 0xc3, 0x9d, 0xc3, 0x9d, 0xc3,
    0x9d, 0xc3, 0x91, 0x61, 0x91, 0x61, 0x91, 0x61, 0x91, 0x61, 0x91, 0x61, 0xa3, 0x10, 0xa3, 0x10, 0xa3, 0x10, 0x91, 0x61, 0x91, 0x61, 0x91, 0x61,
    0x91, 0x61, 0x91, 0x61, 0x91, 0x61, 0x91, 0x61, 0xa3, 0x10, 0xa3, 0x10, 0xa3, 0x10, 0x91, 0x61, 0x91, 0x61, 0x91, 0x61, 0x91, 0x61, 0x91, 0x61,
    0x9d, 0xc3, 0x9d, 0xc3, 0x9d, 0xc3, 0x9d, 0xc3, 0x9d, 0xc3, 0xa3, 0x10, 0xa3, 0x10, 0xa3, 0x10, 0xa3, 0x10, 0xa3, 0x10, 0xa3, 0x10, 0xa3, 0x10,
    0xa3, 0x10, 0xa3, 0x10, 0xa3, 0x10, 0xa3, 0x10, 0xa3, 0x10, 0xa3, 0x10, 0xa3, 0x10, 0xa3, 0x10, 0x9d, 0xc3, 0x9d, 0xc3, 0x9d, 0xc3, 0x9d, 0xc3,
    0x9d, 0xc3, 0x91, 0x61, 0x91, 0x61, 0x91, 0x61, 0x91, 0x61, 0x91, 0x61, 0x91, 0x61, 0x91, 0x61, 0x91, 0x61, 0x91, 0x61, 0x91, 0x61, 0x91, 0x61,
    0x91, 0x61, 0x91, 0x61, 0x91, 0x61, 0x91, 0x61, 0x91, 0x61, 0x91, 0x61, 0x91, 0x61, 0x91, 0x61, 0x91, 0x61, 0x91, 0x61, 0x91, 0x61, 0x91, 0x61,
    0x9d, 0xc3, 0x9d, 0xc3, 0x9d, 0xc3, 0x9d, 0xc3, 0x9d, 0xc3, 0xa3, 0x10, 0xa3, 0x10, 0xa3, 0x10, 0xa3, 0x10, 0xa3, 0x10, 0xa3, 0x10, 0xa3, 0x10,
    0xa3, 0x10, 0xa3, 0x10, 0xa3, 0x10, 0xa3, 0x10, 0xa3, 0x10, 0xa3, 0x10, 0xa3, 0x10, 0xa3, 0x10, 0x9d, 0xc3, 0x9d, 0xc3, 0x9d, 0xc3, 0x9d, 0xc3,
    0x9d, 0xc3, 0x91, 0x61, 0x91, 0x61, 0x91, 0x61, 0x91, 0x61, 0x91, 0x61, 0x91, 0x61, 0x91, 0x61, 0x91, 0x61, 0x91, 0x61, 0x91, 0x61, 0x91, 0x61,
    0x91, 0x61, 0x91, 0x61, 0x91, 0x61, 0x91, 0x61, 0x91, 0x61, 0x91, 0x61, 0x91, 0x61, 0x91, 0x61, 0x91, 0x61, 0x91, 0x61, 0x91, 0x61, 0x91, 0x61,
    0x9d, 0xc3, 0x9d, 0xc3, 0x9d, 0xc3, 0x9d, 0xc3, 0x9d, 0xc3, 0xa3, 0x10, 0xa3, 0x10, 0xa3, 0x10, 0xa3, 0x10, 0xa3, 0x10, 0xa3, 0x10, 0xa3, 0x10,
    0xa3, 0x10, 0xa3, 0x10, 0xa3, 0x10, 0xa3, 0x10, 0xa3, 0x10, 0xa3, 0x10, 0xa3, 0x10, 0xa3, 0x10, 0x9d, 0xc3, 0x9d, 0xc3, 0x9d, 0xc3, 0x9d, 0xc3,
    0x9d, 0xc3, 0x91, 0x61, 0x91, 0x61, 0x91, 0x61, 0x91, 0x61, 0x91, 0x61, 0x91, 0x61, 0x91, 0x61, 0x91, 0x61, 0x91, 0x61, 0x91, 0x61, 0x91, 0x61,
    0x91, 0x61, 0x91, 0x61, 0x91, 0x61, 0x91, 0x61, 0x91, 0x61, 0x91, 0x61, 0x91, 0x61, 0x91, 0x61, 0x91, 0x61, 0x91, 0x61, 0x91, 0x61, 0x91, 0x61,
    0x9d, 0xc3, 0x9d, 0xc3, 0x9d, 0xc3, 0x9d, 0xc3, 0x9d, 0xc3, 0xa3, 0x10, 0xa3, 0x10, 0xa3, 0x10, 0xa3, 0x10, 0xa3, 0x10, 0xa3, 0x10, 0xa3, 0x10,
    0xa3, 0x10, 0xa3, 0x10, 0xa3, 0x10, 0xa3, 0x10, 0xa3, 0x10, 0xa3, 0x10, 0xa3, 0x10, 0xa3, 0x10, 0x9d, 0xc3, 0x9d, 0xc3, 0x9d, 0xc3, 0x9d, 0xc3,
    0x9d, 0xc3, 0x91, 0x61, 0x91, 0x61, 0x91, 0x61, 0x91, 0x61, 0x91, 0x61, 0x91, 0x61, 0x91, 0x61, 0xbd, 0x7e, 0xbd, 0x7e, 0xbd, 0x7e, 0xbd, 0x7e,
    0xbd, 0x7e, 0xbd, 0x7e, 0xbd, 0x7e, 0xbd, 0x7e, 0xbd, 0x7e, 0x91, 0x61, 0x91, 0x61, 0x91, 0x61, 0x91, 0x61, 0x91, 0x61, 0x91, 0x61, 0x91, 0x61,
    0x9d, 0xc3, 0x9d, 0xc3, 0x9d, 0xc3, 0x9d, 0xc3, 0x9d, 0xc3, 0xa3, 0x10, 0xa3, 0x10, 0xa3, 0x10, 0xa3, 0x10, 0xa3, 0x10, 0xa3, 0x10, 0xa3, 0x10,
    0xa3, 0x10, 0xa3, 0x10, 0xa3, 0x10, 0xa3, 0x10, 0xa3, 0x10, 0xa3, 0x10, 0xa3, 0x10, 0xa3, 0x10, 0xa3, 0x10, 0x9d, 0xc3, 0x9d, 0xc3, 0x9d, 0xc3,
    0x9d, 0xc3, 0x91, 0x61, 0x91, 0x61, 0x91, 0x61, 0x91, 0x61, 0x91, 0x61, 0x91, 0x61, 0x91, 0x61, 0xbd, 0x7e, 0xbd, 0x7e, 0xbd, 0x7e, 0xbd, 0x7e,
    0xbd, 0x7e, 0xbd, 0x7e, 0xbd, 0x7e, 0xbd, 0x7e, 0xbd, 0x7e, 0x91, 0x61, 0x91, 0x61, 0x91, 0x61, 0x91, 0x61, 0x91, 0x61, 0x91, 0x61, 0x91, 0x61,
    0x9d, 0xc3, 0x9d, 0xc3, 0x9d, 0xc3, 0x9d, 0xc3, 0xa3, 0x10, 0xa3, 0x10, 0xa3, 0x10, 0xa3, 0x10, 0xa3, 0x10, 0xa3, 0x10, 0xa3, 0x10, 0xa3, 0x10,
    0xa3, 0x10, 0xa3, 0x10, 0xa3, 0x10, 0xa3, 0x10, 0xa3, 0x10, 0xa3, 0x10, 0xa3, 0x10, 0xa3, 0x10, 0xa3, 0x10, 0x9d, 0xc3, 0x9d, 0xc3, 0x9d, 0xc3,
    0x9d, 0xc3, 0x9d, 0xc3, 0x91, 0x61, 0x91, 0x61, 0x91, 0x61, 0x91, 0x61, 0x91, 0x61, 0x91, 0x61, 0xbd, 0x7e, 0xbd, 0x7e, 0xbd, 0x7e, 0xbd, 0x7e,
    0xbd, 0x7e, 0xbd, 0x7e, 0xbd, 0x7e, 0xbd, 0x7e, 0xbd, 0x7e, 0x91, 0x61, 0x91, 0x61, 0x91, 0x61, 0x91, 0x61, 0x91, 0x61, 0x91, 0x61, 0x9d, 0xc3,
    0x9d, 0xc3, 0x9d, 0xc3, 0x9d, 0xc3, 0x9d, 0xc3, 0xa3, 0x10, 0xa3, 0x10, 0xa3, 0x10, 0xa3, 0x10, 0xa3, 0x10, 0xa3, 0x10, 0xa3, 0x10, 0xa3, 0x10,
    0xa3, 0x10, 0xa3, 0x10, 0xa3, 0x10, 0xa3, 0x10, 0xa3, 0x10, 0xa3, 0x10, 0xa3, 0x10, 0xa3, 0x10, 0xa3, 0x10, 0xa3, 0x10, 0x9d, 0xc3, 0x9d, 0xc3,
    0x9d, 0xc3, 0x9d, 0xc3, 0x91, 0x61, 0x91, 0x61, 0x91, 0x61, 0x91, 0x61, 0x91, 0x61, 0x91, 0x61, 0x91, 0x61, 0x91, 0x61, 0x91, 0x61, 0x91, 0x61,
    0x91, 0x61, 0x91, 0x61, 0x91, 0x61, 0x91, 0x61, 0x91, 0x61, 0x91, 0x61, 0x91, 0x61, 0x91, 0x61, 0x91, 0x61, 0x91, 0x61, 0x91, 0x61, 0x9d, 0xc3,
    0x9d, 0xc3, 0x9d, 0xc3, 0x9d, 0xc3, 0xa3, 0x10, 0xa3, 0x10, 0xa3, 0x10, 0xa3, 0x10, 0xa3, 0x10, 0xa3, 0x10, 0xa3, 0x10, 0xa3, 0x10, 0xa3, 0x10,
    0xa3, 0x10, 0xa3, 0x10, 0xa3, 0x10, 0xa3, 0x10, 0xa3, 0x10, 0xa3, 0x10, 0xa3, 0x10, 0xa3, 0x10, 0xa3, 0x10, 0xa3, 0x10, 0x9d, 0xc3, 0x9d, 0xc3,
    0x9d, 0xc3, 0x9d, 0xc3, 0x9d, 0xc3, 0x91, 0x61, 0x91, 0x61, 0x91, 0x61, 0x91, 0x61, 0x91, 0x61, 0x91, 0x61, 0x91, 0x61, 0x91, 0x61, 0x91, 0x61,
    0x91, 0x61, 0x91, 0x61, 0x91, 0x61, 0x91, 0x61, 0x91, 0x61, 0x91, 0x61, 0x91, 0x61, 0x91, 0x61, 0x91, 0x61, 0x91, 0x61, 0x9d, 0xc3, 0x9d, 0xc3,
    0x9d, 0xc3, 0x9d, 0xc3, 0x9d, 0xc3, 0xa3, 0x10, 0xa3, 0x10, 0xa3, 0x10, 0xa3, 0x10, 0xa3, 0x10, 0xa3, 0x10, 0xa3, 0x10, 0xa3, 0x10, 0xa3, 0x10,
    0xa3, 0x10, 0xa3, 0x10, 0xa3, 0x10, 0xa3, 0x10, 0xa3, 0x10, 0xa3, 0x10, 0xa3, 0x10, 0xa3, 0x10, 0xa3, 0x10, 0xa3, 0x10, 0xa3, 0x10, 0x9d, 0xc3,
    0x9d, 0xc3, 0x9d, 0xc3, 0x9d, 0xc3, 0x9d, 0xc3, 0x91, 0x61, 0x91, 0x61, 0x91, 0x61, 0x91, 0x61, 0x91, 0x61, 0x91, 0x61, 0x91, 0x61, 0x91, 0x61,
    0x91, 0x61, 0x91, 0x61, 0x91, 0x61, 0x91, 0x61, 0x91, 0x61, 0x91, 0x61, 0x91, 0x61, 0x91, 0x61, 0x91, 0x61, 0x9d, 0xc3, 0x9d, 0xc3, 0x9d, 0xc3,
    0x9d, 0xc3, 0x9d, 0xc3, 0xa3, 0x10, 0xa3, 0x10, 0xa3, 0x10, 0xa3, 0x10, 0xa3, 0x10, 0xa3, 0x10, 0xa3, 0x10, 0xa3, 0x10, 0xa3, 0x10, 0xa3, 0x10,
    0xa3, 0x10, 0xa3, 0x10, 0xa3, 0x10, 0xa3, 0x10, 0xa3, 0x10, 0xa3, 0x10, 0xa3, 0x10, 0xa3, 0x10, 0xa3, 0x10, 0xa3, 0x10, 0xa3, 0x10, 0xa3, 0x10,
    0x9d, 0xc3, 0x9d, 0xc3, 0x9d, 0xc3, 0x9d, 0xc3, 0x9d, 0xc3, 0x91, 0x61, 0x91, 0x61, 0x91, 0x61, 0x91, 0x61, 0x91, 0x61, 0x91, 0x61, 0x91, 0x61,
    0x91, 0x61, 0x91, 0x61, 0x91, 0x61, 0x91, 0x61, 0x91, 0x61, 0x91, 0x61, 0x91, 0x61, 0x91, 0x61, 0x9d, 0xc3, 0x9d, 0xc3, 0x9d, 0xc3, 0x9d, 0xc3,
    0x9d, 0xc3, 0xa3, 0x10, 0xa3, 0x10, 0xa3, 0x10, 0xa3, 0x10, 0xa3, 0x10, 0xa3, 0x10, 0xa3, 0x10, 0xa3, 0x10, 0xa3, 0x10, 0xa3, 0x10, 0xa3, 0x10,
    0xa3, 0x10, 0xa3, 0x10, 0xa3, 0x10, 0xa3, 0x10, 0xa3, 0x10, 0xa3, 0x10, 0xa3, 0x10, 0xa3, 0x10, 0xa3, 0x10, 0xa3, 0x10, 0xa3, 0x10, 0xa3, 0x10,
    0x9d, 0xc3, 0x9d, 0xc3, 0x9d, 0xc3, 0x9d, 0xc3, 0x9d, 0xc3, 0x9d, 0xc3, 0x91, 0x61, 0x91, 0x61, 0x91, 0x61, 0x91, 0x61, 0x91, 0x61, 0x91, 0x61,
    0x91, 0x61, 0x91, 0x61, 0x91, 0x61, 0x91, 0x61, 0x91, 0x61, 0x91, 0x61, 0x91, 0x61, 0x9d, 0xc3, 0x9d, 0xc3, 0x9d, 0xc3, 0x9d, 0xc3, 0x9d, 0xc3,
    0x9d, 0xc3, 0xa3, 0x10, 0xa3, 0x10, 0xa3, 0x10, 0xa3, 0x10, 0xa3, 0x10, 0xa3, 0x10, 0xa3, 0x10, 0xa3, 0x10, 0xa3, 0x10, 0xa3, 0x10, 0xa3, 0x10,
    0xa3, 0x10, 0xa3, 0x10, 0xa3, 0x10, 0xa3, 0x10, 0xa3, 0x10, 0xa3, 0x10, 0xa3, 0x10, 0xa3, 0x10, 0xa3, 0x10, 0xa3, 0x10, 0xa3, 0x10, 0xa3, 0x10,
    0xa3, 0x10, 0xa3, 0x10, 0x9d, 0xc3, 0x9d, 0xc3, 0x9d, 0xc3, 0x9d, 0xc3, 0x9d, 0xc3, 0x9d, 0xc3, 0x91, 0x61, 0x91, 0x61, 0x91, 0x61, 0x91, 0x61,
    0x91, 0x61, 0x91, 0x61, 0x91, 0x61, 0x91, 0x61, 0x91, 0x61, 0x9d, 0xc3, 0x9d, 0xc3, 0x9d, 0xc3, 0x9d, 0xc3, 0x9d, 0xc3, 0x9d, 0xc3, 0xa3, 0x10,
    0xa3, 0x10, 0xa3, 0x10, 0xa3, 0x10, 0xa3, 0x10, 0xa3, 0x10, 0xa3, 0x10, 0xa3, 0x10, 0xa3, 0x10, 0xa3, 0x10, 0xa3, 0x10, 0xa3, 0x10, 0xa3, 0x10,
    0xa3, 0x10, 0xa3, 0x10, 0xa3, 0x10, 0xa3, 0x10, 0xa3, 0x10, 0xa3, 0x10, 0xa3, 0x10, 0xa3, 0x10, 0xa3, 0x10, 0xa3, 0x10, 0xa3, 0x10, 0xa3, 0x10,
    0xa3, 0x10, 0xa3, 0x10, 0xa3, 0x10, 0x9d, 0xc3, 0x9d, 0xc3, 0x9d, 0xc3, 0x9d, 0xc3, 0x9d, 0xc3, 0x9d, 0xc3, 0x9d, 0xc3, 0x9d, 0xc3, 0x9d, 0xc3,
    0x9d, 0xc3, 0x9d, 0xc3, 0x9d, 0xc3, 0x9d, 0xc3, 0x9d, 0xc3, 0x9d, 0xc3, 0x9d, 0xc3, 0x9d, 0xc3, 0x9d, 0xc3, 0x9d, 0xc3, 0xa3, 0x10, 0xa3, 0x10,
    0xa3, 0x10, 0xa3, 0x10, 0xa3, 0x10, 0xa3, 0x10, 0xa3, 0x10, 0xa3, 0x10, 0xa3, 0x10, 0xa3, 0x10, 0xa3, 0x10, 0xa3, 0x10, 0xa3, 0x10, 0xa3, 0x10,
    0xa3, 0x10, 0xa3, 0x10, 0xa3, 0x10, 0xa3, 0x10, 0xa3, 0x10, 0xa3, 0x10, 0xa3, 0x10, 0xa3, 0x10, 0xa3, 0x10, 0xa3, 0x10, 0xa3, 0x10, 0xa3, 0x10,
    0xa3, 0x10, 0xa3, 0x10, 0xa3, 0x10, 0xa3, 0x10, 0xa3, 0x10, 0x9d, 0xc3, 0x9d, 0xc3, 0x9d, 0xc3, 0x9d, 0xc3, 0x9d, 0xc3, 0x9d, 0xc3, 0x9d, 0xc3,
    0x9d, 0xc3, 0x9d, 0xc3, 0x9d, 0xc3, 0x9d, 0xc3, 0x9d, 0xc3, 0x9d, 0xc3, 0x9d, 0xc3, 0x9d, 0xc3, 0xa3, 0x10, 0xa3, 0x10, 0xa3, 0x10, 0xa3, 0x10,
    0xa3, 0x10, 0xa3, 0x10, 0xa3, 0x10, 0xa3, 0x10, 0xa3, 0x10, 0xa3, 0x10, 0xa3, 0x10, 0xa3, 0x10, 0xa3, 0x10, 0xa3, 0x10, 0xa3, 0x10, 0xa3, 0x10,
    0xa3, 0x10, 0xa3, 0x10, 0xa3, 0x10, 0xa3, 0x10, 0xa3, 0x10, 0xa3, 0x10, 0xa3, 0x10, 0xa3, 0x10, 0xa3, 0x10, 0xa3, 0x10, 0xa3, 0x10, 0xa3, 0x10,
    0xa3, 0x10, 0xa3, 0x10, 0xa3, 0x10, 0xa3, 0x10, 0xa3, 0x10, 0xa3, 0x10, 0xa3, 0x10, 0x9d, 0xc3, 0x9d, 0xc3, 0x9d, 0xc3, 0x9d, 0xc3, 0x9d, 0xc3,
    0x9d, 0xc3, 0x9d, 0xc3, 0x9d, 0xc3, 0x9d, 0xc3, 0x9d, 0xc3, 0x9d, 0xc3, 0xa3, 0x10, 0xa3, 0x10, 0xa3, 0x10, 0xa3, 0x10, 0xa3, 0x10, 0xa3, 0x10,
    0xa3, 0x10, 0xa3, 0x10, 0xa3, 0x10, 0xa3, 0x10, 0xa3, 0x10, 0xa3, 0x10, 0xa3, 0x10, 0xa3, 0x10, 0xa3, 0x10, 0xa3, 0x10, 0xa3, 0x10, 0xa3, 0x10,
    0xa3, 0x10, 0xa3, 0x10, 0xa3, 0x10, 0xa3, 0x10, 0xa3, 0x10, 0xa3, 0x10, 0xa3, 0x10, 0xa3, 0x10, 0xa3, 0x10, 0xa3, 0x10, 0xa3, 0x10, 0xa3, 0x10,
    0xa3, 0x10, 0xa3, 0x10, 0xa3, 0x10, 0xa3, 0x10, 0xa3, 0x10, 0xa3, 0x10, 0xa3, 0x10, 0xa3, 0x10, 0xa3, 0x10, 0xa3, 0x10, 0xa3, 0x10, 0xa3, 0x10,
    0xa3, 0x10, 0xa3, 0x10, 0xa3, 0x10, 0xa3, 0x10, 0xa3, 0x10, 0xa3, 0x10, 0xa3, 0x10, 0xa3, 0x10, 0xa3, 0x10, 0xa3, 0x10, 0xa3, 0x10, 0xa3, 0x10,
    0xa3, 0x10, 0xa3, 0x10, 0xa3, 0x10, 0xa3, 0x10, 0xa3, 0x10, 0xa3, 0x10, 0xa3, 0x10, 0xa3, 0x10, 0xa3, 0x10, 0xa3, 0x10, 0xa3, 0x10, 0xa3, 0x10,
    0xa3, 0x10, 0xa3, 0x10, 0xa3, 0x10, 0xa3, 0x10, 0xa3, 0x10, 0xa3, 0x10, 0xa3, 0x10, 0xa3, 0x10, 0xa3, 0x10, 0xa3, 0x10, 0xa3, 0x10, 0xa3, 0x10,
    0xa3, 0x10, 0xa3, 0x10, 0xa3, 0x10, 0xa3, 0x10, 0xa3, 0x10, 0xa3, 0x10, 0xa3, 0x10, 0xa3, 0x10, 0xa3, 0x10, 0xa3, 0x10, 0xa3, 0x10, 0xa3, 0x10,
    0xa3, 0x10, 0xa3, 0x10, 0xa3, 0x10, 0xa3, 0x10, 0xa3, 0x10, 0xa3, 0x10, 0xa3, 0x10, 0xa3, 0x10, 0xa3, 0x10, 0xa3, 0x10, 0xa3, 0x10, 0xa3, 0x10,
    0xa3, 0x10, 0xa3, 0x10, 0xa3, 0x10, 0xa3, 0x10, 0xa3, 0x10, 0xa3, 0x10, 0xa3, 0x10, 0xa3, 0x10, 0xa3, 0x10, 0xa3, 0x10, 0xa3, 0x10, 0xa3, 0x10,
    0xa3, 0x10, 0xa3, 0x10, 0xa3, 0x10, 0xa3, 0x10, 0xa3, 0x10, 0xa3, 0x10, 0xa3, 0x10, 0xa3, 0x10, 0xa3, 0x10, 0xa3, 0x10, 0xa3, 0x10, 0xa3, 0x10,
    0xa3, 0x10, 0xa3, 0x10, 0xa3, 0x10, 0xa3, 0x10, 0xa3, 0x10, 0xa3, 0x10, 0xa3, 0x10, 0xa3, 0x10, 0xa3, 0x10, 0xa3, 0x10, 0xa3, 0x10, 0xa3, 0x10,
    0xa3, 0x10, 0xa3, 0x10, 0xa3, 0x10, 0xa3, 0x10, 0xa3, 0x10, 0xa3, 0x10, 0xa3, 0x10, 0xa3, 0x10, 0xa3, 0x10, 0xa3, 0x10, 0xa3, 0x10, 0xa3, 0x10,
    0xa3, 0x10, 0xa3, 0x10, 0xa3, 0x10, 0xa3, 0x10, 0xa3, 0x10, 0xa3, 0x10, 0xa3, 0x10, 0xa3, 0x10, 0xa3, 0x10, 0xa3, 0x10, 0xa3, 0x10, 0xa3, 0x10,
    0xa3, 0x10, 0xa3, 0x10, 0xa3, 0x10, 0xa3, 0x10, 0xa3, 0x10, 0xa3, 0x10, 0xa3, 0x10, 0xa3, 0x10, 0xa3, 0x10, 0xa3, 0x10, 0xa3, 0x10, 0xa3, 0x10,
    0xa3, 0x10, 0xa3, 0x10, 0xa3, 0x10, 0xa3, 0x10, 0xa3, 0x10, 0xa3, 0x10, 0xa3, 0x10, 0xa3, 0x10, 0xa3, 0x10, 0xa3, 0x10, 0xa3, 0x10, 0xa3, 0x10,
    0xa3, 0x10, 0xa3, 0x10, 0xa3, 0x10, 0xa3, 0x10, 0xa3, 0x10, 0xa3, 0x10, 0xa3, 0x10, 0xa3, 0x10, 0xa3, 0x10, 0xa3, 0x10, 0xa3, 0x10, 0xa3, 0x10,
    0xa3, 0x10, 0xa3, 0x10, 0xa3, 0x10, 0xa3, 0x10, 0xa3, 0x10, 0xa3, 0x10, 0xa3, 0x10, 0xa3, 0x10, 0xa3, 0x10, 0xa3, 0x10, 0xa3, 0x10, 0xa3, 0x10,
    0xa3, 0x10, 0xa3, 0x10, 0xa3, 0x10, 0xa3, 0x10, 0xa3, 0x10, 0xa3, 0x10, 0xa3, 0x10, 0xa3, 0x10, 0xa3, 0x10, 0xa3, 0x10, 0xa3, 0x10, 0xa3, 0x10,
    0xa3, 0x10, 0xa3, 0x10, 0xa3, 0x10, 0xa3, 0x10, 0xa3, 0x10, 0xa3, 0x10, 0xa3, 0x10, 0xa3, 0x10, 0xa3, 0x10, 0xa3, 0x10, 0xa3, 0x10, 0xa3, 0x10,
    0xa3, 0x10, 0xa3, 0x10, 0xa3, 0x10, 0xa3, 0x10, 0xa3, 0x10, 0xa3, 0x10, 0xa3, 0x10, 0xa3, 0x10, 0xa3, 0x10, 0xa3, 0x10, 0xa3, 0x10, 0xa3, 0x10,
    0xa3, 0x10, 0xa3, 0x10, 0xa3, 0x10, 0xa3, 0x10, 0xa3, 0x10, 0xa3, 0x10, 0xa3, 0x10, 0xa3, 0x10, 0xa3, 0x10, 0xa3, 0x10, 0xa3, 0x10, 0xa3, 0x10,
};

static const lv_image_dsc_t avatar_4 = {
    .header.magic = LV_IMAGE_HEADER_MAGIC,
    .header.cf = LV_COLOR_FORMAT_RGB565,
    .header.w = 48,
    .header.h = 48,
    .header.stride = 96,
    .data_size = 4608,
    .data = avatar_4_map,
};

static const uint8_t avatar_5_map[] = {
    0xa3, 0x10, 0xa3, 0x10, 0xa3, 0x10, 0xa3, 0x10, 0xa3, 0x10, 0xa3, 0x10, 0xa3, 0x10, 0xa3, 0x10, 0xa3, 0x10, 0xa3, 0x10, 0xa3, 0x10, 0xa3, 0x10,
    0xa3, 0x10, 0xa3, 0x10, 0xa3, 0x10, 0xa3, 0x10, 0xa3, 0x10, 0xa3, 0x10, 0xa3, 0x10, 0xa3, 0x10, 0xa3, 0x10, 0xa3, 0x10, 0xa3, 0x10, 0xa3, 0x10,
    0xa3, 0x10, 0xa3, 0x10, 0xa3, 0x10, 0xa3, 0x10, 0xa3, 0x10, 0xa3, 0x10, 0xa3, 0x10, 0xa3, 0x10, 0xa3, 0x10, 0xa3, 0x10, 0xa3, 0x10, 0xa3, 0x10,
    0xa3, 0x10, 0xa3, 0x10, 0xa3, 0x10, 0xa3, 0x10, 0xa3, 0x10, 0xa3, 0x10, 0xa3, 0x10, 0xa3, 0x10, 0xa3, 0x10, 0xa3, 0x10, 0xa3, 0x10, 0xa3, 0x10,
    0xa3, 0x10, 0xa3, 0x10, 0xa3, 0x10, 0xa3, 0x10, 0xa3, 0x10, 0xa3, 0x10, 0xa3, 0x10, 0xa3, 0x10, 0xa3, 0x10, 0xa3, 0x10, 0xa3, 0x10, 0xa3, 0x10,
    0xa3, 0x10, 0xa3, 0x10, 0xa3, 0x10, 0xa3, 0x10, 0xa3, 0x10, 0xa3, 0x10, 0xa3, 0x10, 0xa3, 0x10, 0xa3, 0x10, 0xa3, 0x10, 0xa3, 0x10, 0xa3, 0x10,
    0xa3, 0x10, 0xa3, 0x10, 0xa3, 0x10, 0xa3, 0x10, 0xa3, 0x10, 0xa3, 0x10, 0xa3, 0x10, 0xa3, 0x10, 0xa3, 0x10, 0xa3, 0x10, 0xa3, 0x10, 0xa3, 0x10,
    0xa3, 0x10, 0xa3, 0x10, 0xa3, 0x10, 0xa3, 0x10, 0xa3, 0x10, 0xa3, 0x10, 0xa3, 0x10, 0xa3, 0x10, 0xa3, 0x10, 0xa3, 0x10, 0xa3, 0x10, 0xa3, 0x10,
    0xa3, 0x10, 0xa3, 0x10, 0xa3, 0x10, 0xa3, 0x10, 0xa3, 0x10, 0xa3, 0x10, 0xa3, 0x10, 0xa3, 0x10, 0xa3, 0x10, 0xa3, 0x10, 0xa3, 0x10, 0xa3, 0x10,
    0xa3, 0x10, 0xa3, 0x10, 0xa3, 0x10, 0xa3, 0x10, 0xa3, 0x10, 0xa3, 0x10, 0xa3, 0x10, 0xa3, 0x10, 0xa3, 0x10, 0xa3, 0x10, 0xa3, 0x10, 0xa3, 0x10,
    0xa3, 0x10, 0xa3, 0x10, 0xa3, 0x10, 0xa3, 0x10, 0xa3, 0x10, 0xa3, 0x10, 0xa3, 0x10, 0xa3, 0x10, 0xa3, 0x10, 0xa3, 0x10, 0xa3, 0x10, 0xa3, 0x10,
    0xa3, 0x10, 0xa3, 0x10, 0xa3, 0x10, 0xa3, 0x10, 0xa3, 0x10, 0xa3, 0x10, 0xa3, 0x10, 0xa3, 0x10, 0xa3, 0x10, 0xa3, 0x10, 0xa3, 0x10, 0xa3, 0x10,
    0xa3, 0x10, 0xa3, 0x10, 0xa3, 0x10, 0xa3, 0x10, 0xa3, 0x10, 0xa3, 0x10, 0xa3, 0x10, 0xa3, 0x10, 0xa3, 0x10, 0xa3, 0x10, 0xa3, 0x10, 0xa3, 0x10,
    0xa3, 0x10, 0xa3, 0x10, 0xa3, 0x10, 0xa3, 0x10, 0xa3, 0x10, 0xa3, 0x10, 0xa3, 0x10, 0xa3, 0x10, 0xa3, 0x10, 0xa3, 0x10, 0xa3, 0x10, 0xa3, 0x10,
    0xa3, 0x10, 0xa3, 0x10, 0xa3, 0x10, 0xa3, 0x10, 0xa3, 0x10, 0xa3, 0x10, 0xa3, 0x10, 0xa3, 0x10, 0xa3, 0x10, 0xa3, 0x10, 0xa3, 0x10, 0xa3, 0x10,
    0xa3, 0x10, 0xa3, 0x10, 0xa3, 0x10, 0xa3, 0x10, 0xa3, 0x10, 0xa3, 0x10, 0xa3, 0x10, 0xa3, 0x10, 0xa3, 0x10, 0xa3, 0x10, 0xa3, 0x10, 0xa3, 0x10,
    0xa3, 0x10, 0xa3, 0x10, 0xa3, 0x10, 0xa3, 0x10, 0xa3, 0x10, 0xa3, 0x10, 0xa3, 0x10, 0xa3, 0x10, 0xa3, 0x10, 0xa3, 0x10, 0xa3, 0x10, 0xa3, 0x10,
    0xa3, 0x10, 0xa3, 0x10, 0xa3, 0x10, 0xa3, 0x10, 0xa3, 0x10, 0xa3, 0x10, 0xa3, 0x10, 0xa3, 0x10, 0xa3, 0x10, 0xa3, 0x10, 0xa3, 0x10, 0xa3, 0x10,
    0xa3, 0x10, 0xa3, 0x10, 0xa3, 0x10, 0xa3, 0x10, 0xa3, 0x10, 0xa3, 0x10, 0xa3, 0x10, 0xa3, 0x10, 0xa3, 0x10, 0xa3, 0x10, 0xa3, 0x10, 0xa3, 0x10,
    0xa3, 0x10, 0xa3, 0x10, 0xa3, 0x10, 0xa3, 0x10, 0xa3, 0x10, 0xa3, 0x10, 0xa3, 0x10, 0xa3, 0x10, 0xa3, 0x10, 0xa3, 0x10, 0xa3, 0x10, 0xa3, 0x10,
    0xa3, 0x10, 0xa3, 0x10, 0xa3, 0x10, 0xa3, 0x10, 0xa3, 0x10, 0xa3, 0x10, 0xa3, 0x10, 0xa3, 0x10, 0xa3, 0x10, 0xa3, 0x10, 0xa3, 0x10, 0xa3, 0x10,
    0xa3, 0x10, 0xa3, 0x10, 0xa3, 0x10, 0xa3, 0x10, 0xa3, 0x10, 0xa3, 0x10, 0xa3, 0x10, 0xa3, 0x10, 0xa3, 0x10, 0xa3, 0x10, 0xa3, 0x10, 0xa3, 0x10,
    0xa3, 0x10, 0xa3, 0x10, 0xa3, 0x10, 0xa3, 0x10, 0xa3, 0x10, 0xa3, 0x10, 0xa3, 0x10, 0xa3, 0x10, 0xa3, 0x10, 0xa3, 0x10, 0xa3, 0x10, 0xa3, 0x10,
    0xa3, 0x10, 0xa3, 0x10, 0xa3, 0x10, 0xa3, 0x10, 0xa3, 0x10, 0xa3, 0x10, 0xa3, 0x10, 0xa3, 0x10, 0xa3, 0x10, 0xa3, 0x10, 0xa3, 0x10, 0xa3, 0x10,
    0xa3, 0x10, 0xa3, 0x10, 0xa3, 0x10, 0xa3, 0x10, 0xa3, 0x10, 0xa3, 0x10, 0xa3, 0x10, 0xa3, 0x10, 0xa3, 0x10, 0xa3, 0x10, 0xa3, 0x10, 0xa3, 0x10,
    0xa3, 0x10, 0xa3, 0x10, 0xa3, 0x10, 0xa3, 0x10, 0xa3, 0x10, 0xa3, 0x10, 0xa3, 0x10, 0xa3, 0x10, 0xa3, 0x10, 0xa3, 0x10, 0xa3, 0x10, 0xa3, 0x10,
    0xa3, 0x10, 0xa3, 0x10, 0xa3, 0x10, 0xa3, 0x10, 0xa3, 0x10, 0xa3, 0x10, 0xa3, 0x10, 0xa3, 0x10, 0xa3, 0x10, 0xa3, 0x10, 0xa3, 0x10, 0xa3, 0x10,
    0xa3, 0x10, 0xa3, 0x10, 0xa3, 0x10, 0xa3, 0x10, 0xa3, 0x10, 0xa3, 0x10, 0xa3, 0x10, 0xa3, 0x10, 0xa3, 0x10, 0xa3, 0x10, 0xa3, 0x10, 0xa3, 0x10,
    0xa3, 0x10, 0xa3, 0x10, 0xa3, 0x10, 0xa3, 0x10, 0xa3, 0x10, 0xa3, 0x10, 0xa3, 0x10, 0xa3, 0x10, 0xa3, 0x10, 0xa3, 0x10, 0xa3, 0x10, 0xa3, 0x10,
    0xa3, 0x10, 0xa3, 0x10, 0xa3, 0x10, 0xa3, 0x10, 0xa3, 0x10, 0xa3, 0x10, 0xa3, 0x10, 0xa3, 0x10, 0xa3, 0x10, 0xa3, 0x10, 0xa3, 0x10, 0xa3, 0x10,
    0xa3, 0x10, 0xa3, 0x10, 0xa3, 0x10, 0xa3, 0x10, 0xa3, 0x10, 0xa3, 0x10, 0xa3, 0x10, 0xa3, 0x10, 0xa3, 0x10, 0xa3, 0x10, 0xa3, 0x10, 0xa3, 0x10,
    0xa3, 0x10, 0xa3, 0x10, 0xa3, 0x10, 0xa3, 0x10, 0xa3, 0x10, 0xa3, 0x10, 0xa3, 0x10, 0xa3, 0x10, 0xa3, 0x10, 0xa3, 0x10, 0xa3, 0x10, 0xa3, 0x10,
    0xa3, 0x10, 0xa3, 0x10, 0xa3, 0x10, 0xa3, 0x10, 0xa3, 0x10, 0xa3, 0x10, 0xa3, 0x10, 0xa3, 0x10, 0xa3, 0x10, 0xa3, 0x10, 0xa3, 0x10, 0xa3, 0x10,
    0xa3, 0x10, 0xa3, 0x10, 0xa3, 0x10, 0xa3, 0x10, 0xa3, 0x10, 0xa3, 0x10, 0xa3, 0x10, 0xa3, 0x10, 0xa3, 0x10, 0xa3, 0x10, 0xa3, 0x10, 0xa3, 0x10,
    0xa3, 0x10, 0xa3, 0x10, 0xa3, 0x10, 0xa3, 0x10, 0xa3, 0x10, 0xa3, 0x10, 0xa3, 0x10, 0xa3, 0x10, 0xa3, 0x10, 0xa3, 0x10, 0xa3, 0x10, 0xa3, 0x10,
    0xa3, 0x10, 0xa3, 0x10, 0xa3, 0x10, 0xa3, 0x10, 0xa3, 0x10, 0xa3, 0x10, 0xa3, 0x10, 0xa3, 0x10, 0xa3, 0x10, 0xa3, 0x10, 0xa3, 0x10, 0xa3, 0x10,
    0xa3, 0x10, 0xa3, 0x10, 0xa3, 0x10, 0xa3, 0x10, 0xa3, 0x10, 0xa3, 0x10, 0xa3, 0x10, 0xa3, 0x10, 0xa3, 0x10, 0xa3, 0x10, 0xa3, 0x10, 0xa3, 0x10,
    0xa3, 0x10, 0xa3, 0x10, 0xa3, 0x10, 0xa3, 0x10, 0xa3, 0x10, 0xa3, 0x10, 0xa3, 0x10, 0xa3, 0x10, 0xa3, 0x10, 0xa3, 0x10, 0xa3, 0x10, 0xa3, 0x10,
    0xa3, 0x10, 0xa3, 0x10, 0xa3, 0x10, 0xa3, 0x10, 0xa3, 0x10, 0xa3, 0x10, 0xa3, 0x10, 0xa3, 0x10, 0xa3, 0x10, 0xa3, 0x10, 0xa3, 0x10, 0xa3, 0x10,
    0xa3, 0x10, 0xa3, 0x10, 0xa3, 0x10, 0xa3, 0x10, 0xa3, 0x10, 0xa3, 0x10, 0xa3, 0x10, 0xa3, 0x10, 0xa3, 0x10, 0xa3, 0x10, 0xa3, 0x10, 0xa3, 0x10,
    0xa3, 0x10, 0xa3, 0x10, 0xa3, 0x10, 0xa3, 0x10, 0xa3, 0x10, 0xa3, 0x10, 0xa3, 0x10, 0xa3, 0x10, 0xa3, 0x10, 0xa3, 0x10, 0xa3, 0x10, 0xa3, 0x10,
    0xa3, 0x10, 0xa3, 0x10, 0xa3, 0x10, 0xa3, 0x10, 0xa3, 0x10, 0xa3, 0x10, 0xa3, 0x10, 0x4f, 0xed, 0x4f, 0xed, 0x4f, 0xed, 0x4f, 0xed, 0x4f, 0xed,
    0x4f, 0xed, 0x4f, 0xed, 0x4f, 0xed, 0x4f, 0xed, 0x4f, 0xed, 0x4f, 0xed, 0xa3, 0x10, 0xa3, 0x10, 0xa3, 0x10, 0xa3, 0x10, 0xa3, 0x10, 0xa3, 0x10,
    0xa3, 0x10, 0xa3, 0x10, 0xa3, 0x10, 0xa3, 0x10, 0xa3, 0x10, 0xa3, 0x10, 0xa3, 0x10, 0xa3, 0x10, 0xa3, 0x10, 0xa3, 0x10, 0xa3, 0x10, 0xa3, 0x10,
    0xa3, 0x10, 0xa3, 0x10, 0xa3, 0x10, 0xa3, 0x10, 0xa3, 0x10, 0xa3, 0x10, 0xa3, 0x10, 0xa3, 0x10, 0xa3, 0x10, 0xa3, 0x10, 0xa3, 0x10, 0xa3, 0x10,
    0xa3, 0x10, 0xa3, 0x10, 0xa3, 0x10, 0xa3, 0x10, 0xa3, 0x10, 0x4f, 0xed, 0x4f, 0xed, 0x4f, 0xed, 0x4f, 0xed, 0x4f, 0xed, 0x4f, 0xed, 0x4f, 0xed,
    0x4f, 0xed, 0x4f, 0xed, 0x4f, 0xed, 0x4f, 0xed, 0x4f, 0xed, 0x4f, 0xed, 0x4f, 0xed, 0x4f, 0xed, 0xa3, 0x10, 0xa3, 0x10, 0xa3, 0x10, 0xa3, 0x10,
    0xa3, 0x10, 0xa3, 0x10, 0xa3, 0x10, 0xa3, 0x10, 0xa3, 0x10, 0xa3, 0x10, 0xa3, 0x10, 0xa3, 0x10, 0xa3, 0x10, 0xa3, 0x10, 0xa3, 0x10, 0xa3, 0x10,
    0xa3, 0x10, 0xa3, 0x10, 0xa3, 0x10, 0xa3, 0x10, 0xa3, 0x10, 0xa3, 0x10, 0xa3, 0x10, 0xa3, 0x10, 0xa3, 0x10, 0xa3, 0x10, 0xa3, 0x10, 0xa3, 0x10,
    0xa3, 0x10, 0xa3, 0x10, 0xa3, 0x10, 0x4f, 0xed, 0x4f, 0xed, 0x4f, 0xed, 0x4f, 0xed, 0x4f, 0xed, 0x4f, 0xed, 0x4f, 0xed, 0x4f, 0xed, 0x4f, 0xed,
    0x4f, 0xed, 0x4f, 0xed, 0x4f, 0xed, 0x4f, 0xed, 0x4f, 0xed, 0x4f, 0xed, 0x4f, 0xed, 0x4f, 0xed, 0x4f, 0xed, 0x4f, 0xed, 0xa3, 0x10, 0xa3, 0x10,
    0xa3, 0x10, 0xa3, 0x10, 0xa3, 0x10, 0xa3, 0x10, 0xa3, 0x10, 0xa3, 0x10, 0xa3, 0x10, 0xa3, 0x10, 0xa3, 0x10, 0xa3, 0x10, 0xa3, 0x10, 0xa3, 0x10,
    0xa3, 0x10, 0xa3, 0x10, 0xa3, 0x10, 0xa3, 0x10, 0xa3, 0x10, 0xa3, 0x10, 0xa3, 0x10, 0xa3, 0x10, 0xa3, 0x10, 0xa3, 0x10, 0xa3, 0x10, 0xa3, 0x10,
    0x4d, 0xfb, 0x4d, 0xfb, 0x4f, 0xed, 0x4f, 0xed, 0x4f, 0xed, 0x4f, 0xed, 0x4f, 0xed, 0x4f, 0xed, 0x4f, 0xed, 0x4f, 0xed, 0x4f, 0xed, 0x4f, 0xed,
    0x4f, 0xed, 0x4f, 0xed, 0x4f, 0xed, 0x4f, 0xed, 0x4f, 0xed, 0x4f, 0xed, 0x4f, 0xed, 0x4f, 0xed, 0x4f, 0xed, 0x4f, 0xed, 0x4f, 0xed, 0x4d, 0xfb,
    0x4d, 0xfb, 0xa3, 0x10, 0xa3, 0x10, 0xa3, 0x10, 0xa3, 0x10, 0xa3, 0x10, 0xa3, 0x10, 0xa3, 0x10, 0xa3, 0x10, 0xa3, 0x10, 0xa3, 0x10, 0xa3, 0x10,
    0xa3, 0x10, 0xa3, 0x10, 0xa3, 0x10, 0xa3, 0x10, 0xa3, 0x10, 0xa3, 0x10, 0xa3, 0x10, 0xa3, 0x10, 0xa3, 0x10, 0xa3, 0x10, 0xa3, 0x10, 0x4d, 0xfb,
    0x4f, 0xed, 0x4f, 0xed, 0x4f, 0xed, 0x4f, 0xed, 0x4f, 0xed, 0x4f, 0xed, 0x4f, 0xed, 0x4f, 0xed, 0x4f, 0xed, 0x4f, 0xed, 0x4f, 0xed, 0x4f, 0xed,
    0x4f, 0xed, 0x4f, 0xed, 0x4f, 0xed, 0x4f, 0xed, 0x4f, 0xed, 0x4f, 0xed, 0x4f, 0xed, 0x4f, 0xed, 0x4f, 0xed, 0x4f, 0xed, 0x4f, 0xed, 0x4f, 0xed,
    0x4f, 0xed, 0x4d, 0xfb, 0xa3, 0x10, 0xa3, 0x10, 0xa3, 0x10, 0xa3, 0x10, 0xa3, 0x10, 0xa3, 0x10, 0xa3, 0x10, 0xa3, 0x10, 0xa3, 0x10, 0xa3, 0x10,
    0xa3, 0x10, 0xa3, 0x10, 0xa3, 0x10, 0xa3, 0x10, 0xa3, 0x10, 0xa3, 0x10, 0xa3, 0x10, 0xa3, 0x10, 0xa3, 0x10, 0xa3, 0x10, 0xa3, 0x10, 0x4d, 0xfb,
    0x4f, 0xed, 0x4f, 0xed, 0x4f, 0xed, 0x4f, 0xed, 0x4f, 0xed, 0x4f, 0xed, 0x4f, 0xed, 0x4f, 0xed, 0x4f, 0xed, 0x4f, 0xed, 0x4f, 0xed, 0x4f, 0xed,
    0x4f, 0xed, 0x4f, 0xed, 0x4f, 0xed, 0x4f, 0xed, 0x4f, 0xed, 0x4f, 0xed, 0x4f, 0xed, 0x4f, 0xed, 0x4f, 0xed, 0x4f, 0xed, 0x4f, 0xed, 0x4f, 0xed,
    0x4f, 0xed, 0x4d, 0xfb, 0xa3, 0x10, 0xa3, 0x10, 0xa3, 0x10, 0xa3, 0x10, 0xa3, 0x10, 0xa3, 0x10, 0xa3, 0x10, 0xa3, 0x10, 0xa3, 0x10, 0xa3, 0x10,
    0xa3, 0x10, 0xa3, 0x10, 0xa3, 0x10, 0xa3, 0x10, 0xa3, 0x10, 0xa3, 0x10, 0xa3, 0x10, 0xa3, 0x10, 0xa3, 0x10, 0xa3, 0x10, 0xa3, 0x10, 0x4f, 0xed,
    0x4f, 0xed, 0x4f, 0xed, 0x4f, 0xed, 0x4f, 0xed, 0x4f, 0xed, 0x4f, 0xed, 0x4f, 0xed, 0x4f, 0xed, 0x4f, 0xed, 0x4f, 0xed, 0x4f, 0xed, 0x4f, 0xed,
    0x4f, 0xed, 0x4f, 0xed, 0x4f, 0xed, 0x4f, 0xed, 0x4f, 0xed, 0x4f, 0xed, 0x4f, 0xed, 0x4f, 0xed, 0x4f, 0xed, 0x4f, 0xed, 0x4f, 0xed, 0x4f, 0xed,
    0x4f, 0xed, 0x4f, 0xed, 0xa3, 0x10, 0xa3, 0x10, 0xa3, 0x10, 0xa3, 0x10, 0xa3, 0x10, 0xa3, 0x10, 0xa3, 0x10, 0xa3, 0x10, 0xa3, 0x10, 0xa3, 0x10,
    0xa3, 0x10, 0xa3, 0x10, 0xa3, 0x10, 0xa3, 0x10, 0xa3, 0x10, 0xa3, 0x10, 0xa3, 0x10, 0xa3, 0x10, 0xa3, 0x10, 0xa3, 0x10, 0x4f, 0xed, 0x4f, 0xed,
    0x4f, 0xed, 0x4f, 0xed, 0x4f, 0xed, 0x4f, 0xed, 0x4f, 0xed, 0x4f, 0xed, 0x4f, 0xed, 0x4f, 0xed, 0xc7, 0x8a, 0xc7, 0x8a, 0xc7, 0x8a, 0xc7, 0x8a,
    0xc7, 0x8a, 0xc7, 0x8a, 0xc7, 0x8a, 0xc7, 0x8a, 0xc7, 0x8a, 0x4f, 0xed, 0x4f, 0xed, 0x4f, 0xed, 0x4f, 0xed, 0x4f, 0xed, 0x4f, 0xed, 0x4f, 0xed,
    0x4f, 0xed, 0x4f, 0xed, 0x4f, 0xed, 0xa3, 0x10, 0xa3, 0x10, 0xa3, 0x10, 0xa3, 0x10, 0xa3, 0x10, 0xa3, 0x10, 0xa3, 0x10, 0xa3, 0x10, 0xa3, 0x10,
    0xa3, 0x10, 0xa3, 0x10, 0xa3, 0x10, 0xa3, 0x10, 0xa3, 0x10, 0xa3, 0x10, 0xa3, 0x10, 0xa3, 0x10, 0xa3, 0x10, 0xa3, 0x10, 0x4f, 0xed, 0x4f, 0xed,
    0x4f, 0xed, 0x4f, 0xed, 0x4f, 0xed, 0x4f, 0xed, 0x4f, 0xed, 0x4f, 0xed, 0xc7, 0x8a, 0xc7, 0x8a, 0xc7, 0x8a, 0xc7, 0x8a, 0xc7, 0x8a, 0xc7, 0x8a,
    0xc7, 0x8a, 0xc7, 0x8a, 0xc7, 0x8a, 0xc7, 0x8a, 0xc7, 0x8a, 0xc7, 0x8a, 0xc7, 0x8a, 0x4f, 0xed, 0x4f, 0xed, 0x4f, 0xed, 0x4f, 0xed, 0x4f, 0xed,
    0x4f, 0xed, 0x4f, 0xed, 0x4f, 0xed, 0xa3, 0x10, 0xa3, 0x10, 0xa3, 0x10, 0xa3, 0x10, 0xa3, 0x10, 0xa3, 0x10, 0xa3, 0x10, 0xa3, 0x10, 0xa3, 0x10,
    0xa3, 0x10, 0xa3, 0x10, 0xa3, 0x10, 0xa3, 0x10, 0xa3, 0x10, 0xa3, 0x10, 0xa3, 0x10, 0xa3, 0x10, 0xa3, 0x10, 0x4f, 0xed, 0x4f, 0xed, 0x4f, 0xed,
    0x4f, 0xed, 0x4f, 0xed, 0x4f, 0xed, 0x4f, 0xed, 0x4f, 0xed, 0xc7, 0x8a, 0xc7, 0x8a, 0xc7, 0x8a, 0xc7, 0x8a, 0xc7, 0x8a, 0xc7, 0x8a, 0xc7, 0x8a,
    0xc7, 0x8a, 0xc7, 0x8a, 0xc7, 0x8a, 0xc7, 0x8a, 0xc7, 0x8a, 0xc7, 0x8a, 0xc7, 0x8a, 0xc7, 0x8a, 0x4f, 0xed, 0x4f, 0xed, 0x4f, 0xed, 0x4f, 0xed,
    0x4f, 0xed, 0x4f, 0xed, 0x4f, 0xed, 0x4f, 0xed, 0xa3, 0x10, 0xa3, 0x10, 0xa3, 0x10, 0xa3, 0x10, 0xa3, 0x10, 0xa3, 0x10, 0xa3, 0x10, 0xa3, 0x10,
    0xa3, 0x10, 0xa3, 0x10, 0xa3, 0x10, 0xa3, 0x10, 0xa3, 0x10, 0xa3, 0x10, 0xa3, 0x10, 0xa3, 0x10, 0xa3, 0x10, 0x4f, 0xed, 0x4f, 0xed, 0x4f, 0xed,
    0x4f, 0xed, 0x4f, 0xed, 0x4f, 0xed, 0x4f, 0xed, 0xc7, 0x8a, 0xc7, 0x8a, 0xc7, 0x8a, 0xc7, 0x8a, 0xc7, 0x8a, 0xc7, 0x8a, 0xc7, 0x8a, 0xc7, 0x8a,
    0xc7, 0x8a, 0xc7, 0x8a, 0xc7, 0x8a, 0xc7, 0x8a, 0xc7, 0x8a, 0xc7, 0x8a, 0xc7, 0x8a, 0xc7, 0x8a, 0xc7, 0x8a, 0x4f, 0xed, 0x4f, 0xed, 0x4f, 0xed,
    0x4f, 0xed, 0x4f, 0xed, 0x4f, 0xed, 0x4f, 0xed, 0xa3, 0x10, 0xa3, 0x10, 0xa3, 0x10, 0xa3, 0x10, 0xa3, 0x10, 0xa3, 0x10, 0xa3, 0x10, 0xa3, 0x10,
    0xa3, 0x10, 0xa3, 0x10, 0xa3, 0x10, 0xa3, 0x10, 0xa3, 0x10, 0xa3, 0x10, 0xa3, 0x10, 0xa3, 0x10, 0x4f, 0xed, 0x4f, 0xed, 0x4f, 0xed, 0x4f, 0xed,
    0x4f, 0xed, 0x4f, 0xed, 0x4f, 0xed, 0xc7, 0x8a, 0xc7, 0x8a, 0xc7, 0x8a, 0xc7, 0x8a, 0xc7, 0x8a, 0xc7, 0x8a, 0xc7, 0x8a, 0xc7, 0x8a, 0xc7, 0x8a,
    0xc7, 0x8a, 0xc7, 0x8a, 0xc7, 0x8a, 0xc7, 0x8a, 0xc7, 0x8a, 0xc7, 0x8a, 0xc7, 0x8a, 0xc7, 0x8a, 0xc7, 0x8a, 0xc7, 0x8a, 0x4f, 0xed, 0x4f, 0xed,
    0x4f, 0xed, 0x4f, 0xed, 0x4f, 0xed, 0x4f, 0xed, 0x4f, 0xed, 0xa3, 0x10, 0xa3, 0x10, 0xa3, 0x10, 0xa3, 0x10, 0xa3, 0x10, 0xa3, 0x10, 0xa3, 0x10,
    0xa3, 0x10, 0xa3, 0x10, 0xa3, 0x10, 0xa3, 0x10, 0xa3, 0x10, 0xa3, 0x10, 0xa3, 0x10, 0xa3, 0x10, 0x4f, 0xed, 0x4f, 0xed, 0x4f, 0xed, 0x4f, 0xed,
    0x4f, 0xed, 0x4f, 0xed, 0xc7, 0x8a, 0xc7, 0x8a, 0xc7, 0x8a, 0xc7, 0x8a, 0xc7, 0x8a, 0xc7, 0x8a, 0xc7, 0x8a, 0xc7, 0x8a, 0xc7, 0x8a, 0xc7, 0x8a,
    0xc7, 0x8a, 0xc7, 0x8a, 0xc7, 0x8a, 0xc7, 0x8a, 0xc7, 0x8a, 0xc7, 0x8a, 0xc7, 0x8a, 0xc7, 0x8a, 0xc7, 0x8a, 0xc7, 0x8a, 0xc7, 0x8a, 0x4f, 0xed,
    0x4f, 0xed, 0x4f, 0xed, 0x4f, 0xed, 0x4f, 0xed, 0x4f, 0xed, 0xa3, 0x10, 0xa3, 0x10, 0xa3, 0x10, 0xa3, 0x10, 0xa3, 0x10, 0xa3, 0x10, 0xa3, 0x10,
    0xa3, 0x10, 0xa3, 0x10, 0xa3, 0x10, 0xa3, 0x10, 0xa3, 0x10, 0xa3, 0x10, 0xa3, 0x10, 0xa3, 0x10, 0x4f, 0xed, 0x4f, 0xed, 0x4f, 0xed, 0x4f, 0xed,
    0x4f, 0xed, 0x4f, 0xed, 0xc7, 0x8a, 0xc7, 0x8a, 0xc7, 0x8a, 0xc7, 0x8a, 0xa3, 0x10, 0xa3, 0x10, 0xa3, 0x10, 0xc7, 0x8a, 0xc7, 0x8a, 0xc7, 0x8a,
    0xc7, 0x8a, 0xc7, 0x8a, 0xc7, 0x8a, 0xc7, 0x8a, 0xa3, 0x10, 0xa3, 0x10, 0xa3, 0x10, 0xc7, 0x8a, 0xc7, 0x8a, 0xc7, 0x8a, 0xc7, 0x8a, 0x4f, 0xed,
    0x4f, 0xed, 0x4f, 0xed, 0x4f, 0xed, 0x4f, 0xed, 0x4f, 0xed, 0xa3, 0x10, 0xa3, 0x10, 0xa3, 0x10, 0xa3, 0x10, 0xa3, 0x10, 0xa3, 0x10, 0xa3, 0x10,
    0xa3, 0x10, 0xa3, 0x10, 0xa3, 0x10, 0xa3, 0x10, 0xa3, 0x10, 0xa3, 0x10, 0xa3, 0x10, 0xa3, 0x10, 0x4f, 0xed, 0x4f, 0xed, 0x4f, 0xed, 0x4f, 0xed,
    0x4f, 0xed, 0xc7, 0x8a, 0xc7, 0x8a, 0xc7, 0x8a, 0xc7, 0x8a, 0xa3, 0x10, 0xa3, 0x10, 0xa3, 0x10, 0xa3, 0x10, 0xa3, 0x10, 0xc7, 0x8a, 0xc7, 0x8a,
    0xc7, 0x8a, 0xc7, 0x8a, 0xc7, 0x8a, 0xa3, 0x10, 0xa3, 0x10, 0xa3, 0x10, 0xa3, 0x10, 0xa3, 0x10, 0xc7, 0x8a, 0xc7, 0x8a, 0xc7, 0x8a, 0xc7, 0x8a,
    0x4f, 0xed, 0x4f, 0xed, 0x4f, 0xed, 0x4f, 0xed, 0x4f, 0xed, 0xa3, 0x10, 0xa3, 0x10, 0xa3, 0x10, 0xa3, 0x10, 0xa3, 0x10, 0xa3, 0x10, 0xa3, 0x10,
    0xa3, 0x10, 0xa3, 0x10, 0xa3, 0x10, 0xa3, 0x10, 0xa3, 0x10, 0xa3, 0x10, 0xa3, 0x10, 0xa3, 0x10, 0x4f, 0xed, 0x4f, 0xed, 0x4f, 0xed, 0x4f, 0xed,
    0x4f, 0xed, 0xc7, 0x8a, 0xc7, 0x8a, 0xc7, 0x8a, 0xc7, 0x8a, 0xa3, 0x10, 0xa3, 0x10, 0xa3, 0x10, 0xa3, 0x10, 0xa3, 0x10, 0xc7, 0x8a, 0xc7, 0x8a,
    0xc7, 0x8a, 0xc7, 0x8a, 0xc7, 0x8a, 0xa3, 0x10, 0xa3, 0x10, 0xa3, 0x10, 0xa3, 0x10, 0xa3, 0x10, 0xc7, 0x8a, 0xc7, 0x8a, 0xc7, 0x8a, 0xc7, 0x8a,
    0x4f, 0xed, 0x4f, 0xed, 0x4f, 0xed, 0x4f, 0xed, 0x4f, 0xed, 0xa3, 0x10, 0xa3, 0x10, 0xa3, 0x10, 0xa3, 0x10, 0xa3, 0x10, 0xa3, 0x10, 0xa3, 0x10,
    0xa3, 0x10, 0xa3, 0x10, 0xa3, 0x10, 0xa3, 0x10, 0xa3, 0x10, 0xa3, 0x10, 0xa3, 0x10, 0xa3, 0x10, 0x4f, 0xed, 0x4f, 0xed, 0x4f, 0xed, 0x4f, 0xed,
    0x4f, 0xed, 0xc7, 0x8a, 0xc7, 0x8a, 0xc7, 0x8a, 0xc7, 0x8a, 0xa3, 0x10, 0xa3, 0x10, 0xa3, 0x10, 0xa3, 0x10, 0xa3, 0x10, 0xc7, 0x8a, 0xc7, 0x8a,
    0xc7, 0x8a, 0xc7, 0x8a, 0xc7, 0x8a, 0xa3, 0x10, 0xa3, 0x10, 0xa3, 0x10, 0xa3, 0x10, 0xa3, 0x10, 0xc7, 0x8a, 0xc7, 0x8a, 0xc7, 0x8a, 0xc7, 0x8a,
    0x4f, 0xed, 0x4f, 0xed, 0x4f, 0xed, 0x4f, 0xed, 0x4f, 0xed, 0xa3, 0x10, 0xa3, 0x10, 0xa3, 0x10, 0xa3, 0x10, 0xa3, 0x10, 0xa3, 0x10, 0xa3, 0x10,
    0xa3, 0x10, 0xa3, 0x10, 0xa3, 0x10, 0xa3, 0x10, 0xa3, 0x10, 0xa3, 0x10, 0xa3, 0x10, 0xa3, 0x10, 0x4f, 0xed, 0x4f, 0xed, 0x4f, 0xed, 0x4f, 0xed,
    0x4f, 0xed, 0xc7, 0x8a, 0xc7, 0x8a, 0xc7, 0x8a, 0xc7, 0x8a, 0xc7, 0x8a, 0xa3, 0x10, 0xa3, 0x10, 0xa3, 0x10, 0xc7, 0x8a, 0xc7, 0x8a, 0xc7, 0x8a,
    0xc7, 0x8a, 0xc7, 0x8a, 0xc7, 0x8a, 0xc7, 0x8a, 0xa3, 0x10, 0xa3, 0x10, 0xa3, 0x10, 0xc7, 0x8a, 0xc7, 0x8a, 0xc7, 0x8a, 0xc7, 0x8a, 0xc7, 0x8a,
    0x4f, 0xed, 0x4f, 0xed, 0x4f, 0xed, 0x4f, 0xed, 0x4f, 0xed, 0xa3, 0x10, 0xa3, 0x10, 0xa3, 0x10, 0xa3, 0x10, 0xa3, 0x10, 0xa3, 0x10, 0xa3, 0x10,
    0xa3, 0x10, 0xa3, 0x10, 0xa3, 0x10, 0xa3, 0x10, 0xa3, 0x10, 0xa3, 0x10, 0xa3, 0x10, 0xa3, 0x10, 0x4f, 0xed, 0x4f, 0xed, 0x4f, 0xed, 0x4f, 0xed,
    0x4f, 0xed, 0xc7, 0x8a, 0xc7, 0x8a, 0xc7, 0x8a, 0xc7, 0x8a, 0xc7, 0x8a, 0xc7, 0x8a, 0xc7, 0x8a, 0xc7, 0x8a, 0xc7, 0x8a, 0xc7, 0x8a, 0xc7, 0x8a,
    0xc7, 0x8a, 0xc7, 0x8a, 0xc7, 0x8a, 0xc7, 0x8a, 0xc7, 0x8a, 0xc7, 0x8a, 0xc7, 0x8a, 0xc7, 0x8a, 0xc7, 0x8a, 0xc7, 0x8a, 0xc7, 0x8a, 0xc7, 0x8a,
    0x4f, 0xed, 0x4f, 0xed, 0x4f, 0xed, 0x4f, 0xed, 0x4f, 0xed, 0xa3, 0x10, 0xa3, 0x10, 0xa3, 0x10, 0xa3, 0x10, 0xa3, 0x10, 0xa3, 0x10, 0xa3, 0x10,
    0xa3, 0x10, 0xa3, 0x10, 0xa3, 0x10, 0xa3, 0x10, 0xa3, 0x10, 0xa3, 0x10, 0xa3, 0x10, 0xa3, 0x10, 0x4f, 0xed, 0x4f, 0xed, 0x4f, 0xed, 0x4f, 0xed,
    0x4f, 0xed, 0xc7, 0x8a, 0xc7, 0x8a, 0xc7, 0x8a, 0xc7, 0x8a, 0xc7, 0x8a, 0xc7, 0x8a, 0xc7, 0x8a, 0xc7, 0x8a, 0xc7, 0x8a, 0xc7, 0x8a, 0xc7, 0x8a,
    0xc7, 0x8a, 0xc7, 0x8a, 0xc7, 0x8a, 0xc7, 0x8a, 0xc7, 0x8a, 0xc7, 0x8a, 0xc7, 0x8a, 0xc7, 0x8a, 0xc7, 0x8a, 0xc7, 0x8a, 0xc7, 0x8a, 0xc7, 0x8a,
    0x4f, 0xed, 0x4f, 0xed, 0x4f, 0xed, 0x4f, 0xed, 0x4f, 0xed, 0xa3, 0x10, 0xa3, 0x10, 0xa3, 0x10, 0xa3, 0x10, 0xa3, 0x10, 0xa3, 0x10, 0xa3, 0x10,
    0xa3, 0x10, 0xa3, 0x10, 0xa3, 0x10, 0xa3, 0x10, 0xa3, 0x10, 0xa3, 0x10, 0xa3, 0x10, 0xa3, 0x10, 0x4f, 0xed, 0x4f, 0xed, 0x4f, 0xed, 0x4f, 0xed,
    0x4f, 0xed, 0xc7, 0x8a, 0xc7, 0x8a, 0xc7, 0x8a, 0xc7, 0x8a, 0xc7, 0x8a, 0xc7, 0x8a, 0xc7, 0x8a, 0xc7, 0x8a, 0xc7, 0x8a, 0xc7, 0x8a, 0xc7, 0x8a,
    0xc7, 0x8a, 0xc7, 0x8a, 0xc7, 0x8a, 0xc7, 0x8a, 0xc7, 0x8a, 0xc7, 0x8a, 0xc7, 0x8a, 0xc7, 0x8a, 0xc7, 0x8a, 0xc7, 0x8a, 0xc7, 0x8a, 0xc7, 0x8a,
    0x4f, 0xed, 0x4f, 0xed, 0x4f, 0xed, 0x4f, 0xed, 0x4f, 0xed, 0xa3, 0x10, 0xa3, 0x10, 0xa3, 0x10, 0xa3, 0x10, 0xa3, 0x10, 0xa3, 0x10, 0xa3, 0x10,
    0xa3, 0x10, 0xa3, 0x10, 0xa3, 0x10, 0xa3, 0x10, 0xa3, 0x10, 0xa3, 0x10, 0xa3, 0x10, 0xa3, 0x10, 0x4f, 0xed, 0x4f, 0xed, 0x4f, 0xed, 0x4f, 0xed,
    0x4f, 0xed, 0xc7, 0x8a, 0xc7, 0x8a, 0xc7, 0x8a, 0xc7, 0x8a, 0xc7, 0x8a, 0xc7, 0x8a, 0xc7, 0x8a, 0x4d, 0xfb, 0x4d, 0xfb, 0x4d, 0xfb, 0x4d, 0xfb,
    0x4d, 0xfb, 0x4d, 0xfb, 0x4d, 0xfb, 0x4d, 0xfb, 0x4d, 0xfb, 0xc7, 0x8a, 0xc7, 0x8a, 0xc7, 0x8a, 0xc7, 0x8a, 0xc7, 0x8a, 0xc7, 0x8a, 0xc7, 0x8a,
    0x4f, 0xed, 0x4f, 0xed, 0x4f, 0xed, 0x4f, 0xed, 0x4f, 0xed, 0xa3, 0x10, 0xa3, 0x10, 0xa3, 0x10, 0xa3, 0x10, 0xa3, 0x10, 0xa3, 0x10, 0xa3, 0x10,
    0xa3, 0x10, 0xa3, 0x10, 0xa3, 0x10, 0xa3, 0x10, 0xa3, 0x10, 0xa3, 0x10, 0xa3, 0x10, 0xa3, 0x10, 0xa3, 0x10, 0x4f, 0xed, 0x4f, 0xed, 0x4f, 0xed,
    0x4f, 0xed, 0xc7, 0x8a, 0xc7, 0x8a, 0xc7, 0x8a, 0xc7, 0x8a, 0xc7, 0x8a, 0xc7, 0x8a, 0xc7, 0x8a, 0x4d, 0xfb, 0x4d, 0xfb, 0x4d, 0xfb, 0x4d, 0xfb,
    0x4d, 0xfb, 0x4d, 0xfb, 0x4d, 0xfb, 0x4d, 0xfb, 0x4d, 0xfb, 0xc7, 0x8a, 0xc7, 0x8a, 0xc7, 0x8a, 0xc7, 0x8a, 0xc7, 0x8a, 0xc7, 0x8a, 0xc7, 0x8a,
    0x4f, 0xed, 0x4f, 0xed, 0x4f, 0xed, 0x4f, 0xed, 0xa3, 0x10, 0xa3, 0x10, 0xa3, 0x10, 0xa3, 0x10, 0xa3, 0x10, 0xa3, 0x10, 0xa3, 0x10, 0xa3, 0x10,
    0xa3, 0x10, 0xa3, 0x10, 0xa3, 0x10, 0xa3, 0x10, 0xa3, 0x10, 0xa3, 0x10, 0xa3, 0x10, 0xa3, 0x10, 0xa3, 0x10, 0x4f, 0xed, 0x4f, 0xed, 0x4f, 0xed,
    0x4f, 0xed, 0x4f, 0xed, 0xc7, 0x8a, 0xc7, 0x8a, 0xc7, 0x8a, 0xc7, 0x8a, 0xc7, 0x8a, 0xc7, 0x8a, 0x4d, 0xfb, 0x4d, 0xfb, 0x4d, 0xfb, 0x4d, 0xfb,
    0x4d, 0xfb, 0x4d, 0xfb, 0x4d, 0xfb, 0x4d, 0xfb, 0x4d, 0xfb, 0xc7, 0x8a, 0xc7, 0x8a, 0xc7, 0x8a, 0xc7, 0x8a, 0xc7, 0x8a, 0xc7, 0x8a, 0x4f, 0xed,
    0x4f, 0xed, 0x4f, 0xed, 0x4f, 0xed, 0x4f, 0xed, 0xa3, 0x10, 0xa3, 0x10, 0xa3, 0x10, 0xa3, 0x10, 0xa3, 0x10, 0xa3, 0x10, 0xa3, 0x10, 0xa3, 0x10,
    0xa3, 0x10, 0xa3, 0x10, 0xa3, 0x10, 0xa3, 0x10, 0xa3, 0x10, 0xa3, 0x10, 0xa3, 0x10, 0xa3, 0x10, 0xa3, 0x10, 0xa3, 0x10, 0x4f, 0xed, 0x4f, 0xed,
    0x4f, 0xed, 0x4f, 0xed, 0xc7, 0x8a, 0xc7, 0x8a, 0xc7, 0x8a, 0xc7, 0x8a, 0xc7, 0x8a, 0xc7, 0x8a, 0xc7, 0x8a, 0xc7, 0x8a, 0xc7, 0x8a, 0xc7, 0x8a,
    0xc7, 0x8a, 0xc7, 0x8a, 0xc7, 0x8a, 0xc7, 0x8a, 0xc7, 0x8a, 0xc7, 0x8a, 0xc7, 0x8a, 0xc7, 0x8a, 0xc7, 0x8a, 0xc7, 0x8a, 0xc7, 0x8a, 0x4f, 0xed,
    0x4f, 0xed, 0x4f, 0xed, 0x4f, 0xed, 0xa3, 0x10, 0xa3, 0x10, 0xa3, 0x10, 0xa3, 0x10, 0xa3, 0x10, 0xa3, 0x10, 0xa3, 0x10, 0xa3, 0x10, 0xa3, 0x10,
    0xa3, 0x10, 0xa3, 0x10, 0xa3, 0x10, 0xa3, 0x10, 0xa3, 0x10, 0xa3, 0x10, 0xa3, 0x10, 0xa3, 0x10, 0xa3, 0x10, 0xa3, 0x10, 0x4f, 0xed, 0x4f, 0xed,
    0x4f, 0xed, 0x4f, 0xed, 0x4f, 0xed, 0xc7, 0x8a, 0xc7, 0x8a, 0xc7, 0x8a, 0xc7, 0x8a, 0xc7, 0x8a, 0xc7, 0x8a, 0xc7, 0x8a, 0xc7, 0x8a, 0xc7, 0x8a,
    0xc7, 0x8a, 0xc7, 0x8a, 0xc7, 0x8a, 0xc7, 0x8a, 0xc7, 0x8a, 0xc7, 0x8a, 0xc7, 0x8a, 0xc7, 0x8a, 0xc7, 0x8a, 0xc7, 0x8a, 0x4f, 0xed, 0x4f, 0xed,
    0x4f, 0xed, 0x4f, 0xed, 0x4f, 0xed, 0xa3, 0x10, 0xa3, 0x10, 0xa3, 0x10, 0xa3, 0x10, 0xa3, 0x10, 0xa3, 0x10, 0xa3, 0x10, 0xa3, 0x10, 0xa3, 0x10,
    0xa3, 0x10, 0xa3, 0x10, 0xa3, 0x10, 0xa3, 0x10, 0xa3, 0x10, 0xa3, 0x10, 0xa3, 0x10, 0xa3, 0x10, 0xa3, 0x10, 0xa3, 0x10, 0xa3, 0x10, 0x4f, 0xed,
    0x4f, 0xed, 0x4f, 0xed, 0x4f, 0xed, 0x4f, 0xed, 0xc7, 0x8a, 0xc7, 0x8a, 0xc7, 0x8a, 0xc7, 0x8a, 0xc7, 0x8a, 0xc7, 0x8a, 0xc7, 0x8a, 0xc7, 0x8a,
    0xc7, 0x8a, 0xc7, 0x8a, 0xc7, 0x8a, 0xc7, 0x8a, 0xc7, 0x8a, 0xc7, 0x8a, 0xc7, 0x8a, 0xc7, 0x8a, 0xc7, 0x8a, 0x4f, 0xed, 0x4f, 0xed, 0x4f, 0xed,
    0x4f, 0xed, 0x4f, 0xed, 0xa3, 0x10, 0xa3, 0x10, 0xa3, 0x10, 0xa3, 0x10, 0xa3, 0x10, 0xa3, 0x10, 0xa3, 0x10, 0xa3, 0x10, 0xa3, 0x10, 0xa3, 0x10,
    0xa3, 0x10, 0xa3, 0x10, 0xa3, 0x10, 0xa3, 0x10, 0xa3, 0x10, 0xa3, 0x10, 0xa3, 0x10, 0xa3, 0x10, 0xa3, 0x10, 0xa3, 0x10, 0xa3, 0x10, 0xa3, 0x10,
    0x4f, 0xed, 0x4f, 0xed, 0x4f, 0xed, 0x4f, 0xed, 0x4f, 0xed, 0xc7, 0x8a, 0xc7, 0x8a, 0xc7, 0x8a, 0xc7, 0x8a, 0xc7, 0x8a, 0xc7, 0x8a, 0xc7, 0x8a,
    0xc7, 0x8a, 0xc7, 0x8a, 0xc7, 0x8a, 0xc7, 0x8a, 0xc7, 0x8a, 0xc7, 0x8a, 0xc7, 0x8a, 0xc7, 0x8a, 0x4f, 0xed, 0x4f, 0xed, 0x4f, 0xed, 0x4f, 0xed,
    0x4f, 0xed, 0xa3, 0x10, 0xa3, 0x10, 0xa3, 0x10, 0xa3, 0x10, 0xa3, 0x10, 0xa3, 0x10, 0xa3, 0x10, 0xa3, 0x10, 0xa3, 0x10, 0xa3, 0x10, 0xa3, 0x10,
    0xa3, 0x10, 0xa3, 0x10, 0xa3, 0x10, 0xa3, 0x10, 0xa3, 0x10, 0xa3, 0x10, 0xa3, 0x10, 0xa3, 0x10, 0xa3, 0x10, 0xa3, 0x10, 0xa3, 0x10, 0xa3, 0x10,
    0x4f, 0xed, 0x4f, 0xed, 0x4f, 0xed, 0x4f, 0xed, 0x4f, 0xed, 0x4f, 0xed, 0xc7, 0x8a, 0xc7, 0x8a, 0xc7, 0x8a, 0xc7, 0x8a, 0xc7, 0x8a, 0xc7, 0x8a,
    0xc7, 0x8a, 0xc7, 0x8a, 0xc7, 0x8a, 0xc7, 0x8a, 0xc7, 0x8a, 0xc7, 0x8a, 0xc7, 0x8a, 0x4f, 0xed, 0x4f, 0xed, 0x4f, 0xed, 0x4f, 0xed, 0x4f, 0xed,
    0x4f, 0xed, 0xa3, 0x10, 0xa3, 0x10, 0xa3, 0x10, 0xa3, 0x10, 0xa3, 0x10, 0xa3, 0x10, 0xa3, 0x10, 0xa3, 0x10, 0xa3, 0x10, 0xa3, 0x10, 0xa3, 0x10,
    0xa3, 0x10, 0xa3, 0x10, 0xa3, 0x10, 0xa3, 0x10, 0xa3, 0x10, 0xa3, 0x10, 0xa3, 0x10, 0xa3, 0x10, 0xa3, 0x10, 0xa3, 0x10, 0xa3, 0x10, 0xa3, 0x10,
    0xa3, 0x10, 0xa3, 0x10, 0x4f, 0xed, 0x4f, 0xed, 0x4f, 0xed, 0x4f, 0xed, 0x4f, 0xed, 0x4f, 0xed, 0xc7, 0x8a, 0xc7, 0x8a, 0xc7, 0x8a, 0xc7, 0x8a,
    0xc7, 0x8a, 0xc7, 0x8a, 0xc7, 0x8a, 0xc7, 0x8a, 0xc7, 0x8a, 0x4f, 0xed, 0x4f, 0xed, 0x4f, 0xed, 0x4f, 0xed, 0x4f, 0xed, 0x4f, 0xed, 0xa3, 0x10,
    0xa3, 0x10, 0xa3, 0x10, 0xa3, 0x10, 0xa3, 0x10, 0xa3, 0x10, 0xa3, 0x10, 0xa3, 0x10, 0xa3, 0x10, 0xa3, 0x10, 0xa3, 0x10, 0xa3, 0x10, 0xa3, 0x10,
    0xa3, 0x10, 0xa3, 0x10, 0xa3, 0x10, 0xa3, 0x10, 0xa3, 0x10, 0xa3, 0x10, 0xa3, 0x10, 0xa3, 0x10, 0xa3, 0x10, 0xa3, 0x10, 0xa3, 0x10, 0xa3, 0x10,
    0xa3, 0x10, 0xa3, 0x10, 0xa3, 0x10, 0x4f, 0xed, 0x4f, 0xed, 0x4f, 0xed, 0x4f, 0xed, 0x4f, 0xed, 0x4f, 0xed, 0x4f, 0xed, 0x4f, 0xed, 0x4f, 0xed,
    0x4f, 0xed, 0x4f, 0xed, 0x4f, 0xed, 0x4f, 0xed, 0x4f, 0xed, 0x4f, 0xed, 0x4f, 0xed, 0x4f, 0xed, 0x4f, 0xed, 0x4f, 0xed, 0xa3, 0x10, 0xa3, 0x10,
    0xa3, 0x10, 0xa3, 0x10, 0xa3, 0x10, 0xa3, 0x10, 0xa3, 0x10, 0xa3, 0x10, 0xa3, 0x10, 0xa3, 0x10, 0xa3, 0x10, 0xa3, 0x10, 0xa3, 0x10, 0xa3, 0x10,
    0xa3, 0x10, 0xa3, 0x10, 0xa3, 0x10, 0xa3, 0x10, 0xa3, 0x10, 0xa3, 0x10, 0xa3, 0x10, 0xa3, 0x10, 0xa3, 0x10, 0xa3, 0x10, 0xa3, 0x10, 0xa3, 0x10,
    0xa3, 0x10, 0xa3, 0x10, 0xa3, 0x10, 0xa3, 0x10, 0xa3, 0x10, 0x4f, 0xed, 0x4f, 0xed, 0x4f, 0xed, 0x4f, 0xed, 0x4f, 0xed, 0x4f, 0xed, 0x4f, 0xed,
    0x4f, 0xed, 0x4f, 0xed, 0x4f, 0xed, 0x4f, 0xed, 0x4f, 0xed, 0x4f, 0xed, 0x4f, 0xed, 0x4f, 0xed, 0xa3, 0x10, 0xa3, 0x10, 0xa3, 0x10, 0xa3, 0x10,
    0xa3, 0x10, 0xa3, 0x10, 0xa3, 0x10, 0xa3, 0x10, 0xa3, 0x10, 0xa3, 0x10, 0xa3, 0x10, 0xa3, 0x10, 0xa3, 0x10, 0xa3, 0x10, 0xa3, 0x10, 0xa3, 0x10,
    0xa3, 0x10, 0xa3, 0x10, 0xa3, 0x10, 0xa3, 0x10, 0xa3, 0x10, 0xa3, 0x10, 0xa3, 0x10, 0xa3, 0x10, 0xa3, 0x10, 0xa3, 0x10, 0xa3, 0x10, 0xa3, 0x10,
    0xa3, 0x10, 0xa3, 0x10, 0xa3, 0x10, 0xa3, 0x10, 0xa3, 0x10, 0xa3, 0x10, 0xa3, 0x10, 0x4f, 0xed, 0x4f, 0xed, 0x4f, 0xed, 0x4f, 0xed, 0x4f, 0xed,
    0x4f, 0xed, 0x4f, 0xed, 0x4f, 0xed, 0x4f, 0xed, 0x4f, 0xed, 0x4f, 0xed, 0xa3, 0x10, 0xa3, 0x10, 0xa3, 0x10, 0xa3, 0x10, 0xa3, 0x10, 0xa3, 0x10,
    0xa3, 0x10, 0xa3, 0x10, 0xa3, 0x10, 0xa3, 0x10, 0xa3, 0x10, 0xa3, 0x10, 0xa3, 0x10, 0xa3, 0x10, 0xa3, 0x10, 0xa3, 0x10, 0xa3, 0x10, 0xa3, 0x10,
    0xa3, 0x10, 0xa3, 0x10, 0xa3, 0x10, 0xa3, 0x10, 0xa3, 0x10, 0xa3, 0x10, 0xa3, 0x10, 0xa3, 0x10, 0xa3, 0x10, 0xa3, 0x10, 0xa3, 0x10, 0xa3, 0x10,
    0xa3, 0x10, 0xa3, 0x10, 0xa3, 0x10, 0xa3, 0x10, 0xa3, 0x10, 0xa3, 0x10, 0xa3, 0x10, 0xa3, 0x10, 0xa3, 0x10, 0xa3, 0x10, 0xa3, 0x10, 0xa3, 0x10,
    0xa3, 0x10, 0xa3, 0x10, 0xa3, 0x10, 0xa3, 0x10, 0xa3, 0x10, 0xa3, 0x10, 0xa3, 0x10, 0xa3, 0x10, 0xa3, 0x10, 0xa3, 0x10, 0xa3, 0x10, 0xa3, 0x10,
    0xa3, 0x10, 0xa3, 0x10, 0xa3, 0x10, 0xa3, 0x10, 0xa3, 0x10, 0xa3, 0x10, 0xa3, 0x10, 0xa3, 0x10, 0xa3, 0x10, 0xa3, 0x10, 0xa3, 0x10, 0xa3, 0x10,
    0xa3, 0x10, 0xa3, 0x10, 0xa3, 0x10, 0xa3, 0x10, 0xa3, 0x10, 0xa3, 0x10, 0xa3, 0x10, 0xa3, 0x10, 0xa3, 0x10, 0xa3, 0x10, 0xa3, 0x10, 0xa3, 0x10,
    0xa3, 0x10, 0xa3, 0x10, 0xa3, 0x10, 0xa3, 0x10, 0xa3, 0x10, 0xa3, 0x10, 0xa3, 0x10, 0xa3, 0x10, 0xa3, 0x10, 0xa3, 0x10, 0xa3, 0x10, 0xa3, 0x10,
    0xa3, 0x10, 0xa3, 0x10, 0xa3, 0x10, 0xa3, 0x10, 0xa3, 0x10, 0xa3, 0x10, 0xa3, 0x10, 0xa3, 0x10, 0xa3, 0x10, 0xa3, 0x10, 0xa3, 0x10, 0xa3, 0x10,
    0xa3, 0x10, 0xa3, 0x10, 0xa3, 0x10, 0xa3, 0x10, 0xa3, 0x10, 0xa3, 0x10, 0xa3, 0x10, 0xa3, 0x10, 0xa3, 0x10, 0xa3, 0x10, 0xa3, 0x10, 0xa3, 0x10,
    0xa3, 0x10, 0xa3, 0x10, 0xa3, 0x10, 0xa3, 0x10, 0xa3, 0x10, 0xa3, 0x10, 0xa3, 0x10, 0xa3, 0x10, 0xa3, 0x10, 0xa3, 0x10, 0xa3, 0x10, 0xa3, 0x10,
    0xa3, 0x10, 0xa3, 0x10, 0xa3, 0x10, 0xa3, 0x10, 0xa3, 0x10, 0xa3, 0x10, 0xa3, 0x10, 0xa3, 0x10, 0xa3, 0x10, 0xa3, 0x10, 0xa3, 0x10, 0xa3, 0x10,
    0xa3, 0x10, 0xa3, 0x10, 0xa3, 0x10, 0xa3, 0x10, 0xa3, 0x10, 0xa3, 0x10, 0xa3, 0x10, 0xa3, 0x10, 0xa3, 0x10, 0xa3, 0x10, 0xa3, 0x10, 0xa3, 0x10,
    0xa3, 0x10, 0xa3, 0x10, 0xa3, 0x10, 0xa3, 0x10, 0xa3, 0x10, 0xa3, 0x10, 0xa3, 0x10, 0xa3, 0x10, 0xa3, 0x10, 0xa3, 0x10, 0xa3, 0x10, 0xa3, 0x10,
    0xa3, 0x10, 0xa3, 0x10, 0xa3, 0x10, 0xa3, 0x10, 0xa3, 0x10, 0xa3, 0x10, 0xa3, 0x10, 0xa3, 0x10, 0xa3, 0x10, 0xa3, 0x10, 0xa3, 0x10, 0xa3, 0x10,
    0xa3, 0x10, 0xa3, 0x10, 0xa3, 0x10, 0xa3, 0x10, 0xa3, 0x10, 0xa3, 0x10, 0xa3, 0x10, 0xa3, 0x10, 0xa3, 0x10, 0xa3, 0x10, 0xa3, 0x10, 0xa3, 0x10,
    0xa3, 0x10, 0xa3, 0x10, 0xa3, 0x10, 0xa3, 0x10, 0xa3, 0x10, 0xa3, 0x10, 0xa3, 0x10, 0xa3, 0x10, 0xa3, 0x10, 0xa3, 0x10, 0xa3, 0x10, 0xa3, 0x10,
    0xa3, 0x10, 0xa3, 0x10, 0xa3, 0x10, 0xa3, 0x10, 0xa3, 0x10, 0xa3, 0x10, 0xa3, 0x10, 0xa3, 0x10, 0xa3, 0x10, 0xa3, 0x10, 0xa3, 0x10, 0xa3, 0x10,
    0xa3, 0x10, 0xa3, 0x10, 0xa3, 0x10, 0xa3, 0x10, 0xa3, 0x10, 0xa3, 0x10, 0xa3, 0x10, 0xa3, 0x10, 0xa3, 0x10, 0xa3, 0x10, 0xa3, 0x10, 0xa3, 0x10,
    0xa3, 0x10, 0xa3, 0x10, 0xa3, 0x10, 0xa3, 0x10, 0xa3, 0x10, 0xa3, 0x10, 0xa3, 0x10, 0xa3, 0x10, 0xa3, 0x10, 0xa3, 0x10, 0xa3, 0x10, 0xa3, 0x10,
    0xa3, 0x10, 0xa3, 0x10, 0xa3, 0x10, 0xa3, 0x10, 0xa3, 0x10, 0xa3, 0x10, 0xa3, 0x10, 0xa3, 0x10, 0xa3, 0x10, 0xa3, 0x10, 0xa3, 0x10, 0xa3, 0x10,
    0xa3, 0x10, 0xa3, 0x10, 0xa3, 0x10, 0xa3, 0x10, 0xa3, 0x10, 0xa3, 0x10, 0xa3, 0x10, 0xa3, 0x10, 0xa3, 0x10, 0xa3, 0x10, 0xa3, 0x10, 0xa3, 0x10,
};

static const lv_image_dsc_t avatar_5 = {
    .header.magic = LV_IMAGE_HEADER_MAGIC,
    .header.cf = LV_COLOR_FORMAT_RGB565,
    .header.w = 48,
    .header.h = 48,
    .header.stride = 96,
    .data_size = 4608,
    .data = avatar_5_map,
};

static const uint8_t avatar_6_map[] = {
    0xa3, 0x10, 0xa3, 0x10, 0xa3, 0x10, 0xa3, 0x10, 0xa3, 0x10, 0xa3, 0x10, 0xa3, 0x10, 0xa3, 0x10, 0xa3, 0x10, 0xa3, 0x10, 0xa3, 0x10, 0xa3, 0x10,
    0xa3, 0x10, 0xa3, 0x10, 0xa3, 0x10, 0xa3, 0x10, 0xa3, 0x10, 0xa3, 0x10, 0xa3, 0x10, 0xa3, 0x10, 0xa3, 0x10, 0xa3, 0x10, 0xa3, 0x10, 0xa3, 0x10,
    0xa3, 0x10, 0xa3, 0x10, 0xa3, 0x10, 0xa3, 0x10, 0xa3, 0x10, 0xa3, 0x10, 0xa3, 0x10, 0xa3, 0x10, 0xa3, 0x10, 0xa3, 0x10, 0xa3, 0x10, 0xa3, 0x10,
    0xa3, 0x10, 0xa3, 0x10, 0xa3, 0x10, 0xa3, 0x10, 0xa3, 0x10, 0xa3, 0x10, 0xa3, 0x10, 0xa3, 0x10, 0xa3, 0x10, 0xa3, 0x10, 0xa3, 0x10, 0xa3, 0x10,
    0xa3, 0x10, 0xa3, 0x10, 0xa3, 0x10, 0xa3, 0x10, 0xa3, 0x10, 0xa3, 0x10, 0xa3, 0x10, 0xa3, 0x10, 0xa3, 0x10, 0xa3, 0x10, 0xa3, 0x10, 0xa3, 0x10,
    0xa3, 0x10, 0xa3, 0x10, 0xa3, 0x10, 0xa3, 0x10, 0xa3, 0x10, 0xa3, 0x10, 0xa3, 0x10, 0xa3, 0x10, 0xa3, 0x10, 0xa3, 0x10, 0xa3, 0x10, 0xa3, 0x10,
    0xa3, 0x10, 0xa3, 0x10, 0xa3, 0x10, 0xa3, 0x10, 0xa3, 0x10, 0xa3, 0x10, 0xa3, 0x10, 0xa3, 0x10, 0xa3, 0x10, 0xa3, 0x10, 0xa3, 0x10, 0xa3, 0x10,
    0xa3, 0x10, 0xa3, 0x10, 0xa3, 0x10, 0xa3, 0x10, 0xa3, 0x10, 0xa3, 0x10, 0xa3, 0x10, 0xa3, 0x10, 0xa3, 0x10, 0xa3, 0x10, 0xa3, 0x10, 0xa3, 0x10,
    0xa3, 0x10, 0xa3, 0x10, 0xa3, 0x10, 0xa3, 0x10, 0xa3, 0x10, 0xa3, 0x10, 0xa3, 0x10, 0xa3, 0x10, 0xa3, 0x10, 0xa3, 0x10, 0xa3, 0x10, 0xa3, 0x10,
    0xa3, 0x10, 0xa3, 0x10, 0xa3, 0x10, 0xa3, 0x10, 0xa3, 0x10, 0xa3, 0x10, 0xa3, 0x10, 0xa3, 0x10, 0xa3, 0x10, 0xa3, 0x10, 0xa3, 0x10, 0xa3, 0x10,
    0xa3, 0x10, 0xa3, 0x10, 0xa3, 0x10, 0xa3, 0x10, 0xa3, 0x10, 0xa3, 0x10, 0xa3, 0x10, 0xa3, 0x10, 0xa3, 0x10, 0xa3, 0x10, 0xa3, 0x10, 0xa3, 0x10,
    0xa3, 0x10, 0xa3, 0x10, 0xa3, 0x10, 0xa3, 0x10, 0xa3, 0x10, 0xa3, 0x10, 0xa3, 0x10, 0xa3, 0x10, 0xa3, 0x10, 0xa3, 0x10, 0xa3, 0x10, 0xa3, 0x10,
    0xa3, 0x10, 0xa3, 0x10, 0xa3, 0x10, 0xa3, 0x10, 0xa3, 0x10, 0xa3, 0x10, 0xa3, 0x10, 0xa3, 0x10, 0xa3, 0x10, 0xa3, 0x10, 0xa3, 0x10, 0xa3, 0x10,
    0xa3, 0x10, 0xa3, 0x10, 0xa3, 0x10, 0xa3, 0x10, 0xa3, 0x10, 0xa3, 0x10, 0xa3, 0x10, 0xa3, 0x10, 0xa3, 0x10, 0xa3, 0x10, 0xa3, 0x10, 0xa3, 0x10,
    0xa3, 0x10, 0xa3, 0x10, 0xa3, 0x10, 0xa3, 0x10, 0xa3, 0x10, 0xa3, 0x10, 0xa3, 0x10, 0xa3, 0x10, 0xa3, 0x10, 0xa3, 0x10, 0xa3, 0x10, 0xa3, 0x10,
    0xa3, 0x10, 0xa3, 0x10, 0xa3, 0x10, 0xa3, 0x10, 0xa3, 0x10, 0xa3, 0x10, 0xa3, 0x10, 0xa3, 0x10, 0xa3, 0x10, 0xa3, 0x10, 0xa3, 0x10, 0xa3, 0x10,
    0xa3, 0x10, 0xa3, 0x10, 0xa3, 0x10, 0xa3, 0x10, 0xa3, 0x10, 0xa3, 0x10, 0xa3, 0x10, 0xa3, 0x10, 0xa3, 0x10, 0xa3, 0x10, 0xa3, 0x10, 0xa3, 0x10,
    0xa3, 0x10, 0xa3, 0x10, 0xa3, 0x10, 0xa3, 0x10, 0xa3, 0x10, 0xa3, 0x10, 0xa3, 0x10, 0xa3, 0x10, 0xa3, 0x10, 0xa3, 0x10, 0xa3, 0x10, 0xa3, 0x10,
    0xa3, 0x10, 0xa3, 0x10, 0xa3, 0x10, 0xa3, 0x10, 0xa3, 0x10, 0xa3, 0x10, 0xa3, 0x10, 0xa3, 0x10, 0xa3, 0x10, 0xa3, 0x10, 0xa3, 0x10, 0xa3, 0x10,
    0xa3, 0x10, 0xa3, 0x10, 0xa3, 0x10, 0xa3, 0x10, 0xa3, 0x10, 0xa3, 0x10, 0xa3, 0x10, 0xa3, 0x10, 0xa3, 0x10, 0xa3, 0x10, 0xa3, 0x10, 0xa3, 0x10,
    0xa3, 0x10, 0xa3, 0x10, 0xa3, 0x10, 0xa3, 0x10, 0xa3, 0x10, 0xa3, 0x10, 0xa3, 0x10, 0xa3, 0x10, 0xa3, 0x10, 0xa3, 0x10, 0xa3, 0x10, 0xa3, 0x10,
    0xa3, 0x10, 0xa3, 0x10, 0xa3, 0x10, 0xa3, 0x10, 0xa3, 0x10, 0xa3, 0x10, 0xa3, 0x10, 0xa3, 0x10, 0xa3, 0x10, 0xa3, 0x10, 0xa3, 0x10, 0xa3, 0x10,
    0xa3, 0x10, 0xa3, 0x10, 0xa3, 0x10, 0xa3, 0x10, 0xa3, 0x10, 0xa3, 0x10, 0xa3, 0x10, 0xa3, 0x10, 0xa3, 0x10, 0xa3, 0x10, 0xa3, 0x10, 0xa3, 0x10,
    0xa3, 0x10, 0xa3, 0x10, 0xa3, 0x10, 0xa3, 0x10, 0xa3, 0x10, 0xa3, 0x10, 0xa3, 0x10, 0xa3, 0x10, 0xa3, 0x10, 0xa3, 0x10, 0xa3, 0x10, 0xa3, 0x10,
    0xa3, 0x10, 0xa3, 0x10, 0xa3, 0x10, 0xa3, 0x10, 0xa3, 0x10, 0xa3, 0x10, 0xa3, 0x10, 0xa3, 0x10, 0xa3, 0x10, 0xa3, 0x10, 0xa3, 0x10, 0xa3, 0x10,
    0xa3, 0x10, 0xa3, 0x10, 0xa3, 0x10, 0xa3, 0x10, 0xa3, 0x10, 0xa3, 0x10, 0xa3, 0x10, 0xa3, 0x10, 0xa3, 0x10, 0xa3, 0x10, 0xa3, 0x10, 0xa3, 0x10,
    0xa3, 0x10, 0xa3, 0x10, 0xa3, 0x10, 0xa3, 0x10, 0xa3, 0x10, 0xa3, 0x10, 0xa3, 0x10, 0xa3, 0x10, 0xa3, 0x10, 0xa3, 0x10, 0xa3, 0x10, 0xa3, 0x10,
    0xa3, 0x10, 0xa3, 0x10, 0xa3, 0x10, 0xa3, 0x10, 0xa3, 0x10, 0xa3, 0x10, 0xa3, 0x10, 0xa3, 0x10, 0xa3, 0x10, 0xa3, 0x10, 0xa3, 0x10, 0xa3, 0x10,
    0xa3, 0x10, 0xa3, 0x10, 0xa3, 0x10, 0xa3, 0x10, 0xa3, 0x10, 0xa3, 0x10, 0xa3, 0x10, 0xa3, 0x10, 0xa3, 0x10, 0xa3, 0x10, 0xa3, 0x10, 0xa3, 0x10,
    0xa3, 0x10, 0xa3, 0x10, 0xa3, 0x10, 0xa3, 0x10, 0xa3, 0x10, 0xa3, 0x10, 0xa3, 0x10, 0xa3, 0x10, 0xa3, 0x10, 0xa3, 0x10, 0xa3, 0x10, 0xa3, 0x10,
    0xa3, 0x10, 0xa3, 0x10, 0xa3, 0x10, 0xa3, 0x10, 0xa3, 0x10, 0xa3, 0x10, 0xa3, 0x10, 0xa3, 0x10, 0xa3, 0x10, 0xa3, 0x10, 0xa3, 0x10, 0xa3, 0x10,
    0xa3, 0x10, 0xa3, 0x10, 0xa3, 0x10, 0xa3, 0x10, 0xa3, 0x10, 0xa3, 0x10, 0xa3, 0x10, 0xa3, 0x10, 0xa3, 0x10, 0xa3, 0x10, 0xa3, 0x10, 0xa3, 0x10,
    0xa3, 0x10, 0xa3, 0x10, 0xa3, 0x10, 0xa3, 0x10, 0xa3, 0x10, 0xa3, 0x10, 0xa3, 0x10, 0xa3, 0x10, 0xa3, 0x10, 0xa3, 0x10, 0xa3, 0x10, 0xa3, 0x10,
    0xa3, 0x10, 0xa3, 0x10, 0xa3, 0x10, 0xa3, 0x10, 0xa3, 0x10, 0xa3, 0x10, 0xa3, 0x10, 0xa3, 0x10, 0xa3, 0x10, 0xa3, 0x10, 0xa3, 0x10, 0xa3, 0x10,
    0xa3, 0x10, 0xa3, 0x10, 0xa3, 0x10, 0xa3, 0x10, 0xa3, 0x10, 0xa3, 0x10, 0xa3, 0x10, 0xa3, 0x10, 0xa3, 0x10, 0xa3, 0x10, 0xa3, 0x10, 0xa3, 0x10,
    0xa3, 0x10, 0xa3, 0x10, 0xa3, 0x10, 0xa3, 0x10, 0xa3, 0x10, 0xa3, 0x10, 0xa3, 0x10, 0xa3, 0x10, 0xa3, 0x10, 0xa3, 0x10, 0xa3, 0x10, 0xa3, 0x10,
    0xa3, 0x10, 0xa3, 0x10, 0xa3, 0x10, 0xa3, 0x10, 0xa3, 0x10, 0xa3, 0x10, 0xa3, 0x10, 0xa3, 0x10, 0xa3, 0x10, 0xa3, 0x10, 0xa3, 0x10, 0xa3, 0x10,
    0xa3, 0x10, 0xa3, 0x10, 0xa3, 0x10, 0xa3, 0x10, 0xa3, 0x10, 0xa3, 0x10, 0xa3, 0x10, 0xa3, 0x10, 0xa3, 0x10, 0xa3, 0x10, 0xa3, 0x10, 0xa3, 0x10,
    0xa3, 0x10, 0xa3, 0x10, 0xa3, 0x10, 0xa3, 0x10, 0xa3, 0x10, 0xa3, 0x10, 0xa3, 0x10, 0xa3, 0x10, 0xa3, 0x10, 0xa3, 0x10, 0xa3, 0x10, 0xa3, 0x10,
    0xa3, 0x10, 0xa3, 0x10, 0xa3, 0x10, 0xa3, 0x10, 0xa3, 0x10, 0xa3, 0x10, 0xa3, 0x10, 0xa3, 0x10, 0xa3, 0x10, 0xa3, 0x10, 0xa3, 0x10, 0xa3, 0x10,
    0xa3, 0x10, 0xa3, 0x10, 0xa3, 0x10, 0xa3, 0x10, 0xa3, 0x10, 0xa3, 0x10, 0xa3, 0x10, 0xa3, 0x10, 0xa3, 0x10, 0xa3, 0x10, 0xa3, 0x10, 0xa3, 0x10,
    0xa3, 0x10, 0xa3, 0x10, 0xa3, 0x10, 0xa3, 0x10, 0xa3, 0x10, 0xa3, 0x10, 0xa3, 0x10, 0x78, 0x4e, 0x78, 0x4e, 0x78, 0x4e, 0x78, 0x4e, 0x78, 0x4e,
    0x78, 0x4e, 0x78, 0x4e, 0x78, 0x4e, 0x78, 0x4e, 0x78, 0x4e, 0x78, 0x4e, 0xa3, 0x10, 0xa3, 0x10, 0xa3, 0x10, 0xa3, 0x10, 0xa3, 0x10, 0xa3, 0x10,
    0xa3, 0x10, 0xa3, 0x10, 0xa3, 0x10, 0xa3, 0x10, 0xa3, 0x10, 0xa3, 0x10, 0xa3, 0x10, 0xa3, 0x10, 0xa3, 0x10, 0xa3, 0x10, 0xa3, 0x10, 0xa3, 0x10,
    0xa3, 0x10, 0xa3, 0x10, 0xa3, 0x10, 0xa3, 0x10, 0xa3, 0x10, 0xa3, 0x10, 0xa3, 0x10, 0xa3, 0x10, 0xa3, 0x10, 0xa3, 0x10, 0xa3, 0x10, 0xa3, 0x10,
    0xa3, 0x10, 0xa3, 0x10, 0xa3, 0x10, 0xa3, 0x10, 0xa3, 0x10, 0x78, 0x4e, 0x78, 0x4e, 0x78, 0x4e, 0x78, 0x4e, 0x78, 0x4e, 0x78, 0x4e, 0x78, 0x4e,
    0x78, 0x4e, 0x78, 0x4e, 0x78, 0x4e, 0x78, 0x4e, 0x78, 0x4e, 0x78, 0x4e, 0x78, 0x4e, 0x78, 0x4e, 0xa3, 0x10, 0xa3, 0x10, 0xa3, 0x10, 0xa3, 0x10,
    0xa3, 0x10, 0xa3, 0x10, 0xa3, 0x10, 0xa3, 0x10, 0xa3, 0x10, 0xa3, 0x10, 0xa3, 0x10, 0xa3, 0x10, 0xa3, 0x10, 0xa3, 0x10, 0xa3, 0x10, 0xa3, 0x10,
    0xa3, 0x10, 0xa3, 0x10, 0xa3, 0x10, 0xa3, 0x10, 0xa3, 0x10, 0xa3, 0x10, 0xa3, 0x10, 0xa3, 0x10, 0xa3, 0x10, 0xa3, 0x10, 0xa3, 0x10, 0xa3, 0x10,
    0xa3, 0x10, 0xa3, 0x10, 0xa3, 0x10, 0x78, 0x4e, 0x78, 0x4e, 0x78, 0x4e, 0x78, 0x4e, 0x78, 0x4e, 0x78, 0x4e, 0x78, 0x4e, 0x78, 0x4e, 0x78, 0x4e,
    0x78, 0x4e, 0x78, 0x4e, 0x78, 0x4e, 0x78, 0x4e, 0x78, 0x4e, 0x78, 0x4e, 0x78, 0x4e, 0x78, 0x4e, 0x78, 0x4e, 0x78, 0x4e, 0xa3, 0x10, 0xa3, 0x10,
    0xa3, 0x10, 0xa3, 0x10, 0xa3, 0x10, 0xa3, 0x10, 0xa3, 0x10, 0xa3, 0x10, 0xa3, 0x10, 0xa3, 0x10, 0xa3, 0x10, 0xa3, 0x10, 0xa3, 0x10, 0xa3, 0x10,
    0xa3, 0x10, 0xa3, 0x10, 0xa3, 0x10, 0xa3, 0x10, 0xa3, 0x10, 0xa3, 0x10, 0xa3, 0x10, 0xa3, 0x10, 0xa3, 0x10, 0xa3, 0x10, 0xa3, 0x10, 0xa3, 0x10,
    0xa3, 0x10, 0xa3, 0x10, 0x78, 0x4e, 0x78, 0x4e, 0x78, 0x4e, 0x78, 0x4e, 0x78, 0x4e, 0x78, 0x4e, 0x78, 0x4e, 0x78, 0x4e, 0x78, 0x4e, 0x78, 0x4e,
    0x78, 0x4e, 0x78, 0x4e, 0x78, 0x4e, 0x78, 0x4e, 0x78, 0x4e, 0x78, 0x4e, 0x78, 0x4e, 0x78, 0x4e, 0x78, 0x4e, 0x78, 0x4e, 0x78, 0x4e, 0xa3, 0x10,
    0xa3, 0x10, 0xa3, 0x10, 0xa3, 0x10, 0xa3, 0x10, 0xa3, 0x10, 0xa3, 0x10, 0xa3, 0x10, 0xa3, 0x10, 0xa3, 0x10, 0xa3, 0x10, 0xa3, 0x10, 0xa3, 0x10,
    0xa3, 0x10, 0xa3, 0x10, 0xa3, 0x10, 0xa3, 0x10, 0xa3, 0x10, 0xa3, 0x10, 0xa3, 0x10, 0xa3, 0x10, 0xa3, 0x10, 0xa3, 0x10, 0xa3, 0x10, 0xa3, 0x10,
    0x78, 0x4e, 0x78, 0x4e, 0x78, 0x4e, 0x78, 0x4e, 0x78, 0x4e, 0x78, 0x4e, 0x78, 0x4e, 0x78, 0x4e, 0x78, 0x4e, 0x78, 0x4e, 0x78, 0x4e, 0x78, 0x4e,
    0x78, 0x4e, 0x78, 0x4e, 0x78, 0x4e, 0x78, 0x4e, 0x78, 0x4e, 0x78, 0x4e, 0x78, 0x4e, 0x78, 0x4e, 0x78, 0x4e, 0x78, 0x4e, 0x78, 0x4e, 0x78, 0x4e,
    0x78, 0x4e, 0xa3, 0x10, 0xa3, 0x10, 0xa3, 0x10, 0xa3, 0x10, 0xa3, 0x10, 0xa3, 0x10, 0xa3, 0x10, 0xa3, 0x10, 0xa3, 0x10, 0xa3, 0x10, 0xa3, 0x10,
    0xa3, 0x10, 0xa3, 0x10, 0xa3, 0x10, 0xa3, 0x10, 0xa3, 0x10, 0xa3, 0x10, 0xa3, 0x10, 0xa3, 0x10, 0xa3, 0x10, 0xa3, 0x10, 0xa3, 0x10, 0xa3, 0x10,
    0x78, 0x4e, 0x78, 0x4e, 0x78, 0x4e, 0x78, 0x4e, 0x78, 0x4e, 0x78, 0x4e, 0x78, 0x4e, 0x78, 0x4e, 0x78, 0x4e, 0x78, 0x4e, 0x78, 0x4e, 0x78, 0x4e,
    0x78, 0x4e, 0x78, 0x4e, 0x78, 0x4e, 0x78, 0x4e, 0x78, 0x4e, 0x78, 0x4e, 0x78, 0x4e, 0x78, 0x4e, 0x78, 0x4e, 0x78, 0x4e, 0x78, 0x4e, 0x78, 0x4e,
    0x78, 0x4e, 0xa3, 0x10, 0xa3, 0x10, 0xa3, 0x10, 0xa3, 0x10, 0xa3, 0x10, 0xa3, 0x10, 0xa3, 0x10, 0xa3, 0x10, 0xa3, 0x10, 0xa3, 0x10, 0xa3, 0x10,
    0xa3, 0x10, 0xa3, 0x10, 0xa3, 0x10, 0xa3, 0x10, 0xa3, 0x10, 0xa3, 0x10, 0xa3, 0x10, 0xa3, 0x10, 0xa3, 0x10, 0xa3, 0x10, 0xa3, 0x10, 0x78, 0x4e,
    0x78, 0x4e, 0x78, 0x4e, 0x78, 0x4e, 0x78, 0x4e, 0x78, 0x4e, 0x78, 0x4e, 0x78, 0x4e, 0x78, 0x4e, 0x78, 0x4e, 0x78, 0x4e, 0x78, 0x4e, 0x78, 0x4e,
    0x78, 0x4e, 0x78, 0x4e, 0x78, 0x4e, 0x78, 0x4e, 0x78, 0x4e, 0x78, 0x4e, 0x78, 0x4e, 0x78, 0x4e, 0x78, 0x4e, 0x78, 0x4e, 0x78, 0x4e, 0x78, 0x4e,
    0x78, 0x4e, 0x78, 0x4e, 0xa3, 0x10, 0xa3, 0x10, 0xa3, 0x10, 0xa3, 0x10, 0xa3, 0x10, 0xa3, 0x10, 0xa3, 0x10, 0xa3, 0x10, 0xa3, 0x10, 0xa3, 0x10,
    0xa3, 0x10, 0xa3, 0x10, 0xa3, 0x10, 0xa3, 0x10, 0xa3, 0x10, 0xa3, 0x10, 0xa3, 0x10, 0xa3, 0x10, 0xa3, 0x10, 0xa3, 0x10, 0x78, 0x4e, 0x78, 0x4e,
    0x78, 0x4e, 0x78, 0x4e, 0x78, 0x4e, 0x78, 0x4e, 0x78, 0x4e, 0x78, 0x4e, 0x78, 0x4e, 0x78, 0x4e, 0x70, 0x2c, 0x70, 0x2c, 0x70, 0x2c, 0x70, 0x2c,
    0x70, 0x2c, 0x70, 0x2c, 0x70, 0x2c, 0x70, 0x2c, 0x70, 0x2c, 0x78, 0x4e, 0x78, 0x4e, 0x78, 0x4e, 0x78, 0x4e, 0x78, 0x4e, 0x78, 0x4e, 0x78, 0x4e,
    0x78, 0x4e, 0x78, 0x4e, 0x78, 0x4e, 0xa3, 0x10, 0xa3, 0x10, 0xa3, 0x10, 0xa3, 0x10, 0xa3, 0x10, 0xa3, 0x10, 0xa3, 0x10, 0xa3, 0x10, 0xa3, 0x10,
    0xa3, 0x10, 0xa3, 0x10, 0xa3, 0x10, 0xa3, 0x10, 0xa3, 0x10, 0xa3, 0x10, 0xa3, 0x10, 0xa3, 0x10, 0xa3, 0x10, 0xa3, 0x10, 0x78, 0x4e, 0x78, 0x4e,
    0x78, 0x4e, 0x78, 0x4e, 0x78, 0x4e, 0x78, 0x4e, 0x78, 0x4e, 0x78, 0x4e, 0x70, 0x2c, 0x70, 0x2c, 0x70, 0x2c, 0x70, 0x2c, 0x70, 0x2c, 0x70, 0x2c,
    0x70, 0x2c, 0x70, 0x2c, 0x70, 0x2c, 0x70, 0x2c, 0x70, 0x2c, 0x70, 0x2c, 0x70, 0x2c, 0x78, 0x4e, 0x78, 0x4e, 0x78, 0x4e, 0x78, 0x4e, 0x78, 0x4e,
    0x78, 0x4e, 0x78, 0x4e, 0x78, 0x4e, 0xa3, 0x10, 0xa3, 0x10, 0xa3, 0x10, 0xa3, 0x10, 0xa3, 0x10, 0xa3, 0x10, 0xa3, 0x10, 0xa3, 0x10, 0xa3, 0x10,
    0xa3, 0x10, 0xa3, 0x10, 0xa3, 0x10, 0xa3, 0x10, 0xa3, 0x10, 0xa3, 0x10, 0xa3, 0x10, 0xa3, 0x10, 0xa3, 0x10, 0x78, 0x4e, 0x78, 0x4e, 0x78, 0x4e,
    0x78, 0x4e, 0x78, 0x4e, 0x78, 0x4e, 0x78, 0x4e, 0x78, 0x4e, 0x70, 0x2c, 0x70, 0x2c, 0x70, 0x2c, 0x70, 0x2c, 0x70, 0x2c, 0x70, 0x2c, 0x70, 0x2c,
    0x70, 0x2c, 0x70, 0x2c, 0x70, 0x2c, 0x70, 0x2c, 0x70, 0x2c, 0x70, 0x2c, 0x70, 0x2c, 0x70, 0x2c, 0x78, 0x4e, 0x78, 0x4e, 0x78, 0x4e, 0x78, 0x4e,
    0x78, 0x4e, 0x78, 0x4e, 0x78, 0x4e, 0x78, 0x4e, 0xa3, 0x10, 0xa3, 0x10, 0xa3, 0x10, 0xa3, 0x10, 0xa3, 0x10, 0xa3, 0x10, 0xa3, 0x10, 0xa3, 0x10,
    0xa3, 0x10, 0xa3, 0x10, 0xa3, 0x10, 0xa3, 0x10, 0xa3, 0x10, 0xa3, 0x10, 0xa3, 0x10, 0xa3, 0x10, 0xa3, 0x10, 0x78, 0x4e, 0x78, 0x4e, 0x78, 0x4e,
    0x78, 0x4e, 0x78, 0x4e, 0x78, 0x4e, 0x78, 0x4e, 0x70, 0x2c, 0x70, 0x2c, 0x70, 0x2c, 0x70, 0x2c, 0x70, 0x2c, 0x70, 0x2c, 0x70, 0x2c, 0x70, 0x2c,
    0x70, 0x2c, 0x70, 0x2c, 0x70, 0x2c, 0x70, 0x2c, 0x70, 0x2c, 0x70, 0x2c, 0x70, 0x2c, 0x70, 0x2c, 0x70, 0x2c, 0x78, 0x4e, 0x78, 0x4e, 0x78, 0x4e,
    0x78, 0x4e, 0x78, 0x4e, 0x78, 0x4e, 0x78, 0x4e, 0xa3, 0x10, 0xa3, 0x10, 0xa3, 0x10, 0xa3, 0x10, 0xa3, 0x10, 0xa3, 0x10, 0xa3, 0x10, 0xa3, 0x10,
    0xa3, 0x10, 0xa3, 0x10, 0xa3, 0x10, 0xa3, 0x10, 0xa3, 0x10, 0xa3, 0x10, 0xa3, 0x10, 0xa3, 0x10, 0x78, 0x4e, 0x78, 0x4e, 0x78, 0x4e, 0x78, 0x4e,
    0x78, 0x4e, 0x78, 0x4e, 0x78, 0x4e, 0x70, 0x2c, 0x70, 0x2c, 0x70, 0x2c, 0x70, 0x2c, 0x70, 0x2c, 0x70, 0x2c, 0x70, 0x2c, 0x70, 0x2c, 0x70, 0x2c,
    0x70, 0x2c, 0x70, 0x2c, 0x70, 0x2c, 0x70, 0x2c, 0x70, 0x2c, 0x70, 0x2c, 0x70, 0x2c, 0x70, 0x2c, 0x70, 0x2c, 0x70, 0x2c, 0x78, 0x4e, 0x78, 0x4e,
    0x78, 0x4e, 0x78, 0x4e, 0x78, 0x4e, 0x78, 0x4e, 0x78, 0x4e, 0xa3, 0x10, 0xa3, 0x10, 0xa3, 0x10, 0xa3, 0x10, 0xa3, 0x10, 0xa3, 0x10, 0xa3, 0x10,
    0xa3, 0x10, 0xa3, 0x10, 0xa3, 0x10, 0xa3, 0x10, 0xa3, 0x10, 0xa3, 0x10, 0xa3, 0x10, 0xa3, 0x10, 0x78, 0x4e, 0x78, 0x4e, 0x78, 0x4e, 0x78, 0x4e,
    0x78, 0x4e, 0x78, 0x4e, 0x70, 0x2c, 0x70, 0x2c, 0x70, 0x2c, 0x70, 0x2c, 0x70, 0x2c, 0x70, 0x2c, 0x70, 0x2c, 0x70, 0x2c, 0x70, 0x2c, 0x70, 0x2c,
    0x70, 0x2c, 0x70, 0x2c, 0x70, 0x2c, 0x70, 0x2c, 0x70, 0x2c, 0x70, 0x2c, 0x70, 0x2c, 0x70, 0x2c, 0x70, 0x2c, 0x70, 0x2c, 0x70, 0x2c, 0x78, 0x4e,
    0x78, 0x4e, 0x78, 0x4e, 0x78, 0x4e, 0x78, 0x4e, 0x78, 0x4e, 0xa3, 0x10, 0xa3, 0x10, 0xa3, 0x10, 0xa3, 0x10, 0xa3, 0x10, 0xa3, 0x10, 0xa3, 0x10,
    0xa3, 0x10, 0xa3, 0x10, 0xa3, 0x10, 0xa3, 0x10, 0xa3, 0x10, 0xa3, 0x10, 0xa3, 0x10, 0xa3, 0x10, 0x78, 0x4e, 0x78, 0x4e, 0x78, 0x4e, 0x78, 0x4e,
    0x78, 0x4e, 0x78, 0x4e, 0x70, 0x2c, 0x70, 0x2c, 0x70, 0x2c, 0x70, 0x2c, 0xa3, 0x10, 0xa3, 0x10, 0xa3, 0x10, 0x70, 0x2c, 0x70, 0x2c, 0x70, 0x2c,
    0x70, 0x2c, 0x70, 0x2c, 0x70, 0x2c, 0x70, 0x2c, 0xa3, 0x10, 0xa3, 0x10, 0xa3, 0x10, 0x70, 0x2c, 0x70, 0x2c, 0x70, 0x2c, 0x70, 0x2c, 0x78, 0x4e,
    0x78, 0x4e, 0x78, 0x4e, 0x78, 0x4e, 0x78, 0x4e, 0x78, 0x4e, 0xa3, 0x10, 0xa3, 0x10, 0xa3, 0x10, 0xa3, 0x10, 0xa3, 0x10, 0xa3, 0x10, 0xa3, 0x10,
    0xa3, 0x10, 0xa3, 0x10, 0xa3, 0x10, 0xa3, 0x10, 0xa3, 0x10, 0xa3, 0x10, 0xa3, 0x10, 0xa3, 0x10, 0x78, 0x4e, 0x78, 0x4e, 0x78, 0x4e, 0x78, 0x4e,
    0x78, 0x4e, 0x70, 0x2c, 0x70, 0x2c, 0x70, 0x2c, 0x70, 0x2c, 0xa3, 0x10, 0xa3, 0x10, 0xa3, 0x10, 0xa3, 0x10, 0xa3, 0x10, 0x70, 0x2c, 0x70, 0x2c,
    0x70, 0x2c, 0x70, 0x2c, 0x70, 0x2c, 0xa3, 0x10, 0xa3, 0x10, 0xa3, 0x10, 0xa3, 0x10, 0xa3, 0x10, 0x70, 0x2c, 0x70, 0x2c, 0x70, 0x2c, 0x70, 0x2c,
    0x78, 0x4e, 0x78, 0x4e, 0x78, 0x4e, 0x78, 0x4e, 0x78, 0x4e, 0xa3, 0x10, 0xa3, 0x10, 0xa3, 0x10, 0xa3, 0x10, 0xa3, 0x10, 0xa3, 0x10, 0xa3, 0x10,
    0xa3, 0x10, 0xa3, 0x10, 0xa3, 0x10, 0xa3, 0x10, 0xa3, 0x10, 0xa3, 0x10, 0xa3, 0x10, 0xa3, 0x10, 0x78, 0x4e, 0x78, 0x4e, 0x78, 0x4e, 0x78, 0x4e,
    0x78, 0x4e, 0x70, 0x2c, 0x70, 0x2c, 0x70, 0x2c, 0x70, 0x2c, 0xa3, 0x10, 0xa3, 0x10, 0xa3, 0x10, 0xa3, 0x10, 0xa3, 0x10, 0x70, 0x2c, 0x70, 0x2c,
    0x70, 0x2c, 0x70, 0x2c, 0x70, 0x2c, 0xa3, 0x10, 0xa3, 0x10, 0xa3, 0x10, 0xa3, 0x10, 0xa3, 0x10, 0x70, 0x2c, 0x70, 0x2c, 0x70, 0x2c, 0x70, 0x2c,
    0x78, 0x4e, 0x78, 0x4e, 0x78, 0x4e, 0x78, 0x4e, 0x78, 0x4e, 0xa3, 0x10, 0xa3, 0x10, 0xa3, 0x10, 0xa3, 0x10, 0xa3, 0x10, 0xa3, 0x10, 0xa3, 0x10,
    0xa3, 0x10, 0xa3, 0x10, 0xa3, 0x10, 0xa3, 0x10, 0xa3, 0x10, 0xa3, 0x10, 0xa3, 0x10, 0xa3, 0x10, 0x78, 0x4e, 0x78, 0x4e, 0x78, 0x4e, 0x78, 0x4e,
    0x78, 0x4e, 0x70, 0x2c, 0x70, 0x2c, 0x70, 0x2c, 0x70, 0x2c, 0xa3, 0x10, 0xa3, 0x10, 0xa3, 0x10, 0xa3, 0x10, 0xa3, 0x10, 0x70, 0x2c, 0x70, 0x2c,
    0x70, 0x2c, 0x70, 0x2c, 0x70, 0x2c, 0xa3, 0x10, 0xa3, 0x10, 0xa3, 0x10, 0xa3, 0x10, 0xa3, 0x10, 0x70, 0x2c, 0x70, 0x2c, 0x70, 0x2c, 0x70, 0x2c,
    0x78, 0x4e, 0x78, 0x4e, 0x78, 0x4e, 0x78, 0x4e, 0x78, 0x4e, 0xa3, 0x10, 0xa3, 0x10, 0xa3, 0x10, 0xa3, 0x10, 0xa3, 0x10, 0xa3, 0x10, 0xa3, 0x10,
    0xa3, 0x10, 0xa3, 0x10, 0xa3, 0x10, 0xa3, 0x10, 0xa3, 0x10, 0xa3, 0x10, 0xa3, 0x10, 0xa3, 0x10, 0x78, 0x4e, 0x78, 0x4e, 0x78, 0x4e, 0x78, 0x4e,
    0x78, 0x4e, 0x70, 0x2c, 0x70, 0x2c, 0x70, 0x2c, 0x70, 0x2c, 0x70, 0x2c, 0xa3, 0x10, 0xa3, 0x10, 0xa3, 0x10, 0x70, 0x2c, 0x70, 0x2c, 0x70, 0x2c,
    0x70, 0x2c, 0x70, 0x2c, 0x70, 0x2c, 0x70, 0x2c, 0xa3, 0x10, 0xa3, 0x10, 0xa3, 0x10, 0x70, 0x2c, 0x70, 0x2c, 0x70, 0x2c, 0x70, 0x2c, 0x70, 0x2c,
    0x78, 0x4e, 0x78, 0x4e, 0x78, 0x4e, 0x78, 0x4e, 0x78, 0x4e, 0xa3, 0x10, 0xa3, 0x10, 0xa3, 0x10, 0xa3, 0x10, 0xa3, 0x10, 0xa3, 0x10, 0xa3, 0x10,
    0xa3, 0x10, 0xa3, 0x10, 0xa3, 0x10, 0xa3, 0x10, 0xa3, 0x10, 0xa3, 0x10, 0xa3, 0x10, 0xa3, 0x10, 0x78, 0x4e, 0x78, 0x4e, 0x78, 0x4e, 0x78, 0x4e,
    0x78, 0x4e, 0x70, 0x2c, 0x70, 0x2c, 0x70, 0x2c, 0x70, 0x2c, 0x70, 0x2c, 0x70, 0x2c, 0x70, 0x2c, 0x70, 0x2c, 0x70, 0x2c, 0x70, 0x2c, 0x70, 0x2c,
    0x70, 0x2c, 0x70, 0x2c, 0x70, 0x2c, 0x70, 0x2c, 0x70, 0x2c, 0x70, 0x2c, 0x70, 0x2c, 0x70, 0x2c, 0x70, 0x2c, 0x70, 0x2c, 0x70, 0x2c, 0x70, 0x2c,
    0x78, 0x4e, 0x78, 0x4e, 0x78, 0x4e, 0x78, 0x4e, 0x78, 0x4e, 0xa3, 0x10, 0xa3, 0x10, 0xa3, 0x10, 0xa3, 0x10, 0xa3, 0x10, 0xa3, 0x10, 0xa3, 0x10,
    0xa3, 0x10, 0xa3, 0x10, 0xa3, 0x10, 0xa3, 0x10, 0xa3, 0x10, 0xa3, 0x10, 0xa3, 0x10, 0xa3, 0x10, 0x78, 0x4e, 0x78, 0x4e, 0x78, 0x4e, 0x78, 0x4e,
    0x78, 0x4e, 0x70, 0x2c, 0x70, 0x2c, 0x70, 0x2c, 0x70, 0x2c, 0x70, 0x2c, 0x70, 0x2c, 0x70, 0x2c, 0x70, 0x2c, 0x70, 0x2c, 0x70, 0x2c, 0x70, 0x2c,
    0x70, 0x2c, 0x70, 0x2c, 0x70, 0x2c, 0x70, 0x2c, 0x70, 0x2c, 0x70, 0x2c, 0x70, 0x2c, 0x70, 0x2c, 0x70, 0x2c, 0x70, 0x2c, 0x70, 0x2c, 0x70, 0x2c,
    0x78, 0x4e, 0x78, 0x4e, 0x78, 0x4e, 0x78, 0x4e, 0x78, 0x4e, 0xa3, 0x10, 0xa3, 0x10, 0xa3, 0x10, 0xa3, 0x10, 0xa3, 0x10, 0xa3, 0x10, 0xa3, 0x10,
    0xa3, 0x10, 0xa3, 0x10, 0xa3, 0x10, 0xa3, 0x10, 0xa3, 0x10, 0xa3, 0x10, 0xa3, 0x10, 0xa3, 0x10, 0x78, 0x4e, 0x78, 0x4e, 0x78, 0x4e, 0x78, 0x4e,
    0x78, 0x4e, 0x70, 0x2c, 0x70, 0x2c, 0x70, 0x2c, 0x70, 0x2c, 0x70, 0x2c, 0x70, 0x2c, 0x70, 0x2c, 0x70, 0x2c, 0x70, 0x2c, 0x70, 0x2c, 0x70, 0x2c,
    0x70, 0x2c, 0x70, 0x2c, 0x70, 0x2c, 0x70, 0x2c, 0x70, 0x2c, 0x70, 0x2c, 0x70, 0x2c, 0x70, 0x2c, 0x70, 0x2c, 0x70, 0x2c, 0x70, 0x2c, 0x70, 0x2c,
    0x78, 0x4e, 0x78, 0x4e, 0x78, 0x4e, 0x78, 0x4e, 0x78, 0x4e, 0xa3, 0x10, 0xa3, 0x10, 0xa3, 0x10, 0xa3, 0x10, 0xa3, 0x10, 0xa3, 0x10, 0xa3, 0x10,
    0xa3, 0x10, 0xa3, 0x10, 0xa3, 0x10, 0xa3, 0x10, 0xa3, 0x10, 0xa3, 0x10, 0xa3, 0x10, 0xa3, 0x10, 0x78, 0x4e, 0x78, 0x4e, 0x78, 0x4e, 0x78, 0x4e,
    0x78, 0x4e, 0x70, 0x2c, 0x70, 0x2c, 0x70, 0x2c, 0x70, 0x2c, 0x70, 0x2c, 0x70, 0x2c, 0x70, 0x2c, 0x9d, 0xef, 0x9d, 0xef, 0x9d, 0xef, 0x9d, 0xef,
    0x9d, 0xef, 0x9d, 0xef, 0x9d, 0xef, 0x9d, 0xef, 0x9d, 0xef, 0x70, 0x2c, 0x70, 0x2c, 0x70, 0x2c, 0x70, 0x2c, 0x70, 0x2c, 0x70, 0x2c, 0x70, 0x2c,
    0x78, 0x4e, 0x78, 0x4e, 0x78, 0x4e, 0x78, 0x4e, 0x78, 0x4e, 0xa3, 0x10, 0xa3, 0x10, 0xa3, 0x10, 0xa3, 0x10, 0xa3, 0x10, 0xa3, 0x10, 0xa3, 0x10,
    0xa3, 0x10, 0xa3, 0x10, 0xa3, 0x10, 0xa3, 0x10, 0xa3, 0x10, 0xa3, 0x10, 0xa3, 0x10, 0xa3, 0x10, 0xa3, 0x10, 0x78, 0x4e, 0x78, 0x4e, 0x78, 0x4e,
    0x78, 0x4e, 0x70, 0x2c, 0x70, 0x2c, 0x70, 0x2c, 0x70, 0x2c, 0x70, 0x2c, 0x70, 0x2c, 0x70, 0x2c, 0x9d, 0xef, 0x9d, 0xef, 0x9d, 0xef, 0x9d, 0xef,
    0x9d, 0xef, 0x9d, 0xef, 0x9d, 0xef, 0x9d, 0xef, 0x9d, 0xef, 0x70, 0x2c, 0x70, 0x2c, 0x70, 0x2c, 0x70, 0x2c, 0x70, 0x2c, 0x70, 0x2c, 0x70, 0x2c,
    0x78, 0x4e, 0x78, 0x4e, 0x78, 0x4e, 0x78, 0x4e, 0xa3, 0x10, 0xa3, 0x10, 0xa3, 0x10, 0xa3, 0x10, 0xa3, 0x10, 0xa3, 0x10, 0xa3, 0x10, 0xa3, 0x10,
    0xa3, 0x10, 0xa3, 0x10, 0xa3, 0x10, 0xa3, 0x10, 0xa3, 0x10, 0xa3, 0x10, 0xa3, 0x10, 0xa3, 0x10, 0xa3, 0x10, 0x78, 0x4e, 0x78, 0x4e, 0x78, 0x4e,
    0x78, 0x4e, 0x78, 0x4e, 0x70, 0x2c, 0x70, 0x2c, 0x70, 0x2c, 0x70, 0x2c, 0x70, 0x2c, 0x70, 0x2c, 0x9d, 0xef, 0x9d, 0xef, 0x9d, 0xef, 0x9d, 0xef,
    0x9d, 0xef, 0x9d, 0xef, 0x9d, 0xef, 0x9d, 0xef, 0x9d, 0xef, 0x70, 0x2c, 0x70, 0x2c, 0x70, 0x2c, 0x70, 0x2c, 0x70, 0x2c, 0x70, 0x2c, 0x78, 0x4e,
    0x78, 0x4e, 0x78, 0x4e, 0x78, 0x4e, 0x78, 0x4e, 0xa3, 0x10, 0xa3, 0x10, 0xa3, 0x10, 0xa3, 0x10, 0xa3, 0x10, 0xa3, 0x10, 0xa3, 0x10, 0xa3, 0x10,
    0xa3, 0x10, 0xa3, 0x10, 0xa3, 0x10, 0xa3, 0x10, 0xa3, 0x10, 0xa3, 0x10, 0xa3, 0x10, 0xa3, 0x10, 0xa3, 0x10, 0xa3, 0x10, 0x78, 0x4e, 0x78, 0x4e,
    0x78, 0x4e, 0x78, 0x4e, 0x70, 0x2c, 0x70, 0x2c, 0x70, 0x2c, 0x70, 0x2c, 0x70, 0x2c, 0x70, 0x2c, 0x70, 0x2c, 0x70, 0x2c, 0x70, 0x2c, 0x70, 0x2c,
    0x70, 0x2c, 0x70, 0x2c, 0x70, 0x2c, 0x70, 0x2c, 0x70, 0x2c, 0x70, 0x2c, 0x70, 0x2c, 0x70, 0x2c, 0x70, 0x2c, 0x70, 0x2c, 0x70, 0x2c, 0x78, 0x4e,
    0x78, 0x4e, 0x78, 0x4e, 0x78, 0x4e, 0xa3, 0x10, 0xa3, 0x10, 0xa3, 0x10, 0xa3, 0x10, 0xa3, 0x10, 0xa3, 0x10, 0xa3, 0x10, 0xa3, 0x10, 0xa3, 0x10,
    0xa3, 0x10, 0xa3, 0x10, 0xa3, 0x10, 0xa3, 0x10, 0xa3, 0x10, 0xa3, 0x10, 0xa3, 0x10, 0xa3, 0x10, 0xa3, 0x10, 0xa3, 0x10, 0x78, 0x4e, 0x78, 0x4e,
    0x78, 0x4e, 0x78, 0x4e, 0x78, 0x4e, 0x70, 0x2c, 0x70, 0x2c, 0x70, 0x2c, 0x70, 0x2c, 0x70, 0x2c, 0x70, 0x2c, 0x70, 0x2c, 0x70, 0x2c, 0x70, 0x2c,
    0x70, 0x2c, 0x70, 0x2c, 0x70, 0x2c, 0x70, 0x2c, 0x70, 0x2c, 0x70, 0x2c, 0x70, 0x2c, 0x70, 0x2c, 0x70, 0x2c, 0x70, 0x2c, 0x78, 0x4e, 0x78, 0x4e,
    0x78, 0x4e, 0x78, 0x4e, 0x78, 0x4e, 0xa3, 0x10, 0xa3, 0x10, 0xa3, 0x10, 0xa3, 0x10, 0xa3, 0x10, 0xa3, 0x10, 0xa3, 0x10, 0xa3, 0x10, 0xa3, 0x10,
    0xa3, 0x10, 0xa3, 0x10, 0xa3, 0x10, 0xa3, 0x10, 0xa3, 0x10, 0xa3, 0x10, 0xa3, 0x10, 0xa3, 0x10, 0xa3, 0x10, 0xa3, 0x10, 0xa3, 0x10, 0x78, 0x4e,
    0x78, 0x4e, 0x78, 0x4e, 0x78, 0x4e, 0x78, 0x4e, 0x70, 0x2c, 0x70, 0x2c, 0x70, 0x2c, 0x70, 0x2c, 0x70, 0x2c, 0x70, 0x2c, 0x70, 0x2c, 0x70, 0x2c,
    0x70, 0x2c, 0x70, 0x2c, 0x70, 0x2c, 0x70, 0x2c, 0x70, 0x2c, 0x70, 0x2c, 0x70, 0x2c, 0x70, 0x2c, 0x70, 0x2c, 0x78, 0x4e, 0x78, 0x4e, 0x78, 0x4e,
    0x78, 0x4e, 0x78, 0x4e, 0xa3, 0x10, 0xa3, 0x10, 0xa3, 0x10, 0xa3, 0x10, 0xa3, 0x10, 0xa3, 0x10, 0xa3, 0x10, 0xa3, 0x10, 0xa3, 0x10, 0xa3, 0x10,
    0xa3, 0x10, 0xa3, 0x10, 0xa3, 0x10, 0xa3, 0x10, 0xa3, 0x10, 0xa3, 0x10, 0xa3, 0x10, 0xa3, 0x10, 0xa3, 0x10, 0xa3, 0x10, 0xa3, 0x10, 0xa3, 0x10,
    0x78, 0x4e, 0x78, 0x4e, 0x78, 0x4e, 0x78, 0x4e, 0x78, 0x4e, 0x70, 0x2c, 0x70, 0x2c, 0x70, 0x2c, 0x70, 0x2c, 0x70, 0x2c, 0x70, 0x2c, 0x70, 0x2c,
    0x70, 0x2c, 0x70, 0x2c, 0x70, 0x2c, 0x70, 0x2c, 0x70, 0x2c, 0x70, 0x2c, 0x70, 0x2c, 0x70, 0x2c, 0x78, 0x4e, 0x78, 0x4e, 0x78, 0x4e, 0x78, 0x4e,
    0x78, 0x4e, 0xa3, 0x10, 0xa3, 0x10, 0xa3, 0x10, 0xa3, 0x10, 0xa3, 0x10, 0xa3, 0x10, 0xa3, 0x10, 0xa3, 0x10, 0xa3, 0x10, 0xa3, 0x10, 0xa3, 0x10,
    0xa3, 0x10, 0xa3, 0x10, 0xa3, 0x10, 0xa3, 0x10, 0xa3, 0x10, 0xa3, 0x10, 0xa3, 0x10, 0xa3, 0x10, 0xa3, 0x10, 0xa3, 0x10, 0xa3, 0x10, 0xa3, 0x10,
    0x78, 0x4e, 0x78, 0x4e, 0x78, 0x4e, 0x78, 0x4e, 0x78, 0x4e, 0x78, 0x4e, 0x70, 0x2c, 0x70, 0x2c, 0x70, 0x2c, 0x70, 0x2c, 0x70, 0x2c, 0x70, 0x2c,
    0x70, 0x2c, 0x70, 0x2c, 0x70, 0x2c, 0x70, 0x2c, 0x70, 0x2c, 0x70, 0x2c, 0x70, 0x2c, 0x78, 0x4e, 0x78, 0x4e, 0x78, 0x4e, 0x78, 0x4e, 0x78, 0x4e,
    0x78, 0x4e, 0xa3, 0x10, 0xa3, 0x10, 0xa3, 0x10, 0xa3, 0x10, 0xa3, 0x10, 0xa3, 0x10, 0xa3, 0x10, 0xa3, 0x10, 0xa3, 0x10, 0xa3, 0x10, 0xa3, 0x10,
    0xa3, 0x10, 0xa3, 0x10, 0xa3, 0x10, 0xa3, 0x10, 0xa3, 0x10, 0xa3, 0x10, 0xa3, 0x10, 0xa3, 0x10, 0xa3, 0x10, 0xa3, 0x10, 0xa3, 0x10, 0xa3, 0x10,
    0xa3, 0x10, 0xa3, 0x10, 0x78, 0x4e, 0x78, 0x4e, 0x78, 0x4e, 0x78, 0x4e, 0x78, 0x4e, 0x78, 0x4e, 0x70, 0x2c, 0x70, 0x2c, 0x70, 0x2c, 0x70, 0x2c,
    0x70, 0x2c, 0x70, 0x2c, 0x70, 0x2c, 0x70, 0x2c, 0x70, 0x2c, 0x78, 0x4e, 0x78, 0x4e, 0x78, 0x4e, 0x78, 0x4e, 0x78, 0x4e, 0x78, 0x4e, 0xa3, 0x10,
    0xa3, 0x10, 0xa3, 0x10, 0xa3, 0x10, 0xa3, 0x10, 0xa3, 0x10, 0xa3, 0x10, 0xa3, 0x10, 0xa3, 0x10, 0xa3, 0x10, 0xa3, 0x10, 0xa3, 0x10, 0xa3, 0x10,
    0xa3, 0x10, 0xa3, 0x10, 0xa3, 0x10, 0xa3, 0x10, 0xa3, 0x10, 0xa3, 0x10, 0xa3, 0x10, 0xa3, 0x10, 0xa3, 0x10, 0xa3, 0x10, 0xa3, 0x10, 0xa3, 0x10,
    0xa3, 0x10, 0xa3, 0x10, 0xa3, 0x10, 0x78, 0x4e, 0x78, 0x4e, 0x78, 0x4e, 0x78, 0x4e, 0x78, 0x4e, 0x78, 0x4e, 0x78, 0x4e, 0x78, 0x4e, 0x78, 0x4e,
    0x78, 0x4e, 0x78, 0x4e, 0x78, 0x4e, 0x78, 0x4e, 0x78, 0x4e, 0x78, 0x4e, 0x78, 0x4e, 0x78, 0x4e, 0x78, 0x4e, 0x78, 0x4e, 0xa3, 0x10, 0xa3, 0x10,
    0xa3, 0x10, 0xa3, 0x10, 0xa3, 0x10, 0xa3, 0x10, 0xa3, 0x10, 0xa3, 0x10, 0xa3, 0x10, 0xa3, 0x10, 0xa3, 0x10, 0xa3, 0x10, 0xa3, 0x10, 0xa3, 0x10,
    0xa3, 0x10, 0xa3, 0x10, 0xa3, 0x10, 0xa3, 0x10, 0xa3, 0x10, 0xa3, 0x10, 0xa3, 0x10, 0xa3, 0x10, 0xa3, 0x10, 0xa3, 0x10, 0xa3, 0x10, 0xa3, 0x10,
    0xa3, 0x10, 0xa3, 0x10, 0xa3, 0x10, 0xa3, 0x10, 0xa3, 0x10, 0x78, 0x4e, 0x78, 0x4e, 0x78, 0x4e, 0x78, 0x4e, 0x78, 0x4e, 0x78, 0x4e, 0x78, 0x4e,
    0x78, 0x4e, 0x78, 0x4e, 0x78, 0x4e, 0x78, 0x4e, 0x78, 0x4e, 0x78, 0x4e, 0x78, 0x4e, 0x78, 0x4e, 0xa3, 0x10, 0xa3, 0x10, 0xa3, 0x10, 0xa3, 0x10,
    0xa3, 0x10, 0xa3, 0x10, 0xa3, 0x10, 0xa3, 0x10, 0xa3, 0x10, 0xa3, 0x10, 0xa3, 0x10, 0xa3, 0x10, 0xa3, 0x10, 0xa3, 0x10, 0xa3, 0x10, 0xa3, 0x10,
    0xa3, 0x10, 0xa3, 0x10, 0xa3, 0x10, 0xa3, 0x10, 0xa3, 0x10, 0xa3, 0x10, 0xa3, 0x10, 0xa3, 0x10, 0xa3, 0x10, 0xa3, 0x10, 0xa3, 0x10, 0xa3, 0x10,
    0xa3, 0x10, 0xa3, 0x10, 0xa3, 0x10, 0xa3, 0x10, 0xa3, 0x10, 0xa3, 0x10, 0xa3, 0x10, 0x78, 0x4e, 0x78, 0x4e, 0x78, 0x4e, 0x78, 0x4e, 0x78, 0x4e,
    0x78, 0x4e, 0x78, 0x4e, 0x78, 0x4e, 0x78, 0x4e, 0x78, 0x4e, 0x78, 0x4e, 0xa3, 0x10, 0xa3, 0x10, 0xa3, 0x10, 0xa3, 0x10, 0xa3, 0x10, 0xa3, 0x10,
    0xa3, 0x10, 0xa3, 0x10, 0xa3, 0x10, 0xa3, 0x10, 0xa3, 0x10, 0xa3, 0x10, 0xa3, 0x10, 0xa3, 0x10, 0xa3, 0x10, 0xa3, 0x10, 0xa3, 0x10, 0xa3, 0x10,
    0xa3, 0x10, 0xa3, 0x10, 0xa3, 0x10, 0xa3, 0x10, 0xa3, 0x10, 0xa3, 0x10, 0xa3, 0x10, 0xa3, 0x10, 0xa3, 0x10, 0xa3, 0x10, 0xa3, 0x10, 0xa3, 0x10,
    0xa3, 0x10, 0xa3, 0x10, 0xa3, 0x10, 0xa3, 0x10, 0xa3, 0x10, 0xa3, 0x10, 0xa3, 0x10, 0xa3, 0x10, 0xa3, 0x10, 0xa3, 0x10, 0xa3, 0x10, 0xa3, 0x10,
    0xa3, 0x10, 0xa3, 0x10, 0xa3, 0x10, 0xa3, 0x10, 0xa3, 0x10, 0xa3, 0x10, 0xa3, 0x10, 0xa3, 0x10, 0xa3, 0x10, 0xa3, 0x10, 0xa3, 0x10, 0xa3, 0x10,
    0xa3, 0x10, 0xa3, 0x10, 0xa3, 0x10, 0xa3, 0x10, 0xa3, 0x10, 0xa3, 0x10, 0xa3, 0x10, 0xa3, 0x10, 0xa3, 0x10, 0xa3, 0x10, 0xa3, 0x10, 0xa3, 0x10,
    0xa3, 0x10, 0xa3, 0x10, 0xa3, 0x10, 0xa3, 0x10, 0xa3, 0x10, 0xa3, 0x10, 0xa3, 0x10, 0xa3, 0x10, 0xa3, 0x10, 0xa3, 0x10, 0xa3, 0x10, 0xa3, 0x10,
    0xa3, 0x10, 0xa3, 0x10, 0xa3, 0x10, 0xa3, 0x10, 0xa3, 0x10, 0xa3, 0x10, 0xa3, 0x10, 0xa3, 0x10, 0xa3, 0x10, 0xa3, 0x10, 0xa3, 0x10, 0xa3, 0x10,
    0xa3, 0x10, 0xa3, 0x10, 0xa3, 0x10, 0xa3, 0x10, 0xa3, 0x10, 0xa3, 0x10, 0xa3, 0x10, 0xa3, 0x10, 0xa3, 0x10, 0xa3, 0x10, 0xa3, 0x10, 0xa3, 0x10,
    0xa3, 0x10, 0xa3, 0x10, 0xa3, 0x10, 0xa3, 0x10, 0xa3, 0x10, 0xa3, 0x10, 0xa3, 0x10, 0xa3, 0x10, 0xa3, 0x10, 0xa3, 0x10, 0xa3, 0x10, 0xa3, 0x10,
    0xa3, 0x10, 0xa3, 0x10, 0xa3, 0x10, 0xa3, 0x10, 0xa3, 0x10, 0xa3, 0x10, 0xa3, 0x10, 0xa3, 0x10, 0xa3, 0x10, 0xa3, 0x10, 0xa3, 0x10, 0xa3, 0x10,
    0xa3, 0x10, 0xa3, 0x10, 0xa3, 0x10, 0xa3, 0x10, 0xa3, 0x10, 0xa3, 0x10, 0xa3, 0x10, 0xa3, 0x10, 0xa3, 0x10, 0xa3, 0x10, 0xa3, 0x10, 0xa3, 0x10,
    0xa3, 0x10, 0xa3, 0x10, 0xa3, 0x10, 0xa3, 0x10, 0xa3, 0x10, 0xa3, 0x10, 0xa3, 0x10, 0xa3, 0x10, 0xa3, 0x10, 0xa3, 0x10, 0xa3, 0x10, 0xa3, 0x10,
    0xa3, 0x10, 0xa3, 0x10, 0xa3, 0x10, 0xa3, 0x10, 0xa3, 0x10, 0xa3, 0x10, 0xa3, 0x10, 0xa3, 0x10, 0xa3, 0x10, 0xa3, 0x10, 0xa3, 0x10, 0xa3, 0x10,
    0xa3, 0x10, 0xa3, 0x10, 0xa3, 0x10, 0xa3, 0x10, 0xa3, 0x10, 0xa3, 0x10, 0xa3, 0x10, 0xa3, 0x10, 0xa3, 0x10, 0xa3, 0x10, 0xa3, 0x10, 0xa3, 0x10,
    0xa3, 0x10, 0xa3, 0x10, 0xa3, 0x10, 0xa3, 0x10, 0xa3, 0x10, 0xa3, 0x10, 0xa3, 0x10, 0xa3, 0x10, 0xa3, 0x10, 0xa3, 0x10, 0xa3, 0x10, 0xa3, 0x10,
    0xa3, 0x10, 0xa3, 0x10, 0xa3, 0x10, 0xa3, 0x10, 0xa3, 0x10, 0xa3, 0x10, 0xa3, 0x10, 0xa3, 0x10, 0xa3, 0x10, 0xa3, 0x10, 0xa3, 0x10, 0xa3, 0x10,
    0xa3, 0x10, 0xa3, 0x10, 0xa3, 0x10, 0xa3, 0x10, 0xa3, 0x10, 0xa3, 0x10, 0xa3, 0x10, 0xa3, 0x10, 0xa3, 0x10, 0xa3, 0x10, 0xa3, 0x10, 0xa3, 0x10,
    0xa3, 0x10, 0xa3, 0x10, 0xa3, 0x10, 0xa3, 0x10, 0xa3, 0x10, 0xa3, 0x10, 0xa3, 0x10, 0xa3, 0x10, 0xa3, 0x10, 0xa3, 0x10, 0xa3, 0x10, 0xa3, 0x10,
    0xa3, 0x10, 0xa3, 0x10, 0xa3, 0x10, 0xa3, 0x10, 0xa3, 0x10, 0xa3, 0x10, 0xa3, 0x10, 0xa3, 0x10, 0xa3, 0x10, 0xa3, 0x10, 0xa3, 0x10, 0xa3, 0x10,
    0xa3, 0x10, 0xa3, 0x10, 0xa3, 0x10, 0xa3, 0x10, 0xa3, 0x10, 0xa3, 0x10, 0xa3, 0x10, 0xa3, 0x10, 0xa3, 0x10, 0xa3, 0x10, 0xa3, 0x10, 0xa3, 0x10,
    0xa3, 0x10, 0xa3, 0x10, 0xa3, 0x10, 0xa3, 0x10, 0xa3, 0x10, 0xa3, 0x10, 0xa3, 0x10, 0xa3, 0x10, 0xa3, 0x10, 0xa3, 0x10, 0xa3, 0x10, 0xa3, 0x10,
};

static const lv_image_dsc_t avatar_6 = {
    .header.magic = LV_IMAGE_HEADER_MAGIC,
    .header.cf = LV_COLOR_FORMAT_RGB565,
    .header.w = 48,
    .header.h = 48,
    .header.stride = 96,
    .data_size = 4608,
    .data = avatar_6_map,
};

static const uint8_t avatar_7_map[] = {
    0xa3, 0x10, 0xa3, 0x10, 0xa3, 0x10, 0xa3, 0x10, 0xa3, 0x10, 0xa3, 0x10, 0xa3, 0x10, 0xa3, 0x10, 0xa3, 0x10, 0xa3, 0x10, 0xa3, 0x10, 0xa3, 0x10,
    0xa3, 0x10, 0xa3, 0x10, 0xa3, 0x10, 0xa3, 0x10, 0xa3, 0x10, 0xa3, 0x10, 0xa3, 0x10, 0xa3, 0x10, 0xa3, 0x10, 0xa3, 0x10, 0xa3, 0x10, 0xa3, 0x10,
    0xa3, 0x10, 0xa3, 0x10, 0xa3, 0x10, 0xa3, 0x10, 0xa3, 0x10, 0xa3, 0x10, 0xa3, 0x10, 0xa3, 0x10, 0xa3, 0x10, 0xa3, 0x10, 0xa3, 0x10, 0xa3, 0x10,
    0xa3, 0x10, 0xa3, 0x10, 0xa3, 0x10, 0xa3, 0x10, 0xa3, 0x10, 0xa3, 0x10, 0xa3, 0x10, 0xa3, 0x10, 0xa3, 0x10, 0xa3, 0x10, 0xa3, 0x10, 0xa3, 0x10,
    0xa3, 0x10, 0xa3, 0x10, 0xa3, 0x10, 0xa3, 0x10, 0xa3, 0x10, 0xa3, 0x10, 0xa3, 0x10, 0xa3, 0x10, 0xa3, 0x10, 0xa3, 0x10, 0xa3, 0x10, 0xa3, 0x10,
    0xa3, 0x10, 0xa3, 0x10, 0xa3, 0x10, 0xa3, 0x10, 0xa3, 0x10, 0xa3, 0x10, 0xa3, 0x10, 0xa3, 0x10, 0xa3, 0x10, 0xa3, 0x10, 0xa3, 0x10, 0xa3, 0x10,
    0xa3, 0x10, 0xa3, 0x10, 0xa3, 0x10, 0xa3, 0x10, 0xa3, 0x10, 0xa3, 0x10, 0xa3, 0x10, 0xa3, 0x10, 0xa3, 0x10, 0xa3, 0x10, 0xa3, 0x10, 0xa3, 0x10,
    0xa3, 0x10, 0xa3, 0x10, 0xa3, 0x10, 0xa3, 0x10, 0xa3, 0x10, 0xa3, 0x10, 0xa3, 0x10, 0xa3, 0x10, 0xa3, 0x10, 0xa3, 0x10, 0xa3, 0x10, 0xa3, 0x10,
    0xa3, 0x10, 0xa3, 0x10, 0xa3, 0x10, 0xa3, 0x10, 0xa3, 0x10, 0xa3, 0x10, 0xa3, 0x10, 0xa3, 0x10, 0xa3, 0x10, 0xa3, 0x10, 0xa3, 0x10, 0xa3, 0x10,
    0xa3, 0x10, 0xa3, 0x10, 0xa3, 0x10, 0xa3, 0x10, 0xa3, 0x10, 0xa3, 0x10, 0xa3, 0x10, 0xa3, 0x10, 0xa3, 0x10, 0xa3, 0x10, 0xa3, 0x10, 0xa3, 0x10,
    0xa3, 0x10, 0xa3, 0x10, 0xa3, 0x10, 0xa3, 0x10, 0xa3, 0x10, 0xa3, 0x10, 0xa3, 0x10, 0xa3, 0x10, 0xa3, 0x10, 0xa3, 0x10, 0xa3, 0x10, 0xa3, 0x10,
    0xa3, 0x10, 0xa3, 0x10, 0xa3, 0x10, 0xa3, 0x10, 0xa3, 0x10, 0xa3, 0x10, 0xa3, 0x10, 0xa3, 0x10, 0xa3, 0x10, 0xa3, 0x10, 0xa3, 0x10, 0xa3, 0x10,
    0xa3, 0x10, 0xa3, 0x10, 0xa3, 0x10, 0xa3, 0x10, 0xa3, 0x10, 0xa3, 0x10, 0xa3, 0x10, 0xa3, 0x10, 0xa3, 0x10, 0xa3, 0x10, 0xa3, 0x10, 0xa3, 0x10,
    0xa3, 0x10, 0xa3, 0x10, 0xa3, 0x10, 0xa3, 0x10, 0xa3, 0x10, 0xa3, 0x10, 0xa3, 0x10, 0xa3, 0x10, 0xa3, 0x10, 0xa3, 0x10, 0xa3, 0x10, 0xa3, 0x10,
    0xa3, 0x10, 0xa3, 0x10, 0xa3, 0x10, 0xa3, 0x10, 0xa3, 0x10, 0xa3, 0x10, 0xa3, 0x10, 0xa3, 0x10, 0xa3, 0x10, 0xa3, 0x10, 0xa3, 0x10, 0xa3, 0x10,
    0xa3, 0x10, 0xa3, 0x10, 0xa3, 0x10, 0xa3, 0x10, 0xa3, 0x10, 0xa3, 0x10, 0xa3, 0x10, 0xa3, 0x10, 0xa3, 0x10, 0xa3, 0x10, 0xa3, 0x10, 0xa3, 0x10,
    0xa3, 0x10, 0xa3, 0x10, 0xa3, 0x10, 0xa3, 0x10, 0xa3, 0x10, 0xa3, 0x10, 0xa3, 0x10, 0xa3, 0x10, 0xa3, 0x10, 0xa3, 0x10, 0xa3, 0x10, 0xa3, 0x10,
    0xa3, 0x10, 0xa3, 0x10, 0xa3, 0x10, 0xa3, 0x10, 0xa3, 0x10, 0xa3, 0x10, 0xa3, 0x10, 0xa3, 0x10, 0xa3, 0x10, 0xa3, 0x10, 0xa3, 0x10, 0xa3, 0x10,
    0xa3, 0x10, 0xa3, 0x10, 0xa3, 0x10, 0xa3, 0x10, 0xa3, 0x10, 0xa3, 0x10, 0xa3, 0x10, 0xa3, 0x10, 0xa3, 0x10, 0xa3, 0x10, 0xa3, 0x10, 0xa3, 0x10,
    0xa3, 0x10, 0xa3, 0x10, 0xa3, 0x10, 0xa3, 0x10, 0xa3, 0x10, 0xa3, 0x10, 0xa3, 0x10, 0xa3, 0x10, 0xa3, 0x10, 0xa3, 0x10, 0xa3, 0x10, 0xa3, 0x10,
    0xa3, 0x10, 0xa3, 0x10, 0xa3, 0x10, 0xa3, 0x10, 0xa3, 0x10, 0xa3, 0x10, 0xa3, 0x10, 0xa3, 0x10, 0xa3, 0x10, 0xa3, 0x10, 0xa3, 0x10, 0xa3, 0x10,
    0xa3, 0x10, 0xa3, 0x10, 0xa3, 0x10, 0xa3, 0x10, 0xa3, 0x10, 0xa3, 0x10, 0xa3, 0x10, 0xa3, 0x10, 0xa3, 0x10, 0xa3, 0x10, 0xa3, 0x10, 0xa3, 0x10,
    0xa3, 0x10, 0xa3, 0x10, 0xa3, 0x10, 0xa3, 0x10, 0xa3, 0x10, 0xa3, 0x10, 0xa3, 0x10, 0xa3, 0x10, 0xa3, 0x10, 0xa3, 0x10, 0xa3, 0x10, 0xa3, 0x10,
    0xa3, 0x10, 0xa3, 0x10, 0xa3, 0x10, 0xa3, 0x10, 0xa3, 0x10, 0xa3, 0x10, 0xa3, 0x10, 0xa3, 0x10, 0xa3, 0x10, 0xa3, 0x10, 0xa3, 0x10, 0xa3, 0x10,
    0xa3, 0x10, 0xa3, 0x10, 0xa3, 0x10, 0xa3, 0x10, 0xa3, 0x10, 0xa3, 0x10, 0xa3, 0x10, 0xa3, 0x10, 0xa3, 0x10, 0xa3, 0x10, 0xa3, 0x10, 0xa3, 0x10,
    0xa3, 0x10, 0xa3, 0x10, 0xa3, 0x10, 0xa3, 0x10, 0xa3, 0x10, 0xa3, 0x10, 0xa3, 0x10, 0xa3, 0x10, 0xa3, 0x10, 0xa3, 0x10, 0xa3, 0x10, 0xa3, 0x10,
    0xa3, 0x10, 0xa3, 0x10, 0xa3, 0x10, 0xa3, 0x10, 0xa3, 0x10, 0xa3, 0x10, 0xa3, 0x10, 0xa3, 0x10, 0xa3, 0x10, 0xa3, 0x10, 0xa3, 0x10, 0xa3, 0x10,
    0xa3, 0x10, 0xa3, 0x10, 0xa3, 0x10, 0xa3, 0x10, 0xa3, 0x10, 0xa3, 0x10, 0xa3, 0x10, 0xa3, 0x10, 0xa3, 0x10, 0xa3, 0x10, 0xa3, 0x10, 0xa3, 0x10,
    0xa3, 0x10, 0xa3, 0x10, 0xa3, 0x10, 0xa3, 0x10, 0xa3, 0x10, 0xa3, 0x10, 0xa3, 0x10, 0xa3, 0x10, 0xa3, 0x10, 0xa3, 0x10, 0xa3, 0x10, 0xa3, 0x10,
    0xa3, 0x10, 0xa3, 0x10, 0xa3, 0x10, 0xa3, 0x10, 0xa3, 0x10, 0xa3, 0x10, 0xa3, 0x10, 0xa3, 0x10, 0xa3, 0x10, 0xa3, 0x10, 0xa3, 0x10, 0xa3, 0x10,
    0xa3, 0x10, 0xa3, 0x10, 0xa3, 0x10, 0xa3, 0x10, 0xa3, 0x10, 0xa3, 0x10, 0xa3, 0x10, 0xa3, 0x10, 0xa3, 0x10, 0xa3, 0x10, 0xa3, 0x10, 0xa3, 0x10,
    0xa3, 0x10, 0xa3, 0x10, 0xa3, 0x10, 0xa3, 0x10, 0xa3, 0x10, 0xa3, 0x10, 0xa3, 0x10, 0xa3, 0x10, 0xa3, 0x10, 0xa3, 0x10, 0xa3, 0x10, 0xa3, 0x10,
    0xa3, 0x10, 0xa3, 0x10, 0xa3, 0x10, 0xa3, 0x10, 0xa3, 0x10, 0xa3, 0x10, 0xa3, 0x10, 0xa3, 0x10, 0xa3, 0x10, 0xa3, 0x10, 0x08, 0xee, 0x08, 0xee,
    0x08, 0xee, 0x08, 0xee, 0x08, 0xee, 0xa3, 0x10, 0xa3, 0x10, 0xa3, 0x10, 0xa3, 0x10, 0xa3, 0x10, 0xa3, 0x10, 0xa3, 0x10, 0xa3, 0x10, 0xa3, 0x10,
    0xa3, 0x10, 0xa3, 0x10, 0xa3, 0x10, 0xa3, 0x10, 0xa3, 0x10, 0xa3, 0x10, 0xa3, 0x10, 0xa3, 0x10, 0xa3, 0x10, 0xa3, 0x10, 0x08, 0xee, 0x08, 0xee,
    0x08, 0xee, 0x08, 0xee, 0x08, 0xee, 0xa3, 0x10, 0xa3, 0x10, 0xa3, 0x10, 0xa3, 0x10, 0xa3, 0x10, 0xa3, 0x10, 0xa3, 0x10, 0xa3, 0x10, 0xa3, 0x10,
    0xa3, 0x10, 0xa3, 0x10, 0xa3, 0x10, 0xa3, 0x10, 0xa3, 0x10, 0xa3, 0x10, 0xa3, 0x10, 0xa3, 0x10, 0xa3, 0x10, 0x08, 0xee, 0x08, 0xee, 0x08, 0xee,
    0x08, 0xee, 0x08, 0xee, 0x08, 0xee, 0x08, 0xee, 0xa3, 0x10, 0xa3, 0x10, 0xa3, 0x10, 0xa3, 0x10, 0xa3, 0x10, 0xa3, 0x10, 0xa3, 0x10, 0xa3, 0x10,
    0xa3, 0x10, 0xa3, 0x10, 0xa3, 0x10, 0xa3, 0x10, 0xa3, 0x10, 0xa3, 0x10, 0xa3, 0x10, 0xa3, 0x10, 0xa3, 0x10, 0x08, 0xee, 0x08, 0xee, 0x08, 0xee,
    0x08, 0xee, 0x08, 0xee, 0x08, 0xee, 0x08, 0xee, 0xa3, 0x10, 0xa3, 0x10, 0xa3, 0x10, 0xa3, 0x10, 0xa3, 0x10, 0xa3, 0x10, 0xa3, 0x10, 0xa3, 0x10,
    0xa3, 0x10, 0xa3, 0x10, 0xa3, 0x10, 0xa3, 0x10, 0xa3, 0x10, 0xa3, 0x10, 0xa3, 0x10, 0xa3, 0x10, 0x08, 0xee, 0x08, 0xee, 0x08, 0xee, 0x08, 0xee,
    0x08, 0xee, 0x08, 0xee, 0x08, 0xee, 0x08, 0xee, 0x08, 0xee, 0xa3, 0x10, 0xa3, 0x10, 0x4d, 0xfb, 0x4d, 0xfb, 0x4d, 0xfb, 0x4d, 0xfb, 0x4d, 0xfb,
    0x4d, 0xfb, 0x4d, 0xfb, 0x4d, 0xfb, 0x4d, 0xfb, 0x4d, 0xfb, 0x4d, 0xfb, 0xa3, 0x10, 0xa3, 0x10, 0x08, 0xee, 0x08, 0xee, 0x08, 0xee, 0x08, 0xee,
    0x08, 0xee, 0x08, 0xee, 0x08, 0xee, 0x08, 0xee, 0x08, 0xee, 0xa3, 0x10, 0xa3, 0x10, 0xa3, 0x10, 0xa3, 0x10, 0xa3, 0x10, 0xa3, 0x10, 0xa3, 0x10,
    0xa3, 0x10, 0xa3, 0x10, 0xa3, 0x10, 0xa3, 0x10, 0xa3, 0x10, 0xa3, 0x10, 0xa3, 0x10, 0xa3, 0x10, 0x08, 0xee, 0x08, 0xee, 0x08, 0xee, 0x08, 0xee,
    0x08, 0xee, 0x08, 0xee, 0x08, 0xee, 0x08, 0xee, 0x08, 0xee, 0x4d, 0xfb, 0x4d, 0xfb, 0x4d, 0xfb, 0x4d, 0xfb, 0x4d, 0xfb, 0x4d, 0xfb, 0x4d, 0xfb,
    0x4d, 0xfb, 0x4d, 0xfb, 0x4d, 0xfb, 0x4d, 0xfb, 0x4d, 0xfb, 0x4d, 0xfb, 0x4d, 0xfb, 0x4d, 0xfb, 0x08, 0xee, 0x08, 0xee, 0x08, 0xee, 0x08, 0xee,
    0x08, 0xee, 0x08, 0xee, 0x08, 0xee, 0x08, 0xee, 0x08, 0xee, 0xa3, 0x10, 0xa3, 0x10, 0xa3, 0x10, 0xa3, 0x10, 0xa3, 0x10, 0xa3, 0x10, 0xa3, 0x10,
    0xa3, 0x10, 0xa3, 0x10, 0xa3, 0x10, 0xa3, 0x10, 0xa3, 0x10, 0xa3, 0x10, 0xa3, 0x10, 0xa3, 0x10, 0x08, 0xee, 0x08, 0xee, 0x08, 0xee, 0x08, 0xee,
    0x08, 0xee, 0x08, 0xee, 0x08, 0xee, 0x4d, 0xfb, 0x4d, 0xfb, 0x4d, 0xfb, 0x4d, 0xfb, 0x4d, 0xfb, 0x4d, 0xfb, 0x4d, 0xfb, 0x4d, 0xfb, 0x4d, 0xfb,
    0x4d, 0xfb, 0x4d, 0xfb, 0x4d, 0xfb, 0x4d, 0xfb, 0x4d, 0xfb, 0x4d, 0xfb, 0x4d, 0xfb, 0x4d, 0xfb, 0x4d, 0xfb, 0x4d, 0xfb, 0x08, 0xee, 0x08, 0xee,
    0x08, 0xee, 0x08, 0xee, 0x08, 0xee, 0x08, 0xee, 0x08, 0xee, 0xa3, 0x10, 0xa3, 0x10, 0xa3, 0x10, 0xa3, 0x10, 0xa3, 0x10, 0xa3, 0x10, 0xa3, 0x10,
    0xa3, 0x10, 0xa3, 0x10, 0xa3, 0x10, 0xa3, 0x10, 0xa3, 0x10, 0xa3, 0x10, 0xa3, 0x10, 0xa3, 0x10, 0x08, 0xee, 0x08, 0xee, 0x08, 0xee, 0x08, 0xee,
    0x08, 0xee, 0x08, 0xee, 0x4d, 0xfb, 0x4d, 0xfb, 0x4d, 0xfb, 0x4d, 0xfb, 0x4d, 0xfb, 0x4d, 0xfb, 0x4d, 0xfb, 0x4d, 0xfb, 0x4d, 0xfb, 0x4d, 0xfb,
    0x4d, 0xfb, 0x4d, 0xfb, 0x4d, 0xfb, 0x4d, 0xfb, 0x4d, 0xfb, 0x4d, 0xfb, 0x4d, 0xfb, 0x4d, 0xfb, 0x4d, 0xfb, 0x4d, 0xfb, 0x4d, 0xfb, 0x08, 0xee,
    0x08, 0xee, 0x08, 0xee, 0x08, 0xee, 0x08, 0xee, 0x08, 0xee, 0xa3, 0x10, 0xa3, 0x10, 0xa3, 0x10, 0xa3, 0x10, 0xa3, 0x10, 0xa3, 0x10, 0xa3, 0x10,
    0xa3, 0x10, 0xa3, 0x10, 0xa3, 0x10, 0xa3, 0x10, 0xa3, 0x10, 0xa3, 0x10, 0xa3, 0x10, 0xa3, 0x10, 0x08, 0xee, 0x08, 0xee, 0x08, 0xee, 0x08, 0xee,
    0x4d, 0xfb, 0x4d, 0xfb, 0x4d, 0xfb, 0x4d, 0xfb, 0x4d, 0xfb, 0x4d, 0xfb, 0x4d, 0xfb, 0x4d, 0xfb, 0x4d, 0xfb, 0x4d, 0xfb, 0x4d, 0xfb, 0x4d, 0xfb,
    0x4d, 0xfb, 0x4d, 0xfb, 0x4d, 0xfb, 0x4d, 0xfb, 0x4d, 0xfb, 0x4d, 0xfb, 0x4d, 0xfb, 0x4d, 0xfb, 0x4d, 0xfb, 0x4d, 0xfb, 0x4d, 0xfb, 0x4d, 0xfb,
    0x4d, 0xfb, 0x08, 0xee, 0x08, 0xee, 0x08, 0xee, 0x08, 0xee, 0xa3, 0x10, 0xa3, 0x10, 0xa3, 0x10, 0xa3, 0x10, 0xa3, 0x10, 0xa3, 0x10, 0xa3, 0x10,
    0xa3, 0x10, 0xa3, 0x10, 0xa3, 0x10, 0xa3, 0x10, 0xa3, 0x10, 0xa3, 0x10, 0xa3, 0x10, 0xa3, 0x10, 0xa3, 0x10, 0x08, 0xee, 0x08, 0xee, 0x08, 0xee,
    0x4d, 0xfb, 0x4d, 0xfb, 0x4d, 0xfb, 0x4d, 0xfb, 0x4d, 0xfb, 0x4d, 0xfb, 0x4d, 0xfb, 0x4d, 0xfb, 0x4d, 0xfb, 0x4d, 0xfb, 0x4d, 0xfb, 0x4d, 0xfb,
    0x4d, 0xfb, 0x4d, 0xfb, 0x4d, 0xfb, 0x4d, 0xfb, 0x4d, 0xfb, 0x4d, 0xfb, 0x4d, 0xfb, 0x4d, 0xfb, 0x4d, 0xfb, 0x4d, 0xfb, 0x4d, 0xfb, 0x4d, 0xfb,
    0x4d, 0xfb, 0x08, 0xee, 0x08, 0xee, 0x08, 0xee, 0xa3, 0x10, 0xa3, 0x10, 0xa3, 0x10, 0xa3, 0x10, 0xa3, 0x10, 0xa3, 0x10, 0xa3, 0x10, 0xa3, 0x10,
    0xa3, 0x10, 0xa3, 0x10, 0xa3, 0x10, 0xa3, 0x10, 0xa3, 0x10, 0xa3, 0x10, 0xa3, 0x10, 0xa3, 0x10, 0xa3, 0x10, 0xa3, 0x10, 0x08, 0xee, 0x4d, 0xfb,
    0x4d, 0xfb, 0x4d, 0xfb, 0x4d, 0xfb, 0x4d, 0xfb, 0x4d, 0xfb, 0x4d, 0xfb, 0x4d, 0xfb, 0x4d, 0xfb, 0x4d, 0xfb, 0x4d, 0xfb, 0x4d, 0xfb, 0x4d, 0xfb,
    0x4d, 0xfb, 0x4d, 0xfb, 0x4d, 0xfb, 0x4d, 0xfb, 0x4d, 0xfb, 0x4d, 0xfb, 0x4d, 0xfb, 0x4d, 0xfb, 0x4d, 0xfb, 0x4d, 0xfb, 0x4d, 0xfb, 0x4d, 0xfb,
    0x4d, 0xfb, 0x4d, 0xfb, 0x08, 0xee, 0xa3, 0x10, 0xa3, 0x10, 0xa3, 0x10, 0xa3, 0x10, 0xa3, 0x10, 0xa3, 0x10, 0xa3, 0x10, 0xa3, 0x10, 0xa3, 0x10,
    0xa3, 0x10, 0xa3, 0x10, 0xa3, 0x10, 0xa3, 0x10, 0xa3, 0x10, 0xa3, 0x10, 0xa3, 0x10, 0xa3, 0x10, 0xa3, 0x10, 0xa3, 0x10, 0x4d, 0xfb, 0x4d, 0xfb,
    0x4d, 0xfb, 0x4d, 0xfb, 0x4d, 0xfb, 0x4d, 0xfb, 0x4d, 0xfb, 0x4d, 0xfb, 0x4d, 0xfb, 0x4d, 0xfb, 0xc7, 0xa9, 0xc7, 0xa9, 0xc7, 0xa9, 0xc7, 0xa9,
    0xc7, 0xa9, 0xc7, 0xa9, 0xc7, 0xa9, 0xc7, 0xa9, 0xc7, 0xa9, 0x4d, 0xfb, 0x4d, 0xfb, 0x4d, 0xfb, 0x4d, 0xfb, 0x4d, 0xfb, 0x4d, 0xfb, 0x4d, 0xfb,
    0x4d, 0xfb, 0x4d, 0xfb, 0x4d, 0xfb, 0xa3, 0x10, 0xa3, 0x10, 0xa3, 0x10, 0xa3, 0x10, 0xa3, 0x10, 0xa3, 0x10, 0xa3, 0x10, 0xa3, 0x10, 0xa3, 0x10,
    0xa3, 0x10, 0xa3, 0x10, 0xa3, 0x10, 0xa3, 0x10, 0xa3, 0x10, 0xa3, 0x10, 0xa3, 0x10, 0xa3, 0x10, 0xa3, 0x10, 0xa3, 0x10, 0x4d, 0xfb, 0x4d, 0xfb,
    0x4d, 0xfb, 0x4d, 0xfb, 0x4d, 0xfb, 0x4d, 0xfb, 0x4d, 0xfb, 0x4d, 0xfb, 0xc7, 0xa9, 0xc7, 0xa9, 0xc7, 0xa9, 0xc7, 0xa9, 0xc7, 0xa9, 0xc7, 0xa9,
    0xc7, 0xa9, 0xc7, 0xa9, 0xc7, 0xa9, 0xc7, 0xa9, 0xc7, 0xa9, 0xc7, 0xa9, 0xc7, 0xa9, 0x4d, 0xfb, 0x4d, 0xfb, 0x4d, 0xfb, 0x4d, 0xfb, 0x4d, 0xfb,
    0x4d, 0xfb, 0x4d, 0xfb, 0x4d, 0xfb, 0xa3, 0x10, 0xa3, 0x10, 0xa3, 0x10, 0xa3, 0x10, 0xa3, 0x10, 0xa3, 0x10, 0xa3, 0x10, 0xa3, 0x10, 0xa3, 0x10,
    0xa3, 0x10, 0xa3, 0x10, 0xa3, 0x10, 0xa3, 0x10, 0xa3, 0x10, 0xa3, 0x10, 0xa3, 0x10, 0xa3, 0x10, 0xa3, 0x10, 0x4d, 0xfb, 0x4d, 0xfb, 0x4d, 0xfb,
    0x4d, 0xfb, 0x4d, 0xfb, 0x4d, 0xfb, 0x4d, 0xfb, 0x4d, 0xfb, 0xc7, 0xa9, 0xc7, 0xa9, 0xc7, 0xa9, 0xc7, 0xa9, 0xc7, 0xa9, 0xc7, 0xa9, 0xc7, 0xa9,
    0xc7, 0xa9, 0xc7, 0xa9, 0xc7, 0xa9, 0xc7, 0xa9, 0xc7, 0xa9, 0xc7, 0xa9, 0xc7, 0xa9, 0xc7, 0xa9, 0x4d, 0xfb, 0x4d, 0xfb, 0x4d, 0xfb, 0x4d, 0xfb,
    0x4d, 0xfb, 0x4d, 0xfb, 0x4d, 0xfb, 0x4d, 0xfb, 0xa3, 0x10, 0xa3, 0x10, 0xa3, 0x10, 0xa3, 0x10, 0xa3, 0x10, 0xa3, 0x10, 0xa3, 0x10, 0xa3, 0x10,
    0xa3, 0x10, 0xa3, 0x10, 0xa3, 0x10, 0xa3, 0x10, 0xa3, 0x10, 0xa3, 0x10, 0xa3, 0x10, 0xa3, 0x10, 0xa3, 0x10, 0x4d, 0xfb, 0x4d, 0xfb, 0x4d, 0xfb,
    0x4d, 0xfb, 0x4d, 0xfb, 0x4d, 0xfb, 0x4d, 0xfb, 0xc7, 0xa9, 0xc7, 0xa9, 0xc7, 0xa9, 0xc7, 0xa9, 0xc7, 0xa9, 0xc7, 0xa9, 0xc7, 0xa9, 0xc7, 0xa9,
    0xc7, 0xa9, 0xc7, 0xa9, 0xc7, 0xa9, 0xc7, 0xa9, 0xc7, 0xa9, 0xc7, 0xa9, 0xc7, 0xa9, 0xc7, 0xa9, 0xc7, 0xa9, 0x4d, 0xfb, 0x4d, 0xfb, 0x4d, 0xfb,
    0x4d, 0xfb, 0x4d, 0xfb, 0x4d, 0xfb, 0x4d, 0xfb, 0xa3, 0x10, 0xa3, 0x10, 0xa3, 0x10, 0xa3, 0x10, 0xa3, 0x10, 0xa3, 0x10, 0xa3, 0x10, 0xa3, 0x10,
    0xa3, 0x10, 0xa3, 0x10, 0xa3, 0x10, 0xa3, 0x10, 0xa3, 0x10, 0xa3, 0x10, 0xa3, 0x10, 0xa3, 0x10, 0x4d, 0xfb, 0x4d, 0xfb, 0x4d, 0xfb, 0x4d, 0xfb,
    0x4d, 0xfb, 0x4d, 0xfb, 0x4d, 0xfb, 0xc7, 0xa9, 0xc7, 0xa9, 0xc7, 0xa9, 0xc7, 0xa9, 0xc7, 0xa9, 0xc7, 0xa9, 0xc7, 0xa9, 0xc7, 0xa9, 0xc7, 0xa9,
    0xc7, 0xa9, 0xc7, 0xa9, 0xc7, 0xa9, 0xc7, 0xa9, 0xc7, 0xa9, 0xc7, 0xa9, 0xc7, 0xa9, 0xc7, 0xa9, 0xc7, 0xa9, 0xc7, 0xa9, 0x4d, 0xfb, 0x4d, 0xfb,
    0x4d, 0xfb, 0x4d, 0xfb, 0x4d, 0xfb, 0x4d, 0xfb, 0x4d, 0xfb, 0xa3, 0x10, 0xa3, 0x10, 0xa3, 0x10, 0xa3, 0x10, 0xa3, 0x10, 0xa3, 0x10, 0xa3, 0x10,
    0xa3, 0x10, 0xa3, 0x10, 0xa3, 0x10, 0xa3, 0x10, 0xa3, 0x10, 0xa3, 0x10, 0xa3, 0x10, 0xa3, 0x10, 0x4d, 0xfb, 0x4d, 0xfb, 0x4d, 0xfb, 0x4d, 0xfb,
    0x4d, 0xfb, 0x4d, 0xfb, 0xc7, 0xa9, 0xc7, 0xa9, 0xc7, 0xa9, 0xc7, 0xa9, 0xc7, 0xa9, 0xc7, 0xa9, 0xc7, 0xa9, 0xc7, 0xa9, 0xc7, 0xa9, 0xc7, 0xa9,
    0xc7, 0xa9, 0xc7, 0xa9, 0xc7, 0xa9, 0xc7, 0xa9, 0xc7, 0xa9, 0xc7, 0xa9, 0xc7, 0xa9, 0xc7, 0xa9, 0xc7, 0xa9, 0xc7, 0xa9, 0xc7, 0xa9, 0x4d, 0xfb,
    0x4d, 0xfb, 0x4d, 0xfb, 0x4d, 0xfb, 0x4d, 0xfb, 0x4d, 0xfb, 0xa3, 0x10, 0xa3, 0x10, 0xa3, 0x10, 0xa3, 0x10, 0xa3, 0x10, 0xa3, 0x10, 0xa3, 0x10,
    0xa3, 0x10, 0xa3, 0x10, 0xa3, 0x10, 0xa3, 0x10, 0xa3, 0x10, 0xa3, 0x10, 0xa3, 0x10, 0xa3, 0x10, 0x4d, 0xfb, 0x4d, 0xfb, 0x4d, 0xfb, 0x4d, 0xfb,
    0x4d, 0xfb, 0x4d, 0xfb, 0xc7, 0xa9, 0xc7, 0xa9, 0xc7, 0xa9, 0xc7, 0xa9, 0xa3, 0x10, 0xa3, 0x10, 0xa3, 0x10, 0xc7, 0xa9, 0xc7, 0xa9, 0xc7, 0xa9,
    0xc7, 0xa9, 0xc7, 0xa9, 0xc7, 0xa9, 0xc7, 0xa9, 0xa3, 0x10, 0xa3, 0x10, 0xa3, 0x10, 0xc7, 0xa9, 0xc7, 0xa9, 0xc7, 0xa9, 0xc7, 0xa9, 0x4d, 0xfb,
    0x4d, 0xfb, 0x4d, 0xfb, 0x4d, 0xfb, 0x4d, 0xfb, 0x4d, 0xfb, 0xa3, 0x10, 0xa3, 0x10, 0xa3, 0x10, 0xa3, 0x10, 0xa3, 0x10, 0xa3, 0x10, 0xa3, 0x10,
    0xa3, 0x10, 0xa3, 0x10, 0xa3, 0x10, 0xa3, 0x10, 0xa3, 0x10, 0xa3, 0x10, 0xa3, 0x10, 0xa3, 0x10, 0x4d, 0xfb, 0x4d, 0xfb, 0x4d, 0xfb, 0x4d, 0xfb,
    0x4d, 0xfb, 0xc7, 0xa9, 0xc7, 0xa9, 0xc7, 0xa9, 0xc7, 0xa9, 0xa3, 0x10, 0xa3, 0x10, 0xa3, 0x10, 0xa3, 0x10, 0xa3, 0x10, 0xc7, 0xa9, 0xc7, 0xa9,
    0xc7, 0xa9, 0xc7, 0xa9, 0xc7, 0xa9, 0xa3, 0x10, 0xa3, 0x10, 0xa3, 0x10, 0xa3, 0x10, 0xa3, 0x10, 0xc7, 0xa9, 0xc7, 0xa9, 0xc7, 0xa9, 0xc7, 0xa9,
    0x4d, 0xfb, 0x4d, 0xfb, 0x4d, 0xfb, 0x4d, 0xfb, 0x4d, 0xfb, 0xa3, 0x10, 0xa3, 0x10, 0xa3, 0x10, 0xa3, 0x10, 0xa3, 0x10, 0xa3, 0x10, 0xa3, 0x10,
    0xa3, 0x10, 0xa3, 0x10, 0xa3, 0x10, 0xa3, 0x10, 0xa3, 0x10, 0xa3, 0x10, 0xa3, 0x10, 0xa3, 0x10, 0x4d, 0xfb, 0x4d, 0xfb, 0x4d, 0xfb, 0x4d, 0xfb,
    0x4d, 0xfb, 0xc7, 0xa9, 0xc7, 0xa9, 0xc7, 0xa9, 0xc7, 0xa9, 0xa3, 0x10, 0xa3, 0x10, 0xa3, 0x10, 0xa3, 0x10, 0xa3, 0x10, 0xc7, 0xa9, 0xc7, 0xa9,
    0xc7, 0xa9, 0xc7, 0xa9, 0xc7, 0xa9, 0xa3, 0x10, 0xa3, 0x10, 0xa3, 0x10, 0xa3, 0x10, 0xa3, 0x10, 0xc7, 0xa9, 0xc7, 0xa9, 0xc7, 0xa9, 0xc7, 0xa9,
    0x4d, 0xfb, 0x4d, 0xfb, 0x4d, 0xfb, 0x4d, 0xfb, 0x4d, 0xfb, 0xa3, 0x10, 0xa3, 0x10, 0xa3, 0x10, 0xa3, 0x10, 0xa3, 0x10, 0xa3, 0x10, 0xa3, 0x10,
    0xa3, 0x10, 0xa3, 0x10, 0xa3, 0x10, 0xa3, 0x10, 0xa3, 0x10, 0xa3, 0x10, 0xa3, 0x10, 0xa3, 0x10, 0x4d, 0xfb, 0x4d, 0xfb, 0x4d, 0xfb, 0x4d, 0xfb,
    0x4d, 0xfb, 0xc7, 0xa9, 0xc7, 0xa9, 0xc7, 0xa9, 0xc7, 0xa9, 0xa3, 0x10, 0xa3, 0x10, 0xa3, 0x10, 0xa3, 0x10, 0xa3, 0x10, 0xc7, 0xa9, 0xc7, 0xa9,
    0xc7, 0xa9, 0xc7, 0xa9, 0xc7, 0xa9, 0xa3, 0x10, 0xa3, 0x10, 0xa3, 0x10, 0xa3, 0x10, 0xa3, 0x10, 0xc7, 0xa9, 0xc7, 0xa9, 0xc7, 0xa9, 0xc7, 0xa9,
    0x4d, 0xfb, 0x4d, 0xfb, 0x4d, 0xfb, 0x4d, 0xfb, 0x4d, 0xfb, 0xa3, 0x10, 0xa3, 0x10, 0xa3, 0x10, 0xa3, 0x10, 0xa3, 0x10, 0xa3, 0x10, 0xa3, 0x10,
    0xa3, 0x10, 0xa3, 0x10, 0xa3, 0x10, 0xa3, 0x10, 0xa3, 0x10, 0xa3, 0x10, 0xa3, 0x10, 0xa3, 0x10, 0x4d, 0xfb, 0x4d, 0xfb, 0x4d, 0xfb, 0x4d, 0xfb,
    0x4d, 0xfb, 0xc7, 0xa9, 0xc7, 0xa9, 0xc7, 0xa9, 0xc7, 0xa9, 0xc7, 0xa9, 0xa3, 0x10, 0xa3, 0x10, 0xa3, 0x10, 0xc7, 0xa9, 0xc7, 0xa9, 0xc7, 0xa9,
    0xc7, 0xa9, 0xc7, 0xa9, 0xc7, 0xa9, 0xc7, 0xa9, 0xa3, 0x10, 0xa3, 0x10, 0xa3, 0x10, 0xc7, 0xa9, 0xc7, 0xa9, 0xc7, 0xa9, 0xc7, 0xa9, 0xc7, 0xa9,
    0x4d, 0xfb, 0x4d, 0xfb, 0x4d, 0xfb, 0x4d, 0xfb, 0x4d, 0xfb, 0xa3, 0x10, 0xa3, 0x10, 0xa3, 0x10, 0xa3, 0x10, 0xa3, 0x10, 0xa3, 0x10, 0xa3, 0x10,
    0xa3, 0x10, 0xa3, 0x10, 0xa3, 0x10, 0xa3, 0x10, 0xa3, 0x10, 0xa3, 0x10, 0xa3, 0x10, 0xa3, 0x10, 0x4d, 0xfb, 0x4d, 0xfb, 0x4d, 0xfb, 0x4d, 0xfb,
    0x4d, 0xfb, 0xc7, 0xa9, 0xc7, 0xa9, 0xc7, 0xa9, 0xc7, 0xa9, 0xc7, 0xa9, 0xc7, 0xa9, 0xc7, 0xa9, 0xc7, 0xa9, 0xc7, 0xa9, 0xc7, 0xa9, 0xc7, 0xa9,
    0xc7, 0xa9, 0xc7, 0xa9, 0xc7, 0xa9, 0xc7, 0xa9, 0xc7, 0xa9, 0xc7, 0xa9, 0xc7, 0xa9, 0xc7, 0xa9, 0xc7, 0xa9, 0xc7, 0xa9, 0xc7, 0xa9, 0xc7, 0xa9,
    0x4d, 0xfb, 0x4d, 0xfb, 0x4d, 0xfb, 0x4d, 0xfb, 0x4d, 0xfb, 0xa3, 0x10, 0xa3, 0x10, 0xa3, 0x10, 0xa3, 0x10, 0xa3, 0x10, 0xa3, 0x10, 0xa3, 0x10,
    0xa3, 0x10, 0xa3, 0x10, 0xa3, 0x10, 0xa3, 0x10, 0xa3, 0x10, 0xa3, 0x10, 0xa3, 0x10, 0xa3, 0x10, 0x4d, 0xfb, 0x4d, 0xfb, 0x4d, 0xfb, 0x4d, 0xfb,
    0x4d, 0xfb, 0xc7, 0xa9, 0xc7, 0xa9, 0xc7, 0xa9, 0xc7, 0xa9, 0xc7, 0xa9, 0xc7, 0xa9, 0xc7, 0xa9, 0xc7, 0xa9, 0xc7, 0xa9, 0xc7, 0xa9, 0xc7, 0xa9,
    0xc7, 0xa9, 0xc7, 0xa9, 0xc7, 0xa9, 0xc7, 0xa9, 0xc7, 0xa9, 0xc7, 0xa9, 0xc7, 0xa9, 0xc7, 0xa9, 0xc7, 0xa9, 0xc7, 0xa9, 0xc7, 0xa9, 0xc7, 0xa9,
    0x4d, 0xfb, 0x4d, 0xfb, 0x4d, 0xfb, 0x4d, 0xfb, 0x4d, 0xfb, 0xa3, 0x10, 0xa3, 0x10, 0xa3, 0x10, 0xa3, 0x10, 0xa3, 0x10, 0xa3, 0x10, 0xa3, 0x10,
    0xa3, 0x10, 0xa3, 0x10, 0xa3, 0x10, 0xa3, 0x10, 0xa3, 0x10, 0xa3, 0x10, 0xa3, 0x10, 0xa3, 0x10, 0x4d, 0xfb, 0x4d, 0xfb, 0x4d, 0xfb, 0x4d, 0xfb,
    0x4d, 0xfb, 0xc7, 0xa9, 0xc7, 0xa9, 0xc7, 0xa9, 0xc7, 0xa9, 0xc7, 0xa9, 0xc7, 0xa9, 0xc7, 0xa9, 0xc7, 0xa9, 0xc7, 0xa9, 0xc7, 0xa9, 0xc7, 0xa9,
    0xc7, 0xa9, 0xc7, 0xa9, 0xc7, 0xa9, 0xc7, 0xa9, 0xc7, 0xa9, 0xc7, 0xa9, 0xc7, 0xa9, 0xc7, 0xa9, 0xc7, 0xa9, 0xc7, 0xa9, 0xc7, 0xa9, 0xc7, 0xa9,
    0x4d, 0xfb, 0x4d, 0xfb, 0x4d, 0xfb, 0x4d, 0xfb, 0x4d, 0xfb, 0xa3, 0x10, 0xa3, 0x10, 0xa3, 0x10, 0xa3, 0x10, 0xa3, 0x10, 0xa3, 0x10, 0xa3, 0x10,
    0xa3, 0x10, 0xa3, 0x10, 0xa3, 0x10, 0xa3, 0x10, 0xa3, 0x10, 0xa3, 0x10, 0xa3, 0x10, 0xa3, 0x10, 0x4d, 0xfb, 0x4d, 0xfb, 0x4d, 0xfb, 0x4d, 0xfb,
    0x4d, 0xfb, 0xc7, 0xa9, 0xc7, 0xa9, 0xc7, 0xa9, 0xc7, 0xa9, 0xc7, 0xa9, 0xc7, 0xa9, 0xc7, 0xa9, 0x08, 0xee, 0x08, 0xee, 0x08, 0xee, 0x08, 0xee,
    0x08, 0xee, 0x08, 0xee, 0x08, 0xee, 0x08, 0xee, 0x08, 0xee, 0xc7, 0xa9, 0xc7, 0xa9, 0xc7, 0xa9, 0xc7, 0xa9, 0xc7, 0xa9, 0xc7, 0xa9, 0xc7, 0xa9,
    0x4d, 0xfb, 0x4d, 0xfb, 0x4d, 0xfb, 0x4d, 0xfb, 0x4d, 0xfb, 0xa3, 0x10, 0xa3, 0x10, 0xa3, 0x10, 0xa3, 0x10, 0xa3, 0x10, 0xa3, 0x10, 0xa3, 0x10,
    0xa3, 0x10, 0xa3, 0x10, 0xa3, 0x10, 0xa3, 0x10, 0xa3, 0x10, 0xa3, 0x10, 0xa3, 0x10, 0xa3, 0x10, 0xa3, 0x10, 0x4d, 0xfb, 0x4d, 0xfb, 0x4d, 0xfb,
    0x4d, 0xfb, 0xc7, 0xa9, 0xc7, 0xa9, 0xc7, 0xa9, 0xc7, 0xa9, 0xc7, 0xa9, 0xc7, 0xa9, 0xc7, 0xa9, 0x08, 0xee, 0x08, 0xee, 0x08, 0xee, 0x08, 0xee,
    0x08, 0xee, 0x08, 0xee, 0x08, 0xee, 0x08, 0xee, 0x08, 0xee, 0xc7, 0xa9, 0xc7, 0xa9, 0xc7, 0xa9, 0xc7, 0xa9, 0xc7, 0xa9, 0xc7, 0xa9, 0xc7, 0xa9,
    0x4d, 0xfb, 0x4d, 0xfb, 0x4d, 0xfb, 0x4d, 0xfb, 0xa3, 0x10, 0xa3, 0x10, 0xa3, 0x10, 0xa3, 0x10, 0xa3, 0x10, 0xa3, 0x10, 0xa3, 0x10, 0xa3, 0x10,
    0xa3, 0x10, 0xa3, 0x10, 0xa3, 0x10, 0xa3, 0x10, 0xa3, 0x10, 0xa3, 0x10, 0xa3, 0x10, 0xa3, 0x10, 0xa3, 0x10, 0x4d, 0xfb, 0x4d, 0xfb, 0x4d, 0xfb,
    0x4d, 0xfb, 0x4d, 0xfb, 0xc7, 0xa9, 0xc7, 0xa9, 0xc7, 0xa9, 0xc7, 0xa9, 0xc7, 0xa9, 0xc7, 0xa9, 0x08, 0xee, 0x08, 0xee, 0x08, 0xee, 0x08, 0xee,
    0x08, 0xee, 0x08, 0xee, 0x08, 0xee, 0x08, 0xee, 0x08, 0xee, 0xc7, 0xa9, 0xc7, 0xa9, 0xc7, 0xa9, 0xc7, 0xa9, 0xc7, 0xa9, 0xc7, 0xa9, 0x4d, 0xfb,
    0x4d, 0xfb, 0x4d, 0xfb, 0x4d, 0xfb, 0x4d, 0xfb, 0xa3, 0x10, 0xa3, 0x10, 0xa3, 0x10, 0xa3, 0x10, 0xa3, 0x10, 0xa3, 0x10, 0xa3, 0x10, 0xa3, 0x10,
    0xa3, 0x10, 0xa3, 0x10, 0xa3, 0x10, 0xa3, 0x10, 0xa3, 0x10, 0xa3, 0x10, 0xa3, 0x10, 0xa3, 0x10, 0xa3, 0x10, 0xa3, 0x10, 0x4d, 0xfb, 0x4d, 0xfb,
    0x4d, 0xfb, 0x4d, 0xfb, 0xc7, 0xa9, 0xc7, 0xa9, 0xc7, 0xa9, 0xc7, 0xa9, 0xc7, 0xa9, 0xc7, 0xa9, 0xc7, 0xa9, 0xc7, 0xa9, 0xc7, 0xa9, 0xc7, 0xa9,
    0xc7, 0xa9, 0xc7, 0xa9, 0xc7, 0xa9, 0xc7, 0xa9, 0xc7, 0xa9, 0xc7, 0xa9, 0xc7, 0xa9, 0xc7, 0xa9, 0xc7, 0xa9, 0xc7, 0xa9, 0xc7, 0xa9, 0x4d, 0xfb,
    0x4d, 0xfb, 0x4d, 0xfb, 0x4d, 0xfb, 0xa3, 0x10, 0xa3, 0x10, 0xa3, 0x10, 0xa3, 0x10, 0xa3, 0x10, 0xa3, 0x10, 0xa3, 0x10, 0xa3, 0x10, 0xa3, 0x10,
    0xa3, 0x10, 0xa3, 0x10, 0xa3, 0x10, 0xa3, 0x10, 0xa3, 0x10, 0xa3, 0x10, 0xa3, 0x10, 0xa3, 0x10, 0xa3, 0x10, 0xa3, 0x10, 0x4d, 0xfb, 0x4d, 0xfb,
    0x4d, 0xfb, 0x4d, 0xfb, 0x4d, 0xfb, 0xc7, 0xa9, 0xc7, 0xa9, 0xc7, 0xa9, 0xc7, 0xa9, 0xc7, 0xa9, 0xc7, 0xa9, 0xc7, 0xa9, 0xc7, 0xa9, 0xc7, 0xa9,
    0xc7, 0xa9, 0xc7, 0xa9, 0xc7, 0xa9, 0xc7, 0xa9, 0xc7, 0xa9, 0xc7, 0xa9, 0xc7, 0xa9, 0xc7, 0xa9, 0xc7, 0xa9, 0xc7, 0xa9, 0x4d, 0xfb, 0x4d, 0xfb,
    0x4d, 0xfb, 0x4d, 0xfb, 0x4d, 0xfb, 0xa3, 0x10, 0xa3, 0x10, 0xa3, 0x10, 0xa3, 0x10, 0xa3, 0x10, 0xa3, 0x10, 0xa3, 0x10, 0xa3, 0x10, 0xa3, 0x10,
    0xa3, 0x10, 0xa3, 0x10, 0xa3, 0x10, 0xa3, 0x10, 0xa3, 0x10, 0xa3, 0x10, 0xa3, 0x10, 0xa3, 0x10, 0xa3, 0x10, 0xa3, 0x10, 0xa3, 0x10, 0x4d, 0xfb,
    0x4d, 0xfb, 0x4d, 0xfb, 0x4d, 0xfb, 0x4d, 0xfb, 0xc7, 0xa9, 0xc7, 0xa9, 0xc7, 0xa9, 0xc7, 0xa9, 0xc7, 0xa9, 0xc7, 0xa9, 0xc7, 0xa9, 0xc7, 0xa9,
    0xc7, 0xa9, 0xc7, 0xa9, 0xc7, 0xa9, 0xc7, 0xa9, 0xc7, 0xa9, 0xc7, 0xa9, 0xc7, 0xa9, 0xc7, 0xa9, 0xc7, 0xa9, 0x4d, 0xfb, 0x4d, 0xfb, 0x4d, 0xfb,
    0x4d, 0xfb, 0x4d, 0xfb, 0xa3, 0x10, 0xa3, 0x10, 0xa3, 0x10, 0xa3, 0x10, 0xa3, 0x10, 0xa3, 0x10, 0xa3, 0x10, 0xa3, 0x10, 0xa3, 0x10, 0xa3, 0x10,
    0xa3, 0x10, 0xa3, 0x10, 0xa3, 0x10, 0xa3, 0x10, 0xa3, 0x10, 0xa3, 0x10, 0xa3, 0x10, 0xa3, 0x10, 0xa3, 0x10, 0xa3, 0x10, 0xa3, 0x10, 0xa3, 0x10,
    0x4d, 0xfb, 0x4d, 0xfb, 0x4d, 0xfb, 0x4d, 0xfb, 0x4d, 0xfb, 0xc7, 0xa9, 0xc7, 0xa9, 0xc7, 0xa9, 0xc7, 0xa9, 0xc7, 0xa9, 0xc7, 0xa9, 0xc7, 0xa9,
    0xc7, 0xa9, 0xc7, 0xa9, 0xc7, 0xa9, 0xc7, 0xa9, 0xc7, 0xa9, 0xc7, 0xa9, 0xc7, 0xa9, 0xc7, 0xa9, 0x4d, 0xfb, 0x4d, 0xfb, 0x4d, 0xfb, 0x4d, 0xfb,
    0x4d, 0xfb, 0xa3, 0x10, 0xa3, 0x10, 0xa3, 0x10, 0xa3, 0x10, 0xa3, 0x10, 0xa3, 0x10, 0xa3, 0x10, 0xa3, 0x10, 0xa3, 0x10, 0xa3, 0x10, 0xa3, 0x10,
    0xa3, 0x10, 0xa3, 0x10, 0xa3, 0x10, 0xa3, 0x10, 0xa3, 0x10, 0xa3, 0x10, 0xa3, 0x10, 0xa3, 0x10, 0xa3, 0x10, 0xa3, 0x10, 0xa3, 0x10, 0xa3, 0x10,
    0x4d, 0xfb, 0x4d, 0xfb, 0x4d, 0xfb, 0x4d, 0xfb, 0x4d, 0xfb, 0x4d, 0xfb, 0xc7, 0xa9, 0xc7, 0xa9, 0xc7, 0xa9, 0xc7, 0xa9, 0xc7, 0xa9, 0xc7, 0xa9,
    0xc7, 0xa9, 0xc7, 0xa9, 0xc7, 0xa9, 0xc7, 0xa9, 0xc7, 0xa9, 0xc7, 0xa9, 0xc7, 0xa9, 0x4d, 0xfb, 0x4d, 0xfb, 0x4d, 0xfb, 0x4d, 0xfb, 0x4d, 0xfb,
    0x4d, 0xfb, 0xa3, 0x10, 0xa3, 0x10, 0xa3, 0x10, 0xa3, 0x10, 0xa3, 0x10, 0xa3, 0x10, 0xa3, 0x10, 0xa3, 0x10, 0xa3, 0x10, 0xa3, 0x10, 0xa3, 0x10,
    0xa3, 0x10, 0xa3, 0x10, 0xa3, 0x10, 0xa3, 0x10, 0xa3, 0x10, 0xa3, 0x10, 0xa3, 0x10, 0xa3, 0x10, 0xa3, 0x10, 0xa3, 0x10, 0xa3, 0x10, 0xa3, 0x10,
    0xa3, 0x10, 0xa3, 0x10, 0x4d, 0xfb, 0x4d, 0xfb, 0x4d, 0xfb, 0x4d, 0xfb, 0x4d, 0xfb, 0x4d, 0xfb, 0xc7, 0xa9, 0xc7, 0xa9, 0xc7, 0xa9, 0xc7, 0xa9,
    0xc7, 0xa9, 0xc7, 0xa9, 0xc7, 0xa9, 0xc7, 0xa9, 0xc7, 0xa9, 0x4d, 0xfb, 0x4d, 0xfb, 0x4d, 0xfb, 0x4d, 0xfb, 0x4d, 0xfb, 0x4d, 0xfb, 0xa3, 0x10,
    0xa3, 0x10, 0xa3, 0x10, 0xa3, 0x10, 0xa3, 0x10, 0xa3, 0x10, 0xa3, 0x10, 0xa3, 0x10, 0xa3, 0x10, 0xa3, 0x10, 0xa3, 0x10, 0xa3, 0x10, 0xa3, 0x10,
    0xa3, 0x10, 0xa3, 0x10, 0xa3, 0x10, 0xa3, 0x10, 0xa3, 0x10, 0xa3, 0x10, 0xa3, 0x10, 0xa3, 0x10, 0xa3, 0x10, 0xa3, 0x10, 0xa3, 0x10, 0xa3, 0x10,
    0xa3, 0x10, 0xa3, 0x10, 0xa3, 0x10, 0x4d, 0xfb, 0x4d, 0xfb, 0x4d, 0xfb, 0x4d, 0xfb, 0x4d, 0xfb, 0x4d, 0xfb, 0x4d, 0xfb, 0x4d, 0xfb, 0x4d, 0xfb,
    0x4d, 0xfb, 0x4d, 0xfb, 0x4d, 0xfb, 0x4d, 0xfb, 0x4d, 0xfb, 0x4d, 0xfb, 0x4d, 0xfb, 0x4d, 0xfb, 0x4d, 0xfb, 0x4d, 0xfb, 0xa3, 0x10, 0xa3, 0x10,
    0xa3, 0x10, 0xa3, 0x10, 0xa3, 0x10, 0xa3, 0x10, 0xa3, 0x10, 0xa3, 0x10, 0xa3, 0x10, 0xa3, 0x10, 0xa3, 0x10, 0xa3, 0x10, 0xa3, 0x10, 0xa3, 0x10,
    0xa3, 0x10, 0xa3, 0x10, 0xa3, 0x10, 0xa3, 0x10, 0xa3, 0x10, 0xa3, 0x10, 0xa3, 0x10, 0xa3, 0x10, 0xa3, 0x10, 0xa3, 0x10, 0xa3, 0x10, 0xa3, 0x10,
    0xa3, 0x10, 0xa3, 0x10, 0xa3, 0x10, 0xa3, 0x10, 0xa3, 0x10, 0x4d, 0xfb, 0x4d, 0xfb, 0x4d, 0xfb, 0x4d, 0xfb, 0x4d, 0xfb, 0x4d, 0xfb, 0x4d, 0xfb,
    0x4d, 0xfb, 0x4d, 0xfb, 0x4d, 0xfb, 0x4d, 0xfb, 0x4d, 0xfb, 0x4d, 0xfb, 0x4d, 0xfb, 0x4d, 0xfb, 0xa3, 0x10, 0xa3, 0x10, 0xa3, 0x10, 0xa3, 0x10,
    0xa3, 0x10, 0xa3, 0x10, 0xa3, 0x10, 0xa3, 0x10, 0xa3, 0x10, 0xa3, 0x10, 0xa3, 0x10, 0xa3, 0x10, 0xa3, 0x10, 0xa3, 0x10, 0xa3, 0x10, 0xa3, 0x10,
    0xa3, 0x10, 0xa3, 0x10, 0xa3, 0x10, 0xa3, 0x10, 0xa3, 0x10, 0xa3, 0x10, 0xa3, 0x10, 0xa3, 0x10, 0xa3, 0x10, 0xa3, 0x10, 0xa3, 0x10, 0xa3, 0x10,
    0xa3, 0x10, 0xa3, 0x10, 0xa3, 0x10, 0xa3, 0x10, 0xa3, 0x10, 0xa3, 0x10, 0xa3, 0x10, 0x4d, 0xfb, 0x4d, 0xfb, 0x4d, 0xfb, 0x4d, 0xfb, 0x4d, 0xfb,
    0x4d, 0xfb, 0x4d, 0xfb, 0x4d, 0xfb, 0x4d, 0xfb, 0x4d, 0xfb, 0x4d, 0xfb, 0xa3, 0x10, 0xa3, 0x10, 0xa3, 0x10, 0xa3, 0x10, 0xa3, 0x10, 0xa3, 0x10,
    0xa3, 0x10, 0xa3, 0x10, 0xa3, 0x10, 0xa3, 0x10, 0xa3, 0x10, 0xa3, 0x10, 0xa3, 0x10, 0xa3, 0x10, 0xa3, 0x10, 0xa3, 0x10, 0xa3, 0x10, 0xa3, 0x10,
    0xa3, 0x10, 0xa3, 0x10, 0xa3, 0x10, 0xa3, 0x10, 0xa3, 0x10, 0xa3, 0x10, 0xa3, 0x10, 0xa3, 0x10, 0xa3, 0x10, 0xa3, 0x10, 0xa3, 0x10, 0xa3, 0x10,
    0xa3, 0x10, 0xa3, 0x10, 0xa3, 0x10, 0xa3, 0x10, 0xa3, 0x10, 0xa3, 0x10, 0xa3, 0x10, 0xa3, 0x10, 0xa3, 0x10, 0xa3, 0x10, 0xa3, 0x10, 0xa3, 0x10,
    0xa3, 0x10, 0xa3, 0x10, 0xa3, 0x10, 0xa3, 0x10, 0xa3, 0x10, 0xa3, 0x10, 0xa3, 0x10, 0xa3, 0x10, 0xa3, 0x10, 0xa3, 0x10, 0xa3, 0x10, 0xa3, 0x10,
    0xa3, 0x10, 0xa3, 0x10, 0xa3, 0x10, 0xa3, 0x10, 0xa3, 0x10, 0xa3, 0x10, 0xa3, 0x10, 0xa3, 0x10, 0xa3, 0x10, 0xa3, 0x10, 0xa3, 0x10, 0xa3, 0x10,
    0xa3, 0x10, 0xa3, 0x10, 0xa3, 0x10, 0xa3, 0x10, 0xa3, 0x10, 0xa3, 0x10, 0xa3, 0x10, 0xa3, 0x10, 0xa3, 0x10, 0xa3, 0x10, 0xa3, 0x10, 0xa3, 0x10,
    0xa3, 0x10, 0xa3, 0x10, 0xa3, 0x10, 0xa3, 0x10, 0xa3, 0x10, 0xa3, 0x10, 0xa3, 0x10, 0xa3, 0x10, 0xa3, 0x10, 0xa3, 0x10, 0xa3, 0x10, 0xa3, 0x10,
    0xa3, 0x10, 0xa3, 0x10, 0xa3, 0x10, 0xa3, 0x10, 0xa3, 0x10, 0xa3, 0x10, 0xa3, 0x10, 0xa3, 0x10, 0xa3, 0x10, 0xa3, 0x10, 0xa3, 0x10, 0xa3, 0x10,
    0xa3, 0x10, 0xa3, 0x10, 0xa3, 0x10, 0xa3, 0x10, 0xa3, 0x10, 0xa3, 0x10, 0xa3, 0x10, 0xa3, 0x10, 0xa3, 0x10, 0xa3, 0x10, 0xa3, 0x10, 0xa3, 0x10,
    0xa3, 0x10, 0xa3, 0x10, 0xa3, 0x10, 0xa3, 0x10, 0xa3, 0x10, 0xa3, 0x10, 0xa3, 0x10, 0xa3, 0x10, 0xa3, 0x10, 0xa3, 0x10, 0xa3, 0x10, 0xa3, 0x10,
    0xa3, 0x10, 0xa3, 0x10, 0xa3, 0x10, 0xa3, 0x10, 0xa3, 0x10, 0xa3, 0x10, 0xa3, 0x10, 0xa3, 0x10, 0xa3, 0x10, 0xa3, 0x10, 0xa3, 0x10, 0xa3, 0x10,
    0xa3, 0x10, 0xa3, 0x10, 0xa3, 0x10, 0xa3, 0x10, 0xa3, 0x10, 0xa3, 0x10, 0xa3, 0x10, 0xa3, 0x10, 0xa3, 0x10, 0xa3, 0x10, 0xa3, 0x10, 0xa3, 0x10,
    0xa3, 0x10, 0xa3, 0x10, 0xa3, 0x10, 0xa3, 0x10, 0xa3, 0x10, 0xa3, 0x10, 0xa3, 0x10, 0xa3, 0x10, 0xa3, 0x10, 0xa3, 0x10, 0xa3, 0x10, 0xa3, 0x10,
    0xa3, 0x10, 0xa3, 0x10, 0xa3, 0x10, 0xa3, 0x10, 0xa3, 0x10, 0xa3, 0x10, 0xa3, 0x10, 0xa3, 0x10, 0xa3, 0x10, 0xa3, 0x10, 0xa3, 0x10, 0xa3, 0x10,
    0xa3, 0x10, 0xa3, 0x10, 0xa3, 0x10, 0xa3, 0x10, 0xa3, 0x10, 0xa3, 0x10, 0xa3, 0x10, 0xa3, 0x10, 0xa3, 0x10, 0xa3, 0x10, 0xa3, 0x10, 0xa3, 0x10,
    0xa3, 0x10, 0xa3, 0x10, 0xa3, 0x10, 0xa3, 0x10, 0xa3, 0x10, 0xa3, 0x10, 0xa3, 0x10, 0xa3, 0x10, 0xa3, 0x10, 0xa3, 0x10, 0xa3, 0x10, 0xa3, 0x10,
    0xa3, 0x10, 0xa3, 0x10, 0xa3, 0x10, 0xa3, 0x10, 0xa3, 0x10, 0xa3, 0x10, 0xa3, 0x10, 0xa3, 0x10, 0xa3, 0x10, 0xa3, 0x10, 0xa3, 0x10, 0xa3, 0x10,
    0xa3, 0x10, 0xa3, 0x10, 0xa3, 0x10, 0xa3, 0x10, 0xa3, 0x10, 0xa3, 0x10, 0xa3, 0x10, 0xa3, 0x10, 0xa3, 0x10, 0xa3, 0x10, 0xa3, 0x10, 0xa3, 0x10,
    0xa3, 0x10, 0xa3, 0x10, 0xa3, 0x10, 0xa3, 0x10, 0xa3, 0x10, 0xa3, 0x10, 0xa3, 0x10, 0xa3, 0x10, 0xa3, 0x10, 0xa3, 0x10, 0xa3, 0x10, 0xa3, 0x10,
    0xa3, 0x10, 0xa3, 0x10, 0xa3, 0x10, 0xa3, 0x10, 0xa3, 0x10, 0xa3, 0x10, 0xa3, 0x10, 0xa3, 0x10, 0xa3, 0x10, 0xa3, 0x10, 0xa3, 0x10, 0xa3, 0x10,
    0xa3, 0x10, 0xa3, 0x10, 0xa3, 0x10, 0xa3, 0x10, 0xa3, 0x10, 0xa3, 0x10, 0xa3, 0x10, 0xa3, 0x10, 0xa3, 0x10, 0xa3, 0x10, 0xa3, 0x10, 0xa3, 0x10,
};

static const lv_image_dsc_t avatar_7 = {
    .header.magic = LV_IMAGE_HEADER_MAGIC,
    .header.cf = LV_COLOR_FORMAT_RGB565,
    .header.w = 48,
    .header.h = 48,
    .header.stride = 96,
    .data_size = 4608,
    .data = avatar_7_map,
};

static const uint8_t avatar_8_map[] = {
    0xa3, 0x10, 0xa3, 0x10, 0xa3, 0x10, 0xa3, 0x10, 0xa3, 0x10, 0xa3, 0x10, 0xa3, 0x10, 0xa3, 0x10, 0xa3, 0x10, 0xa3, 0x10, 0xa3, 0x10, 0xa3, 0x10,
    0xa3, 0x10, 0xa3, 0x10, 0xa3, 0x10, 0xa3, 0x10, 0xa3, 0x10, 0xa3, 0x10, 0xa3, 0x10, 0xa3, 0x10, 0xa3, 0x10, 0xa3, 0x10, 0xa3, 0x10, 0xa3, 0x10,
    0xa3, 0x10, 0xa3, 0x10, 0xa3, 0x10, 0xa3, 0x10, 0xa3, 0x10, 0xa3, 0x10, 0xa3, 0x10, 0xa3, 0x10, 0xa3, 0x10, 0xa3, 0x10, 0xa3, 0x10, 0xa3, 0x10,
    0xa3, 0x10, 0xa3, 0x10, 0xa3, 0x10, 0xa3, 0x10, 0xa3, 0x10, 0xa3, 0x10, 0xa3, 0x10, 0xa3, 0x10, 0xa3, 0x10, 0xa3, 0x10, 0xa3, 0x10, 0xa3, 0x10,
    0xa3, 0x10, 0xa3, 0x10, 0xa3, 0x10, 0xa3, 0x10, 0xa3, 0x10, 0xa3, 0x10, 0xa3, 0x10, 0xa3, 0x10, 0xa3, 0x10, 0xa3, 0x10, 0xa3, 0x10, 0xa3, 0x10,
    0xa3, 0x10, 0xa3, 0x10, 0xa3, 0x10, 0xa3, 0x10, 0xa3, 0x10, 0xa3, 0x10, 0xa3, 0x10, 0xa3, 0x10, 0xa3, 0x10, 0xa3, 0x10, 0xa3, 0x10, 0xa3, 0x10,
    0xa3, 0x10, 0xa3, 0x10, 0xa3, 0x10, 0xa3, 0x10, 0xa3, 0x10, 0xa3, 0x10, 0xa3, 0x10, 0xa3, 0x10, 0xa3, 0x10, 0xa3, 0x10, 0xa3, 0x10, 0xa3, 0x10,
    0xa3, 0x10, 0xa3, 0x10, 0xa3, 0x10, 0xa3, 0x10, 0xa3, 0x10, 0xa3, 0x10, 0xa3, 0x10, 0xa3, 0x10, 0xa3, 0x10, 0xa3, 0x10, 0xa3, 0x10, 0xa3, 0x10,
    0xa3, 0x10, 0xa3, 0x10, 0xa3, 0x10, 0xa3, 0x10, 0xa3, 0x10, 0xa3, 0x10, 0xa3, 0x10, 0xa3, 0x10, 0xa3, 0x10, 0xa3, 0x10, 0xa3, 0x10, 0xa3, 0x10,
    0xa3, 0x10, 0xa3, 0x10, 0xa3, 0x10, 0xa3, 0x10, 0xa3, 0x10, 0xa3, 0x10, 0xa3, 0x10, 0xa3, 0x10, 0xa3, 0x10, 0xa3, 0x10, 0xa3, 0x10, 0xa3, 0x10,
    0xa3, 0x10, 0xa3, 0x10, 0xa3, 0x10, 0xa3, 0x10, 0xa3, 0x10, 0xa3, 0x10, 0xa3, 0x10, 0xa3, 0x10, 0xa3, 0x10, 0xa3, 0x10, 0xa3, 0x10, 0xa3, 0x10,
    0xa3, 0x10, 0xa3, 0x10, 0xa3, 0x10, 0xa3, 0x10, 0xa3, 0x10, 0xa3, 0x10, 0xa3, 0x10, 0xa3, 0x10, 0xa3, 0x10, 0xa3, 0x10, 0xa3, 0x10, 0xa3, 0x10,
    0xa3, 0x10, 0xa3, 0x10, 0xa3, 0x10, 0xa3, 0x10, 0xa3, 0x10, 0xa3, 0x10, 0xa3, 0x10, 0xa3, 0x10, 0xa3, 0x10, 0xa3, 0x10, 0xa3, 0x10, 0xa3, 0x10,
    0xa3, 0x10, 0xa3, 0x10, 0xa3, 0x10, 0xa3, 0x10, 0xa3, 0x10, 0xa3, 0x10, 0xa3, 0x10, 0xa3, 0x10, 0xa3, 0x10, 0xa3, 0x10, 0xa3, 0x10, 0xa3, 0x10,
    0xa3, 0x10, 0xa3, 0x10, 0xa3, 0x10, 0xa3, 0x10, 0xa3, 0x10, 0xa3, 0x10, 0xa3, 0x10, 0xa3, 0x10, 0xa3, 0x10, 0xa3, 0x10, 0xa3, 0x10, 0xa3, 0x10,
    0xa3, 0x10, 0xa3, 0x10, 0xa3, 0x10, 0xa3, 0x10, 0xa3, 0x10, 0xa3, 0x10, 0xa3, 0x10, 0xa3, 0x10, 0xa3, 0x10, 0xa3, 0x10, 0xa3, 0x10, 0xa3, 0x10,
    0xa3, 0x10, 0xa3, 0x10, 0xa3, 0x10, 0xa3, 0x10, 0xa3, 0x10, 0xa3, 0x10, 0xa3, 0x10, 0xa3, 0x10, 0xa3, 0x10, 0xa3, 0x10, 0xa3, 0x10, 0xa3, 0x10,
    0xa3, 0x10, 0xa3, 0x10, 0xa3, 0x10, 0xa3, 0x10, 0xa3, 0x10, 0xa3, 0x10, 0xa3, 0x10, 0xa3, 0x10, 0xa3, 0x10, 0xa3, 0x10, 0xa3, 0x10, 0xa3, 0x10,
    0xa3, 0x10, 0xa3, 0x10, 0xa3, 0x10, 0xa3, 0x10, 0xa3, 0x10, 0xa3, 0x10, 0xa3, 0x10, 0xa3, 0x10, 0xa3, 0x10, 0xa3, 0x10, 0xa3, 0x10, 0xa3, 0x10,
    0xa3, 0x10, 0xa3, 0x10, 0xa3, 0x10, 0xa3, 0x10, 0xa3, 0x10, 0xa3, 0x10, 0xa3, 0x10, 0xa3, 0x10, 0xa3, 0x10, 0xa3, 0x10, 0xa3, 0x10, 0xa3, 0x10,
    0xa3, 0x10, 0xa3, 0x10, 0xa3, 0x10, 0xa3, 0x10, 0xa3, 0x10, 0xa3, 0x10, 0xa3, 0x10, 0xa3, 0x10, 0xa3, 0x10, 0xa3, 0x10, 0xa3, 0x10, 0xa3, 0x10,
    0xa3, 0x10, 0xa3, 0x10, 0xa3, 0x10, 0xa3, 0x10, 0xa3, 0x10, 0xa3, 0x10, 0xa3, 0x10, 0xa3, 0x10, 0xa3, 0x10, 0xa3, 0x10, 0xa3, 0x10, 0xa3, 0x10,
    0xa3, 0x10, 0xa3, 0x10, 0xa3, 0x10, 0xa3, 0x10, 0xa3, 0x10, 0xa3, 0x10, 0xa3, 0x10, 0xa3, 0x10, 0xa3, 0x10, 0xa3, 0x10, 0xa3, 0x10, 0xa3, 0x10,
    0xa3, 0x10, 0xa3, 0x10, 0xa3, 0x10, 0xa3, 0x10, 0xa3, 0x10, 0xa3, 0x10, 0xa3, 0x10, 0xa3, 0x10, 0xa3, 0x10, 0xa3, 0x10, 0xa3, 0x10, 0xa3, 0x10,
    0xa3, 0x10, 0xa3, 0x10, 0xa3, 0x10, 0xa3, 0x10, 0xa3, 0x10, 0xa3, 0x10, 0xa3, 0x10, 0xa3, 0x10, 0xa3, 0x10, 0xa3, 0x10, 0xa3, 0x10, 0xa3, 0x10,
    0xa3, 0x10, 0xa3, 0x10, 0xa3, 0x10, 0xa3, 0x10, 0xa3, 0x10, 0xa3, 0x10, 0xa3, 0x10, 0xa3, 0x10, 0xa3, 0x10, 0xa3, 0x10, 0xa3, 0x10, 0xa3, 0x10,
    0xa3, 0x10, 0xa3, 0x10, 0xa3, 0x10, 0xa3, 0x10, 0xa3, 0x10, 0xa3, 0x10, 0xa3, 0x10, 0xa3, 0x10, 0xa3, 0x10, 0xa3, 0x10, 0xa3, 0x10, 0xa3, 0x10,
    0xa3, 0x10, 0xa3, 0x10, 0xa3, 0x10, 0xa3, 0x10, 0xa3, 0x10, 0xa3, 0x10, 0xa3, 0x10, 0xa3, 0x10, 0xa3, 0x10, 0xa3, 0x10, 0xa3, 0x10, 0xa3, 0x10,
    0xa3, 0x10, 0xa3, 0x10, 0xa3, 0x10, 0xa3, 0x10, 0xa3, 0x10, 0xa3, 0x10, 0xa3, 0x10, 0xa3, 0x10, 0xa3, 0x10, 0xa3, 0x10, 0xa3, 0x10, 0xa3, 0x10,
    0xa3, 0x10, 0xa3, 0x10, 0xa3, 0x10, 0xa3, 0x10, 0xa3, 0x10, 0xa3, 0x10, 0xa3, 0x10, 0xa3, 0x10, 0xa3, 0x10, 0xa3, 0x10, 0xa3, 0x10, 0xa3, 0x10,
    0xa3, 0x10, 0xa3, 0x10, 0xa3, 0x10, 0xa3, 0x10, 0xa3, 0x10, 0xa3, 0x10, 0xa3, 0x10, 0xa3, 0x10, 0xa3, 0x10, 0xa3, 0x10, 0xa3, 0x10, 0xa3, 0x10,
    0xa3, 0x10, 0xa3, 0x10, 0xa3, 0x10, 0xa3, 0x10, 0xa3, 0x10, 0xa3, 0x10, 0xa3, 0x10, 0xa3, 0x10, 0xa3, 0x10, 0xa3, 0x10, 0xa3, 0x10, 0xa3, 0x10,
    0xa3, 0x10, 0xa3, 0x10, 0xa3, 0x10, 0xa3, 0x10, 0xa3, 0x10, 0xa3, 0x10, 0xa3, 0x10, 0xa3, 0x10, 0xa3, 0x10, 0xa3, 0x10, 0xa3, 0x10, 0xa3, 0x10,
    0xa3, 0x10, 0xa3, 0x10, 0xa3, 0x10, 0xa3, 0x10, 0xa3, 0x10, 0xa3, 0x10, 0xa3, 0x10, 0xa3, 0x10, 0xa3, 0x10, 0xa3, 0x10, 0xa3, 0x10, 0xa3, 0x10,
    0xa3, 0x10, 0xa3, 0x10, 0xa3, 0x10, 0xa3, 0x10, 0xa3, 0x10, 0xa3, 0x10, 0xa3, 0x10, 0xa3, 0x10, 0xa3, 0x10, 0xa3, 0x10, 0xa3, 0x10, 0xa3, 0x10,
    0xa3, 0x10, 0xa3, 0x10, 0xa3, 0x10, 0xa3, 0x10, 0xa3, 0x10, 0xa3, 0x10, 0xa3, 0x10, 0xa3, 0x10, 0xa3, 0x10, 0xa3, 0x10, 0xa3, 0x10, 0xa3, 0x10,
    0xa3, 0x10, 0xa3, 0x10, 0xa3, 0x10, 0xa3, 0x10, 0xa3, 0x10, 0xa3, 0x10, 0xa3, 0x10, 0xa3, 0x10, 0xa3, 0x10, 0xa3, 0x10, 0xa3, 0x10, 0xa3, 0x10,
    0xa3, 0x10, 0xa3, 0x10, 0xa3, 0x10, 0xa3, 0x10, 0xa3, 0x10, 0xa3, 0x10, 0xa3, 0x10, 0xa3, 0x10, 0xa3, 0x10, 0xa3, 0x10, 0xa3, 0x10, 0xa3, 0x10,
    0xa3, 0x10, 0xa3, 0x10, 0xa3, 0x10, 0xa3, 0x10, 0xa3, 0x10, 0xa3, 0x10, 0xa3, 0x10, 0xa3, 0x10, 0xa3, 0x10, 0xa3, 0x10, 0xa3, 0x10, 0xa3, 0x10,
    0xa3, 0x10, 0xa3, 0x10, 0xa3, 0x10, 0xa3, 0x10, 0xa3, 0x10, 0xa3, 0x10, 0xa3, 0x10, 0xa3, 0x10, 0xa3, 0x10, 0xa3, 0x10, 0xa3, 0x10, 0xa3, 0x10,
    0xa3, 0x10, 0xa3, 0x10, 0xa3, 0x10, 0xa3, 0x10, 0xa3, 0x10, 0xa3, 0x10, 0xa3, 0x10, 0xa3, 0x10, 0xa3, 0x10, 0xa3, 0x10, 0xa3, 0x10, 0xa3, 0x10,
    0xa3, 0x10, 0xa3, 0x10, 0xa3, 0x10, 0xa3, 0x10, 0xa3, 0x10, 0xa3, 0x10, 0xa3, 0x10, 0xbd, 0x7e, 0xbd, 0x7e, 0xbd, 0x7e, 0xbd, 0x7e, 0xbd, 0x7e,
    0xbd, 0x7e, 0xbd, 0x7e, 0xbd, 0x7e, 0xbd, 0x7e, 0xbd, 0x7e, 0xbd, 0x7e, 0xa3, 0x10, 0xa3, 0x10, 0xa3, 0x10, 0xa3, 0x10, 0xa3, 0x10, 0xa3, 0x10,
    0xa3, 0x10, 0xa3, 0x10, 0xa3, 0x10, 0xa3, 0x10, 0xa3, 0x10, 0xa3, 0x10, 0xa3, 0x10, 0xa3, 0x10, 0xa3, 0x10, 0xa3, 0x10, 0xa3, 0x10, 0xa3, 0x10,
    0xa3, 0x10, 0xa3, 0x10, 0xa3, 0x10, 0xa3, 0x10, 0xa3, 0x10, 0xa3, 0x10, 0xa3, 0x10, 0xa3, 0x10, 0xa3, 0x10, 0xa3, 0x10, 0xa3, 0x10, 0xa3, 0x10,
    0xa3, 0x10, 0xa3, 0x10, 0xa3, 0x10, 0xa3, 0x10, 0xa3, 0x10, 0xbd, 0x7e, 0xbd, 0x7e, 0xbd, 0x7e, 0xbd, 0x7e, 0xbd, 0x7e, 0xbd, 0x7e, 0xbd, 0x7e,
    0xbd, 0x7e, 0xbd, 0x7e, 0xbd, 0x7e, 0xbd, 0x7e, 0xbd, 0x7e, 0xbd, 0x7e, 0xbd, 0x7e, 0xbd, 0x7e, 0xa3, 0x10, 0xa3, 0x10, 0xa3, 0x10, 0xa3, 0x10,
    0xa3, 0x10, 0xa3, 0x10, 0xa3, 0x10, 0xa3, 0x10, 0xa3, 0x10, 0xa3, 0x10, 0xa3, 0x10, 0xa3, 0x10, 0xa3, 0x10, 0xa3, 0x10, 0xa3, 0x10, 0xa3, 0x10,
    0xa3, 0x10, 0xa3, 0x10, 0xa3, 0x10, 0xa3, 0x10, 0xa3, 0x10, 0xa3, 0x10, 0xa3, 0x10, 0xa3, 0x10, 0xa3, 0x10, 0xa3, 0x10, 0xa3, 0x10, 0xa3, 0x10,
    0xa3, 0x10, 0xa3, 0x10, 0xa3, 0x10, 0xbd, 0x7e, 0xbd, 0x7e, 0xbd, 0x7e, 0xbd, 0x7e, 0xbd, 0x7e, 0xbd, 0x7e, 0xbd, 0x7e, 0xbd, 0x7e, 0xbd, 0x7e,
    0xbd, 0x7e, 0xbd, 0x7e, 0xbd, 0x7e, 0xbd, 0x7e, 0xbd, 0x7e, 0xbd, 0x7e, 0xbd, 0x7e, 0xbd, 0x7e, 0xbd, 0x7e, 0xbd, 0x7e, 0xa3, 0x10, 0xa3, 0x10,
    0xa3, 0x10, 0xa3, 0x10, 0xa3, 0x10, 0xa3, 0x10, 0xa3, 0x10, 0xa3, 0x10, 0xa3, 0x10, 0xa3, 0x10, 0xa3, 0x10, 0xa3, 0x10, 0xa3, 0x10, 0xa3, 0x10,
    0xa3, 0x10, 0xa3, 0x10, 0xa3, 0x10, 0xa3, 0x10, 0xa3, 0x10, 0xa3, 0x10, 0xa3, 0x10, 0xa3, 0x10, 0xa3, 0x10, 0xa3, 0x10, 0xa3, 0x10, 0xa3, 0x10,
    0x08, 0xee, 0x08, 0xee, 0xbd, 0x7e, 0xbd, 0x7e, 0xbd, 0x7e, 0xbd, 0x7e, 0xbd, 0x7e, 0xbd, 0x7e, 0xbd, 0x7e, 0xbd, 0x7e, 0xbd, 0x7e, 0xbd, 0x7e,
    0xbd, 0x7e, 0xbd, 0x7e, 0xbd, 0x7e, 0xbd, 0x7e, 0xbd, 0x7e, 0xbd, 0x7e, 0xbd, 0x7e, 0xbd, 0x7e, 0xbd, 0x7e, 0xbd, 0x7e, 0xbd, 0x7e, 0x08, 0xee,
    0x08, 0xee, 0xa3, 0x10, 0xa3, 0x10, 0xa3, 0x10, 0xa3, 0x10, 0xa3, 0x10, 0xa3, 0x10, 0xa3, 0x10, 0xa3, 0x10, 0xa3, 0x10, 0xa3, 0x10, 0xa3, 0x10,
    0xa3, 0x10, 0xa3, 0x10, 0xa3, 0x10, 0xa3, 0x10, 0xa3, 0x10, 0xa3, 0x10, 0xa3, 0x10, 0xa3, 0x10, 0xa3, 0x10, 0xa3, 0x10, 0xa3, 0x10, 0x08, 0xee,
    0xbd, 0x7e, 0xbd, 0x7e, 0xbd, 0x7e, 0xbd, 0x7e, 0xbd, 0x7e, 0xbd, 0x7e, 0xbd, 0x7e, 0xbd, 0x7e, 0xbd, 0x7e, 0xbd, 0x7e, 0xbd, 0x7e, 0xbd, 0x7e,
    0xbd, 0x7e, 0xbd, 0x7e, 0xbd, 0x7e, 0xbd, 0x7e, 0xbd, 0x7e, 0xbd, 0x7e, 0xbd, 0x7e, 0xbd, 0x7e, 0xbd, 0x7e, 0xbd, 0x7e, 0xbd, 0x7e, 0xbd, 0x7e,
    0xbd, 0x7e, 0x08, 0xee, 0xa3, 0x10, 0xa3, 0x10, 0xa3, 0x10, 0xa3, 0x10, 0xa3, 0x10, 0xa3, 0x10, 0xa3, 0x10, 0xa3, 0x10, 0xa3, 0x10, 0xa3, 0x10,
    0xa3, 0x10, 0xa3, 0x10, 0xa3, 0x10, 0xa3, 0x10, 0xa3, 0x10, 0xa3, 0x10, 0xa3, 0x10, 0xa3, 0x10, 0xa3, 0x10, 0xa3, 0x10, 0xa3, 0x10, 0x08, 0xee,
    0xbd, 0x7e, 0xbd, 0x7e, 0xbd, 0x7e, 0xbd, 0x7e, 0xbd, 0x7e, 0xbd, 0x7e, 0xbd, 0x7e, 0xbd, 0x7e, 0xbd, 0x7e, 0xbd, 0x7e, 0xbd, 0x7e, 0xbd, 0x7e,
    0xbd, 0x7e, 0xbd, 0x7e, 0xbd, 0x7e, 0xbd, 0x7e, 0xbd, 0x7e, 0xbd, 0x7e, 0xbd, 0x7e, 0xbd, 0x7e, 0xbd, 0x7e, 0xbd, 0x7e, 0xbd, 0x7e, 0xbd, 0x7e,
    0xbd, 0x7e, 0x08, 0xee, 0xa3, 0x10, 0xa3, 0x10, 0xa3, 0x10, 0xa3, 0x10, 0xa3, 0x10, 0xa3, 0x10, 0xa3, 0x10, 0xa3, 0x10, 0xa3, 0x10, 0xa3, 0x10,
    0xa3, 0x10, 0xa3, 0x10, 0xa3, 0x10, 0xa3, 0x10, 0xa3, 0x10, 0xa3, 0x10, 0xa3, 0x10, 0xa3, 0x10, 0xa3, 0x10, 0xa3, 0x10, 0xa3, 0x10, 0xbd, 0x7e,
    0xbd, 0x7e, 0xbd, 0x7e, 0xbd, 0x7e, 0xbd, 0x7e, 0xbd, 0x7e, 0xbd, 0x7e, 0xbd, 0x7e, 0xbd, 0x7e, 0xbd, 0x7e, 0xbd, 0x7e, 0xbd, 0x7e, 0xbd, 0x7e,
    0xbd, 0x7e, 0xbd, 0x7e, 0xbd, 0x7e, 0xbd, 0x7e, 0xbd, 0x7e, 0xbd, 0x7e, 0xbd, 0x7e, 0xbd, 0x7e, 0xbd, 0x7e, 0xbd, 0x7e, 0xbd, 0x7e, 0xbd, 0x7e,
    0xbd, 0x7e, 0xbd, 0x7e, 0xa3, 0x10, 0xa3, 0x10, 0xa3, 0x10, 0xa3, 0x10, 0xa3, 0x10, 0xa3, 0x10, 0xa3, 0x10, 0xa3, 0x10, 0xa3, 0x10, 0xa3, 0x10,
    0xa3, 0x10, 0xa3, 0x10, 0xa3, 0x10, 0xa3, 0x10, 0xa3, 0x10, 0xa3, 0x10, 0xa3, 0x10, 0xa3, 0x10, 0xa3, 0x10, 0xa3, 0x10, 0xbd, 0x7e, 0xbd, 0x7e,
    0xbd, 0x7e, 0xbd, 0x7e, 0xbd, 0x7e, 0xbd, 0x7e, 0xbd, 0x7e, 0xbd, 0x7e, 0xbd, 0x7e, 0xbd, 0x7e, 0x33, 0x3c, 0x33, 0x3c, 0x33, 0x3c, 0x33, 0x3c,
    0x33, 0x3c, 0x33, 0x3c, 0x33, 0x3c, 0x33, 0x3c, 0x33, 0x3c, 0xbd, 0x7e, 0xbd, 0x7e, 0xbd, 0x7e, 0xbd, 0x7e, 0xbd, 0x7e, 0xbd, 0x7e, 0xbd, 0x7e,
    0xbd, 0x7e, 0xbd, 0x7e, 0xbd, 0x7e, 0xa3, 0x10, 0xa3, 0x10, 0xa3, 0x10, 0xa3, 0x10, 0xa3, 0x10, 0xa3, 0x10, 0xa3, 0x10, 0xa3, 0x10, 0xa3, 0x10,
    0xa3, 0x10, 0xa3, 0x10, 0xa3, 0x10, 0xa3, 0x10, 0xa3, 0x10, 0xa3, 0x10, 0xa3, 0x10, 0xa3, 0x10, 0xa3, 0x10, 0xa3, 0x10, 0xbd, 0x7e, 0xbd, 0x7e,
    0xbd, 0x7e, 0xbd, 0x7e, 0xbd, 0x7e, 0xbd, 0x7e, 0xbd, 0x7e, 0xbd, 0x7e, 0x33, 0x3c, 0x33, 0x3c, 0x33, 0x3c, 0x33, 0x3c, 0x33, 0x3c, 0x33, 0x3c,
    0x33, 0x3c, 0x33, 0x3c, 0x33, 0x3c, 0x33, 0x3c, 0x33, 0x3c, 0x33, 0x3c, 0x33, 0x3c, 0xbd, 0x7e, 0xbd, 0x7e, 0xbd, 0x7e, 0xbd, 0x7e, 0xbd, 0x7e,
    0xbd, 0x7e, 0xbd, 0x7e, 0xbd, 0x7e, 0xa3, 0x10, 0xa3, 0x10, 0xa3, 0x10, 0xa3, 0x10, 0xa3, 0x10, 0xa3, 0x10, 0xa3, 0x10, 0xa3, 0x10, 0xa3, 0x10,
    0xa3, 0x10, 0xa3, 0x10, 0xa3, 0x10, 0xa3, 0x10, 0xa3, 0x10, 0xa3, 0x10, 0xa3, 0x10, 0xa3, 0x10, 0xa3, 0x10, 0xbd, 0x7e, 0xbd, 0x7e, 0xbd, 0x7e,
    0xbd, 0x7e, 0xbd, 0x7e, 0xbd, 0x7e, 0xbd, 0x7e, 0xbd, 0x7e, 0x33, 0x3c, 0x33, 0x3c, 0x33, 0x3c, 0x33, 0x3c, 0x33, 0x3c, 0x33, 0x3c, 0x33, 0x3c,
    0x33, 0x3c, 0x33, 0x3c, 0x33, 0x3c, 0x33, 0x3c, 0x33, 0x3c, 0x33, 0x3c, 0x33, 0x3c, 0x33, 0x3c, 0xbd, 0x7e, 0xbd, 0x7e, 0xbd, 0x7e, 0xbd, 0x7e,
    0xbd, 0x7e, 0xbd, 0x7e, 0xbd, 0x7e, 0xbd, 0x7e, 0xa3, 0x10, 0xa3, 0x10, 0xa3, 0x10, 0xa3, 0x10, 0xa3, 0x10, 0xa3, 0x10, 0xa3, 0x10, 0xa3, 0x10,
    0xa3, 0x10, 0xa3, 0x10, 0xa3, 0x10, 0xa3, 0x10, 0xa3, 0x10, 0xa3, 0x10, 0xa3, 0x10, 0xa3, 0x10, 0xa3, 0x10, 0xbd, 0x7e, 0xbd, 0x7e, 0xbd, 0x7e,
    0xbd, 0x7e, 0xbd, 0x7e, 0xbd, 0x7e, 0xbd, 0x7e, 0x33, 0x3c, 0x33, 0x3c, 0x33, 0x3c, 0x33, 0x3c, 0x33, 0x3c, 0x33, 0x3c, 0x33, 0x3c, 0x33, 0x3c,
    0x33, 0x3c, 0x33, 0x3c, 0x33, 0x3c, 0x33, 0x3c, 0x33, 0x3c, 0x33, 0x3c, 0x33, 0x3c, 0x33, 0x3c, 0x33, 0x3c, 0xbd, 0x7e, 0xbd, 0x7e, 0xbd, 0x7e,
    0xbd, 0x7e, 0xbd, 0x7e, 0xbd, 0x7e, 0xbd, 0x7e, 0xa3, 0x10, 0xa3, 0x10, 0xa3, 0x10, 0xa3, 0x10, 0xa3, 0x10, 0xa3, 0x10, 0xa3, 0x10, 0xa3, 0x10,
    0xa3, 0x10, 0xa3, 0x10, 0xa3, 0x10, 0xa3, 0x10, 0xa3, 0x10, 0xa3, 0x10, 0xa3, 0x10, 0xa3, 0x10, 0xbd, 0x7e, 0xbd, 0x7e, 0xbd, 0x7e, 0xbd, 0x7e,
    0xbd, 0x7e, 0xbd, 0x7e, 0xbd, 0x7e, 0x33, 0x3c, 0x33, 0x3c, 0x33, 0x3c, 0x33, 0x3c, 0x33, 0x3c, 0x33, 0x3c, 0x33, 0x3c, 0x33, 0x3c, 0x33, 0x3c,
    0x33, 0x3c, 0x33, 0x3c, 0x33, 0x3c, 0x33, 0x3c, 0x33, 0x3c, 0x33, 0x3c, 0x33, 0x3c, 0x33, 0x3c, 0x33, 0x3c, 0x33, 0x3c, 0xbd, 0x7e, 0xbd, 0x7e,
    0xbd, 0x7e, 0xbd, 0x7e, 0xbd, 0x7e, 0xbd, 0x7e, 0xbd, 0x7e, 0xa3, 0x10, 0xa3, 0x10, 0xa3, 0x10, 0xa3, 0x10, 0xa3, 0x10, 0xa3, 0x10, 0xa3, 0x10,
    0xa3, 0x10, 0xa3, 0x10, 0xa3, 0x10, 0xa3, 0x10, 0xa3, 0x10, 0xa3, 0x10, 0xa3, 0x10, 0xa3, 0x10, 0xbd, 0x7e, 0xbd, 0x7e, 0xbd, 0x7e, 0xbd, 0x7e,
    0xbd, 0x7e, 0xbd, 0x7e, 0x33, 0x3c, 0x33, 0x3c, 0x33, 0x3c, 0x33, 0x3c, 0x33, 0x3c, 0x33, 0x3c, 0x33, 0x3c, 0x33, 0x3c, 0x33, 0x3c, 0x33, 0x3c,
    0x33, 0x3c, 0x33, 0x3c, 0x33, 0x3c, 0x33, 0x3c, 0x33, 0x3c, 0x33, 0x3c, 0x33, 0x3c, 0x33, 0x3c, 0x33, 0x3c, 0x33, 0x3c, 0x33, 0x3c, 0xbd, 0x7e,
    0xbd, 0x7e, 0xbd, 0x7e, 0xbd, 0x7e, 0xbd, 0x7e, 0xbd, 0x7e, 0xa3, 0x10, 0xa3, 0x10, 0xa3, 0x10, 0xa3, 0x10, 0xa3, 0x10, 0xa3, 0x10, 0xa3, 0x10,
    0xa3, 0x10, 0xa3, 0x10, 0xa3, 0x10, 0xa3, 0x10, 0xa3, 0x10, 0xa3, 0x10, 0xa3, 0x10, 0xa3, 0x10, 0xbd, 0x7e, 0xbd, 0x7e, 0xbd, 0x7e, 0xbd, 0x7e,
    0xbd, 0x7e, 0xbd, 0x7e, 0x33, 0x3c, 0x33, 0x3c, 0x33, 0x3c, 0x33, 0x3c, 0xa3, 0x10, 0xa3, 0x10, 0xa3, 0x10, 0x33, 0x3c, 0x33, 0x3c, 0x33, 0x3c,
    0x33, 0x3c, 0x33, 0x3c, 0x33, 0x3c, 0x33, 0x3c, 0xa3, 0x10, 0xa3, 0x10, 0xa3, 0x10, 0x33, 0x3c, 0x33, 0x3c, 0x33, 0x3c, 0x33, 0x3c, 0xbd, 0x7e,
    0xbd, 0x7e, 0xbd, 0x7e, 0xbd, 0x7e, 0xbd, 0x7e, 0xbd, 0x7e, 0xa3, 0x10, 0xa3, 0x10, 0xa3, 0x10, 0xa3, 0x10, 0xa3, 0x10, 0xa3, 0x10, 0xa3, 0x10,
    0xa3, 0x10, 0xa3, 0x10, 0xa3, 0x10, 0xa3, 0x10, 0xa3, 0x10, 0xa3, 0x10, 0xa3, 0x10, 0xa3, 0x10, 0xbd, 0x7e, 0xbd, 0x7e, 0xbd, 0x7e, 0xbd, 0x7e,
    0xbd, 0x7e, 0x33, 0x3c, 0x33, 0x3c, 0x33, 0x3c, 0x33, 0x3c, 0xa3, 0x10, 0xa3, 0x10, 0xa3, 0x10, 0xa3, 0x10, 0xa3, 0x10, 0x33, 0x3c, 0x33, 0x3c,
    0x33, 0x3c, 0x33, 0x3c, 0x33, 0x3c, 0xa3, 0x10, 0xa3, 0x10, 0xa3, 0x10, 0xa3, 0x10, 0xa3, 0x10, 0x33, 0x3c, 0x33, 0x3c, 0x33, 0x3c, 0x33, 0x3c,
    0xbd, 0x7e, 0xbd, 0x7e, 0xbd, 0x7e, 0xbd, 0x7e, 0xbd, 0x7e, 0xa3, 0x10, 0xa3, 0x10, 0xa3, 0x10, 0xa3, 0x10, 0xa3, 0x10, 0xa3, 0x10, 0xa3, 0x10,
    0xa3, 0x10, 0xa3, 0x10, 0xa3, 0x10, 0xa3, 0x10, 0xa3, 0x10, 0xa3, 0x10, 0xa3, 0x10, 0xa3, 0x10, 0xbd, 0x7e, 0xbd, 0x7e, 0xbd, 0x7e, 0xbd, 0x7e,
    0xbd, 0x7e, 0x33, 0x3c, 0x33, 0x3c, 0x33, 0x3c, 0x33, 0x3c, 0xa3, 0x10, 0xa3, 0x10, 0xa3, 0x10, 0xa3, 0x10, 0xa3, 0x10, 0x33, 0x3c, 0x33, 0x3c,
    0x33, 0x3c, 0x33, 0x3c, 0x33, 0x3c, 0xa3, 0x10, 0xa3, 0x10, 0xa3, 0x10, 0xa3, 0x10, 0xa3, 0x10, 0x33, 0x3c, 0x33, 0x3c, 0x33, 0x3c, 0x33, 0x3c,
    0xbd, 0x7e, 0xbd, 0x7e, 0xbd, 0x7e, 0xbd, 0x7e, 0xbd, 0x7e, 0xa3, 0x10, 0xa3, 0x10, 0xa3, 0x10, 0xa3, 0x10, 0xa3, 0x10, 0xa3, 0x10, 0xa3, 0x10,
    0xa3, 0x10, 0xa3, 0x10, 0xa3, 0x10, 0xa3, 0x10, 0xa3, 0x10, 0xa3, 0x10, 0xa3, 0x10, 0xa3, 0x10, 0xbd, 0x7e, 0xbd, 0x7e, 0xbd, 0x7e, 0xbd, 0x7e,
    0xbd, 0x7e, 0x33, 0x3c, 0x33, 0x3c, 0x33, 0x3c, 0x33, 0x3c, 0xa3, 0x10, 0xa3, 0x10, 0xa3, 0x10, 0xa3, 0x10, 0xa3, 0x10, 0x33, 0x3c, 0x33, 0x3c,
    0x33, 0x3c, 0x33, 0x3c, 0x33, 0x3c, 0xa3, 0x10, 0xa3, 0x10, 0xa3, 0x10, 0xa3, 0x10, 0xa3, 0x10, 0x33, 0x3c, 0x33, 0x3c, 0x33, 0x3c, 0x33, 0x3c,
    0xbd, 0x7e, 0xbd, 0x7e, 0xbd, 0x7e, 0xbd, 0x7e, 0xbd, 0x7e, 0xa3, 0x10, 0xa3, 0x10, 0xa3, 0x10, 0xa3, 0x10, 0xa3, 0x10, 0xa3, 0x10, 0xa3, 0x10,
    0xa3, 0x10, 0xa3, 0x10, 0xa3, 0x10, 0xa3, 0x10, 0xa3, 0x10, 0xa3, 0x10, 0xa3, 0x10, 0xa3, 0x10, 0xbd, 0x7e, 0xbd, 0x7e, 0xbd, 0x7e, 0xbd, 0x7e,
    0xbd, 0x7e, 0x33, 0x3c, 0x33, 0x3c, 0x33, 0x3c, 0x33, 0x3c, 0x33, 0x3c, 0xa3, 0x10, 0xa3, 0x10, 0xa3, 0x10, 0x33, 0x3c, 0x33, 0x3c, 0x33, 0x3c,
    0x33, 0x3c, 0x33, 0x3c, 0x33, 0x3c, 0x33, 0x3c, 0xa3, 0x10, 0xa3, 0x10, 0xa3, 0x10, 0x33, 0x3c, 0x33, 0x3c, 0x33, 0x3c, 0x33, 0x3c, 0x33, 0x3c,
    0xbd, 0x7e, 0xbd, 0x7e, 0xbd, 0x7e, 0xbd, 0x7e, 0xbd, 0x7e, 0xa3, 0x10, 0xa3, 0x10, 0xa3, 0x10, 0xa3, 0x10, 0xa3, 0x10, 0xa3, 0x10, 0xa3, 0x10,
    0xa3, 0x10, 0xa3, 0x10, 0xa3, 0x10, 0xa3, 0x10, 0xa3, 0x10, 0xa3, 0x10, 0xa3, 0x10, 0xa3, 0x10, 0xbd, 0x7e, 0xbd, 0x7e, 0xbd, 0x7e, 0xbd, 0x7e,
    0xbd, 0x7e, 0x33, 0x3c, 0x33, 0x3c, 0x33, 0x3c, 0x33, 0x3c, 0x33, 0x3c, 0x33, 0x3c, 0x33, 0x3c, 0x33, 0x3c, 0x33, 0x3c, 0x33, 0x3c, 0x33, 0x3c,
    0x33, 0x3c, 0x33, 0x3c, 0x33, 0x3c, 0x33, 0x3c, 0x33, 0x3c, 0x33, 0x3c, 0x33, 0x3c, 0x33, 0x3c, 0x33, 0x3c, 0x33, 0x3c, 0x33, 0x3c, 0x33, 0x3c,
    0xbd, 0x7e, 0xbd, 0x7e, 0xbd, 0x7e, 0xbd, 0x7e, 0xbd, 0x7e, 0xa3, 0x10, 0xa3, 0x10, 0xa3, 0x10, 0xa3, 0x10, 0xa3, 0x10, 0xa3, 0x10, 0xa3, 0x10,
    0xa3, 0x10, 0xa3, 0x10, 0xa3, 0x10, 0xa3, 0x10, 0xa3, 0x10, 0xa3, 0x10, 0xa3, 0x10, 0xa3, 0x10, 0xbd, 0x7e, 0xbd, 0x7e, 0xbd, 0x7e, 0xbd, 0x7e,
    0xbd, 0x7e, 0x33, 0x3c, 0x33, 0x3c, 0x33, 0x3c, 0x33, 0x3c, 0x33, 0x3c, 0x33, 0x3c, 0x33, 0x3c, 0x33, 0x3c, 0x33, 0x3c, 0x33, 0x3c, 0x33, 0x3c,
    0x33, 0x3c, 0x33, 0x3c, 0x33, 0x3c, 0x33, 0x3c, 0x33, 0x3c, 0x33, 0x3c, 0x33, 0x3c, 0x33, 0x3c, 0x33, 0x3c, 0x33, 0x3c, 0x33, 0x3c, 0x33, 0x3c,
    0xbd, 0x7e, 0xbd, 0x7e, 0xbd, 0x7e, 0xbd, 0x7e, 0xbd, 0x7e, 0xa3, 0x10, 0xa3, 0x10, 0xa3, 0x10, 0xa3, 0x10, 0xa3, 0x10, 0xa3, 0x10, 0xa3, 0x10,
    0xa3, 0x10, 0xa3, 0x10, 0xa3, 0x10, 0xa3, 0x10, 0xa3, 0x10, 0xa3, 0x10, 0xa3, 0x10, 0xa3, 0x10, 0xbd, 0x7e, 0xbd, 0x7e, 0xbd, 0x7e, 0xbd, 0x7e,
    0xbd, 0x7e, 0x33, 0x3c, 0x33, 0x3c, 0x33, 0x3c, 0x33, 0x3c, 0x33, 0x3c, 0x33, 0x3c, 0x33, 0x3c, 0x33, 0x3c, 0x33, 0x3c, 0x33, 0x3c, 0x33, 0x3c,
    0x33, 0x3c, 0x33, 0x3c, 0x33, 0x3c, 0x33, 0x3c, 0x33, 0x3c, 0x33, 0x3c, 0x33, 0x3c, 0x33, 0x3c, 0x33, 0x3c, 0x33, 0x3c, 0x33, 0x3c, 0x33, 0x3c,
    0xbd, 0x7e, 0xbd, 0x7e, 0xbd, 0x7e, 0xbd, 0x7e, 0xbd, 0x7e, 0xa3, 0x10, 0xa3, 0x10, 0xa3, 0x10, 0xa3, 0x10, 0xa3, 0x10, 0xa3, 0x10, 0xa3, 0x10,
    0xa3, 0x10, 0xa3, 0x10, 0xa3, 0x10, 0xa3, 0x10, 0xa3, 0x10, 0xa3, 0x10, 0xa3, 0x10, 0xa3, 0x10, 0xbd, 0x7e, 0xbd, 0x7e, 0xbd, 0x7e, 0xbd, 0x7e,
    0xbd, 0x7e, 0x33, 0x3c, 0x33, 0x3c, 0x33, 0x3c, 0x33, 0x3c, 0x33, 0x3c, 0x33, 0x3c, 0x33, 0x3c, 0x08, 0xee, 0x08, 0xee, 0x08, 0xee, 0x08, 0xee,
    0x08, 0xee, 0x08, 0xee, 0x08, 0xee, 0x08, 0xee, 0x08, 0xee, 0x33, 0x3c, 0x33, 0x3c, 0x33, 0x3c, 0x33, 0x3c, 0x33, 0x3c, 0x33, 0x3c, 0x33, 0x3c,
    0xbd, 0x7e, 0xbd, 0x7e, 0xbd, 0x7e, 0xbd, 0x7e, 0xbd, 0x7e, 0xa3, 0x10, 0xa3, 0x10, 0xa3, 0x10, 0xa3, 0x10, 0xa3, 0x10, 0xa3, 0x10, 0xa3, 0x10,
    0xa3, 0x10, 0xa3, 0x10, 0xa3, 0x10, 0xa3, 0x10, 0xa3, 0x10, 0xa3, 0x10, 0xa3, 0x10, 0xa3, 0x10, 0xa3, 0x10, 0xbd, 0x7e, 0xbd, 0x7e, 0xbd, 0x7e,
    0xbd, 0x7e, 0x33, 0x3c, 0x33, 0x3c, 0x33, 0x3c, 0x33, 0x3c, 0x33, 0x3c, 0x33, 0x3c, 0x33, 0x3c, 0x08, 0xee, 0x08, 0xee, 0x08, 0xee, 0x08, 0xee,
    0x08, 0xee, 0x08, 0xee, 0x08, 0xee, 0x08, 0xee, 0x08, 0xee, 0x33, 0x3c, 0x33, 0x3c, 0x33, 0x3c, 0x33, 0x3c, 0x33, 0x3c, 0x33, 0x3c, 0x33, 0x3c,
    0xbd, 0x7e, 0xbd, 0x7e, 0xbd, 0x7e, 0xbd, 0x7e, 0xa3, 0x10, 0xa3, 0x10, 0xa3, 0x10, 0xa3, 0x10, 0xa3, 0x10, 0xa3, 0x10, 0xa3, 0x10, 0xa3, 0x10,
    0xa3, 0x10, 0xa3, 0x10, 0xa3, 0x10, 0xa3, 0x10, 0xa3, 0x10, 0xa3, 0x10, 0xa3, 0x10, 0xa3, 0x10, 0xa3, 0x10, 0xbd, 0x7e, 0xbd, 0x7e, 0xbd, 0x7e,
    0xbd, 0x7e, 0xbd, 0x7e, 0x33, 0x3c, 0x33, 0x3c, 0x33, 0x3c, 0x33, 0x3c, 0x33, 0x3c, 0x33, 0x3c, 0x08, 0xee, 0x08, 0xee, 0x08, 0xee, 0x08, 0xee,
    0x08, 0xee, 0x08, 0xee, 0x08, 0xee, 0x08, 0xee, 0x08, 0xee, 0x33, 0x3c, 0x33, 0x3c, 0x33, 0x3c, 0x33, 0x3c, 0x33, 0x3c, 0x33, 0x3c, 0xbd, 0x7e,
    0xbd, 0x7e, 0xbd, 0x7e, 0xbd, 0x7e, 0xbd, 0x7e, 0xa3, 0x10, 0xa3, 0x10, 0xa3, 0x10, 0xa3, 0x10, 0xa3, 0x10, 0xa3, 0x10, 0xa3, 0x10, 0xa3, 0x10,
    0xa3, 0x10, 0xa3, 0x10, 0xa3, 0x10, 0xa3, 0x10, 0xa3, 0x10, 0xa3, 0x10, 0xa3, 0x10, 0xa3, 0x10, 0xa3, 0x10, 0xa3, 0x10, 0xbd, 0x7e, 0xbd, 0x7e,
    0xbd, 0x7e, 0xbd, 0x7e, 0x33, 0x3c, 0x33, 0x3c, 0x33, 0x3c, 0x33, 0x3c, 0x33, 0x3c, 0x33, 0x3c, 0x33, 0x3c, 0x33, 0x3c, 0x33, 0x3c, 0x33, 0x3c,
    0x33, 0x3c, 0x33, 0x3c, 0x33, 0x3c, 0x33, 0x3c, 0x33, 0x3c, 0x33, 0x3c, 0x33, 0x3c, 0x33, 0x3c, 0x33, 0x3c, 0x33, 0x3c, 0x33, 0x3c, 0xbd, 0x7e,
    0xbd, 0x7e, 0xbd, 0x7e, 0xbd, 0x7e, 0xa3, 0x10, 0xa3, 0x10, 0xa3, 0x10, 0xa3, 0x10, 0xa3, 0x10, 0xa3, 0x10, 0xa3, 0x10, 0xa3, 0x10, 0xa3, 0x10,
    0xa3, 0x10, 0xa3, 0x10, 0xa3, 0x10, 0xa3, 0x10, 0xa3, 0x10, 0xa3, 0x10, 0xa3, 0x10, 0xa3, 0x10, 0xa3, 0x10, 0xa3, 0x10, 0xbd, 0x7e, 0xbd, 0x7e,
    0xbd, 0x7e, 0xbd, 0x7e, 0xbd, 0x7e, 0x33, 0x3c, 0x33, 0x3c, 0x33, 0x3c, 0x33, 0x3c, 0x33, 0x3c, 0x33, 0x3c, 0x33, 0x3c, 0x33, 0x3c, 0x33, 0x3c,
    0x33, 0x3c, 0x33, 0x3c, 0x33, 0x3c, 0x33, 0x3c, 0x33, 0x3c, 0x33, 0x3c, 0x33, 0x3c, 0x33, 0x3c, 0x33, 0x3c, 0x33, 0x3c, 0xbd, 0x7e, 0xbd, 0x7e,
    0xbd, 0x7e, 0xbd, 0x7e, 0xbd, 0x7e, 0xa3, 0x10, 0xa3, 0x10, 0xa3, 0x10, 0xa3, 0x10, 0xa3, 0x10, 0xa3, 0x10, 0xa3, 0x10, 0xa3, 0x10, 0xa3, 0x10,
    0xa3, 0x10, 0xa3, 0x10, 0xa3, 0x10, 0xa3, 0x10, 0xa3, 0x10, 0xa3, 0x10, 0xa3, 0x10, 0xa3, 0x10, 0xa3, 0x10, 0xa3, 0x10, 0xa3, 0x10, 0xbd, 0x7e,
    0xbd, 0x7e, 0xbd, 0x7e, 0xbd, 0x7e, 0xbd, 0x7e, 0x33, 0x3c, 0x33, 0x3c, 0x33, 0x3c, 0x33, 0x3c, 0x33, 0x3c, 0x33, 0x3c, 0x33, 0x3c, 0x33, 0x3c,
    0x33, 0x3c, 0x33, 0x3c, 0x33, 0x3c, 0x33, 0x3c, 0x33, 0x3c, 0x33, 0x3c, 0x33, 0x3c, 0x33, 0x3c, 0x33, 0x3c, 0xbd, 0x7e, 0xbd, 0x7e, 0xbd, 0x7e,
    0xbd, 0x7e, 0xbd, 0x7e, 0xa3, 0x10, 0xa3, 0x10, 0xa3, 0x10, 0xa3, 0x10, 0xa3, 0x10, 0xa3, 0x10, 0xa3, 0x10, 0xa3, 0x10, 0xa3, 0x10, 0xa3, 0x10,
    0xa3, 0x10, 0xa3, 0x10, 0xa3, 0x10, 0xa3, 0x10, 0xa3, 0x10, 0xa3, 0x10, 0xa3, 0x10, 0xa3, 0x10, 0xa3, 0x10, 0xa3, 0x10, 0xa3, 0x10, 0xa3, 0x10,
    0xbd, 0x7e, 0xbd, 0x7e, 0xbd, 0x7e, 0xbd, 0x7e, 0xbd, 0x7e, 0x33, 0x3c, 0x33, 0x3c, 0x33, 0x3c, 0x33, 0x3c, 0x33, 0x3c, 0x33, 0x3c, 0x33, 0x3c,
    0x33, 0x3c, 0x33, 0x3c, 0x33, 0x3c, 0x33, 0x3c, 0x33, 0x3c, 0x33, 0x3c, 0x33, 0x3c, 0x33, 0x3c, 0xbd, 0x7e, 0xbd, 0x7e, 0xbd, 0x7e, 0xbd, 0x7e,
    0xbd, 0x7e, 0xa3, 0x10, 0xa3, 0x10, 0xa3, 0x10, 0xa3, 0x10, 0xa3, 0x10, 0xa3, 0x10, 0xa3, 0x10, 0xa3, 0x10, 0xa3, 0x10, 0xa3, 0x10, 0xa3, 0x10,
    0xa3, 0x10, 0xa3, 0x10, 0xa3, 0x10, 0xa3, 0x10, 0xa3, 0x10, 0xa3, 0x10, 0xa3, 0x10, 0xa3, 0x10, 0xa3, 0x10, 0xa3, 0x10, 0xa3, 0x10, 0xa3, 0x10,
    0xbd, 0x7e, 0xbd, 0x7e, 0xbd, 0x7e, 0xbd, 0x7e, 0xbd, 0x7e, 0xbd, 0x7e, 0x33, 0x3c, 0x33, 0x3c, 0x33, 0x3c, 0x33, 0x3c, 0x33, 0x3c, 0x33, 0x3c,
    0x33, 0x3c, 0x33, 0x3c, 0x33, 0x3c, 0x33, 0x3c, 0x33, 0x3c, 0x33, 0x3c, 0x33, 0x3c, 0xbd, 0x7e, 0xbd, 0x7e, 0xbd, 0x7e, 0xbd, 0x7e, 0xbd, 0x7e,
    0xbd, 0x7e, 0xa3, 0x10, 0xa3, 0x10, 0xa3, 0x10, 0xa3, 0x10, 0xa3, 0x10, 0xa3, 0x10, 0xa3, 0x10, 0xa3, 0x10, 0xa3, 0x10, 0xa3, 0x10, 0xa3, 0x10,
    0xa3, 0x10, 0xa3, 0x10, 0xa3, 0x10, 0xa3, 0x10, 0xa3, 0x10, 0xa3, 0x10, 0xa3, 0x10, 0xa3, 0x10, 0xa3, 0x10, 0xa3, 0x10, 0xa3, 0x10, 0xa3, 0x10,
    0xa3, 0x10, 0xa3, 0x10, 0xbd, 0x7e, 0xbd, 0x7e, 0xbd, 0x7e, 0xbd, 0x7e, 0xbd, 0x7e, 0xbd, 0x7e, 0x33, 0x3c, 0x33, 0x3c, 0x33, 0x3c, 0x33, 0x3c,
    0x33, 0x3c, 0x33, 0x3c, 0x33, 0x3c, 0x33, 0x3c, 0x33, 0x3c, 0xbd, 0x7e, 0xbd, 0x7e, 0xbd, 0x7e, 0xbd, 0x7e, 0xbd, 0x7e, 0xbd, 0x7e, 0xa3, 0x10,
    0xa3, 0x10, 0xa3, 0x10, 0xa3, 0x10, 0xa3, 0x10, 0xa3, 0x10, 0xa3, 0x10, 0xa3, 0x10, 0xa3, 0x10, 0xa3, 0x10, 0xa3, 0x10, 0xa3, 0x10, 0xa3, 0x10,
    0xa3, 0x10, 0xa3, 0x10, 0xa3, 0x10, 0xa3, 0x10, 0xa3, 0x10, 0xa3, 0x10, 0xa3, 0x10, 0xa3, 0x10, 0xa3, 0x10, 0xa3, 0x10, 0xa3, 0x10, 0xa3, 0x10,
    0xa3, 0x10, 0xa3, 0x10, 0xa3, 0x10, 0xbd, 0x7e, 0xbd, 0x7e, 0xbd, 0x7e, 0xbd, 0x7e, 0xbd, 0x7e, 0xbd, 0x7e, 0xbd, 0x7e, 0xbd, 0x7e, 0xbd, 0x7e,
    0xbd, 0x7e, 0xbd, 0x7e, 0xbd, 0x7e, 0xbd, 0x7e, 0xbd, 0x7e, 0xbd, 0x7e, 0xbd, 0x7e, 0xbd, 0x7e, 0xbd, 0x7e, 0xbd, 0x7e, 0xa3, 0x10, 0xa3, 0x10,
    0xa3, 0x10, 0xa3, 0x10, 0xa3, 0x10, 0xa3, 0x10, 0xa3, 0x10, 0xa3, 0x10, 0xa3, 0x10, 0xa3, 0x10, 0xa3, 0x10, 0xa3, 0x10, 0xa3, 0x10, 0xa3, 0x10,
    0xa3, 0x10, 0xa3, 0x10, 0xa3, 0x10, 0xa3, 0x10, 0xa3, 0x10, 0xa3, 0x10, 0xa3, 0x10, 0xa3, 0x10, 0xa3, 0x10, 0xa3, 0x10, 0xa3, 0x10, 0xa3, 0x10,
    0xa3, 0x10, 0xa3, 0x10, 0xa3, 0x10, 0xa3, 0x10, 0xa3, 0x10, 0xbd, 0x7e, 0xbd, 0x7e, 0xbd, 0x7e, 0xbd, 0x7e, 0xbd, 0x7e, 0xbd, 0x7e, 0xbd, 0x7e,
    0xbd, 0x7e, 0xbd, 0x7e, 0xbd, 0x7e, 0xbd, 0x7e, 0xbd, 0x7e, 0xbd, 0x7e, 0xbd, 0x7e, 0xbd, 0x7e, 0xa3, 0x10, 0xa3, 0x10, 0xa3, 0x10, 0xa3, 0x10,
    0xa3, 0x10, 0xa3, 0x10, 0xa3, 0x10, 0xa3, 0x10, 0xa3, 0x10, 0xa3, 0x10, 0xa3, 0x10, 0xa3, 0x10, 0xa3, 0x10, 0xa3, 0x10, 0xa3, 0x10, 0xa3, 0x10,
    0xa3, 0x10, 0xa3, 0x10, 0xa3, 0x10, 0xa3, 0x10, 0xa3, 0x10, 0xa3, 0x10, 0xa3, 0x10, 0xa3, 0x10, 0xa3, 0x10, 0xa3, 0x10, 0xa3, 0x10, 0xa3, 0x10,
    0xa3, 0x10, 0xa3, 0x10, 0xa3, 0x10, 0xa3, 0x10, 0xa3, 0x10, 0xa3, 0x10, 0xa3, 0x10, 0xbd, 0x7e, 0xbd, 0x7e, 0xbd, 0x7e, 0xbd, 0x7e, 0xbd, 0x7e,
    0xbd, 0x7e, 0xbd, 0x7e, 0xbd, 0x7e, 0xbd, 0x7e, 0xbd, 0x7e, 0xbd, 0x7e, 0xa3, 0x10, 0xa3, 0x10, 0xa3, 0x10, 0xa3, 0x10, 0xa3, 0x10, 0xa3, 0x10,
    0xa3, 0x10, 0xa3, 0x10, 0xa3, 0x10, 0xa3, 0x10, 0xa3, 0x10, 0xa3, 0x10, 0xa3, 0x10, 0xa3, 0x10, 0xa3, 0x10, 0xa3, 0x10, 0xa3, 0x10, 0xa3, 0x10,
    0xa3, 0x10, 0xa3, 0x10, 0xa3, 0x10, 0xa3, 0x10, 0xa3, 0x10, 0xa3, 0x10, 0xa3, 0x10, 0xa3, 0x10, 0xa3, 0x10, 0xa3, 0x10, 0xa3, 0x10, 0xa3, 0x10,
    0xa3, 0x10, 0xa3, 0x10, 0xa3, 0x10, 0xa3, 0x10, 0xa3, 0x10, 0xa3, 0x10, 0xa3, 0x10, 0xa3, 0x10, 0xa3, 0x10, 0xa3, 0x10, 0xa3, 0x10, 0xa3, 0x10,
    0xa3, 0x10, 0xa3, 0x10, 0xa3, 0x10, 0xa3, 0x10, 0xa3, 0x10, 0xa3, 0x10, 0xa3, 0x10, 0xa3, 0x10, 0xa3, 0x10, 0xa3, 0x10, 0xa3, 0x10, 0xa3, 0x10,
    0xa3, 0x10, 0xa3, 0x10, 0xa3, 0x10, 0xa3, 0x10, 0xa3, 0x10, 0xa3, 0x10, 0xa3, 0x10, 0xa3, 0x10, 0xa3, 0x10, 0xa3, 0x10, 0xa3, 0x10, 0xa3, 0x10,
    0xa3, 0x10, 0xa3, 0x10, 0xa3, 0x10, 0xa3, 0x10, 0xa3, 0x10, 0xa3, 0x10, 0xa3, 0x10, 0xa3, 0x10, 0xa3, 0x10, 0xa3, 0x10, 0xa3, 0x10, 0xa3, 0x10,
    0xa3, 0x10, 0xa3, 0x10, 0xa3, 0x10, 0xa3, 0x10, 0xa3, 0x10, 0xa3, 0x10, 0xa3, 0x10, 0xa3, 0x10, 0xa3, 0x10, 0xa3, 0x10, 0xa3, 0x10, 0xa3, 0x10,
    0xa3, 0x10, 0xa3, 0x10, 0xa3, 0x10, 0xa3, 0x10, 0xa3, 0x10, 0xa3, 0x10, 0xa3, 0x10, 0xa3, 0x10, 0xa3, 0x10, 0xa3, 0x10, 0xa3, 0x10, 0xa3, 0x10,
    0xa3, 0x10, 0xa3, 0x10, 0xa3, 0x10, 0xa3, 0x10, 0xa3, 0x10, 0xa3, 0x10, 0xa3, 0x10, 0xa3, 0x10, 0xa3, 0x10, 0xa3, 0x10, 0xa3, 0x10, 0xa3, 0x10,
    0xa3, 0x10, 0xa3, 0x10, 0xa3, 0x10, 0xa3, 0x10, 0xa3, 0x10, 0xa3, 0x10, 0xa3, 0x10, 0xa3, 0x10, 0xa3, 0x10, 0xa3, 0x10, 0xa3, 0x10, 0xa3, 0x10,
    0xa3, 0x10, 0xa3, 0x10, 0xa3, 0x10, 0xa3, 0x10, 0xa3, 0x10, 0xa3, 0x10, 0xa3, 0x10, 0xa3, 0x10, 0xa3, 0x10, 0xa3, 0x10, 0xa3, 0x10, 0xa3, 0x10,
    0xa3, 0x10, 0xa3, 0x10, 0xa3, 0x10, 0xa3, 0x10, 0xa3, 0x10, 0xa3, 0x10, 0xa3, 0x10, 0xa3, 0x10, 0xa3, 0x10, 0xa3, 0x10, 0xa3, 0x10, 0xa3, 0x10,
    0xa3, 0x10, 0xa3, 0x10, 0xa3, 0x10, 0xa3, 0x10, 0xa3, 0x10, 0xa3, 0x10, 0xa3, 0x10, 0xa3, 0x10, 0xa3, 0x10, 0xa3, 0x10, 0xa3, 0x10, 0xa3, 0x10,
    0xa3, 0x10, 0xa3, 0x10, 0xa3, 0x10, 0xa3, 0x10, 0xa3, 0x10, 0xa3, 0x10, 0xa3, 0x10, 0xa3, 0x10, 0xa3, 0x10, 0xa3, 0x10, 0xa3, 0x10, 0xa3, 0x10,
    0xa3, 0x10, 0xa3, 0x10, 0xa3, 0x10, 0xa3, 0x10, 0xa3, 0x10, 0xa3, 0x10, 0xa3, 0x10, 0xa3, 0x10, 0xa3, 0x10, 0xa3, 0x10, 0xa3, 0x10, 0xa3, 0x10,
    0xa3, 0x10, 0xa3, 0x10, 0xa3, 0x10, 0xa3, 0x10, 0xa3, 0x10, 0xa3, 0x10, 0xa3, 0x10, 0xa3, 0x10, 0xa3, 0x10, 0xa3, 0x10, 0xa3, 0x10, 0xa3, 0x10,
    0xa3, 0x10, 0xa3, 0x10, 0xa3, 0x10, 0xa3, 0x10, 0xa3, 0x10, 0xa3, 0x10, 0xa3, 0x10, 0xa3, 0x10, 0xa3, 0x10, 0xa3, 0x10, 0xa3, 0x10, 0xa3, 0x10,
    0xa3, 0x10, 0xa3, 0x10, 0xa3, 0x10, 0xa3, 0x10, 0xa3, 0x10, 0xa3, 0x10, 0xa3, 0x10, 0xa3, 0x10, 0xa3, 0x10, 0xa3, 0x10, 0xa3, 0x10, 0xa3, 0x10,
    0xa3, 0x10, 0xa3, 0x10, 0xa3, 0x10, 0xa3, 0x10, 0xa3, 0x10, 0xa3, 0x10, 0xa3, 0x10, 0xa3, 0x10, 0xa3, 0x10, 0xa3, 0x10, 0xa3, 0x10, 0xa3, 0x10,
    0xa3, 0x10, 0xa3, 0x10, 0xa3, 0x10, 0xa3, 0x10, 0xa3, 0x10, 0xa3, 0x10, 0xa3, 0x10, 0xa3, 0x10, 0xa3, 0x10, 0xa3, 0x10, 0xa3, 0x10, 0xa3, 0x10,
    0xa3, 0x10, 0xa3, 0x10, 0xa3, 0x10, 0xa3, 0x10, 0xa3, 0x10, 0xa3, 0x10, 0xa3, 0x10, 0xa3, 0x10, 0xa3, 0x10, 0xa3, 0x10, 0xa3, 0x10, 0xa3, 0x10,
};

static const lv_image_dsc_t avatar_8 = {
    .header.magic = LV_IMAGE_HEADER_MAGIC,
    .header.cf = LV_COLOR_FORMAT_RGB565,
    .header.w = 48,
    .header.h = 48,
    .header.stride = 96,
    .data_size = 4608,
    .data = avatar_8_map,
};

static const uint8_t avatar_9_map[] = {
    0xa3, 0x10, 0xa3, 0x10, 0xa3, 0x10, 0xa3, 0x10, 0xa3, 0x10, 0xa3, 0x10, 0xa3, 0x10, 0xa3, 0x10, 0xa3, 0x10, 0xa3, 0x10, 0xa3, 0x10, 0xa3, 0x10,
    0xa3, 0x10, 0xa3, 0x10, 0xa3, 0x10, 0xa3, 0x10, 0xa3, 0x10, 0xa3, 0x10, 0xa3, 0x10, 0xa3, 0x10, 0xa3, 0x10, 0xa3, 0x10, 0xa3, 0x10, 0xa3, 0x10,
    0xa3, 0x10, 0xa3, 0x10, 0xa3, 0x10, 0xa3, 0x10, 0xa3, 0x10, 0xa3, 0x10, 0xa3, 0x10, 0xa3, 0x10, 0xa3, 0x10, 0xa3, 0x10, 0xa3, 0x10, 0xa3, 0x10,
    0xa3, 0x10, 0xa3, 0x10, 0xa3, 0x10, 0xa3, 0x10, 0xa3, 0x10, 0xa3, 0x10, 0xa3, 0x10, 0xa3, 0x10, 0xa3, 0x10, 0xa3, 0x10, 0xa3, 0x10, 0xa3, 0x10,
    0xa3, 0x10, 0xa3, 0x10, 0xa3, 0x10, 0xa3, 0x10, 0xa3, 0x10, 0xa3, 0x10, 0xa3, 0x10, 0xa3, 0x10, 0xa3, 0x10, 0xa3, 0x10, 0xa3, 0x10, 0xa3, 0x10,
    0xa3, 0x10, 0xa3, 0x10, 0xa3, 0x10, 0xa3, 0x10, 0xa3, 0x10, 0xa3, 0x10, 0xa3, 0x10, 0xa3, 0x10, 0xa3, 0x10, 0xa3, 0x10, 0xa3, 0x10, 0xa3, 0x10,
    0xa3, 0x10, 0xa3, 0x10, 0xa3, 0x10, 0xa3, 0x10, 0xa3, 0x10, 0xa3, 0x10, 0xa3, 0x10, 0xa3, 0x10, 0xa3, 0x10, 0xa3, 0x10, 0xa3, 0x10, 0xa3, 0x10,
    0xa3, 0x10, 0xa3, 0x10, 0xa3, 0x10, 0xa3, 0x10, 0xa3, 0x10, 0xa3, 0x10, 0xa3, 0x10, 0xa3, 0x10, 0xa3, 0x10, 0xa3, 0x10, 0xa3, 0x10, 0xa3, 0x10,
    0xa3, 0x10, 0xa3, 0x10, 0xa3, 0x10, 0xa3, 0x10, 0xa3, 0x10, 0xa3, 0x10, 0xa3, 0x10, 0xa3, 0x10, 0xa3, 0x10, 0xa3, 0x10, 0xa3, 0x10, 0xa3, 0x10,
    0xa3, 0x10, 0xa3, 0x10, 0xa3, 0x10, 0xa3, 0x10, 0xa3, 0x10, 0xa3, 0x10, 0xa3, 0x10, 0xa3, 0x10, 0xa3, 0x10, 0xa3, 0x10, 0xa3, 0x10, 0xa3, 0x10,
    0xa3, 0x10, 0xa3, 0x10, 0xa3, 0x10, 0xa3, 0x10, 0xa3, 0x10, 0xa3, 0x10, 0xa3, 0x10, 0xa3, 0x10, 0xa3, 0x10, 0xa3, 0x10, 0xa3, 0x10, 0xa3, 0x10,
    0xa3, 0x10, 0xa3, 0x10, 0xa3, 0x10, 0xa3, 0x10, 0xa3, 0x10, 0xa3, 0x10, 0xa3, 0x10, 0xa3, 0x10, 0xa3, 0x10, 0xa3, 0x10, 0xa3, 0x10, 0xa3, 0x10,
    0xa3, 0x10, 0xa3, 0x10, 0xa3, 0x10, 0xa3, 0x10, 0xa3, 0x10, 0xa3, 0x10, 0xa3, 0x10, 0xa3, 0x10, 0xa3, 0x10, 0xa3, 0x10, 0xa3, 0x10, 0xa3, 0x10,
    0xa3, 0x10, 0xa3, 0x10, 0xa3, 0x10, 0xa3, 0x10, 0xa3, 0x10, 0xa3, 0x10, 0xa3, 0x10, 0xa3, 0x10, 0xa3, 0x10, 0xa3, 0x10, 0xa3, 0x10, 0xa3, 0x10,
    0xa3, 0x10, 0xa3, 0x10, 0xa3, 0x10, 0xa3, 0x10, 0xa3, 0x10, 0xa3, 0x10, 0xa3, 0x10, 0xa3, 0x10, 0xa3, 0x10, 0xa3, 0x10, 0xa3, 0x10, 0xa3, 0x10,
    0xa3, 0x10, 0xa3, 0x10, 0xa3, 0x10, 0xa3, 0x10, 0xa3, 0x10, 0xa3, 0x10, 0xa3, 0x10, 0xa3, 0x10, 0xa3, 0x10, 0xa3, 0x10, 0xa3, 0x10, 0xa3, 0x10,
    0xa3, 0x10, 0xa3, 0x10, 0xa3, 0x10, 0xa3, 0x10, 0xa3, 0x10, 0xa3, 0x10, 0xa3, 0x10, 0xa3, 0x10, 0xa3, 0x10, 0xa3, 0x10, 0xa3, 0x10, 0xa3, 0x10,
    0xa3, 0x10, 0xa3, 0x10, 0xa3, 0x10, 0xa3, 0x10, 0xa3, 0x10, 0xa3, 0x10, 0xa3, 0x10, 0xa3, 0x10, 0xa3, 0x10, 0xa3, 0x10, 0xa3, 0x10, 0xa3, 0x10,
    0xa3, 0x10, 0xa3, 0x10, 0xa3, 0x10, 0xa3, 0x10, 0xa3, 0x10, 0xa3, 0x10, 0xa3, 0x10, 0xa3, 0x10, 0xa3, 0x10, 0xa3, 0x10, 0xa3, 0x10, 0xa3, 0x10,
    0xa3, 0x10, 0xa3, 0x10, 0xa3, 0x10, 0xa3, 0x10, 0xa3, 0x10, 0xa3, 0x10, 0xa3, 0x10, 0xa3, 0x10, 0xa3, 0x10, 0xa3, 0x10, 0xa3, 0x10, 0xa3, 0x10,
    0xa3, 0x10, 0xa3, 0x10, 0xa3, 0x10, 0xa3, 0x10, 0xa3, 0x10, 0xa3, 0x10, 0xa3, 0x10, 0xa3, 0x10, 0xa3, 0x10, 0xa3, 0x10, 0xa3, 0x10, 0xa3, 0x10,
    0xa3, 0x10, 0xa3, 0x10, 0xa3, 0x10, 0xa3, 0x10, 0xa3, 0x10, 0xa3, 0x10, 0xa3, 0x10, 0xa3, 0x10, 0xa3, 0x10, 0xa3, 0x10, 0xa3, 0x10, 0xa3, 0x10,
    0xa3, 0x10, 0xa3, 0x10, 0xa3, 0x10, 0xa3, 0x10, 0xa3, 0x10, 0xa3, 0x10, 0xa3, 0x10, 0xa3, 0x10, 0xa3, 0x10, 0xa3, 0x10, 0xa3, 0x10, 0xa3, 0x10,
    0xa3, 0x10, 0xa3, 0x10, 0xa3, 0x10, 0xa3, 0x10, 0xa3, 0x10, 0xa3, 0x10, 0xa3, 0x10, 0xa3, 0x10, 0xa3, 0x10, 0xa3, 0x10, 0xa3, 0x10, 0xa3, 0x10,
    0xa3, 0x10, 0xa3, 0x10, 0xa3, 0x10, 0xa3, 0x10, 0xa3, 0x10, 0xa3, 0x10, 0xa3, 0x10, 0xa3, 0x10, 0xa3, 0x10, 0xa3, 0x10, 0xa3, 0x10, 0xa3, 0x10,
    0xa3, 0x10, 0xa3, 0x10, 0xa3, 0x10, 0xa3, 0x10, 0xa3, 0x10, 0xa3, 0x10, 0xa3, 0x10, 0xa3, 0x10, 0xa3, 0x10, 0xa3, 0x10, 0xa3, 0x10, 0xa3, 0x10,
    0xa3, 0x10, 0xa3, 0x10, 0xa3, 0x10, 0xa3, 0x10, 0xa3, 0x10, 0xa3, 0x10, 0xa3, 0x10, 0xa3, 0x10, 0xa3, 0x10, 0xa3, 0x10, 0xa3, 0x10, 0xa3, 0x10,
    0xa3, 0x10, 0xa3, 0x10, 0xa3, 0x10, 0xa3, 0x10, 0xa3, 0x10, 0xa3, 0x10, 0xa3, 0x10, 0xa3, 0x10, 0xa3, 0x10, 0xa3, 0x10, 0xa3, 0x10, 0xa3, 0x10,
    0xa3, 0x10, 0xa3, 0x10, 0xa3, 0x10, 0xa3, 0x10, 0xa3, 0x10, 0xa3, 0x10, 0xa3, 0x10, 0xa3, 0x10, 0xa3, 0x10, 0xa3, 0x10, 0xa3, 0x10, 0xa3, 0x10,
    0xa3, 0x10, 0xa3, 0x10, 0xa3, 0x10, 0xa3, 0x10, 0xa3, 0x10, 0xa3, 0x10, 0xa3, 0x10, 0xa3, 0x10, 0xa3, 0x10, 0xa3, 0x10, 0xa3, 0x10, 0xa3, 0x10,
    0xa3, 0x10, 0xa3, 0x10, 0xa3, 0x10, 0xa3, 0x10, 0xa3, 0x10, 0xa3, 0x10, 0xa3, 0x10, 0xa3, 0x10, 0xa3, 0x10, 0xa3, 0x10, 0xa3, 0x10, 0xa3, 0x10,
    0xa3, 0x10, 0xa3, 0x10, 0xa3, 0x10, 0xa3, 0x10, 0xa3, 0x10, 0xa3, 0x10, 0xa3, 0x10, 0xa3, 0x10, 0xa3, 0x10, 0xa3, 0x10, 0xa3, 0x10, 0xa3, 0x10,
    0xa3, 0x10, 0xa3, 0x10, 0xa3, 0x10, 0xa3, 0x10, 0xa3, 0x10, 0xa3, 0x10, 0xa3, 0x10, 0xa3, 0x10, 0xa3, 0x10, 0xa3, 0x10, 0xa3, 0x10, 0xa3, 0x10,
    0xa3, 0x10, 0xa3, 0x10, 0xa3, 0x10, 0xa3, 0x10, 0xa3, 0x10, 0xa3, 0x10, 0xa3, 0x10, 0xa3, 0x10, 0xa3, 0x10, 0xa3, 0x10, 0xa3, 0x10, 0xa3, 0x10,
    0xa3, 0x10, 0xa3, 0x10, 0xa3, 0x10, 0xa3, 0x10, 0xa3, 0x10, 0xa3, 0x10, 0xa3, 0x10, 0xa3, 0x10, 0xa3, 0x10, 0xa3, 0x10, 0xa3, 0x10, 0xa3, 0x10,
    0xa3, 0x10, 0xa3, 0x10, 0xa3, 0x10, 0xa3, 0x10, 0xa3, 0x10, 0xa3, 0x10, 0xa3, 0x10, 0xa3, 0x10, 0xa3, 0x10, 0xa3, 0x10, 0xa3, 0x10, 0xa3, 0x10,
    0xa3, 0x10, 0xa3, 0x10, 0xa3, 0x10, 0xa3, 0x10, 0xa3, 0x10, 0xa3, 0x10, 0xa3, 0x10, 0xa3, 0x10, 0xa3, 0x10, 0xa3, 0x10, 0xa3, 0x10, 0xa3, 0x10,
    0xa3, 0x10, 0xa3, 0x10, 0xa3, 0x10, 0xa3, 0x10, 0xa3, 0x10, 0xa3, 0x10, 0xa3, 0x10, 0xa3, 0x10, 0xa3, 0x10, 0xa3, 0x10, 0xa3, 0x10, 0xa3, 0x10,
    0xa3, 0x10, 0xa3, 0x10, 0xa3, 0x10, 0xa3, 0x10, 0xa3, 0x10, 0xa3, 0x10, 0xa3, 0x10, 0xa3, 0x10, 0xa3, 0x10, 0xa3, 0x10, 0xa3, 0x10, 0xa3, 0x10,
    0xa3, 0x10, 0xa3, 0x10, 0xa3, 0x10, 0xa3, 0x10, 0xa3, 0x10, 0xa3, 0x10, 0xa3, 0x10, 0xa3, 0x10, 0xa3, 0x10, 0xa3, 0x10, 0xa3, 0x10, 0xa3, 0x10,
    0xa3, 0x10, 0xa3, 0x10, 0xa3, 0x10, 0xa3, 0x10, 0xa3, 0x10, 0xa3, 0x10, 0xa3, 0x10, 0xa3, 0x10, 0xa3, 0x10, 0xa3, 0x10, 0xa3, 0x10, 0xa3, 0x10,
    0xa3, 0x10, 0xa3, 0x10, 0xa3, 0x10, 0xa3, 0x10, 0xa3, 0x10, 0xa3, 0x10, 0xa3, 0x10, 0x1d, 0xd5, 0x1d, 0xd5, 0x1d, 0xd5, 0x1d, 0xd5, 0x1d, 0xd5,
    0x1d, 0xd5, 0x1d, 0xd5, 0x1d, 0xd5, 0x1d, 0xd5, 0x1d, 0xd5, 0x1d, 0xd5, 0xa3, 0x10, 0xa3, 0x10, 0xa3, 0x10, 0xa3, 0x10, 0xa3, 0x10, 0xa3, 0x10,
    0xa3, 0x10, 0xa3, 0x10, 0xa3, 0x10, 0xa3, 0x10, 0xa3, 0x10, 0xa3, 0x10, 0xa3, 0x10, 0xa3, 0x10, 0xa3, 0x10, 0xa3, 0x10, 0xa3, 0x10, 0xa3, 0x10,
    0xa3, 0x10, 0xa3, 0x10, 0xa3, 0x10, 0xa3, 0x10, 0xa3, 0x10, 0xa3, 0x10, 0xa3, 0x10, 0xa3, 0x10, 0xa3, 0x10, 0xa3, 0x10, 0xa3, 0x10, 0xa3, 0x10,
    0xa3, 0x10, 0xa3, 0x10, 0xa3, 0x10, 0xa3, 0x10, 0xa3, 0x10, 0x1d, 0xd5, 0x1d, 0xd5, 0x1d, 0xd5, 0x1d, 0xd5, 0x1d, 0xd5, 0x1d, 0xd5, 0x1d, 0xd5,
    0x1d, 0xd5, 0x1d, 0xd5, 0x1d, 0xd5, 0x1d, 0xd5, 0x1d, 0xd5, 0x1d, 0xd5, 0x1d, 0xd5, 0x1d, 0xd5, 0xa3, 0x10, 0xa3, 0x10, 0xa3, 0x10, 0xa3, 0x10,
    0xa3, 0x10, 0xa3, 0x10, 0xa3, 0x10, 0xa3, 0x10, 0xa3, 0x10, 0xa3, 0x10, 0xa3, 0x10, 0xa3, 0x10, 0xa3, 0x10, 0xa3, 0x10, 0xa3, 0x10, 0xa3, 0x10,
    0xa3, 0x10, 0xa3, 0x10, 0xa3, 0x10, 0xa3, 0x10, 0xa3, 0x10, 0xa3, 0x10, 0xa3, 0x10, 0xa3, 0x10, 0xa3, 0x10, 0xa3, 0x10, 0xa3, 0x10, 0xa3, 0x10,
    0xa3, 0x10, 0xa3, 0x10, 0xa3, 0x10, 0x1d, 0xd5, 0x1d, 0xd5, 0x1d, 0xd5, 0x1d, 0xd5, 0x1d, 0xd5, 0x1d, 0xd5, 0x1d, 0xd5, 0x1d, 0xd5, 0x1d, 0xd5,
    0x1d, 0xd5, 0x1d, 0xd5, 0x1d, 0xd5, 0x1d, 0xd5, 0x1d, 0xd5, 0x1d, 0xd5, 0x1d, 0xd5, 0x1d, 0xd5, 0x1d, 0xd5, 0x1d, 0xd5, 0xa3, 0x10, 0xa3, 0x10,
    0xa3, 0x10, 0xa3, 0x10, 0xa3, 0x10, 0xa3, 0x10, 0xa3, 0x10, 0xa3, 0x10, 0xa3, 0x10, 0xa3, 0x10, 0xa3, 0x10, 0xa3, 0x10, 0xa3, 0x10, 0xa3, 0x10,
    0xa3, 0x10, 0xa3, 0x10, 0xa3, 0x10, 0xa3, 0x10, 0xa3, 0x10, 0xa3, 0x10, 0xa3, 0x10, 0xa3, 0x10, 0xa3, 0x10, 0xa3, 0x10, 0xa3, 0x10, 0xa3, 0x10,
    0xa3, 0x10, 0xa3, 0x10, 0x1d, 0xd5, 0x1d, 0xd5, 0x1d, 0xd5, 0x1d, 0xd5, 0x1d, 0xd5, 0x1d, 0xd5, 0x1d, 0xd5, 0x1d, 0xd5, 0x1d, 0xd5, 0x1d, 0xd5,
    0x1d, 0xd5, 0x1d, 0xd5, 0x1d, 0xd5, 0x1d, 0xd5, 0x1d, 0xd5, 0x1d, 0xd5, 0x1d, 0xd5, 0x1d, 0xd5, 0x1d, 0xd5, 0x1d, 0xd5, 0x1d, 0xd5, 0xa3, 0x10,
    0xa3, 0x10, 0xa3, 0x10, 0xa3, 0x10, 0xa3, 0x10, 0xa3, 0x10, 0xa3, 0x10, 0xa3, 0x10, 0xa3, 0x10, 0xa3, 0x10, 0xa3, 0x10, 0xa3, 0x10, 0xa3, 0x10,
    0xa3, 0x10, 0xa3, 0x10, 0xa3, 0x10, 0xa3, 0x10, 0xa3, 0x10, 0xa3, 0x10, 0xa3, 0x10, 0xa3, 0x10, 0xa3, 0x10, 0xa3, 0x10, 0xa3, 0x10, 0xa3, 0x10,
    0x1d, 0xd5, 0x1d, 0xd5, 0x1d, 0xd5, 0x1d, 0xd5, 0x1d, 0xd5, 0x1d, 0xd5, 0x1d, 0xd5, 0x1d, 0xd5, 0x1d, 0xd5, 0x1d, 0xd5, 0x1d, 0xd5, 0x1d, 0xd5,
    0x1d, 0xd5, 0x1d, 0xd5, 0x1d, 0xd5, 0x1d, 0xd5, 0x1d, 0xd5, 0x1d, 0xd5, 0x1d, 0xd5, 0x1d, 0xd5, 0x1d, 0xd5, 0x1d, 0xd5, 0x1d, 0xd5, 0x1d, 0xd5,
    0x1d, 0xd5, 0xa3, 0x10, 0xa3, 0x10, 0xa3, 0x10, 0xa3, 0x10, 0xa3, 0x10, 0xa3, 0x10, 0xa3, 0x10, 0xa3, 0x10, 0xa3, 0x10, 0xa3, 0x10, 0xa3, 0x10,
    0xa3, 0x10, 0xa3, 0x10, 0xa3, 0x10, 0xa3, 0x10, 0xa3, 0x10, 0xa3, 0x10, 0xa3, 0x10, 0xa3, 0x10, 0xa3, 0x10, 0xa3, 0x10, 0xa3, 0x10, 0xa3, 0x10,
    0x1d, 0xd5, 0x1d, 0xd5, 0x1d, 0xd5, 0x1d, 0xd5, 0x1d, 0xd5, 0x1d, 0xd5, 0x1d, 0xd5, 0x1d, 0xd5, 0x1d, 0xd5, 0x1d, 0xd5, 0x1d, 0xd5, 0x1d, 0xd5,
    0x1d, 0xd5, 0x1d, 0xd5, 0x1d, 0xd5, 0x1d, 0xd5, 0x1d, 0xd5, 0x1d, 0xd5, 0x1d, 0xd5, 0x1d, 0xd5, 0x1d, 0xd5, 0x1d, 0xd5, 0x1d, 0xd5, 0x1d, 0xd5,
    0x1d, 0xd5, 0xa3, 0x10, 0xa3, 0x10, 0xa3, 0x10, 0xa3, 0x10, 0xa3, 0x10, 0xa3, 0x10, 0xa3, 0x10, 0xa3, 0x10, 0xa3, 0x10, 0xa3, 0x10, 0xa3, 0x10,
    0xa3, 0x10, 0xa3, 0x10, 0xa3, 0x10, 0xa3, 0x10, 0xa3, 0x10, 0xa3, 0x10, 0xa3, 0x10, 0xa3, 0x10, 0xa3, 0x10, 0xa3, 0x10, 0xa3, 0x10, 0x1d, 0xd5,
    0x1d, 0xd5, 0x1d, 0xd5, 0x1d, 0xd5, 0x1d, 0xd5, 0x1d, 0xd5, 0x1d, 0xd5, 0x1d, 0xd5, 0x1d, 0xd5, 0x1d, 0xd5, 0x1d, 0xd5, 0x1d, 0xd5, 0x1d, 0xd5,
    0x1d, 0xd5, 0x1d, 0xd5, 0x1d, 0xd5, 0x1d, 0xd5, 0x1d, 0xd5, 0x1d, 0xd5, 0x1d, 0xd5, 0x1d, 0xd5, 0x1d, 0xd5, 0x1d, 0xd5, 0x1d, 0xd5, 0x1d, 0xd5,
    0x1d, 0xd5, 0x1d, 0xd5, 0xa3, 0x10, 0xa3, 0x10, 0xa3, 0x10, 0xa3, 0x10, 0xa3, 0x10, 0xa3, 0x10, 0xa3, 0x10, 0xa3, 0x10, 0xa3, 0x10, 0xa3, 0x10,
    0xa3, 0x10, 0xa3, 0x10, 0xa3, 0x10, 0xa3, 0x10, 0xa3, 0x10, 0xa3, 0x10, 0xa3, 0x10, 0xa3, 0x10, 0xa3, 0x10, 0xa3, 0x10, 0x1d, 0xd5, 0x1d, 0xd5,
    0x1d, 0xd5, 0x1d, 0xd5, 0x1d, 0xd5, 0x1d, 0xd5, 0x1d, 0xd5, 0x1d, 0xd5, 0x1d, 0xd5, 0x1d, 0xd5, 0x93, 0x82, 0x93, 0x82, 0x93, 0x82, 0x93, 0x82,
    0x93, 0x82, 0x93, 0x82, 0x93, 0x82, 0x93, 0x82, 0x93, 0x82, 0x1d, 0xd5, 0x1d, 0xd5, 0x1d, 0xd5, 0x1d, 0xd5, 0x1d, 0xd5, 0x1d, 0xd5, 0x1d, 0xd5,
    0x1d, 0xd5, 0x1d, 0xd5, 0x1d, 0xd5, 0xa3, 0x10, 0xa3, 0x10, 0xa3, 0x10, 0xa3, 0x10, 0xa3, 0x10, 0xa3, 0x10, 0xa3, 0x10, 0xa3, 0x10, 0xa3, 0x10,
    0xa3, 0x10, 0xa3, 0x10, 0xa3, 0x10, 0xa3, 0x10, 0xa3, 0x10, 0xa3, 0x10, 0xa3, 0x10, 0xa3, 0x10, 0xa3, 0x10, 0xa3, 0x10, 0x1d, 0xd5, 0x1d, 0xd5,
    0x1d, 0xd5, 0x1d, 0xd5, 0x1d, 0xd5, 0x1d, 0xd5, 0x1d, 0xd5, 0x1d, 0xd5, 0x93, 0x82, 0x93, 0x82, 0x93, 0x82, 0x93, 0x82, 0x93, 0x82, 0x93, 0x82,
    0x93, 0x82, 0x93, 0x82, 0x93, 0x82, 0x93, 0x82, 0x93, 0x82, 0x93, 0x82, 0x93, 0x82, 0x1d, 0xd5, 0x1d, 0xd5, 0x1d, 0xd5, 0x1d, 0xd5, 0x1d, 0xd5,
    0x1d, 0xd5, 0x1d, 0xd5, 0x1d, 0xd5, 0xa3, 0x10, 0xa3, 0x10, 0xa3, 0x10, 0xa3, 0x10, 0xa3, 0x10, 0xa3, 0x10, 0xa3, 0x10, 0xa3, 0x10, 0xa3, 0x10,
    0xa3, 0x10, 0xa3, 0x10, 0xa3, 0x10, 0xa3, 0x10, 0xa3, 0x10, 0xa3, 0x10, 0xa3, 0x10, 0xa3, 0x10, 0xa3, 0x10, 0x1d, 0xd5, 0x1d, 0xd5, 0x1d, 0xd5,
    0x1d, 0xd5, 0x1d, 0xd5, 0x1d, 0xd5, 0x1d, 0xd5, 0x1d, 0xd5, 0x93, 0x82, 0x93, 0x82, 0x93, 0x82, 0x93, 0x82, 0x93, 0x82, 0x93, 0x82, 0x93, 0x82,
    0x93, 0x82, 0x93, 0x82, 0x93, 0x82, 0x93, 0x82, 0x93, 0x82, 0x93, 0x82, 0x93, 0x82, 0x93, 0x82, 0x1d, 0xd5, 0x1d, 0xd5, 0x1d, 0xd5, 0x1d, 0xd5,
    0x1d, 0xd5, 0x1d, 0xd5, 0x1d, 0xd5, 0x1d, 0xd5, 0xa3, 0x10, 0xa3, 0x10, 0xa3, 0x10, 0xa3, 0x10, 0xa3, 0x10, 0xa3, 0x10, 0xa3, 0x10, 0xa3, 0x10,
    0xa3, 0x10, 0xa3, 0x10, 0xa3, 0x10, 0xa3, 0x10, 0xa3, 0x10, 0xa3, 0x10, 0xa3, 0x10, 0xa3, 0x10, 0xa3, 0x10, 0x1d, 0xd5, 0x1d, 0xd5, 0x1d, 0xd5,
    0x1d, 0xd5, 0x1d, 0xd5, 0x1d, 0xd5, 0x1d, 0xd5, 0x93, 0x82, 0x93, 0x82, 0x93, 0x82, 0x93, 0x82, 0x93, 0x82, 0x93, 0x82, 0x93, 0x82, 0x93, 0x82,
    0x93, 0x82, 0x93, 0x82, 0x93, 0x82, 0x93, 0x82, 0x93, 0x82, 0x93, 0x82, 0x93, 0x82, 0x93, 0x82, 0x93, 0x82, 0x1d, 0xd5, 0x1d, 0xd5, 0x1d, 0xd5,
    0x1d, 0xd5, 0x1d, 0xd5, 0x1d, 0xd5, 0x1d, 0xd5, 0xa3, 0x10, 0xa3, 0x10, 0xa3, 0x10, 0xa3, 0x10, 0xa3, 0x10, 0xa3, 0x10, 0xa3, 0x10, 0xa3, 0x10,
    0xa3, 0x10, 0xa3, 0x10, 0xa3, 0x10, 0xa3, 0x10, 0xa3, 0x10, 0xa3, 0x10, 0xa3, 0x10, 0xa3, 0x10, 0x1d, 0xd5, 0x1d, 0xd5, 0x1d, 0xd5, 0x1d, 0xd5,
    0x1d, 0xd5, 0x1d, 0xd5, 0x1d, 0xd5, 0x93, 0x82, 0x93, 0x82, 0x93, 0x82, 0x93, 0x82, 0x93, 0x82, 0x93, 0x82, 0x93, 0x82, 0x93, 0x82, 0x93, 0x82,
    0x93, 0x82, 0x93, 0x82, 0x93, 0x82, 0x93, 0x82, 0x93, 0x82, 0x93, 0x82, 0x93, 0x82, 0x93, 0x82, 0x93, 0x82, 0x93, 0x82, 0x1d, 0xd5, 0x1d, 0xd5,
    0x1d, 0xd5, 0x1d, 0xd5, 0x1d, 0xd5, 0x1d, 0xd5, 0x1d, 0xd5, 0xa3, 0x10, 0xa3, 0x10, 0xa3, 0x10, 0xa3, 0x10, 0xa3, 0x10, 0xa3, 0x10, 0xa3, 0x10,
    0xa3, 0x10, 0xa3, 0x10, 0xa3, 0x10, 0xa3, 0x10, 0xa3, 0x10, 0xa3, 0x10, 0xa3, 0x10, 0xa3, 0x10, 0x1d, 0xd5, 0x1d, 0xd5, 0x1d, 0xd5, 0x1d, 0xd5,
    0x1d, 0xd5, 0x1d, 0xd5, 0x93, 0x82, 0x93, 0x82, 0x93, 0x82, 0x93, 0x82, 0x93, 0x82, 0x93, 0x82, 0x93, 0x82, 0x93, 0x82, 0x93, 0x82, 0x93, 0x82,
    0x93, 0x82, 0x93, 0x82, 0x93, 0x82, 0x93, 0x82, 0x93, 0x82, 0x93, 0x82, 0x93, 0x82, 0x93, 0x82, 0x93, 0x82, 0x93, 0x82, 0x93, 0x82, 0x1d, 0xd5,
    0x1d, 0xd5, 0x1d, 0xd5, 0x1d, 0xd5, 0x1d, 0xd5, 0x1d, 0xd5, 0xa3, 0x10, 0xa3, 0x10, 0xa3, 0x10, 0xa3, 0x10, 0xa3, 0x10, 0xa3, 0x10, 0xa3, 0x10,
    0xa3, 0x10, 0xa3, 0x10, 0xa3, 0x10, 0xa3, 0x10, 0xa3, 0x10, 0xa3, 0x10, 0xa3, 0x10, 0xa3, 0x10, 0x1d, 0xd5, 0x1d, 0xd5, 0x1d, 0xd5, 0x1d, 0xd5,
    0x1d, 0xd5, 0x1d, 0xd5, 0x93, 0x82, 0x93, 0x82, 0x93, 0x82, 0x93, 0x82, 0xa3, 0x10, 0xa3, 0x10, 0xa3, 0x10, 0x93, 0x82, 0x93, 0x82, 0x93, 0x82,
    0x93, 0x82, 0x93, 0x82, 0x93, 0x82, 0x93, 0x82, 0xa3, 0x10, 0xa3, 0x10, 0xa3, 0x10, 0x93, 0x82, 0x93, 0x82, 0x93, 0x82, 0x93, 0x82, 0x1d, 0xd5,
    0x1d, 0xd5, 0x1d, 0xd5, 0x1d, 0xd5, 0x1d, 0xd5, 0x1d, 0xd5, 0xa3, 0x10, 0xa3, 0x10, 0xa3, 0x10, 0xa3, 0x10, 0xa3, 0x10, 0xa3, 0x10, 0xa3, 0x10,
    0xa3, 0x10, 0xa3, 0x10, 0xa3, 0x10, 0xa3, 0x10, 0xa3, 0x10, 0xa3, 0x10, 0xa3, 0x10, 0xa3, 0x10, 0x1d, 0xd5, 0x1d, 0xd5, 0x1d, 0xd5, 0x1d, 0xd5,
    0x1d, 0xd5, 0x93, 0x82, 0x93, 0x82, 0x93, 0x82, 0x93, 0x82, 0xa3, 0x10, 0xa3, 0x10, 0xa3, 0x10, 0xa3, 0x10, 0xa3, 0x10, 0x93, 0x82, 0x93, 0x82,
    0x93, 0x82, 0x93, 0x82, 0x93, 0x82, 0xa3, 0x10, 0xa3, 0x10, 0xa3, 0x10, 0xa3, 0x10, 0xa3, 0x10, 0x93, 0x82, 0x93, 0x82, 0x93, 0x82, 0x93, 0x82,
    0x1d, 0xd5, 0x1d, 0xd5, 0x1d, 0xd5, 0x1d, 0xd5, 0x1d, 0xd5, 0xa3, 0x10, 0xa3, 0x10, 0xa3, 0x10, 0xa3, 0x10, 0xa3, 0x10, 0xa3, 0x10, 0xa3, 0x10,
    0xa3, 0x10, 0xa3, 0x10, 0xa3, 0x10, 0xa3, 0x10, 0xa3, 0x10, 0xa3, 0x10, 0xa3, 0x10, 0xa3, 0x10, 0x1d, 0xd5, 0x1d, 0xd5, 0x1d, 0xd5, 0x1d, 0xd5,
    0x1d, 0xd5, 0x93, 0x82, 0x93, 0x82, 0x93, 0x82, 0x93, 0x82, 0xa3, 0x10, 0xa3, 0x10, 0xa3, 0x10, 0xa3, 0x10, 0xa3, 0x10, 0x93, 0x82, 0x93, 0x82,
    0x93, 0x82, 0x93, 0x82, 0x93, 0x82, 0xa3, 0x10, 0xa3, 0x10, 0xa3, 0x10, 0xa3, 0x10, 0xa3, 0x10, 0x93, 0x82, 0x93, 0x82, 0x93, 0x82, 0x93, 0x82,
    0x1d, 0xd5, 0x1d, 0xd5, 0x1d, 0xd5, 0x1d, 0xd5, 0x1d, 0xd5, 0xa3, 0x10, 0xa3, 0x10, 0xa3, 0x10, 0xa3, 0x10, 0xa3, 0x10, 0xa3, 0x10, 0xa3, 0x10,
    0xa3, 0x10, 0xa3, 0x10, 0xa3, 0x10, 0xa3, 0x10, 0xa3, 0x10, 0xa3, 0x10, 0xa3, 0x10, 0xa3, 0x10, 0x1d, 0xd5, 0x1d, 0xd5, 0x1d, 0xd5, 0x1d, 0xd5,
    0x1d, 0xd5, 0x93, 0x82, 0x93, 0x82, 0x93, 0x82, 0x93, 0x82, 0xa3, 0x10, 0xa3, 0x10, 0xa3, 0x10, 0xa3, 0x10, 0xa3, 0x10, 0x93, 0x82, 0x93, 0x82,
    0x93, 0x82, 0x93, 0x82, 0x93, 0x82, 0xa3, 0x10, 0xa3, 0x10, 0xa3, 0x10, 0xa3, 0x10, 0xa3, 0x10, 0x93, 0x82, 0x93, 0x82, 0x93, 0x82, 0x93, 0x82,
    0x1d, 0xd5, 0x1d, 0xd5, 0x1d, 0xd5, 0x1d, 0xd5, 0x1d, 0xd5, 0xa3, 0x10, 0xa3, 0x10, 0xa3, 0x10, 0xa3, 0x10, 0xa3, 0x10, 0xa3, 0x10, 0xa3, 0x10,
    0xa3, 0x10, 0xa3, 0x10, 0xa3, 0x10, 0xa3, 0x10, 0xa3, 0x10, 0xa3, 0x10, 0xa3, 0x10, 0xa3, 0x10, 0x1d, 0xd5, 0x1d, 0xd5, 0x1d, 0xd5, 0x1d, 0xd5,
    0x1d, 0xd5, 0x93, 0x82, 0x93, 0x82, 0x93, 0x82, 0x93, 0x82, 0x93, 0x82, 0xa3, 0x10, 0xa3, 0x10, 0xa3, 0x10, 0x93, 0x82, 0x93, 0x82, 0x93, 0x82,
    0x93, 0x82, 0x93, 0x82, 0x93, 0x82, 0x93, 0x82, 0xa3, 0x10, 0xa3, 0x10, 0xa3, 0x10, 0x93, 0x82, 0x93, 0x82, 0x93, 0x82, 0x93, 0x82, 0x93, 0x82,
    0x1d, 0xd5, 0x1d, 0xd5, 0x1d, 0xd5, 0x1d, 0xd5, 0x1d, 0xd5, 0xa3, 0x10, 0xa3, 0x10, 0xa3, 0x10, 0xa3, 0x10, 0xa3, 0x10, 0xa3, 0x10, 0xa3, 0x10,
    0xa3, 0x10, 0xa3, 0x10, 0xa3, 0x10, 0xa3, 0x10, 0xa3, 0x10, 0xa3, 0x10, 0xa3, 0x10, 0xa3, 0x10, 0x1d, 0xd5, 0x1d, 0xd5, 0x1d, 0xd5, 0x1d, 0xd5,
    0x1d, 0xd5, 0x93, 0x82, 0x93, 0x82, 0x93, 0x82, 0x93, 0x82, 0x93, 0x82, 0x93, 0x82, 0x93, 0x82, 0x93, 0x82, 0x93, 0x82, 0x93, 0x82, 0x93, 0x82,
    0x93, 0x82, 0x93, 0x82, 0x93, 0x82, 0x93, 0x82, 0x93, 0x82, 0x93, 0x82, 0x93, 0x82, 0x93, 0x82, 0x93, 0x82, 0x93, 0x82, 0x93, 0x82, 0x93, 0x82,
    0x1d, 0xd5, 0x1d, 0xd5, 0x1d, 0xd5, 0x1d, 0xd5, 0x1d, 0xd5, 0xa3, 0x10, 0xa3, 0x10, 0xa3, 0x10, 0xa3, 0x10, 0xa3, 0x10, 0xa3, 0x10, 0xa3, 0x10,
    0xa3, 0x10, 0xa3, 0x10, 0xa3, 0x10, 0xa3, 0x10, 0xa3, 0x10, 0xa3, 0x10, 0xa3, 0x10, 0xa3, 0x10, 0x1d, 0xd5, 0x1d, 0xd5, 0x1d, 0xd5, 0x1d, 0xd5,
    0x1d, 0xd5, 0x93, 0x82, 0x93, 0x82, 0x93, 0x82, 0x93, 0x82, 0x93, 0x82, 0x93, 0x82, 0x93, 0x82, 0x93, 0x82, 0x93, 0x82, 0x93, 0x82, 0x93, 0x82,
    0x93, 0x82, 0x93, 0x82, 0x93, 0x82, 0x93, 0x82, 0x93, 0x82, 0x93, 0x82, 0x93, 0x82, 0x93, 0x82, 0x93, 0x82, 0x93, 0x82, 0x93, 0x82, 0x93, 0x82,
    0x1d, 0xd5, 0x1d, 0xd5, 0x1d, 0xd5, 0x1d, 0xd5, 0x1d, 0xd5, 0xa3, 0x10, 0xa3, 0x10, 0xa3, 0x10, 0xa3, 0x10, 0xa3, 0x10, 0xa3, 0x10, 0xa3, 0x10,
    0xa3, 0x10, 0xa3, 0x10, 0xa3, 0x10, 0xa3, 0x10, 0xa3, 0x10, 0xa3, 0x10, 0xa3, 0x10, 0xa3, 0x10, 0x1d, 0xd5, 0x1d, 0xd5, 0x1d, 0xd5, 0x1d, 0xd5,
    0x1d, 0xd5, 0x93, 0x82, 0x93, 0x82, 0x93, 0x82, 0x93, 0x82, 0x93, 0x82, 0x93, 0x82, 0x93, 0x82, 0x93, 0x82, 0x93, 0x82, 0x93, 0x82, 0x93, 0x82,
    0x93, 0x82, 0x93, 0x82, 0x93, 0x82, 0x93, 0x82, 0x93, 0x82, 0x93, 0x82, 0x93, 0x82, 0x93, 0x82, 0x93, 0x82, 0x93, 0x82, 0x93, 0x82, 0x93, 0x82,
    0x1d, 0xd5, 0x1d, 0xd5, 0x1d, 0xd5, 0x1d, 0xd5, 0x1d, 0xd5, 0xa3, 0x10, 0xa3, 0x10, 0xa3, 0x10, 0xa3, 0x10, 0xa3, 0x10, 0xa3, 0x10, 0xa3, 0x10,
    0xa3, 0x10, 0xa3, 0x10, 0xa3, 0x10, 0xa3, 0x10, 0xa3, 0x10, 0xa3, 0x10, 0xa3, 0x10, 0xa3, 0x10, 0x1d, 0xd5, 0x1d, 0xd5, 0x1d, 0xd5, 0x1d, 0xd5,
    0x1d, 0xd5, 0x93, 0x82, 0x93, 0x82, 0x93, 0x82, 0x93, 0x82, 0x93, 0x82, 0x93, 0x82, 0x93, 0x82, 0x1d, 0x5d, 0x1d, 0x5d, 0x1d, 0x5d, 0x1d, 0x5d,
    0x1d, 0x5d, 0x1d, 0x5d, 0x1d, 0x5d, 0x1d, 0x5d, 0x1d, 0x5d, 0x93, 0x82, 0x93, 0x82, 0x93, 0x82, 0x93, 0x82, 0x93, 0x82, 0x93, 0x82, 0x93, 0x82,
    0x1d, 0xd5, 0x1d, 0xd5, 0x1d, 0xd5, 0x1d, 0xd5, 0x1d, 0xd5, 0xa3, 0x10, 0xa3, 0x10, 0xa3, 0x10, 0xa3, 0x10, 0xa3, 0x10, 0xa3, 0x10, 0xa3, 0x10,
    0xa3, 0x10, 0xa3, 0x10, 0xa3, 0x10, 0xa3, 0x10, 0xa3, 0x10, 0xa3, 0x10, 0xa3, 0x10, 0xa3, 0x10, 0xa3, 0x10, 0x1d, 0xd5, 0x1d, 0xd5, 0x1d, 0xd5,
    0x1d, 0xd5, 0x93, 0x82, 0x93, 0x82, 0x93, 0x82, 0x93, 0x82, 0x93, 0x82, 0x93, 0x82, 0x93, 0x82, 0x1d, 0x5d, 0x1d, 0x5d, 0x1d, 0x5d, 0x1d, 0x5d,
    0x1d, 0x5d, 0x1d, 0x5d, 0x1d, 0x5d, 0x1d, 0x5d, 0x1d, 0x5d, 0x93, 0x82, 0x93, 0x82, 0x93, 0x82, 0x93, 0x82, 0x93, 0x82, 0x93, 0x82, 0x93, 0x82,
    0x1d, 0xd5, 0x1d, 0xd5, 0x1d, 0xd5, 0x1d, 0xd5, 0xa3, 0x10, 0xa3, 0x10, 0xa3, 0x10, 0xa3, 0x10, 0xa3, 0x10, 0xa3, 0x10, 0xa3, 0x10, 0xa3, 0x10,
    0xa3, 0x10, 0xa3, 0x10, 0xa3, 0x10, 0xa3, 0x10, 0xa3, 0x10, 0xa3, 0x10, 0xa3, 0x10, 0xa3, 0x10, 0xa3, 0x10, 0x1d, 0xd5, 0x1d, 0xd5, 0x1d, 0xd5,
    0x1d, 0xd5, 0x1d, 0xd5, 0x93, 0x82, 0x93, 0x82, 0x93, 0x82, 0x93, 0x82, 0x93, 0x82, 0x93, 0x82, 0x1d, 0x5d, 0x1d, 0x5d, 0x1d, 0x5d, 0x1d, 0x5d,
    0x1d, 0x5d, 0x1d, 0x5d, 0x1d, 0x5d, 0x1d, 0x5d, 0x1d, 0x5d, 0x93, 0x82, 0x93, 0x82, 0x93, 0x82, 0x93, 0x82, 0x93, 0x82, 0x93, 0x82, 0x1d, 0xd5,
    0x1d, 0xd5, 0x1d, 0xd5, 0x1d, 0xd5, 0x1d, 0xd5, 0xa3, 0x10, 0xa3, 0x10, 0xa3, 0x10, 0xa3, 0x10, 0xa3, 0x10, 0xa3, 0x10, 0xa3, 0x10, 0xa3, 0x10,
    0xa3, 0x10, 0xa3, 0x10, 0xa3, 0x10, 0xa3, 0x10, 0xa3, 0x10, 0xa3, 0x10, 0xa3, 0x10, 0xa3, 0x10, 0xa3, 0x10, 0xa3, 0x10, 0x1d, 0xd5, 0x1d, 0xd5,
    0x1d, 0xd5, 0x1d, 0xd5, 0x93, 0x82, 0x93, 0x82, 0x93, 0x82, 0x93, 0x82, 0x93, 0x82, 0x93, 0x82, 0x93, 0x82, 0x93, 0x82, 0x93, 0x82, 0x93, 0x82,
    0x93, 0x82, 0x93, 0x82, 0x93, 0x82, 0x93, 0x82, 0x93, 0x82, 0x93, 0x82, 0x93, 0x82, 0x93, 0x82, 0x93, 0x82, 0x93, 0x82, 0x93, 0x82, 0x1d, 0xd5,
    0x1d, 0xd5, 0x1d, 0xd5, 0x1d, 0xd5, 0xa3, 0x10, 0xa3, 0x10, 0xa3, 0x10, 0xa3, 0x10, 0xa3, 0x10, 0xa3, 0x10, 0xa3, 0x10, 0xa3, 0x10, 0xa3, 0x10,
    0xa3, 0x10, 0xa3, 0x10, 0xa3, 0x10, 0xa3, 0x10, 0xa3, 0x10, 0xa3, 0x10, 0xa3, 0x10, 0xa3, 0x10, 0xa3, 0x10, 0xa3, 0x10, 0x1d, 0xd5, 0x1d, 0xd5,
    0x1d, 0xd5, 0x1d, 0xd5, 0x1d, 0xd5, 0x93, 0x82, 0x93, 0x82, 0x93, 0x82, 0x93, 0x82, 0x93, 0x82, 0x93, 0x82, 0x93, 0x82, 0x93, 0x82, 0x93, 0x82,
    0x93, 0x82, 0x93, 0x82, 0x93, 0x82, 0x93, 0x82, 0x93, 0x82, 0x93, 0x82, 0x93, 0x82, 0x93, 0x82, 0x93, 0x82, 0x93, 0x82, 0x1d, 0xd5, 0x1d, 0xd5,
    0x1d, 0xd5, 0x1d, 0xd5, 0x1d, 0xd5, 0xa3, 0x10, 0xa3, 0x10, 0xa3, 0x10, 0xa3, 0x10, 0xa3, 0x10, 0xa3, 0x10, 0xa3, 0x10, 0xa3, 0x10, 0xa3, 0x10,
    0xa3, 0x10, 0xa3, 0x10, 0xa3, 0x10, 0xa3, 0x10, 0xa3, 0x10, 0xa3, 0x10, 0xa3, 0x10, 0xa3, 0x10, 0xa3, 0x10, 0xa3, 0x10, 0xa3, 0x10, 0x1d, 0xd5,
    0x1d, 0xd5, 0x1d, 0xd5, 0x1d, 0xd5, 0x1d, 0xd5, 0x93, 0x82, 0x93, 0x82, 0x93, 0x82, 0x93, 0x82, 0x93, 0x82, 0x93, 0x82, 0x93, 0x82, 0x93, 0x82,
    0x93, 0x82, 0x93, 0x82, 0x93, 0x82, 0x93, 0x82, 0x93, 0x82, 0x93, 0x82, 0x93, 0x82, 0x93, 0x82, 0x93, 0x82, 0x1d, 0xd5, 0x1d, 0xd5, 0x1d, 0xd5,
    0x1d, 0xd5, 0x1d, 0xd5, 0xa3, 0x10, 0xa3, 0x10, 0xa3, 0x10, 0xa3, 0x10, 0xa3, 0x10, 0xa3, 0x10, 0xa3, 0x10, 0xa3, 0x10, 0xa3, 0x10, 0xa3, 0x10,
    0xa3, 0x10, 0xa3, 0x10, 0xa3, 0x10, 0xa3, 0x10, 0xa3, 0x10, 0xa3, 0x10, 0xa3, 0x10, 0xa3, 0x10, 0xa3, 0x10, 0xa3, 0x10, 0xa3, 0x10, 0xa3, 0x10,
    0x1d, 0xd5, 0x1d, 0xd5, 0x1d, 0xd5, 0x1d, 0xd5, 0x1d, 0xd5, 0x93, 0x82, 0x93, 0x82, 0x93, 0x82, 0x93, 0x82, 0x93, 0x82, 0x93, 0x82, 0x93, 0x82,
    0x93, 0x82, 0x93, 0x82, 0x93, 0x82, 0x93, 0x82, 0x93, 0x82, 0x93, 0x82, 0x93, 0x82, 0x93, 0x82, 0x1d, 0xd5, 0x1d, 0xd5, 0x1d, 0xd5, 0x1d, 0xd5,
    0x1d, 0xd5, 0xa3, 0x10, 0xa3, 0x10, 0xa3, 0x10, 0xa3, 0x10, 0xa3, 0x10, 0xa3, 0x10, 0xa3, 0x10, 0xa3, 0x10, 0xa3, 0x10, 0xa3, 0x10, 0xa3, 0x10,
    0xa3, 0x10, 0xa3, 0x10, 0xa3, 0x10, 0xa3, 0x10, 0xa3, 0x10, 0xa3, 0x10, 0xa3, 0x10, 0xa3, 0x10, 0xa3, 0x10, 0xa3, 0x10, 0xa3, 0x10, 0xa3, 0x10,
    0x1d, 0xd5, 0x1d, 0xd5, 0x1d, 0xd5, 0x1d, 0xd5, 0x1d, 0xd5, 0x1d, 0xd5, 0x93, 0x82, 0x93, 0x82, 0x93, 0x82, 0x93, 0x82, 0x93, 0x82, 0x93, 0x82,
    0x93, 0x82, 0x93, 0x82, 0x93, 0x82, 0x93, 0x82, 0x93, 0x82, 0x93, 0x82, 0x93, 0x82, 0x1d, 0xd5, 0x1d, 0xd5, 0x1d, 0xd5, 0x1d, 0xd5, 0x1d, 0xd5,
    0x1d, 0xd5, 0xa3, 0x10, 0xa3, 0x10, 0xa3, 0x10, 0xa3, 0x10, 0xa3, 0x10, 0xa3, 0x10, 0xa3, 0x10, 0xa3, 0x10, 0xa3, 0x10, 0xa3, 0x10, 0xa3, 0x10,
    0xa3, 0x10, 0xa3, 0x10, 0xa3, 0x10, 0xa3, 0x10, 0xa3, 0x10, 0xa3, 0x10, 0xa3, 0x10, 0xa3, 0x10, 0xa3, 0x10, 0xa3, 0x10, 0xa3, 0x10, 0xa3, 0x10,
    0xa3, 0x10, 0xa3, 0x10, 0x1d, 0xd5, 0x1d, 0xd5, 0x1d, 0xd5, 0x1d, 0xd5, 0x1d, 0xd5, 0x1d, 0xd5, 0x93, 0x82, 0x93, 0x82, 0x93, 0x82, 0x93, 0x82,
    0x93, 0x82, 0x93, 0x82, 0x93, 0x82, 0x93, 0x82, 0x93, 0x82, 0x1d, 0xd5, 0x1d, 0xd5, 0x1d, 0xd5, 0x1d, 0xd5, 0x1d, 0xd5, 0x1d, 0xd5, 0xa3, 0x10,
    0xa3, 0x10, 0xa3, 0x10, 0xa3, 0x10, 0xa3, 0x10, 0xa3, 0x10, 0xa3, 0x10, 0xa3, 0x10, 0xa3, 0x10, 0xa3, 0x10, 0xa3, 0x10, 0xa3, 0x10, 0xa3, 0x10,
    0xa3, 0x10, 0xa3, 0x10, 0xa3, 0x10, 0xa3, 0x10, 0xa3, 0x10, 0xa3, 0x10, 0xa3, 0x10, 0xa3, 0x10, 0xa3, 0x10, 0xa3, 0x10, 0xa3, 0x10, 0xa3, 0x10,
    0xa3, 0x10, 0xa3, 0x10, 0xa3, 0x10, 0x1d, 0xd5, 0x1d, 0xd5, 0x1d, 0xd5, 0x1d, 0xd5, 0x1d, 0xd5, 0x1d, 0xd5, 0x1d, 0xd5, 0x1d, 0xd5, 0x1d, 0xd5,
    0x1d, 0xd5, 0x1d, 0xd5, 0x1d, 0xd5, 0x1d, 0xd5, 0x1d, 0xd5, 0x1d, 0xd5, 0x1d, 0xd5, 0x1d, 0xd5, 0x1d, 0xd5, 0x1d, 0xd5, 0xa3, 0x10, 0xa3, 0x10,
    0xa3, 0x10, 0xa3, 0x10, 0xa3, 0x10, 0xa3, 0x10, 0xa3, 0x10, 0xa3, 0x10, 0xa3, 0x10, 0xa3, 0x10, 0xa3, 0x10, 0xa3, 0x10, 0xa3, 0x10, 0xa3, 0x10,
    0xa3, 0x10, 0xa3, 0x10, 0xa3, 0x10, 0xa3, 0x10, 0xa3, 0x10, 0xa3, 0x10, 0xa3, 0x10, 0xa3, 0x10, 0xa3, 0x10, 0xa3, 0x10, 0xa3, 0x10, 0xa3, 0x10,
    0xa3, 0x10, 0xa3, 0x10, 0xa3, 0x10, 0xa3, 0x10, 0xa3, 0x10, 0x1d, 0xd5, 0x1d, 0xd5, 0x1d, 0xd5, 0x1d, 0xd5, 0x1d, 0xd5, 0x1d, 0xd5, 0x1d, 0xd5,
    0x1d, 0xd5, 0x1d, 0xd5, 0x1d, 0xd5, 0x1d, 0xd5, 0x1d, 0xd5, 0x1d, 0xd5, 0x1d, 0xd5, 0x1d, 0xd5, 0xa3, 0x10, 0xa3, 0x10, 0xa3, 0x10, 0xa3, 0x10,
    0xa3, 0x10, 0xa3, 0x10, 0xa3, 0x10, 0xa3, 0x10, 0xa3, 0x10, 0xa3, 0x10, 0xa3, 0x10, 0xa3, 0x10, 0xa3, 0x10, 0xa3, 0x10, 0xa3, 0x10, 0xa3, 0x10,
    0xa3, 0x10, 0xa3, 0x10, 0xa3, 0x10, 0xa3, 0x10, 0xa3, 0x10, 0xa3, 0x10, 0xa3, 0x10, 0xa3, 0x10, 0xa3, 0x10, 0xa3, 0x10, 0xa3, 0x10, 0xa3, 0x10,
    0xa3, 0x10, 0xa3, 0x10, 0xa3, 0x10, 0xa3, 0x10, 0xa3, 0x10, 0xa3, 0x10, 0xa3, 0x10, 0x1d, 0xd5, 0x1d, 0xd5, 0x1d, 0xd5, 0x1d, 0xd5, 0x1d, 0xd5,
    0x1d, 0xd5, 0x1d, 0xd5, 0x1d, 0xd5, 0x1d, 0xd5, 0x1d, 0xd5, 0x1d, 0xd5, 0xa3, 0x10, 0xa3, 0x10, 0xa3, 0x10, 0xa3, 0x10, 0xa3, 0x10, 0xa3, 0x10,
    0xa3, 0x10, 0xa3, 0x10, 0xa3, 0x10, 0xa3, 0x10, 0xa3, 0x10, 0xa3, 0x10, 0xa3, 0x10, 0xa3, 0x10, 0xa3, 0x10, 0xa3, 0x10, 0xa3, 0x10, 0xa3, 0x10,
    0xa3, 0x10, 0xa3, 0x10, 0xa3, 0x10, 0xa3, 0x10, 0xa3, 0x10, 0xa3, 0x10, 0xa3, 0x10, 0xa3, 0x10, 0xa3, 0x10, 0xa3, 0x10, 0xa3, 0x10, 0xa3, 0x10,
    0xa3, 0x10, 0xa3, 0x10, 0xa3, 0x10, 0xa3, 0x10, 0xa3, 0x10, 0xa3, 0x10, 0xa3, 0x10, 0xa3, 0x10, 0xa3, 0x10, 0xa3, 0x10, 0xa3, 0x10, 0xa3, 0x10,
    0xa3, 0x10, 0xa3, 0x10, 0xa3, 0x10, 0xa3, 0x10, 0xa3, 0x10, 0xa3, 0x10, 0xa3, 0x10, 0xa3, 0x10, 0xa3, 0x10, 0xa3, 0x10, 0xa3, 0x10, 0xa3, 0x10,
    0xa3, 0x10, 0xa3, 0x10, 0xa3, 0x10, 0xa3, 0x10, 0xa3, 0x10, 0xa3, 0x10, 0xa3, 0x10, 0xa3, 0x10, 0xa3, 0x10, 0xa3, 0x10, 0xa3, 0x10, 0xa3, 0x10,
    0xa3, 0x10, 0xa3, 0x10, 0xa3, 0x10, 0xa3, 0x10, 0xa3, 0x10, 0xa3, 0x10, 0xa3, 0x10, 0xa3, 0x10, 0xa3, 0x10, 0xa3, 0x10, 0xa3, 0x10, 0xa3, 0x10,
    0xa3, 0x10, 0xa3, 0x10, 0xa3, 0x10, 0xa3, 0x10, 0xa3, 0x10, 0xa3, 0x10, 0xa3, 0x10, 0xa3, 0x10, 0xa3, 0x10, 0xa3, 0x10, 0xa3, 0x10, 0xa3, 0x10,
    0xa3, 0x10, 0xa3, 0x10, 0xa3, 0x10, 0xa3, 0x10, 0xa3, 0x10, 0xa3, 0x10, 0xa3, 0x10, 0xa3, 0x10, 0xa3, 0x10, 0xa3, 0x10, 0xa3, 0x10, 0xa3, 0x10,
    0xa3, 0x10, 0xa3, 0x10, 0xa3, 0x10, 0xa3, 0x10, 0xa3, 0x10, 0xa3, 0x10, 0xa3, 0x10, 0xa3, 0x10, 0xa3, 0x10, 0xa3, 0x10, 0xa3, 0x10, 0xa3, 0x10,
    0xa3, 0x10, 0xa3, 0x10, 0xa3, 0x10, 0xa3, 0x10, 0xa3, 0x10, 0xa3, 0x10, 0xa3, 0x10, 0xa3, 0x10, 0xa3, 0x10, 0xa3, 0x10, 0xa3, 0x10, 0xa3, 0x10,
    0xa3, 0x10, 0xa3, 0x10, 0xa3, 0x10, 0xa3, 0x10, 0xa3, 0x10, 0xa3, 0x10, 0xa3, 0x10, 0xa3, 0x10, 0xa3, 0x10, 0xa3, 0x10, 0xa3, 0x10, 0xa3, 0x10,
    0xa3, 0x10, 0xa3, 0x10, 0xa3, 0x10, 0xa3, 0x10, 0xa3, 0x10, 0xa3, 0x10, 0xa3, 0x10, 0xa3, 0x10, 0xa3, 0x10, 0xa3, 0x10, 0xa3, 0x10, 0xa3, 0x10,
    0xa3, 0x10, 0xa3, 0x10, 0xa3, 0x10, 0xa3, 0x10, 0xa3, 0x10, 0xa3, 0x10, 0xa3, 0x10, 0xa3, 0x10, 0xa3, 0x10, 0xa3, 0x10, 0xa3, 0x10, 0xa3, 0x10,
    0xa3, 0x10, 0xa3, 0x10, 0xa3, 0x10, 0xa3, 0x10, 0xa3, 0x10, 0xa3, 0x10, 0xa3, 0x10, 0xa3, 0x10, 0xa3, 0x10, 0xa3, 0x10, 0xa3, 0x10, 0xa3, 0x10,
    0xa3, 0x10, 0xa3, 0x10, 0xa3, 0x10, 0xa3, 0x10, 0xa3, 0x10, 0xa3, 0x10, 0xa3, 0x10, 0xa3, 0x10, 0xa3, 0x10, 0xa3, 0x10, 0xa3, 0x10, 0xa3, 0x10,
    0xa3, 0x10, 0xa3, 0x10, 0xa3, 0x10, 0xa3, 0x10, 0xa3, 0x10, 0xa3, 0x10, 0xa3, 0x10, 0xa3, 0x10, 0xa3, 0x10, 0xa3, 0x10, 0xa3, 0x10, 0xa3, 0x10,
    0xa3, 0x10, 0xa3, 0x10, 0xa3, 0x10, 0xa3, 0x10, 0xa3, 0x10, 0xa3, 0x10, 0xa3, 0x10, 0xa3, 0x10, 0xa3, 0x10, 0xa3, 0x10, 0xa3, 0x10, 0xa3, 0x10,
    0xa3, 0x10, 0xa3, 0x10, 0xa3, 0x10, 0xa3, 0x10, 0xa3, 0x10, 0xa3, 0x10, 0xa3, 0x10, 0xa3, 0x10, 0xa3, 0x10, 0xa3, 0x10, 0xa3, 0x10, 0xa3, 0x10,
    0xa3, 0x10, 0xa3, 0x10, 0xa3, 0x10, 0xa3, 0x10, 0xa3, 0x10, 0xa3, 0x10, 0xa3, 0x10, 0xa3, 0x10, 0xa3, 0x10, 0xa3, 0x10, 0xa3, 0x10, 0xa3, 0x10,
    0xa3, 0x10, 0xa3, 0x10, 0xa3, 0x10, 0xa3, 0x10, 0xa3, 0x10, 0xa3, 0x10, 0xa3, 0x10, 0xa3, 0x10, 0xa3, 0x10, 0xa3, 0x10, 0xa3, 0x10, 0xa3, 0x10,
    0xa3, 0x10, 0xa3, 0x10, 0xa3, 0x10, 0xa3, 0x10, 0xa3, 0x10, 0xa3, 0x10, 0xa3, 0x10, 0xa3, 0x10, 0xa3, 0x10, 0xa3, 0x10, 0xa3, 0x10, 0xa3, 0x10,
};

static const lv_image_dsc_t avatar_9 = {
    .header.magic = LV_IMAGE_HEADER_MAGIC,
    .header.cf = LV_COLOR_FORMAT_RGB565,
    .header.w = 48,
    .header.h = 48,
    .header.stride = 96,
    .data_size = 4608,
    .data = avatar_9_map,
};

static const uint8_t avatar_10_map[] = {
    0xa3, 0x10, 0xa3, 0x10, 0xa3, 0x10, 0xa3, 0x10, 0xa3, 0x10, 0xa3, 0x10, 0xa3, 0x10, 0xa3, 0x10, 0xa3, 0x10, 0xa3, 0x10, 0xa3, 0x10, 0xa3, 0x10,
    0xa3, 0x10, 0xa3, 0x10, 0xa3, 0x10, 0xa3, 0x10, 0xa3, 0x10, 0xa3, 0x10, 0xa3, 0x10, 0xa3, 0x10, 0xa3, 0x10, 0xa3, 0x10, 0xa3, 0x10, 0xa3, 0x10,
    0xa3, 0x10, 0xa3, 0x10, 0xa3, 0x10, 0xa3, 0x10, 0xa3, 0x10, 0xa3, 0x10, 0xa3, 0x10, 0xa3, 0x10, 0xa3, 0x10, 0xa3, 0x10, 0xa3, 0x10, 0xa3, 0x10,
    0xa3, 0x10, 0xa3, 0x10, 0xa3, 0x10, 0xa3, 0x10, 0xa3, 0x10, 0xa3, 0x10, 0xa3, 0x10, 0xa3, 0x10, 0xa3, 0x10, 0xa3, 0x10, 0xa3, 0x10, 0xa3, 0x10,
    0xa3, 0x10, 0xa3, 0x10, 0xa3, 0x10, 0xa3, 0x10, 0xa3, 0x10, 0xa3, 0x10, 0xa3, 0x10, 0xa3, 0x10, 0xa3, 0x10, 0xa3, 0x10, 0xa3, 0x10, 0xa3, 0x10,
    0xa3, 0x10, 0xa3, 0x10, 0xa3, 0x10, 0xa3, 0x10, 0xa3, 0x10, 0xa3, 0x10, 0xa3, 0x10, 0xa3, 0x10, 0xa3, 0x10, 0xa3, 0x10, 0xa3, 0x10, 0xa3, 0x10,
    0xa3, 0x10, 0xa3, 0x10, 0xa3, 0x10, 0xa3, 0x10, 0xa3, 0x10, 0xa3, 0x10, 0xa3, 0x10, 0xa3, 0x10, 0xa3, 0x10, 0xa3, 0x10, 0xa3, 0x10, 0xa3, 0x10,
    0xa3, 0x10, 0xa3, 0x10, 0xa3, 0x10, 0xa3, 0x10, 0xa3, 0x10, 0xa3, 0x10, 0xa3, 0x10, 0xa3, 0x10, 0xa3, 0x10, 0xa3, 0x10, 0xa3, 0x10, 0xa3, 0x10,
    0xa3, 0x10, 0xa3, 0x10, 0xa3, 0x10, 0xa3, 0x10, 0xa3, 0x10, 0xa3, 0x10, 0xa3, 0x10, 0xa3, 0x10, 0xa3, 0x10, 0xa3, 0x10, 0xa3, 0x10, 0xa3, 0x10,
    0xa3, 0x10, 0xa3, 0x10, 0xa3, 0x10, 0xa3, 0x10, 0xa3, 0x10, 0xa3, 0x10, 0xa3, 0x10, 0xa3, 0x10, 0xa3, 0x10, 0xa3, 0x10, 0xa3, 0x10, 0xa3, 0x10,
    0xa3, 0x10, 0xa3, 0x10, 0xa3, 0x10, 0xa3, 0x10, 0xa3, 0x10, 0xa3, 0x10, 0xa3, 0x10, 0xa3, 0x10, 0xa3, 0x10, 0xa3, 0x10, 0xa3, 0x10, 0xa3, 0x10,
    0xa3, 0x10, 0xa3, 0x10, 0xa3, 0x10, 0xa3, 0x10, 0xa3, 0x10, 0xa3, 0x10, 0xa3, 0x10, 0xa3, 0x10, 0xa3, 0x10, 0xa3, 0x10, 0xa3, 0x10, 0xa3, 0x10,
    0xa3, 0x10, 0xa3, 0x10, 0xa3, 0x10, 0xa3, 0x10, 0xa3, 0x10, 0xa3, 0x10, 0xa3, 0x10, 0xa3, 0x10, 0xa3, 0x10, 0xa3, 0x10, 0xa3, 0x10, 0xa3, 0x10,
    0xa3, 0x10, 0xa3, 0x10, 0xa3, 0x10, 0xa3, 0x10, 0xa3, 0x10, 0xa3, 0x10, 0xa3, 0x10, 0xa3, 0x10, 0xa3, 0x10, 0xa3, 0x10, 0xa3, 0x10, 0xa3, 0x10,
    0xa3, 0x10, 0xa3, 0x10, 0xa3, 0x10, 0xa3, 0x10, 0xa3, 0x10, 0xa3, 0x10, 0xa3, 0x10, 0xa3, 0x10, 0xa3, 0x10, 0xa3, 0x10, 0xa3, 0x10, 0xa3, 0x10,
    0xa3, 0x10, 0xa3, 0x10, 0xa3, 0x10, 0xa3, 0x10, 0xa3, 0x10, 0xa3, 0x10, 0xa3, 0x10, 0xa3, 0x10, 0xa3, 0x10, 0xa3, 0x10, 0xa3, 0x10, 0xa3, 0x10,
    0xa3, 0x10, 0xa3, 0x10, 0xa3, 0x10, 0xa3, 0x10, 0xa3, 0x10, 0xa3, 0x10, 0xa3, 0x10, 0xa3, 0x10, 0xa3, 0x10, 0xa3, 0x10, 0xa3, 0x10, 0xa3, 0x10,
    0xa3, 0x10, 0xa3, 0x10, 0xa3, 0x10, 0xa3, 0x10, 0xa3, 0x10, 0xa3, 0x10, 0xa3, 0x10, 0xa3, 0x10, 0xa3, 0x10, 0xa3, 0x10, 0xa3, 0x10, 0xa3, 0x10,
    0xa3, 0x10, 0xa3, 0x10, 0xa3, 0x10, 0xa3, 0x10, 0xa3, 0x10, 0xa3, 0x10, 0xa3, 0x10, 0xa3, 0x10, 0xa3, 0x10, 0xa3, 0x10, 0xa3, 0x10, 0xa3, 0x10,
    0xa3, 0x10, 0xa3, 0x10, 0xa3, 0x10, 0xa3, 0x10, 0xa3, 0x10, 0xa3, 0x10, 0xa3, 0x10, 0xa3, 0x10, 0xa3, 0x10, 0xa3, 0x10, 0xa3, 0x10, 0xa3, 0x10,
    0xa3, 0x10, 0xa3, 0x10, 0xa3, 0x10, 0xa3, 0x10, 0xa3, 0x10, 0xa3, 0x10, 0xa3, 0x10, 0xa3, 0x10, 0xa3, 0x10, 0xa3, 0x10, 0xa3, 0x10, 0xa3, 0x10,
    0xa3, 0x10, 0xa3, 0x10, 0xa3, 0x10, 0xa3, 0x10, 0xa3, 0x10, 0xa3, 0x10, 0xa3, 0x10, 0xa3, 0x10, 0xa3, 0x10, 0xa3, 0x10, 0xa3, 0x10, 0xa3, 0x10,
    0xa3, 0x10, 0xa3, 0x10, 0xa3, 0x10, 0xa3, 0x10, 0xa3, 0x10, 0xa3, 0x10, 0xa3, 0x10, 0xa3, 0x10, 0xa3, 0x10, 0xa3, 0x10, 0xa3, 0x10, 0xa3, 0x10,
    0xa3, 0x10, 0xa3, 0x10, 0xa3, 0x10, 0xa3, 0x10, 0xa3, 0x10, 0xa3, 0x10, 0xa3, 0x10, 0xa3, 0x10, 0xa3, 0x10, 0xa3, 0x10, 0xa3, 0x10, 0xa3, 0x10,
    0xa3, 0x10, 0xa3, 0x10, 0xa3, 0x10, 0xa3, 0x10, 0xa3, 0x10, 0xa3, 0x10, 0xa3, 0x10, 0xa3, 0x10, 0xa3, 0x10, 0xa3, 0x10, 0xa3, 0x10, 0xa3, 0x10,
    0xa3, 0x10, 0xa3, 0x10, 0xa3, 0x10, 0xa3, 0x10, 0xa3, 0x10, 0xa3, 0x10, 0xa3, 0x10, 0xa3, 0x10, 0xa3, 0x10, 0xa3, 0x10, 0xa3, 0x10, 0xa3, 0x10,
    0xa3, 0x10, 0xa3, 0x10, 0xa3, 0x10, 0xa3, 0x10, 0xa3, 0x10, 0xa3, 0x10, 0xa3, 0x10, 0xa3, 0x10, 0xa3, 0x10, 0xa3, 0x10, 0xa3, 0x10, 0xa3, 0x10,
    0xa3, 0x10, 0xa3, 0x10, 0xa3, 0x10, 0xa3, 0x10, 0xa3, 0x10, 0xa3, 0x10, 0xa3, 0x10, 0xa3, 0x10, 0xa3, 0x10, 0xa3, 0x10, 0xa3, 0x10, 0xa3, 0x10,
    0xa3, 0x10, 0xa3, 0x10, 0xa3, 0x10, 0xa3, 0x10, 0xa3, 0x10, 0xa3, 0x10, 0xa3, 0x10, 0xa3, 0x10, 0xa3, 0x10, 0xa3, 0x10, 0xa3, 0x10, 0xa3, 0x10,
    0xa3, 0x10, 0xa3, 0x10, 0xa3, 0x10, 0xa3, 0x10, 0xa3, 0x10, 0xa3, 0x10, 0xa3, 0x10, 0xa3, 0x10, 0xa3, 0x10, 0xa3, 0x10, 0xa3, 0x10, 0xa3, 0x10,
    0xa3, 0x10, 0xa3, 0x10, 0xa3, 0x10, 0xa3, 0x10, 0xa3, 0x10, 0xa3, 0x10, 0xa3, 0x10, 0xa3, 0x10, 0xa3, 0x10, 0xa3, 0x10, 0xa3, 0x10, 0xa3, 0x10,
    0xa3, 0x10, 0xa3, 0x10, 0xa3, 0x10, 0xa3, 0x10, 0xa3, 0x10, 0xa3, 0x10, 0xa3, 0x10, 0xa3, 0x10, 0xa3, 0x10, 0xa3, 0x10, 0xa3, 0x10, 0xa3, 0x10,
    0xa3, 0x10, 0xa3, 0x10, 0xa3, 0x10, 0xa3, 0x10, 0xa3, 0x10, 0xa3, 0x10, 0xa3, 0x10, 0xa3, 0x10, 0xa3, 0x10, 0xa3, 0x10, 0x1d, 0x5d, 0x1d, 0x5d,
    0x1d, 0x5d, 0x1d, 0x5d, 0x1d, 0x5d, 0xa3, 0x10, 0xa3, 0x10, 0xa3, 0x10, 0xa3, 0x10, 0xa3, 0x10, 0xa3, 0x10, 0xa3, 0x10, 0xa3, 0x10, 0xa3, 0x10,
    0xa3, 0x10, 0xa3, 0x10, 0xa3, 0x10, 0xa3, 0x10, 0xa3, 0x10, 0xa3, 0x10, 0xa3, 0x10, 0xa3, 0x10, 0xa3, 0x10, 0xa3, 0x10, 0x1d, 0x5d, 0x1d, 0x5d,
    0x1d, 0x5d, 0x1d, 0x5d, 0x1d, 0x5d, 0xa3, 0x10, 0xa3, 0x10, 0xa3, 0x10, 0xa3, 0x10, 0xa3, 0x10, 0xa3, 0x10, 0xa3, 0x10, 0xa3, 0x10, 0xa3, 0x10,
    0xa3, 0x10, 0xa3, 0x10, 0xa3, 0x10, 0xa3, 0x10, 0xa3, 0x10, 0xa3, 0x10, 0xa3, 0x10, 0xa3, 0x10, 0xa3, 0x10, 0x1d, 0x5d, 0x1d, 0x5d, 0x1d, 0x5d,
    0x1d, 0x5d, 0x1d, 0x5d, 0x1d, 0x5d, 0x1d, 0x5d, 0xa3, 0x10, 0xa3, 0x10, 0xa3, 0x10, 0xa3, 0x10, 0xa3, 0x10, 0xa3, 0x10, 0xa3, 0x10, 0xa3, 0x10,
    0xa3, 0x10, 0xa3, 0x10, 0xa3, 0x10, 0xa3, 0x10, 0xa3, 0x10, 0xa3, 0x10, 0xa3, 0x10, 0xa3, 0x10, 0xa3, 0x10, 0x1d, 0x5d, 0x1d, 0x5d, 0x1d, 0x5d,
    0x1d, 0x5d, 0x1d, 0x5d, 0x1d, 0x5d, 0x1d, 0x5d, 0xa3, 0x10, 0xa3, 0x10, 0xa3, 0x10, 0xa3, 0x10, 0xa3, 0x10, 0xa3, 0x10, 0xa3, 0x10, 0xa3, 0x10,
    0xa3, 0x10, 0xa3, 0x10, 0xa3, 0x10, 0xa3, 0x10, 0xa3, 0x10, 0xa3, 0x10, 0xa3, 0x10, 0xa3, 0x10, 0x1d, 0x5d, 0x1d, 0x5d, 0x1d, 0x5d, 0x1d, 0x5d,
    0x1d, 0x5d, 0x1d, 0x5d, 0x1d, 0x5d, 0x1d, 0x5d, 0x1d, 0x5d, 0xa3, 0x10, 0xa3, 0x10, 0x08, 0xee, 0x08, 0xee, 0x08, 0xee, 0x08, 0xee, 0x08, 0xee,
    0x08, 0xee, 0x08, 0xee, 0x08, 0xee, 0x08, 0xee, 0x08, 0xee, 0x08, 0xee, 0xa3, 0x10, 0xa3, 0x10, 0x1d, 0x5d, 0x1d, 0x5d, 0x1d, 0x5d, 0x1d, 0x5d,
    0x1d, 0x5d, 0x1d, 0x5d, 0x1d, 0x5d, 0x1d, 0x5d, 0x1d, 0x5d, 0xa3, 0x10, 0xa3, 0x10, 0xa3, 0x10, 0xa3, 0x10, 0xa3, 0x10, 0xa3, 0x10, 0xa3, 0x10,
    0xa3, 0x10, 0xa3, 0x10, 0xa3, 0x10, 0xa3, 0x10, 0xa3, 0x10, 0xa3, 0x10, 0xa3, 0x10, 0xa3, 0x10, 0x1d, 0x5d, 0x1d, 0x5d, 0x1d, 0x5d, 0x1d, 0x5d,
    0x1d, 0x5d, 0x1d, 0x5d, 0x1d, 0x5d, 0x1d, 0x5d, 0x1d, 0x5d, 0x08, 0xee, 0x08, 0xee, 0x08, 0xee, 0x08, 0xee, 0x08, 0xee, 0x08, 0xee, 0x08, 0xee,
    0x08, 0xee, 0x08, 0xee, 0x08, 0xee, 0x08, 0xee, 0x08, 0xee, 0x08, 0xee, 0x08, 0xee, 0x08, 0xee, 0x1d, 0x5d, 0x1d, 0x5d, 0x1d, 0x5d, 0x1d, 0x5d,
    0x1d, 0x5d, 0x1d, 0x5d, 0x1d, 0x5d, 0x1d, 0x5d, 0x1d, 0x5d, 0xa3, 0x10, 0xa3, 0x10, 0xa3, 0x10, 0xa3, 0x10, 0xa3, 0x10, 0xa3, 0x10, 0xa3, 0x10,
    0xa3, 0x10, 0xa3, 0x10, 0xa3, 0x10, 0xa3, 0x10, 0xa3, 0x10, 0xa3, 0x10, 0xa3, 0x10, 0xa3, 0x10, 0x1d, 0x5d, 0x1d, 0x5d, 0x1d, 0x5d, 0x1d, 0x5d,
    0x1d, 0x5d, 0x1d, 0x5d, 0x1d, 0x5d, 0x08, 0xee, 0x08, 0xee, 0x08, 0xee, 0x08, 0xee, 0x08, 0xee, 0x08, 0xee, 0x08, 0xee, 0x08, 0xee, 0x08, 0xee,
    0x08, 0xee, 0x08, 0xee, 0x08, 0xee, 0x08, 0xee, 0x08, 0xee, 0x08, 0xee, 0x08, 0xee, 0x08, 0xee, 0x08, 0xee, 0x08, 0xee, 0x1d, 0x5d, 0x1d, 0x5d,
    0x1d, 0x5d, 0x1d, 0x5d, 0x1d, 0x5d, 0x1d, 0x5d, 0x1d, 0x5d, 0xa3, 0x10, 0xa3, 0x10, 0xa3, 0x10, 0xa3, 0x10, 0xa3, 0x10, 0xa3, 0x10, 0xa3, 0x10,
    0xa3, 0x10, 0xa3, 0x10, 0xa3, 0x10, 0xa3, 0x10, 0xa3, 0x10, 0xa3, 0x10, 0xa3, 0x10, 0xa3, 0x10, 0x1d, 0x5d, 0x1d, 0x5d, 0x1d, 0x5d, 0x1d, 0x5d,
    0x1d, 0x5d, 0x1d, 0x5d, 0x08, 0xee, 0x08, 0xee, 0x08, 0xee, 0x08, 0xee, 0x08, 0xee, 0x08, 0xee, 0x08, 0xee, 0x08, 0xee, 0x08, 0xee, 0x08, 0xee,
    0x08, 0xee, 0x08, 0xee, 0x08, 0xee, 0x08, 0xee, 0x08, 0xee, 0x08, 0xee, 0x08, 0xee, 0x08, 0xee, 0x08, 0xee, 0x08, 0xee, 0x08, 0xee, 0x1d, 0x5d,
    0x1d, 0x5d, 0x1d, 0x5d, 0x1d, 0x5d, 0x1d, 0x5d, 0x1d, 0x5d, 0xa3, 0x10, 0xa3, 0x10, 0xa3, 0x10, 0xa3, 0x10, 0xa3, 0x10, 0xa3, 0x10, 0xa3, 0x10,
    0xa3, 0x10, 0xa3, 0x10, 0xa3, 0x10, 0xa3, 0x10, 0xa3, 0x10, 0xa3, 0x10, 0xa3, 0x10, 0xa3, 0x10, 0x1d, 0x5d, 0x1d, 0x5d, 0x1d, 0x5d, 0x1d, 0x5d,
    0x08, 0xee, 0x08, 0xee, 0x08, 0xee, 0x08, 0xee, 0x08, 0xee, 0x08, 0xee, 0x08, 0xee, 0x08, 0xee, 0x08, 0xee, 0x08, 0xee, 0x08, 0xee, 0x08, 0xee,
    0x08, 0xee, 0x08, 0xee, 0x08, 0xee, 0x08, 0xee, 0x08, 0xee, 0x08, 0xee, 0x08, 0xee, 0x08, 0xee, 0x08, 0xee, 0x08, 0xee, 0x08, 0xee, 0x08, 0xee,
    0x08, 0xee, 0x1d, 0x5d, 0x1d, 0x5d, 0x1d, 0x5d, 0x1d, 0x5d, 0xa3, 0x10, 0xa3, 0x10, 0xa3, 0x10, 0xa3, 0x10, 0xa3, 0x10, 0xa3, 0x10, 0xa3, 0x10,
    0xa3, 0x10, 0xa3, 0x10, 0xa3, 0x10, 0xa3, 0x10, 0xa3, 0x10, 0xa3, 0x10, 0xa3, 0x10, 0xa3, 0x10, 0xa3, 0x10, 0x1d, 0x5d, 0x1d, 0x5d, 0x1d, 0x5d,
    0x08, 0xee, 0x08, 0xee, 0x08, 0xee, 0x08, 0xee, 0x08, 0xee, 0x08, 0xee, 0x08, 0xee, 0x08, 0xee, 0x08, 0xee, 0x08, 0xee, 0x08, 0xee, 0x08, 0xee,
    0x08, 0xee, 0x08, 0xee, 0x08, 0xee, 0x08, 0xee, 0x08, 0xee, 0x08, 0xee, 0x08, 0xee, 0x08, 0xee, 0x08, 0xee, 0x08, 0xee, 0x08, 0xee, 0x08, 0xee,
    0x08, 0xee, 0x1d, 0x5d, 0x1d, 0x5d, 0x1d, 0x5d, 0xa3, 0x10, 0xa3, 0x10, 0xa3, 0x10, 0xa3, 0x10, 0xa3, 0x10, 0xa3, 0x10, 0xa3, 0x10, 0xa3, 0x10,
    0xa3, 0x10, 0xa3, 0x10, 0xa3, 0x10, 0xa3, 0x10, 0xa3, 0x10, 0xa3, 0x10, 0xa3, 0x10, 0xa3, 0x10, 0xa3, 0x10, 0xa3, 0x10, 0x1d, 0x5d, 0x08, 0xee,
    0x08, 0xee, 0x08, 0xee, 0x08, 0xee, 0x08, 0xee, 0x08, 0xee, 0x08, 0xee, 0x08, 0xee, 0x08, 0xee, 0x08, 0xee, 0x08, 0xee, 0x08, 0xee, 0x08, 0xee,
    0x08, 0xee, 0x08, 0xee, 0x08, 0xee, 0x08, 0xee, 0x08, 0xee, 0x08, 0xee, 0x08, 0xee, 0x08, 0xee, 0x08, 0xee, 0x08, 0xee, 0x08, 0xee, 0x08, 0xee,
    0x08, 0xee, 0x08, 0xee, 0x1d, 0x5d, 0xa3, 0x10, 0xa3, 0x10, 0xa3, 0x10, 0xa3, 0x10, 0xa3, 0x10, 0xa3, 0x10, 0xa3, 0x10, 0xa3, 0x10, 0xa3, 0x10,
    0xa3, 0x10, 0xa3, 0x10, 0xa3, 0x10, 0xa3, 0x10, 0xa3, 0x10, 0xa3, 0x10, 0xa3, 0x10, 0xa3, 0x10, 0xa3, 0x10, 0xa3, 0x10, 0x08, 0xee, 0x08, 0xee,
    0x08, 0xee, 0x08, 0xee, 0x08, 0xee, 0x08, 0xee, 0x08, 0xee, 0x08, 0xee, 0x08, 0xee, 0x08, 0xee, 0x04, 0x9c, 0x04, 0x9c, 0x04, 0x9c, 0x04, 0x9c,
    0x04, 0x9c, 0x04, 0x9c, 0x04, 0x9c, 0x04, 0x9c, 0x04, 0x9c, 0x08, 0xee, 0x08, 0xee, 0x08, 0xee, 0x08, 0xee, 0x08, 0xee, 0x08, 0xee, 0x08, 0xee,
    0x08, 0xee, 0x08, 0xee, 0x08, 0xee, 0xa3, 0x10, 0xa3, 0x10, 0xa3, 0x10, 0xa3, 0x10, 0xa3, 0x10, 0xa3, 0x10, 0xa3, 0x10, 0xa3, 0x10, 0xa3, 0x10,
    0xa3, 0x10, 0xa3, 0x10, 0xa3, 0x10, 0xa3, 0x10, 0xa3, 0x10, 0xa3, 0x10, 0xa3, 0x10, 0xa3, 0x10, 0xa3, 0x10, 0xa3, 0x10, 0x08, 0xee, 0x08, 0xee,
    0x08, 0xee, 0x08, 0xee, 0x08, 0xee, 0x08, 0xee, 0x08, 0xee, 0x08, 0xee, 0x04, 0x9c, 0x04, 0x9c, 0x04, 0x9c, 0x04, 0x9c, 0x04, 0x9c, 0x04, 0x9c,
    0x04, 0x9c, 0x04, 0x9c, 0x04, 0x9c, 0x04, 0x9c, 0x04, 0x9c, 0x04, 0x9c, 0x04, 0x9c, 0x08, 0xee, 0x08, 0xee, 0x08, 0xee, 0x08, 0xee, 0x08, 0xee,
    0x08, 0xee, 0x08, 0xee, 0x08, 0xee, 0xa3, 0x10, 0xa3, 0x10, 0xa3, 0x10, 0xa3, 0x10, 0xa3, 0x10, 0xa3, 0x10, 0xa3, 0x10, 0xa3, 0x10, 0xa3, 0x10,
    0xa3, 0x10, 0xa3, 0x10, 0xa3, 0x10, 0xa3, 0x10, 0xa3, 0x10, 0xa3, 0x10, 0xa3, 0x10, 0xa3, 0x10, 0xa3, 0x10, 0x08, 0xee, 0x08, 0xee, 0x08, 0xee,
    0x08, 0xee, 0x08, 0xee, 0x08, 0xee, 0x08, 0xee, 0x08, 0xee, 0x04, 0x9c, 0x04, 0x9c, 0x04, 0x9c, 0x04, 0x9c, 0x04, 0x9c, 0x04, 0x9c, 0x04, 0x9c,
    0x04, 0x9c, 0x04, 0x9c, 0x04, 0x9c, 0x04, 0x9c, 0x04, 0x9c, 0x04, 0x9c, 0x04, 0x9c, 0x04, 0x9c, 0x08, 0xee, 0x08, 0xee, 0x08, 0xee, 0x08, 0xee,
    0x08, 0xee, 0x08, 0xee, 0x08, 0xee, 0x08, 0xee, 0xa3, 0x10, 0xa3, 0x10, 0xa3, 0x10, 0xa3, 0x10, 0xa3, 0x10, 0xa3, 0x10, 0xa3, 0x10, 0xa3, 0x10,
    0xa3, 0x10, 0xa3, 0x10, 0xa3, 0x10, 0xa3, 0x10, 0xa3, 0x10, 0xa3, 0x10, 0xa3, 0x10, 0xa3, 0x10, 0xa3, 0x10, 0x08, 0xee, 0x08, 0xee, 0x08, 0xee,
    0x08, 0xee, 0x08, 0xee, 0x08, 0xee, 0x08, 0xee, 0x04, 0x9c, 0x04, 0x9c, 0x04, 0x9c, 0x04, 0x9c, 0x04, 0x9c, 0x04, 0x9c, 0x04, 0x9c, 0x04, 0x9c,
    0x04, 0x9c, 0x04, 0x9c, 0x04, 0x9c, 0x04, 0x9c, 0x04, 0x9c, 0x04, 0x9c, 0x04, 0x9c, 0x04, 0x9c, 0x04, 0x9c, 0x08, 0xee, 0x08, 0xee, 0x08, 0xee,
    0x08, 0xee, 0x08, 0xee, 0x08, 0xee, 0x08, 0xee, 0xa3, 0x10, 0xa3, 0x10, 0xa3, 0x10, 0xa3, 0x10, 0xa3, 0x10, 0xa3, 0x10, 0xa3, 0x10, 0xa3, 0x10,
    0xa3, 0x10, 0xa3, 0x10, 0xa3, 0x10, 0xa3, 0x10, 0xa3, 0x10, 0xa3, 0x10, 0xa3, 0x10, 0xa3, 0x10, 0x08, 0xee, 0x08, 0xee, 0x08, 0xee, 0x08, 0xee,
    0x08, 0xee, 0x08, 0xee, 0x08, 0xee, 0x04, 0x9c, 0x04, 0x9c, 0x04, 0x9c, 0x04, 0x9c, 0x04, 0x9c, 0x04, 0x9c, 0x04, 0x9c, 0x04, 0x9c, 0x04, 0x9c,
    0x04, 0x9c, 0x04, 0x9c, 0x04, 0x9c, 0x04, 0x9c, 0x04, 0x9c, 0x04, 0x9c, 0x04, 0x9c, 0x04, 0x9c, 0x04, 0x9c, 0x04, 0x9c, 0x08, 0xee, 0x08, 0xee,
    0x08, 0xee, 0x08, 0xee, 0x08, 0xee, 0x08, 0xee, 0x08, 0xee, 0xa3, 0x10, 0xa3, 0x10, 0xa3, 0x10, 0xa3, 0x10, 0xa3, 0x10, 0xa3, 0x10, 0xa3, 0x10,
    0xa3, 0x10, 0xa3, 0x10, 0xa3, 0x10, 0xa3, 0x10, 0xa3, 0x10, 0xa3, 0x10, 0xa3, 0x10, 0xa3, 0x10, 0x08, 0xee, 0x08, 0xee, 0x08, 0xee, 0x08, 0xee,
    0x08, 0xee, 0x08, 0xee, 0x04, 0x9c, 0x04, 0x9c, 0x04, 0x9c, 0x04, 0x9c, 0x04, 0x9c, 0x04, 0x9c, 0x04, 0x9c, 0x04, 0x9c, 0x04, 0x9c, 0x04, 0x9c,
    0x04, 0x9c, 0x04, 0x9c, 0x04, 0x9c, 0x04, 0x9c, 0x04, 0x9c, 0x04, 0x9c, 0x04, 0x9c, 0x04, 0x9c, 0x04, 0x9c, 0x04, 0x9c, 0x04, 0x9c, 0x08, 0xee,
    0x08, 0xee, 0x08, 0xee, 0x08, 0xee, 0x08, 0xee, 0x08, 0xee, 0xa3, 0x10, 0xa3, 0x10, 0xa3, 0x10, 0xa3, 0x10, 0xa3, 0x10, 0xa3, 0x10, 0xa3, 0x10,
    0xa3, 0x10, 0xa3, 0x10, 0xa3, 0x10, 0xa3, 0x10, 0xa3, 0x10, 0xa3, 0x10, 0xa3, 0x10, 0xa3, 0x10, 0x08, 0xee, 0x08, 0xee, 0x08, 0xee, 0x08, 0xee,
    0x08, 0xee, 0x08, 0xee, 0x04, 0x9c, 0x04, 0x9c, 0x04, 0x9c, 0x04, 0x9c, 0xa3, 0x10, 0xa3, 0x10, 0xa3, 0x10, 0x04, 0x9c, 0x04, 0x9c, 0x04, 0x9c,
    0x04, 0x9c, 0x04, 0x9c, 0x04, 0x9c, 0x04, 0x9c, 0xa3, 0x10, 0xa3, 0x10, 0xa3, 0x10, 0x04, 0x9c, 0x04, 0x9c, 0x04, 0x9c, 0x04, 0x9c, 0x08, 0xee,
    0x08, 0xee, 0x08, 0xee, 0x08, 0xee, 0x08, 0xee, 0x08, 0xee, 0xa3, 0x10, 0xa3, 0x10, 0xa3, 0x10, 0xa3, 0x10, 0xa3, 0x10, 0xa3, 0x10, 0xa3, 0x10,
    0xa3, 0x10, 0xa3, 0x10, 0xa3, 0x10, 0xa3, 0x10, 0xa3, 0x10, 0xa3, 0x10, 0xa3, 0x10, 0xa3, 0x10, 0x08, 0xee, 0x08, 0xee, 0x08, 0xee, 0x08, 0xee,
    0x08, 0xee, 0x04, 0x9c, 0x04, 0x9c, 0x04, 0x9c, 0x04, 0x9c, 0xa3, 0x10, 0xa3, 0x10, 0xa3, 0x10, 0xa3, 0x10, 0xa3, 0x10, 0x04, 0x9c, 0x04, 0x9c,
    0x04, 0x9c, 0x04, 0x9c, 0x04, 0x9c, 0xa3, 0x10, 0xa3, 0x10, 0xa3, 0x10, 0xa3, 0x10, 0xa3, 0x10, 0x04, 0x9c, 0x04, 0x9c, 0x04, 0x9c, 0x04, 0x9c,
    0x08, 0xee, 0x08, 0xee, 0x08, 0xee, 0x08, 0xee, 0x08, 0xee, 0xa3, 0x10, 0xa3, 0x10, 0xa3, 0x10, 0xa3, 0x10, 0xa3, 0x10, 0xa3, 0x10, 0xa3, 0x10,
    0xa3, 0x10, 0xa3, 0x10, 0xa3, 0x10, 0xa3, 0x10, 0xa3, 0x10, 0xa3, 0x10, 0xa3, 0x10, 0xa3, 0x10, 0x08, 0xee, 0x08, 0xee, 0x08, 0xee, 0x08, 0xee,
    0x08, 0xee, 0x04, 0x9c, 0x04, 0x9c, 0x04, 0x9c, 0x04, 0x9c, 0xa3, 0x10, 0xa3, 0x10, 0xa3, 0x10, 0xa3, 0x10, 0xa3, 0x10, 0x04, 0x9c, 0x04, 0x9c,
    0x04, 0x9c, 0x04, 0x9c, 0x04, 0x9c, 0xa3, 0x10, 0xa3, 0x10, 0xa3, 0x10, 0xa3, 0x10, 0xa3, 0x10, 0x04, 0x9c, 0x04, 0x9c, 0x04, 0x9c, 0x04, 0x9c,
    0x08, 0xee, 0x08, 0xee, 0x08, 0xee, 0x08, 0xee, 0x08, 0xee, 0xa3, 0x10, 0xa3, 0x10, 0xa3, 0x10, 0xa3, 0x10, 0xa3, 0x10, 0xa3, 0x10, 0xa3, 0x10,
    0xa3, 0x10, 0xa3, 0x10, 0xa3, 0x10, 0xa3, 0x10, 0xa3, 0x10, 0xa3, 0x10, 0xa3, 0x10, 0xa3, 0x10, 0x08, 0xee, 0x08, 0xee, 0x08, 0xee, 0x08, 0xee,
    0x08, 0xee, 0x04, 0x9c, 0x04, 0x9c, 0x04, 0x9c, 0x04, 0x9c, 0xa3, 0x10, 0xa3, 0x10, 0xa3, 0x10, 0xa3, 0x10, 0xa3, 0x10, 0x04, 0x9c, 0x04, 0x9c,
    0x04, 0x9c, 0x04, 0x9c, 0x04, 0x9c, 0xa3, 0x10, 0xa3, 0x10, 0xa3, 0x10, 0xa3, 0x10, 0xa3, 0x10, 0x04, 0x9c, 0x04, 0x9c, 0x04, 0x9c, 0x04, 0x9c,
    0x08, 0xee, 0x08, 0xee, 0x08, 0xee, 0x08, 0xee, 0x08, 0xee, 0xa3, 0x10, 0xa3, 0x10, 0xa3, 0x10, 0xa3, 0x10, 0xa3, 0x10, 0xa3, 0x10, 0xa3, 0x10,
    0xa3, 0x10, 0xa3, 0x10, 0xa3, 0x10, 0xa3, 0x10, 0xa3, 0x10, 0xa3, 0x10, 0xa3, 0x10, 0xa3, 0x10, 0x08, 0xee, 0x08, 0xee, 0x08, 0xee, 0x08, 0xee,
    0x08, 0xee, 0x04, 0x9c, 0x04, 0x9c, 0x04, 0x9c, 0x04, 0x9c, 0x04, 0x9c, 0xa3, 0x10, 0xa3, 0x10, 0xa3, 0x10, 0x04, 0x9c, 0x04, 0x9c, 0x04, 0x9c,
    0x04, 0x9c, 0x04, 0x9c, 0x04, 0x9c, 0x04, 0x9c, 0xa3, 0x10, 0xa3, 0x10, 0xa3, 0x10, 0x04, 0x9c, 0x04, 0x9c, 0x04, 0x9c, 0x04, 0x9c, 0x04, 0x9c,
    0x08, 0xee, 0x08, 0xee, 0x08, 0xee, 0x08, 0xee, 0x08, 0xee, 0xa3, 0x10, 0xa3, 0x10, 0xa3, 0x10, 0xa3, 0x10, 0xa3, 0x10, 0xa3, 0x10, 0xa3, 0x10,
    0xa3, 0x10, 0xa3, 0x10, 0xa3, 0x10, 0xa3, 0x10, 0xa3, 0x10, 0xa3, 0x10, 0xa3, 0x10, 0xa3, 0x10, 0x08, 0xee, 0x08, 0xee, 0x08, 0xee, 0x08, 0xee,
    0x08, 0xee, 0x04, 0x9c, 0x04, 0x9c, 0x04, 0x9c, 0x04, 0x9c, 0x04, 0x9c, 0x04, 0x9c, 0x04, 0x9c, 0x04, 0x9c, 0x04, 0x9c, 0x04, 0x9c, 0x04, 0x9c,
    0x04, 0x9c, 0x04, 0x9c, 0x04, 0x9c, 0x04, 0x9c, 0x04, 0x9c, 0x04, 0x9c, 0x04, 0x9c, 0x04, 0x9c, 0x04, 0x9c, 0x04, 0x9c, 0x04, 0x9c, 0x04, 0x9c,
    0x08, 0xee, 0x08, 0xee, 0x08, 0xee, 0x08, 0xee, 0x08, 0xee, 0xa3, 0x10, 0xa3, 0x10, 0xa3, 0x10, 0xa3, 0x10, 0xa3, 0x10, 0xa3, 0x10, 0xa3, 0x10,
    0xa3, 0x10, 0xa3, 0x10, 0xa3, 0x10, 0xa3, 0x10, 0xa3, 0x10, 0xa3, 0x10, 0xa3, 0x10, 0xa3, 0x10, 0x08, 0xee, 0x08, 0xee, 0x08, 0xee, 0x08, 0xee,
    0x08, 0xee, 0x04, 0x9c, 0x04, 0x9c, 0x04, 0x9c, 0x04, 0x9c, 0x04, 0x9c, 0x04, 0x9c, 0x04, 0x9c, 0x04, 0x9c, 0x04, 0x9c, 0x04, 0x9c, 0x04, 0x9c,
    0x04, 0x9c, 0x04, 0x9c, 0x04, 0x9c, 0x04, 0x9c, 0x04, 0x9c, 0x04, 0x9c, 0x04, 0x9c, 0x04, 0x9c, 0x04, 0x9c, 0x04, 0x9c, 0x04, 0x9c, 0x04, 0x9c,
    0x08, 0xee, 0x08, 0xee, 0x08, 0xee, 0x08, 0xee, 0x08, 0xee, 0xa3, 0x10, 0xa3, 0x10, 0xa3, 0x10, 0xa3, 0x10, 0xa3, 0x10, 0xa3, 0x10, 0xa3, 0x10,
    0xa3, 0x10, 0xa3, 0x10, 0xa3, 0x10, 0xa3, 0x10, 0xa3, 0x10, 0xa3, 0x10, 0xa3, 0x10, 0xa3, 0x10, 0x08, 0xee, 0x08, 0xee, 0x08, 0xee, 0x08, 0xee,
    0x08, 0xee, 0x04, 0x9c, 0x04, 0x9c, 0x04, 0x9c, 0x04, 0x9c, 0x04, 0x9c, 0x04, 0x9c, 0x04, 0x9c, 0x04, 0x9c, 0x04, 0x9c, 0x04, 0x9c, 0x04, 0x9c,
    0x04, 0x9c, 0x04, 0x9c, 0x04, 0x9c, 0x04, 0x9c, 0x04, 0x9c, 0x04, 0x9c, 0x04, 0x9c, 0x04, 0x9c, 0x04, 0x9c, 0x04, 0x9c, 0x04, 0x9c, 0x04, 0x9c,
    0x08, 0xee, 0x08, 0xee, 0x08, 0xee, 0x08, 0xee, 0x08, 0xee, 0xa3, 0x10, 0xa3, 0x10, 0xa3, 0x10, 0xa3, 0x10, 0xa3, 0x10, 0xa3, 0x10, 0xa3, 0x10,
    0xa3, 0x10, 0xa3, 0x10, 0xa3, 0x10, 0xa3, 0x10, 0xa3, 0x10, 0xa3, 0x10, 0xa3, 0x10, 0xa3, 0x10, 0x08, 0xee, 0x08, 0xee, 0x08, 0xee, 0x08, 0xee,
    0x08, 0xee, 0x04, 0x9c, 0x04, 0x9c, 0x04, 0x9c, 0x04, 0x9c, 0x04, 0x9c, 0x04, 0x9c, 0x04, 0x9c, 0x1d, 0x5d, 0x1d, 0x5d, 0x1d, 0x5d, 0x1d, 0x5d,
    0x1d, 0x5d, 0x1d, 0x5d, 0x1d, 0x5d, 0x1d, 0x5d, 0x1d, 0x5d, 0x04, 0x9c, 0x04, 0x9c, 0x04, 0x9c, 0x04, 0x9c, 0x04, 0x9c, 0x04, 0x9c, 0x04, 0x9c,
    0x08, 0xee, 0x08, 0xee, 0x08, 0xee, 0x08, 0xee, 0x08, 0xee, 0xa3, 0x10, 0xa3, 0x10, 0xa3, 0x10, 0xa3, 0x10, 0xa3, 0x10, 0xa3, 0x10, 0xa3, 0x10,
    0xa3, 0x10, 0xa3, 0x10, 0xa3, 0x10, 0xa3, 0x10, 0xa3, 0x10, 0xa3, 0x10, 0xa3, 0x10, 0xa3, 0x10, 0xa3, 0x10, 0x08, 0xee, 0x08, 0xee, 0x08, 0xee,
    0x08, 0xee, 0x04, 0x9c, 0x04, 0x9c, 0x04, 0x9c, 0x04, 0x9c, 0x04, 0x9c, 0x04, 0x9c, 0x04, 0x9c, 0x1d, 0x5d, 0x1d, 0x5d, 0x1d, 0x5d, 0x1d, 0x5d,
    0x1d, 0x5d, 0x1d, 0x5d, 0x1d, 0x5d, 0x1d, 0x5d, 0x1d, 0x5d, 0x04, 0x9c, 0x04, 0x9c, 0x04, 0x9c, 0x04, 0x9c, 0x04, 0x9c, 0x04, 0x9c, 0x04, 0x9c,
    0x08, 0xee, 0x08, 0xee, 0x08, 0xee, 0x08, 0xee, 0xa3, 0x10, 0xa3, 0x10, 0xa3, 0x10, 0xa3, 0x10, 0xa3, 0x10, 0xa3, 0x10, 0xa3, 0x10, 0xa3, 0x10,
    0xa3, 0x10, 0xa3, 0x10, 0xa3, 0x10, 0xa3, 0x10, 0xa3, 0x10, 0xa3, 0x10, 0xa3, 0x10, 0xa3, 0x10, 0xa3, 0x10, 0x08, 0xee, 0x08, 0xee, 0x08, 0xee,
    0x08, 0xee, 0x08, 0xee, 0x04, 0x9c, 0x04, 0x9c, 0x04, 0x9c, 0x04, 0x9c, 0x04, 0x9c, 0x04, 0x9c, 0x1d, 0x5d, 0x1d, 0x5d, 0x1d, 0x5d, 0x1d, 0x5d,
    0x1d, 0x5d, 0x1d, 0x5d, 0x1d, 0x5d, 0x1d, 0x5d, 0x1d, 0x5d, 0x04, 0x9c, 0x04, 0x9c, 0x04, 0x9c, 0x04, 0x9c, 0x04, 0x9c, 0x04, 0x9c, 0x08, 0xee,
    0x08, 0xee, 0x08, 0xee, 0x08, 0xee, 0x08, 0xee, 0xa3, 0x10, 0xa3, 0x10, 0xa3, 0x10, 0xa3, 0x10, 0xa3, 0x10, 0xa3, 0x10, 0xa3, 0x10, 0xa3, 0x10,
    0xa3, 0x10, 0xa3, 0x10, 0xa3, 0x10, 0xa3, 0x10, 0xa3, 0x10, 0xa3, 0x10, 0xa3, 0x10, 0xa3, 0x10, 0xa3, 0x10, 0xa3, 0x10, 0x08, 0xee, 0x08, 0xee,
    0x08, 0xee, 0x08, 0xee, 0x04, 0x9c, 0x04, 0x9c, 0x04, 0x9c, 0x04, 0x9c, 0x04, 0x9c, 0x04, 0x9c, 0x04, 0x9c, 0x04, 0x9c, 0x04, 0x9c, 0x04, 0x9c,
    0x04, 0x9c, 0x04, 0x9c, 0x04, 0x9c, 0x04, 0x9c, 0x04, 0x9c, 0x04, 0x9c, 0x04, 0x9c, 0x04, 0x9c, 0x04, 0x9c, 0x04, 0x9c, 0x04, 0x9c, 0x08, 0xee,
    0x08, 0xee, 0x08, 0xee, 0x08, 0xee, 0xa3, 0x10, 0xa3, 0x10, 0xa3, 0x10, 0xa3, 0x10, 0xa3, 0x10, 0xa3, 0x10, 0xa3, 0x10, 0xa3, 0x10, 0xa3, 0x10,
    0xa3, 0x10, 0xa3, 0x10, 0xa3, 0x10, 0xa3, 0x10, 0xa3, 0x10, 0xa3, 0x10, 0xa3, 0x10, 0xa3, 0x10, 0xa3, 0x10, 0xa3, 0x10, 0x08, 0xee, 0x08, 0xee,
    0x08, 0xee, 0x08, 0xee, 0x08, 0xee, 0x04, 0x9c, 0x04, 0x9c, 0x04, 0x9c, 0x04, 0x9c, 0x04, 0x9c, 0x04, 0x9c, 0x04, 0x9c, 0x04, 0x9c, 0x04, 0x9c,
    0x04, 0x9c, 0x04, 0x9c, 0x04, 0x9c, 0x04, 0x9c, 0x04, 0x9c, 0x04, 0x9c, 0x04, 0x9c, 0x04, 0x9c, 0x04, 0x9c, 0x04, 0x9c, 0x08, 0xee, 0x08, 0xee,
    0x08, 0xee, 0x08, 0xee, 0x08, 0xee, 0xa3, 0x10, 0xa3, 0x10, 0xa3, 0x10, 0xa3, 0x10, 0xa3, 0x10, 0xa3, 0x10, 0xa3, 0x10, 0xa3, 0x10, 0xa3, 0x10,
    0xa3, 0x10, 0xa3, 0x10, 0xa3, 0x10, 0xa3, 0x10, 0xa3, 0x10, 0xa3, 0x10, 0xa3, 0x10, 0xa3, 0x10, 0xa3, 0x10, 0xa3, 0x10, 0xa3, 0x10, 0x08, 0xee,
    0x08, 0xee, 0x08, 0xee, 0x08, 0xee, 0x08, 0xee, 0x04, 0x9c, 0x04, 0x9c, 0x04, 0x9c, 0x04, 0x9c, 0x04, 0x9c, 0x04, 0x9c, 0x04, 0x9c, 0x04, 0x9c,
    0x04, 0x9c, 0x04, 0x9c, 0x04, 0x9c, 0x04, 0x9c, 0x04, 0x9c, 0x04, 0x9c, 0x04, 0x9c, 0x04, 0x9c, 0x04, 0x9c, 0x08, 0xee, 0x08, 0xee, 0x08, 0xee,
    0x08, 0xee, 0x08, 0xee, 0xa3, 0x10, 0xa3, 0x10, 0xa3, 0x10, 0xa3, 0x10, 0xa3, 0x10, 0xa3, 0x10, 0xa3, 0x10, 0xa3, 0x10, 0xa3, 0x10, 0xa3, 0x10,
    0xa3, 0x10, 0xa3, 0x10, 0xa3, 0x10, 0xa3, 0x10, 0xa3, 0x10, 0xa3, 0x10, 0xa3, 0x10, 0xa3, 0x10, 0xa3, 0x10, 0xa3, 0x10, 0xa3, 0x10, 0xa3, 0x10,
    0x08, 0xee, 0x08, 0xee, 0x08, 0xee, 0x08, 0xee, 0x08, 0xee, 0x04, 0x9c, 0x04, 0x9c, 0x04, 0x9c, 0x04, 0x9c, 0x04, 0x9c, 0x04, 0x9c, 0x04, 0x9c,
    0x04, 0x9c, 0x04, 0x9c, 0x04, 0x9c, 0x04, 0x9c, 0x04, 0x9c, 0x04, 0x9c, 0x04, 0x9c, 0x04, 0x9c, 0x08, 0xee, 0x08, 0xee, 0x08, 0xee, 0x08, 0xee,
    0x08, 0xee, 0xa3, 0x10, 0xa3, 0x10, 0xa3, 0x10, 0xa3, 0x10, 0xa3, 0x10, 0xa3, 0x10, 0xa3, 0x10, 0xa3, 0x10, 0xa3, 0x10, 0xa3, 0x10, 0xa3, 0x10,
    0xa3, 0x10, 0xa3, 0x10, 0xa3, 0x10, 0xa3, 0x10, 0xa3, 0x10, 0xa3, 0x10, 0xa3, 0x10, 0xa3, 0x10, 0xa3, 0x10, 0xa3, 0x10, 0xa3, 0x10, 0xa3, 0x10,
    0x08, 0xee, 0x08, 0xee, 0x08, 0xee, 0x08, 0xee, 0x08, 0xee, 0x08, 0xee, 0x04, 0x9c, 0x04, 0x9c, 0x04, 0x9c, 0x04, 0x9c, 0x04, 0x9c, 0x04, 0x9c,
    0x04, 0x9c, 0x04, 0x9c, 0x04, 0x9c, 0x04, 0x9c, 0x04, 0x9c, 0x04, 0x9c, 0x04, 0x9c, 0x08, 0xee, 0x08, 0xee, 0x08, 0xee, 0x08, 0xee, 0x08, 0xee,
    0x08, 0xee, 0xa3, 0x10, 0xa3, 0x10, 0xa3, 0x10, 0xa3, 0x10, 0xa3, 0x10, 0xa3, 0x10, 0xa3, 0x10, 0xa3, 0x10, 0xa3, 0x10, 0xa3, 0x10, 0xa3, 0x10,
    0xa3, 0x10, 0xa3, 0x10, 0xa3, 0x10, 0xa3, 0x10, 0xa3, 0x10, 0xa3, 0x10, 0xa3, 0x10, 0xa3, 0x10, 0xa3, 0x10, 0xa3, 0x10, 0xa3, 0x10, 0xa3, 0x10,
    0xa3, 0x10, 0xa3, 0x10, 0x08, 0xee, 0x08, 0xee, 0x08, 0xee, 0x08, 0xee, 0x08, 0xee, 0x08, 0xee, 0x04, 0x9c, 0x04, 0x9c, 0x04, 0x9c, 0x04, 0x9c,
    0x04, 0x9c, 0x04, 0x9c, 0x04, 0x9c, 0x04, 0x9c, 0x04, 0x9c, 0x08, 0xee, 0x08, 0xee, 0x08, 0xee, 0x08, 0xee, 0x08, 0xee, 0x08, 0xee, 0xa3, 0x10,
    0xa3, 0x10, 0xa3, 0x10, 0xa3, 0x10, 0xa3, 0x10, 0xa3, 0x10, 0xa3, 0x10, 0xa3, 0x10, 0xa3, 0x10, 0xa3, 0x10, 0xa3, 0x10, 0xa3, 0x10, 0xa3, 0x10,
    0xa3, 0x10, 0xa3, 0x10, 0xa3, 0x10, 0xa3, 0x10, 0xa3, 0x10, 0xa3, 0x10, 0xa3, 0x10, 0xa3, 0x10, 0xa3, 0x10, 0xa3, 0x10, 0xa3, 0x10, 0xa3, 0x10,
    0xa3, 0x10, 0xa3, 0x10, 0xa3, 0x10, 0x08, 0xee, 0x08, 0xee, 0x08, 0xee, 0x08, 0xee, 0x08, 0xee, 0x08, 0xee, 0x08, 0xee, 0x08, 0xee, 0x08, 0xee,
    0x08, 0xee, 0x08, 0xee, 0x08, 0xee, 0x08, 0xee, 0x08, 0xee, 0x08, 0xee, 0x08, 0xee, 0x08, 0xee, 0x08, 0xee, 0x08, 0xee, 0xa3, 0x10, 0xa3, 0x10,
    0xa3, 0x10, 0xa3, 0x10, 0xa3, 0x10, 0xa3, 0x10, 0xa3, 0x10, 0xa3, 0x10, 0xa3, 0x10, 0xa3, 0x10, 0xa3, 0x10, 0xa3, 0x10, 0xa3, 0x10, 0xa3, 0x10,
    0xa3, 0x10, 0xa3, 0x10, 0xa3, 0x10, 0xa3, 0x10, 0xa3, 0x10, 0xa3, 0x10, 0xa3, 0x10, 0xa3, 0x10, 0xa3, 0x10, 0xa3, 0x10, 0xa3, 0x10, 0xa3, 0x10,
    0xa3, 0x10, 0xa3, 0x10, 0xa3, 0x10, 0xa3, 0x10, 0xa3, 0x10, 0x08, 0xee, 0x08, 0xee, 0x08, 0xee, 0x08, 0xee, 0x08, 0xee, 0x08, 0xee, 0x08, 0xee,
    0x08, 0xee, 0x08, 0xee, 0x08, 0xee, 0x08, 0xee, 0x08, 0xee, 0x08, 0xee, 0x08, 0xee, 0x08, 0xee, 0xa3, 0x10, 0xa3, 0x10, 0xa3, 0x10, 0xa3, 0x10,
    0xa3, 0x10, 0xa3, 0x10, 0xa3, 0x10, 0xa3, 0x10, 0xa3, 0x10, 0xa3, 0x10, 0xa3, 0x10, 0xa3, 0x10, 0xa3, 0x10, 0xa3, 0x10, 0xa3, 0x10, 0xa3, 0x10,
    0xa3, 0x10, 0xa3, 0x10, 0xa3, 0x10, 0xa3, 0x10, 0xa3, 0x10, 0xa3, 0x10, 0xa3, 0x10, 0xa3, 0x10, 0xa3, 0x10, 0xa3, 0x10, 0xa3, 0x10, 0xa3, 0x10,
    0xa3, 0x10, 0xa3, 0x10, 0xa3, 0x10, 0xa3, 0x10, 0xa3, 0x10, 0xa3, 0x10, 0xa3, 0x10, 0x08, 0xee, 0x08, 0xee, 0x08, 0xee, 0x08, 0xee, 0x08, 0xee,
    0x08, 0xee, 0x08, 0xee, 0x08, 0xee, 0x08, 0xee, 0x08, 0xee, 0x08, 0xee, 0xa3, 0x10, 0xa3, 0x10, 0xa3, 0x10, 0xa3, 0x10, 0xa3, 0x10, 0xa3, 0x10,
    0xa3, 0x10, 0xa3, 0x10, 0xa3, 0x10, 0xa3, 0x10, 0xa3, 0x10, 0xa3, 0x10, 0xa3, 0x10, 0xa3, 0x10, 0xa3, 0x10, 0xa3, 0x10, 0xa3, 0x10, 0xa3, 0x10,
    0xa3, 0x10, 0xa3, 0x10, 0xa3, 0x10, 0xa3, 0x10, 0xa3, 0x10, 0xa3, 0x10, 0xa3, 0x10, 0xa3, 0x10, 0xa3, 0x10, 0xa3, 0x10, 0xa3, 0x10, 0xa3, 0x10,
    0xa3, 0x10, 0xa3, 0x10, 0xa3, 0x10, 0xa3, 0x10, 0xa3, 0x10, 0xa3, 0x10, 0xa3, 0x10, 0xa3, 0x10, 0xa3, 0x10, 0xa3, 0x10, 0xa3, 0x10, 0xa3, 0x10,
    0xa3, 0x10, 0xa3, 0x10, 0xa3, 0x10, 0xa3, 0x10, 0xa3, 0x10, 0xa3, 0x10, 0xa3, 0x10, 0xa3, 0x10, 0xa3, 0x10, 0xa3, 0x10, 0xa3, 0x10, 0xa3, 0x10,
    0xa3, 0x10, 0xa3, 0x10, 0xa3, 0x10, 0xa3, 0x10, 0xa3, 0x10, 0xa3, 0x10, 0xa3, 0x10, 0xa3, 0x10, 0xa3, 0x10, 0xa3, 0x10, 0xa3, 0x10, 0xa3, 0x10,
    0xa3, 0x10, 0xa3, 0x10, 0xa3, 0x10, 0xa3, 0x10, 0xa3, 0x10, 0xa3, 0x10, 0xa3, 0x10, 0xa3, 0x10, 0xa3, 0x10, 0xa3, 0x10, 0xa3, 0x10, 0xa3, 0x10,
    0xa3, 0x10, 0xa3, 0x10, 0xa3, 0x10, 0xa3, 0x10, 0xa3, 0x10, 0xa3, 0x10, 0xa3, 0x10, 0xa3, 0x10, 0xa3, 0x10, 0xa3, 0x10, 0xa3, 0x10, 0xa3, 0x10,
    0xa3, 0x10, 0xa3, 0x10, 0xa3, 0x10, 0xa3, 0x10, 0xa3, 0x10, 0xa3, 0x10, 0xa3, 0x10, 0xa3, 0x10, 0xa3, 0x10, 0xa3, 0x10, 0xa3, 0x10, 0xa3, 0x10,
    0xa3, 0x10, 0xa3, 0x10, 0xa3, 0x10, 0xa3, 0x10, 0xa3, 0x10, 0xa3, 0x10, 0xa3, 0x10, 0xa3, 0x10, 0xa3, 0x10, 0xa3, 0x10, 0xa3, 0x10, 0xa3, 0x10,
    0xa3, 0x10, 0xa3, 0x10, 0xa3, 0x10, 0xa3, 0x10, 0xa3, 0x10, 0xa3, 0x10, 0xa3, 0x10, 0xa3, 0x10, 0xa3, 0x10, 0xa3, 0x10, 0xa3, 0x10, 0xa3, 0x10,
    0xa3, 0x10, 0xa3, 0x10, 0xa3, 0x10, 0xa3, 0x10, 0xa3, 0x10, 0xa3, 0x10, 0xa3, 0x10, 0xa3, 0x10, 0xa3, 0x10, 0xa3, 0x10, 0xa3, 0x10, 0xa3, 0x10,
    0xa3, 0x10, 0xa3, 0x10, 0xa3, 0x10, 0xa3, 0x10, 0xa3, 0x10, 0xa3, 0x10, 0xa3, 0x10, 0xa3, 0x10, 0xa3, 0x10, 0xa3, 0x10, 0xa3, 0x10, 0xa3, 0x10,
    0xa3, 0x10, 0xa3, 0x10, 0xa3, 0x10, 0xa3, 0x10, 0xa3, 0x10, 0xa3, 0x10, 0xa3, 0x10, 0xa3, 0x10, 0xa3, 0x10, 0xa3, 0x10, 0xa3, 0x10, 0xa3, 0x10,
    0xa3, 0x10, 0xa3, 0x10, 0xa3, 0x10, 0xa3, 0x10, 0xa3, 0x10, 0xa3, 0x10, 0xa3, 0x10, 0xa3, 0x10, 0xa3, 0x10, 0xa3, 0x10, 0xa3, 0x10, 0xa3, 0x10,
    0xa3, 0x10, 0xa3, 0x10, 0xa3, 0x10, 0xa3, 0x10, 0xa3, 0x10, 0xa3, 0x10, 0xa3, 0x10, 0xa3, 0x10, 0xa3, 0x10, 0xa3, 0x10, 0xa3, 0x10, 0xa3, 0x10,
    0xa3, 0x10, 0xa3, 0x10, 0xa3, 0x10, 0xa3, 0x10, 0xa3, 0x10, 0xa3, 0x10, 0xa3, 0x10, 0xa3, 0x10, 0xa3, 0x10, 0xa3, 0x10, 0xa3, 0x10, 0xa3, 0x10,
    0xa3, 0x10, 0xa3, 0x10, 0xa3, 0x10, 0xa3, 0x10, 0xa3, 0x10, 0xa3, 0x10, 0xa3, 0x10, 0xa3, 0x10, 0xa3, 0x10, 0xa3, 0x10, 0xa3, 0x10, 0xa3, 0x10,
    0xa3, 0x10, 0xa3, 0x10, 0xa3, 0x10, 0xa3, 0x10, 0xa3, 0x10, 0xa3, 0x10, 0xa3, 0x10, 0xa3, 0x10, 0xa3, 0x10, 0xa3, 0x10, 0xa3, 0x10, 0xa3, 0x10,
    0xa3, 0x10, 0xa3, 0x10, 0xa3, 0x10, 0xa3, 0x10, 0xa3, 0x10, 0xa3, 0x10, 0xa3, 0x10, 0xa3, 0x10, 0xa3, 0x10, 0xa3, 0x10, 0xa3, 0x10, 0xa3, 0x10,
    0xa3, 0x10, 0xa3, 0x10, 0xa3, 0x10, 0xa3, 0x10, 0xa3, 0x10, 0xa3, 0x10, 0xa3, 0x10, 0xa3, 0x10, 0xa3, 0x10, 0xa3, 0x10, 0xa3, 0x10, 0xa3, 0x10,
    0xa3, 0x10, 0xa3, 0x10, 0xa3, 0x10, 0xa3, 0x10, 0xa3, 0x10, 0xa3, 0x10, 0xa3, 0x10, 0xa3, 0x10, 0xa3, 0x10, 0xa3, 0x10, 0xa3, 0x10, 0xa3, 0x10,
};

static const lv_image_dsc_t avatar_10 = {
    .header.magic = LV_IMAGE_HEADER_MAGIC,
    .header.cf = LV_COLOR_FORMAT_RGB565,
    .header.w = 48,
    .header.h = 48,
    .header.stride = 96,
    .data_size = 4608,
    .data = avatar_10_map,
};

static const uint8_t avatar_11_map[] = {
    0xa3, 0x10, 0xa3, 0x10, 0xa3, 0x10, 0xa3, 0x10, 0xa3, 0x10, 0xa3, 0x10, 0xa3, 0x10, 0xa3, 0x10, 0xa3, 0x10, 0xa3, 0x10, 0xa3, 0x10, 0xa3, 0x10,
    0xa3, 0x10, 0xa3, 0x10, 0xa3, 0x10, 0xa3, 0x10, 0xa3, 0x10, 0xa3, 0x10, 0xa3, 0x10, 0xa3, 0x10, 0xa3, 0x10, 0xa3, 0x10, 0xa3, 0x10, 0xa3, 0x10,
    0xa3, 0x10, 0xa3, 0x10, 0xa3, 0x10, 0xa3, 0x10, 0xa3, 0x10, 0xa3, 0x10, 0xa3, 0x10, 0xa3, 0x10, 0xa3, 0x10, 0xa3, 0x10, 0xa3, 0x10, 0xa3, 0x10,
    0xa3, 0x10, 0xa3, 0x10, 0xa3, 0x10, 0xa3, 0x10, 0xa3, 0x10, 0xa3, 0x10, 0xa3, 0x10, 0xa3, 0x10, 0xa3, 0x10, 0xa3, 0x10, 0xa3, 0x10, 0xa3, 0x10,
    0xa3, 0x10, 0xa3, 0x10, 0xa3, 0x10, 0xa3, 0x10, 0xa3, 0x10, 0xa3, 0x10, 0xa3, 0x10, 0xa3, 0x10, 0xa3, 0x10, 0xa3, 0x10, 0xa3, 0x10, 0xa3, 0x10,
    0xa3, 0x10, 0xa3, 0x10, 0xa3, 0x10, 0xa3, 0x10, 0xa3, 0x10, 0xa3, 0x10, 0xa3, 0x10, 0xa3, 0x10, 0xa3, 0x10, 0xa3, 0x10, 0xa3, 0x10, 0xa3, 0x10,
    0xa3, 0x10, 0xa3, 0x10, 0xa3, 0x10, 0xa3, 0x10, 0xa3, 0x10, 0xa3, 0x10, 0xa3, 0x10, 0xa3, 0x10, 0xa3, 0x10, 0xa3, 0x10, 0xa3, 0x10, 0xa3, 0x10,
    0xa3, 0x10, 0xa3, 0x10, 0xa3, 0x10, 0xa3, 0x10, 0xa3, 0x10, 0xa3, 0x10, 0xa3, 0x10, 0xa3, 0x10, 0xa3, 0x10, 0xa3, 0x10, 0xa3, 0x10, 0xa3, 0x10,
    0xa3, 0x10, 0xa3, 0x10, 0xa3, 0x10, 0xa3, 0x10, 0xa3, 0x10, 0xa3, 0x10, 0xa3, 0x10, 0xa3, 0x10, 0xa3, 0x10, 0xa3, 0x10, 0xa3, 0x10, 0xa3, 0x10,
    0xa3, 0x10, 0xa3, 0x10, 0xa3, 0x10, 0xa3, 0x10, 0xa3, 0x10, 0xa3, 0x10, 0xa3, 0x10, 0xa3, 0x10, 0xa3, 0x10, 0xa3, 0x10, 0xa3, 0x10, 0xa3, 0x10,
    0xa3, 0x10, 0xa3, 0x10, 0xa3, 0x10, 0xa3, 0x10, 0xa3, 0x10, 0xa3, 0x10, 0xa3, 0x10, 0xa3, 0x10, 0xa3, 0x10, 0xa3, 0x10, 0xa3, 0x10, 0xa3, 0x10,
    0xa3, 0x10, 0xa3, 0x10, 0xa3, 0x10, 0xa3, 0x10, 0xa3, 0x10, 0xa3, 0x10, 0xa3, 0x10, 0xa3, 0x10, 0xa3, 0x10, 0xa3, 0x10, 0xa3, 0x10, 0xa3, 0x10,
    0xa3, 0x10, 0xa3, 0x10, 0xa3, 0x10, 0xa3, 0x10, 0xa3, 0x10, 0xa3, 0x10, 0xa3, 0x10, 0xa3, 0x10, 0xa3, 0x10, 0xa3, 0x10, 0xa3, 0x10, 0xa3, 0x10,
    0xa3, 0x10, 0xa3, 0x10, 0xa3, 0x10, 0xa3, 0x10, 0xa3, 0x10, 0xa3, 0x10, 0xa3, 0x10, 0xa3, 0x10, 0xa3, 0x10, 0xa3, 0x10, 0xa3, 0x10, 0xa3, 0x10,
    0xa3, 0x10, 0xa3, 0x10, 0xa3, 0x10, 0xa3, 0x10, 0xa3, 0x10, 0xa3, 0x10, 0xa3, 0x10, 0xa3, 0x10, 0xa3, 0x10, 0xa3, 0x10, 0xa3, 0x10, 0xa3, 0x10,
    0xa3, 0x10, 0xa3, 0x10, 0xa3, 0x10, 0xa3, 0x10, 0xa3, 0x10, 0xa3, 0x10, 0xa3, 0x10, 0xa3, 0x10, 0xa3, 0x10, 0xa3, 0x10, 0xa3, 0x10, 0xa3, 0x10,
    0xa3, 0x10, 0xa3, 0x10, 0xa3, 0x10, 0xa3, 0x10, 0xa3, 0x10, 0xa3, 0x10, 0xa3, 0x10, 0xa3, 0x10, 0xa3, 0x10, 0xa3, 0x10, 0xa3, 0x10, 0xa3, 0x10,
    0xa3, 0x10, 0xa3, 0x10, 0xa3, 0x10, 0xa3, 0x10, 0xa3, 0x10, 0xa3, 0x10, 0xa3, 0x10, 0xa3, 0x10, 0xa3, 0x10, 0xa3, 0x10, 0xa3, 0x10, 0xa3, 0x10,
    0xa3, 0x10, 0xa3, 0x10, 0xa3, 0x10, 0xa3, 0x10, 0xa3, 0x10, 0xa3, 0x10, 0xa3, 0x10, 0xa3, 0x10, 0xa3, 0x10, 0xa3, 0x10, 0xa3, 0x10, 0xa3, 0x10,
    0xa3, 0x10, 0xa3, 0x10, 0xa3, 0x10, 0xa3, 0x10, 0xa3, 0x10, 0xa3, 0x10, 0xa3, 0x10, 0xa3, 0x10, 0xa3, 0x10, 0xa3, 0x10, 0xa3, 0x10, 0xa3, 0x10,
    0xa3, 0x10, 0xa3, 0x10, 0xa3, 0x10, 0xa3, 0x10, 0xa3, 0x10, 0xa3, 0x10, 0xa3, 0x10, 0xa3, 0x10, 0xa3, 0x10, 0xa3, 0x10, 0xa3, 0x10, 0xa3, 0x10,
    0xa3, 0x10, 0xa3, 0x10, 0xa3, 0x10, 0xa3, 0x10, 0xa3, 0x10, 0xa3, 0x10, 0xa3, 0x10, 0xa3, 0x10, 0xa3, 0x10, 0xa3, 0x10, 0xa3, 0x10, 0xa3, 0x10,
    0xa3, 0x10, 0xa3, 0x10, 0xa3, 0x10, 0xa3, 0x10, 0xa3, 0x10, 0xa3, 0x10, 0xa3, 0x10, 0xa3, 0x10, 0xa3, 0x10, 0xa3, 0x10, 0xa3, 0x10, 0xa3, 0x10,
    0xa3, 0x10, 0xa3, 0x10, 0xa3, 0x10, 0xa3, 0x10, 0xa3, 0x10, 0xa3, 0x10, 0xa3, 0x10, 0xa3, 0x10, 0xa3, 0x10, 0xa3, 0x10, 0xa3, 0x10, 0xa3, 0x10,
    0xa3, 0x10, 0xa3, 0x10, 0xa3, 0x10, 0xa3, 0x10, 0xa3, 0x10, 0xa3, 0x10, 0xa3, 0x10, 0xa3, 0x10, 0xa3, 0x10, 0xa3, 0x10, 0xa3, 0x10, 0xa3, 0x10,
    0xa3, 0x10, 0xa3, 0x10, 0xa3, 0x10, 0xa3, 0x10, 0xa3, 0x10, 0xa3, 0x10, 0xa3, 0x10, 0xa3, 0x10, 0xa3, 0x10, 0xa3, 0x10, 0xa3, 0x10, 0xa3, 0x10,
    0xa3, 0x10, 0xa3, 0x10, 0xa3, 0x10, 0xa3, 0x10, 0xa3, 0x10, 0xa3, 0x10, 0xa3, 0x10, 0xa3, 0x10, 0xa3, 0x10, 0xa3, 0x10, 0xa3, 0x10, 0xa3, 0x10,
    0xa3, 0x10, 0xa3, 0x10, 0xa3, 0x10, 0xa3, 0x10, 0xa3, 0x10, 0xa3, 0x10, 0xa3, 0x10, 0xa3, 0x10, 0xa3, 0x10, 0xa3, 0x10, 0xa3, 0x10, 0xa3, 0x10,
    0xa3, 0x10, 0xa3, 0x10, 0xa3, 0x10, 0xa3, 0x10, 0xa3, 0x10, 0xa3, 0x10, 0xa3, 0x10, 0xa3, 0x10, 0xa3, 0x10, 0xa3, 0x10, 0xa3, 0x10, 0xa3, 0x10,
    0xa3, 0x10, 0xa3, 0x10, 0xa3, 0x10, 0xa3, 0x10, 0xa3, 0x10, 0xa3, 0x10, 0xa3, 0x10, 0xa3, 0x10, 0xa3, 0x10, 0xa3, 0x10, 0xa3, 0x10, 0xa3, 0x10,
    0xa3, 0x10, 0xa3, 0x10, 0xa3, 0x10, 0xa3, 0x10, 0xa3, 0x10, 0xa3, 0x10, 0xa3, 0x10, 0xa3, 0x10, 0xa3, 0x10, 0xa3, 0x10, 0xa3, 0x10, 0xa3, 0x10,
    0xa3, 0x10, 0xa3, 0x10, 0xa3, 0x10, 0xa3, 0x10, 0xa3, 0x10, 0xa3, 0x10, 0xa3, 0x10, 0xa3, 0x10, 0xa3, 0x10, 0xa3, 0x10, 0xa3, 0x10, 0xa3, 0x10,
    0xa3, 0x10, 0xa3, 0x10, 0xa3, 0x10, 0xa3, 0x10, 0xa3, 0x10, 0xa3, 0x10, 0xa3, 0x10, 0xa3, 0x10, 0xa3, 0x10, 0xa3, 0x10, 0xa3, 0x10, 0xa3, 0x10,
    0xa3, 0x10, 0xa3, 0x10, 0xa3, 0x10, 0xa3, 0x10, 0xa3, 0x10, 0xa3, 0x10, 0xa3, 0x10, 0xa3, 0x10, 0xa3, 0x10, 0xa3, 0x10, 0xa3, 0x10, 0xa3, 0x10,
    0xa3, 0x10, 0xa3, 0x10, 0xa3, 0x10, 0xa3, 0x10, 0xa3, 0x10, 0xa3, 0x10, 0xa3, 0x10, 0xa3, 0x10, 0xa3, 0x10, 0xa3, 0x10, 0xa3, 0x10, 0xa3, 0x10,
    0xa3, 0x10, 0xa3, 0x10, 0xa3, 0x10, 0xa3, 0x10, 0xa3, 0x10, 0xa3, 0x10, 0xa3, 0x10, 0xa3, 0x10, 0xa3, 0x10, 0xa3, 0x10, 0xa3, 0x10, 0xa3, 0x10,
    0xa3, 0x10, 0xa3, 0x10, 0xa3, 0x10, 0xa3, 0x10, 0xa3, 0x10, 0xa3, 0x10, 0xa3, 0x10, 0xa3, 0x10, 0xa3, 0x10, 0xa3, 0x10, 0xa3, 0x10, 0xa3, 0x10,
    0xa3, 0x10, 0xa3, 0x10, 0xa3, 0x10, 0xa3, 0x10, 0xa3, 0x10, 0xa3, 0x10, 0xa3, 0x10, 0xa3, 0x10, 0xa3, 0x10, 0xa3, 0x10, 0xa3, 0x10, 0xa3, 0x10,
    0xa3, 0x10, 0xa3, 0x10, 0xa3, 0x10, 0xa3, 0x10, 0xa3, 0x10, 0xa3, 0x10, 0xa3, 0x10, 0xa3, 0x10, 0xa3, 0x10, 0xa3, 0x10, 0xa3, 0x10, 0xa3, 0x10,
    0xa3, 0x10, 0xa3, 0x10, 0xa3, 0x10, 0xa3, 0x10, 0xa3, 0x10, 0xa3, 0x10, 0xa3, 0x10, 0xa3, 0x10, 0xa3, 0x10, 0xa3, 0x10, 0xa3, 0x10, 0xa3, 0x10,
    0xa3, 0x10, 0xa3, 0x10, 0xa3, 0x10, 0xa3, 0x10, 0xa3, 0x10, 0xa3, 0x10, 0xa3, 0x10, 0xa3, 0x10, 0xa3, 0x10, 0xa3, 0x10, 0xa3, 0x10, 0xa3, 0x10,
    0xa3, 0x10, 0xa3, 0x10, 0xa3, 0x10, 0xa3, 0x10, 0xa3, 0x10, 0xa3, 0x10, 0xa3, 0x10, 0xca, 0x95, 0xca, 0x95, 0xca, 0x95, 0xca, 0x95, 0xca, 0x95,
    0xca, 0x95, 0xca, 0x95, 0xca, 0x95, 0xca, 0x95, 0xca, 0x95, 0xca, 0x95, 0xa3, 0x10, 0xa3, 0x10, 0xa3, 0x10, 0xa3, 0x10, 0xa3, 0x10, 0xa3, 0x10,
    0xa3, 0x10, 0xa3, 0x10, 0xa3, 0x10, 0xa3, 0x10, 0xa3, 0x10, 0xa3, 0x10, 0xa3, 0x10, 0xa3, 0x10, 0xa3, 0x10, 0xa3, 0x10, 0xa3, 0x10, 0xa3, 0x10,
    0xa3, 0x10, 0xa3, 0x10, 0xa3, 0x10, 0xa3, 0x10, 0xa3, 0x10, 0xa3, 0x10, 0xa3, 0x10, 0xa3, 0x10, 0xa3, 0x10, 0xa3, 0x10, 0xa3, 0x10, 0xa3, 0x10,
    0xa3, 0x10, 0xa3, 0x10, 0xa3, 0x10, 0xa3, 0x10, 0xa3, 0x10, 0xca, 0x95, 0xca, 0x95, 0xca, 0x95, 0xca, 0x95, 0xca, 0x95, 0xca, 0x95, 0xca, 0x95,
    0xca, 0x95, 0xca, 0x95, 0xca, 0x95, 0xca, 0x95, 0xca, 0x95, 0xca, 0x95, 0xca, 0x95, 0xca, 0x95, 0xa3, 0x10, 0xa3, 0x10, 0xa3, 0x10, 0xa3, 0x10,
    0xa3, 0x10, 0xa3, 0x10, 0xa3, 0x10, 0xa3, 0x10, 0xa3, 0x10, 0xa3, 0x10, 0xa3, 0x10, 0xa3, 0x10, 0xa3, 0x10, 0xa3, 0x10, 0xa3, 0x10, 0xa3, 0x10,
    0xa3, 0x10, 0xa3, 0x10, 0xa3, 0x10, 0xa3, 0x10, 0xa3, 0x10, 0xa3, 0x10, 0xa3, 0x10, 0xa3, 0x10, 0xa3, 0x10, 0xa3, 0x10, 0xa3, 0x10, 0xa3, 0x10,
    0xa3, 0x10, 0xa3, 0x10, 0xa3, 0x10, 0xca, 0x95, 0xca, 0x95, 0xca, 0x95, 0xca, 0x95, 0xca, 0x95, 0xca, 0x95, 0xca, 0x95, 0xca, 0x95, 0xca, 0x95,
    0xca, 0x95, 0xca, 0x95, 0xca, 0x95, 0xca, 0x95, 0xca, 0x95, 0xca, 0x95, 0xca, 0x95, 0xca, 0x95, 0xca, 0x95, 0xca, 0x95, 0xa3, 0x10, 0xa3, 0x10,
    0xa3, 0x10, 0xa3, 0x10, 0xa3, 0x10, 0xa3, 0x10, 0xa3, 0x10, 0xa3, 0x10, 0xa3, 0x10, 0xa3, 0x10, 0xa3, 0x10, 0xa3, 0x10, 0xa3, 0x10, 0xa3, 0x10,
    0xa3, 0x10, 0xa3, 0x10, 0xa3, 0x10, 0xa3, 0x10, 0xa3, 0x10, 0xa3, 0x10, 0xa3, 0x10, 0xa3, 0x10, 0xa3, 0x10, 0xa3, 0x10, 0xa3, 0x10, 0xa3, 0x10,
    0x4f, 0xed, 0x4f, 0xed, 0xca, 0x95, 0xca, 0x95, 0xca, 0x95, 0xca, 0x95, 0xca, 0x95, 0xca, 0x95, 0xca, 0x95, 0xca, 0x95, 0xca, 0x95, 0xca, 0x95,
    0xca, 0x95, 0xca, 0x95, 0xca, 0x95, 0xca, 0x95, 0xca, 0x95, 0xca, 0x95, 0xca, 0x95, 0xca, 0x95, 0xca, 0x95, 0xca, 0x95, 0xca, 0x95, 0x4f, 0xed,
    0x4f, 0xed, 0xa3, 0x10, 0xa3, 0x10, 0xa3, 0x10, 0xa3, 0x10, 0xa3, 0x10, 0xa3, 0x10, 0xa3, 0x10, 0xa3, 0x10, 0xa3, 0x10, 0xa3, 0x10, 0xa3, 0x10,
    0xa3, 0x10, 0xa3, 0x10, 0xa3, 0x10, 0xa3, 0x10, 0xa3, 0x10, 0xa3, 0x10, 0xa3, 0x10, 0xa3, 0x10, 0xa3, 0x10, 0xa3, 0x10, 0xa3, 0x10, 0x4f, 0xed,
    0xca, 0x95, 0xca, 0x95, 0xca, 0x95, 0xca, 0x95, 0xca, 0x95, 0xca, 0x95, 0xca, 0x95, 0xca, 0x95, 0xca, 0x95, 0xca, 0x95, 0xca, 0x95, 0xca, 0x95,
    0xca, 0x95, 0xca, 0x95, 0xca, 0x95, 0xca, 0x95, 0xca, 0x95, 0xca, 0x95, 0xca, 0x95, 0xca, 0x95, 0xca, 0x95, 0xca, 0x95, 0xca, 0x95, 0xca, 0x95,
    0xca, 0x95, 0x4f, 0xed, 0xa3, 0x10, 0xa3, 0x10, 0xa3, 0x10, 0xa3, 0x10, 0xa3, 0x10, 0xa3, 0x10, 0xa3, 0x10, 0xa3, 0x10, 0xa3, 0x10, 0xa3, 0x10,
    0xa3, 0x10, 0xa3, 0x10, 0xa3, 0x10, 0xa3, 0x10, 0xa3, 0x10, 0xa3, 0x10, 0xa3, 0x10, 0xa3, 0x10, 0xa3, 0x10, 0xa3, 0x10, 0xa3, 0x10, 0x4f, 0xed,
    0xca, 0x95, 0xca, 0x95, 0xca, 0x95, 0xca, 0x95, 0xca, 0x95, 0xca, 0x95, 0xca, 0x95, 0xca, 0x95, 0xca, 0x95, 0xca, 0x95, 0xca, 0x95, 0xca, 0x95,
    0xca, 0x95, 0xca, 0x95, 0xca, 0x95, 0xca, 0x95, 0xca, 0x95, 0xca, 0x95, 0xca, 0x95, 0xca, 0x95, 0xca, 0x95, 0xca, 0x95, 0xca, 0x95, 0xca, 0x95,
    0xca, 0x95, 0x4f, 0xed, 0xa3, 0x10, 0xa3, 0x10, 0xa3, 0x10, 0xa3, 0x10, 0xa3, 0x10, 0xa3, 0x10, 0xa3, 0x10, 0xa3, 0x10, 0xa3, 0x10, 0xa3, 0x10,
    0xa3, 0x10, 0xa3, 0x10, 0xa3, 0x10, 0xa3, 0x10, 0xa3, 0x10, 0xa3, 0x10, 0xa3, 0x10, 0xa3, 0x10, 0xa3, 0x10, 0xa3, 0x10, 0xa3, 0x10, 0xca, 0x95,
    0xca, 0x95, 0xca, 0x95, 0xca, 0x95, 0xca, 0x95, 0xca, 0x95, 0xca, 0x95, 0xca, 0x95, 0xca, 0x95, 0xca, 0x95, 0xca, 0x95, 0xca, 0x95, 0xca, 0x95,
    0xca, 0x95, 0xca, 0x95, 0xca, 0x95, 0xca, 0x95, 0xca, 0x95, 0xca, 0x95, 0xca, 0x95, 0xca, 0x95, 0xca, 0x95, 0xca, 0x95, 0xca, 0x95, 0xca, 0x95,
    0xca, 0x95, 0xca, 0x95, 0xa3, 0x10, 0xa3, 0x10, 0xa3, 0x10, 0xa3, 0x10, 0xa3, 0x10, 0xa3, 0x10, 0xa3, 0x10, 0xa3, 0x10, 0xa3, 0x10, 0xa3, 0x10,
    0xa3, 0x10, 0xa3, 0x10, 0xa3, 0x10, 0xa3, 0x10, 0xa3, 0x10, 0xa3, 0x10, 0xa3, 0x10, 0xa3, 0x10, 0xa3, 0x10, 0xa3, 0x10, 0xca, 0x95, 0xca, 0x95,
    0xca, 0x95, 0xca, 0x95, 0xca, 0x95, 0xca, 0x95, 0xca, 0x95, 0xca, 0x95, 0xca, 0x95, 0xca, 0x95, 0xc6, 0x53, 0xc6, 0x53, 0xc6, 0x53, 0xc6, 0x53,
    0xc6, 0x53, 0xc6, 0x53, 0xc6, 0x53, 0xc6, 0x53, 0xc6, 0x53, 0xca, 0x95, 0xca, 0x95, 0xca, 0x95, 0xca, 0x95, 0xca, 0x95, 0xca, 0x95, 0xca, 0x95,
    0xca, 0x95, 0xca, 0x95, 0xca, 0x95, 0xa3, 0x10, 0xa3, 0x10, 0xa3, 0x10, 0xa3, 0x10, 0xa3, 0x10, 0xa3, 0x10, 0xa3, 0x10, 0xa3, 0x10, 0xa3, 0x10,
    0xa3, 0x10, 0xa3, 0x10, 0xa3, 0x10, 0xa3, 0x10, 0xa3, 0x10, 0xa3, 0x10, 0xa3, 0x10, 0xa3, 0x10, 0xa3, 0x10, 0xa3, 0x10, 0xca, 0x95, 0xca, 0x95,
    0xca, 0x95, 0xca, 0x95, 0xca, 0x95, 0xca, 0x95, 0xca, 0x95, 0xca, 0x95, 0xc6, 0x53, 0xc6, 0x53, 0xc6, 0x53, 0xc6, 0x53, 0xc6, 0x53, 0xc6, 0x53,
    0xc6, 0x53, 0xc6, 0x53, 0xc6, 0x53, 0xc6, 0x53, 0xc6, 0x53, 0xc6, 0x53, 0xc6, 0x53, 0xca, 0x95, 0xca, 0x95, 0xca, 0x95, 0xca, 0x95, 0xca, 0x95,
    0xca, 0x95, 0xca, 0x95, 0xca, 0x95, 0xa3, 0x10, 0xa3, 0x10, 0xa3, 0x10, 0xa3, 0x10, 0xa3, 0x10, 0xa3, 0x10, 0xa3, 0x10, 0xa3, 0x10, 0xa3, 0x10,
    0xa3, 0x10, 0xa3, 0x10, 0xa3, 0x10, 0xa3, 0x10, 0xa3, 0x10, 0xa3, 0x10, 0xa3, 0x10, 0xa3, 0x10, 0xa3, 0x10, 0xca, 0x95, 0xca, 0x95, 0xca, 0x95,
    0xca, 0x95, 0xca, 0x95, 0xca, 0x95, 0xca, 0x95, 0xca, 0x95, 0xc6, 0x53, 0xc6, 0x53, 0xc6, 0x53, 0xc6, 0x53, 0xc6, 0x53, 0xc6, 0x53, 0xc6, 0x53,
    0xc6, 0x53, 0xc6, 0x53, 0xc6, 0x53, 0xc6, 0x53, 0xc6, 0x53, 0xc6, 0x53, 0xc6, 0x53, 0xc6, 0x53, 0xca, 0x95, 0xca, 0x95, 0xca, 0x95, 0xca, 0x95,
    0xca, 0x95, 0xca, 0x95, 0xca, 0x95, 0xca, 0x95, 0xa3, 0x10, 0xa3, 0x10, 0xa3, 0x10, 0xa3, 0x10, 0xa3, 0x10, 0xa3, 0x10, 0xa3, 0x10, 0xa3, 0x10,
    0xa3, 0x10, 0xa3, 0x10, 0xa3, 0x10, 0xa3, 0x10, 0xa3, 0x10, 0xa3, 0x10, 0xa3, 0x10, 0xa3, 0x10, 0xa3, 0x10, 0xca, 0x95, 0xca, 0x95, 0xca, 0x95,
    0xca, 0x95, 0xca, 0x95, 0xca, 0x95, 0xca, 0x95, 0xc6, 0x53, 0xc6, 0x53, 0xc6, 0x53, 0xc6, 0x53, 0xc6, 0x53, 0xc6, 0x53, 0xc6, 0x53, 0xc6, 0x53,
    0xc6, 0x53, 0xc6, 0x53, 0xc6, 0x53, 0xc6, 0x53, 0xc6, 0x53, 0xc6, 0x53, 0xc6, 0x53, 0xc6, 0x53, 0xc6, 0x53, 0xca, 0x95, 0xca, 0x95, 0xca, 0x95,
    0xca, 0x95, 0xca, 0x95, 0xca, 0x95, 0xca, 0x95, 0xa3, 0x10, 0xa3, 0x10, 0xa3, 0x10, 0xa3, 0x10, 0xa3, 0x10, 0xa3, 0x10, 0xa3, 0x10, 0xa3, 0x10,
    0xa3, 0x10, 0xa3, 0x10, 0xa3, 0x10, 0xa3, 0x10, 0xa3, 0x10, 0xa3, 0x10, 0xa3, 0x10, 0xa3, 0x10, 0xca, 0x95, 0xca, 0x95, 0xca, 0x95, 0xca, 0x95,
    0xca, 0x95, 0xca, 0x95, 0xca, 0x95, 0xc6, 0x53, 0xc6, 0x53, 0xc6, 0x53, 0xc6, 0x53, 0xc6, 0x53, 0xc6, 0x53, 0xc6, 0x53, 0xc6, 0x53, 0xc6, 0x53,
    0xc6, 0x53, 0xc6, 0x53, 0xc6, 0x53, 0xc6, 0x53, 0xc6, 0x53, 0xc6, 0x53, 0xc6, 0x53, 0xc6, 0x53, 0xc6, 0x53, 0xc6, 0x53, 0xca, 0x95, 0xca, 0x95,
    0xca, 0x95, 0xca, 0x95, 0xca, 0x95, 0xca, 0x95, 0xca, 0x95, 0xa3, 0x10, 0xa3, 0x10, 0xa3, 0x10, 0xa3, 0x10, 0xa3, 0x10, 0xa3, 0x10, 0xa3, 0x10,
    0xa3, 0x10, 0xa3, 0x10, 0xa3, 0x10, 0xa3, 0x10, 0xa3, 0x10, 0xa3, 0x10, 0xa3, 0x10, 0xa3, 0x10, 0xca, 0x95, 0xca, 0x95, 0xca, 0x95, 0xca, 0x95,
    0xca, 0x95, 0xca, 0x95, 0xc6, 0x53, 0xc6, 0x53, 0xc6, 0x53, 0xc6, 0x53, 0xc6, 0x53, 0xc6, 0x53, 0xc6, 0x53, 0xc6, 0x53, 0xc6, 0x53, 0xc6, 0x53,
    0xc6, 0x53, 0xc6, 0x53, 0xc6, 0x53, 0xc6, 0x53, 0xc6, 0x53, 0xc6, 0x53, 0xc6, 0x53, 0xc6, 0x53, 0xc6, 0x53, 0xc6, 0x53, 0xc6, 0x53, 0xca, 0x95,
    0xca, 0x95, 0xca, 0x95, 0xca, 0x95, 0xca, 0x95, 0xca, 0x95, 0xa3, 0x10, 0xa3, 0x10, 0xa3, 0x10, 0xa3, 0x10, 0xa3, 0x10, 0xa3, 0x10, 0xa3, 0x10,
    0xa3, 0x10, 0xa3, 0x10, 0xa3, 0x10, 0xa3, 0x10, 0xa3, 0x10, 0xa3, 0x10, 0xa3, 0x10, 0xa3, 0x10, 0xca, 0x95, 0xca, 0x95, 0xca, 0x95, 0xca, 0x95,
    0xca, 0x95, 0xca, 0x95, 0xc6, 0x53, 0xc6, 0x53, 0xc6, 0x53, 0xc6, 0x53, 0xa3, 0x10, 0xa3, 0x10, 0xa3, 0x10, 0xc6, 0x53, 0xc6, 0x53, 0xc6, 0x53,
    0xc6, 0x53, 0xc6, 0x53, 0xc6, 0x53, 0xc6, 0x53, 0xa3, 0x10, 0xa3, 0x10, 0xa3, 0x10, 0xc6, 0x53, 0xc6, 0x53, 0xc6, 0x53, 0xc6, 0x53, 0xca, 0x95,
    0xca, 0x95, 0xca, 0x95, 0xca, 0x95, 0xca, 0x95, 0xca, 0x95, 0xa3, 0x10, 0xa3, 0x10, 0xa3, 0x10, 0xa3, 0x10, 0xa3, 0x10, 0xa3, 0x10, 0xa3, 0x10,
    0xa3, 0x10, 0xa3, 0x10, 0xa3, 0x10, 0xa3, 0x10, 0xa3, 0x10, 0xa3, 0x10, 0xa3, 0x10, 0xa3, 0x10, 0xca, 0x95, 0xca, 0x95, 0xca, 0x95, 0xca, 0x95,
    0xca, 0x95, 0xc6, 0x53, 0xc6, 0x53, 0xc6, 0x53, 0xc6, 0x53, 0xa3, 0x10, 0xa3, 0x10, 0xa3, 0x10, 0xa3, 0x10, 0xa3, 0x10, 0xc6, 0x53, 0xc6, 0x53,
    0xc6, 0x53, 0xc6, 0x53, 0xc6, 0x53, 0xa3, 0x10, 0xa3, 0x10, 0xa3, 0x10, 0xa3, 0x10, 0xa3, 0x10, 0xc6, 0x53, 0xc6, 0x53, 0xc6, 0x53, 0xc6, 0x53,
    0xca, 0x95, 0xca, 0x95, 0xca, 0x95, 0xca, 0x95, 0xca, 0x95, 0xa3, 0x10, 0xa3, 0x10, 0xa3, 0x10, 0xa3, 0x10, 0xa3, 0x10, 0xa3, 0x10, 0xa3, 0x10,
    0xa3, 0x10, 0xa3, 0x10, 0xa3, 0x10, 0xa3, 0x10, 0xa3, 0x10, 0xa3, 0x10, 0xa3, 0x10, 0xa3, 0x10, 0xca, 0x95, 0xca, 0x95, 0xca, 0x95, 0xca, 0x95,
    0xca, 0x95, 0xc6, 0x53, 0xc6, 0x53, 0xc6, 0x53, 0xc6, 0x53, 0xa3, 0x10, 0xa3, 0x10, 0xa3, 0x10, 0xa3, 0x10, 0xa3, 0x10, 0xc6, 0x53, 0xc6, 0x53,
    0xc6, 0x53, 0xc6, 0x53, 0xc6, 0x53, 0xa3, 0x10, 0xa3, 0x10, 0xa3, 0x10, 0xa3, 0x10, 0xa3, 0x10, 0xc6, 0x53, 0xc6, 0x53, 0xc6, 0x53, 0xc6, 0x53,
    0xca, 0x95, 0xca, 0x95, 0xca, 0x95, 0xca, 0x95, 0xca, 0x95, 0xa3, 0x10, 0xa3, 0x10, 0xa3, 0x10, 0xa3, 0x10, 0xa3, 0x10, 0xa3, 0x10, 0xa3, 0x10,
    0xa3, 0x10, 0xa3, 0x10, 0xa3, 0x10, 0xa3, 0x10, 0xa3, 0x10, 0xa3, 0x10, 0xa3, 0x10, 0xa3, 0x10, 0xca, 0x95, 0xca, 0x95, 0xca, 0x95, 0xca, 0x95,
    0xca, 0x95, 0xc6, 0x53, 0xc6, 0x53, 0xc6, 0x53, 0xc6, 0x53, 0xa3, 0x10, 0xa3, 0x10, 0xa3, 0x10, 0xa3, 0x10, 0xa3, 0x10, 0xc6, 0x53, 0xc6, 0x53,
    0xc6, 0x53, 0xc6, 0x53, 0xc6, 0x53, 0xa3, 0x10, 0xa3, 0x10, 0xa3, 0x10, 0xa3, 0x10, 0xa3, 0x10, 0xc6, 0x53, 0xc6, 0x53, 0xc6, 0x53, 0xc6, 0x53,
    0xca, 0x95, 0xca, 0x95, 0xca, 0x95, 0xca, 0x95, 0xca, 0x95, 0xa3, 0x10, 0xa3, 0x10, 0xa3, 0x10, 0xa3, 0x10, 0xa3, 0x10, 0xa3, 0x10, 0xa3, 0x10,
    0xa3, 0x10, 0xa3, 0x10, 0xa3, 0x10, 0xa3, 0x10, 0xa3, 0x10, 0xa3, 0x10, 0xa3, 0x10, 0xa3, 0x10, 0xca, 0x95, 0xca, 0x95, 0xca, 0x95, 0xca, 0x95,
    0xca, 0x95, 0xc6, 0x53, 0xc6, 0x53, 0xc6, 0x53, 0xc6, 0x53, 0xc6, 0x53, 0xa3, 0x10, 0xa3, 0x10, 0xa3, 0x10, 0xc6, 0x53, 0xc6, 0x53, 0xc6, 0x53,
    0xc6, 0x53, 0xc6, 0x53, 0xc6, 0x53, 0xc6, 0x53, 0xa3, 0x10, 0xa3, 0x10, 0xa3, 0x10, 0xc6, 0x53, 0xc6, 0x53, 0xc6, 0x53, 0xc6, 0x53, 0xc6, 0x53,
    0xca, 0x95, 0xca, 0x95, 0xca, 0x95, 0xca, 0x95, 0xca, 0x95, 0xa3, 0x10, 0xa3, 0x10, 0xa3, 0x10, 0xa3, 0x10, 0xa3, 0x10, 0xa3, 0x10, 0xa3, 0x10,
    0xa3, 0x10, 0xa3, 0x10, 0xa3, 0x10, 0xa3, 0x10, 0xa3, 0x10, 0xa3, 0x10, 0xa3, 0x10, 0xa3, 0x10, 0xca, 0x95, 0xca, 0x95, 0xca, 0x95, 0xca, 0x95,
    0xca, 0x95, 0xc6, 0x53, 0xc6, 0x53, 0xc6, 0x53, 0xc6, 0x53, 0xc6, 0x53, 0xc6, 0x53, 0xc6, 0x53, 0xc6, 0x53, 0xc6, 0x53, 0xc6, 0x53, 0xc6, 0x53,
    0xc6, 0x53, 0xc6, 0x53, 0xc6, 0x53, 0xc6, 0x53, 0xc6, 0x53, 0xc6, 0x53, 0xc6, 0x53, 0xc6, 0x53, 0xc6, 0x53, 0xc6, 0x53, 0xc6, 0x53, 0xc6, 0x53,
    0xca, 0x95, 0xca, 0x95, 0xca, 0x95, 0xca, 0x95, 0xca, 0x95, 0xa3, 0x10, 0xa3, 0x10, 0xa3, 0x10, 0xa3, 0x10, 0xa3, 0x10, 0xa3, 0x10, 0xa3, 0x10,
    0xa3, 0x10, 0xa3, 0x10, 0xa3, 0x10, 0xa3, 0x10, 0xa3, 0x10, 0xa3, 0x10, 0xa3, 0x10, 0xa3, 0x10, 0xca, 0x95, 0xca, 0x95, 0xca, 0x95, 0xca, 0x95,
    0xca, 0x95, 0xc6, 0x53, 0xc6, 0x53, 0xc6, 0x53, 0xc6, 0x53, 0xc6, 0x53, 0xc6, 0x53, 0xc6, 0x53, 0xc6, 0x53, 0xc6, 0x53, 0xc6, 0x53, 0xc6, 0x53,
    0xc6, 0x53, 0xc6, 0x53, 0xc6, 0x53, 0xc6, 0x53, 0xc6, 0x53, 0xc6, 0x53, 0xc6, 0x53, 0xc6, 0x53, 0xc6, 0x53, 0xc6, 0x53, 0xc6, 0x53, 0xc6, 0x53,
    0xca, 0x95, 0xca, 0x95, 0xca, 0x95, 0xca, 0x95, 0xca, 0x95, 0xa3, 0x10, 0xa3, 0x10, 0xa3, 0x10, 0xa3, 0x10, 0xa3, 0x10, 0xa3, 0x10, 0xa3, 0x10,
    0xa3, 0x10, 0xa3, 0x10, 0xa3, 0x10, 0xa3, 0x10, 0xa3, 0x10, 0xa3, 0x10, 0xa3, 0x10, 0xa3, 0x10, 0xca, 0x95, 0xca, 0x95, 0xca, 0x95, 0xca, 0x95,
    0xca, 0x95, 0xc6, 0x53, 0xc6, 0x53, 0xc6, 0x53, 0xc6, 0x53, 0xc6, 0x53, 0xc6, 0x53, 0xc6, 0x53, 0xc6, 0x53, 0xc6, 0x53, 0xc6, 0x53, 0xc6, 0x53,
    0xc6, 0x53, 0xc6, 0x53, 0xc6, 0x53, 0xc6, 0x53, 0xc6, 0x53, 0xc6, 0x53, 0xc6, 0x53, 0xc6, 0x53, 0xc6, 0x53, 0xc6, 0x53, 0xc6, 0x53, 0xc6, 0x53,
    0xca, 0x95, 0xca, 0x95, 0xca, 0x95, 0xca, 0x95, 0xca, 0x95, 0xa3, 0x10, 0xa3, 0x10, 0xa3, 0x10, 0xa3, 0x10, 0xa3, 0x10, 0xa3, 0x10, 0xa3, 0x10,
    0xa3, 0x10, 0xa3, 0x10, 0xa3, 0x10, 0xa3, 0x10, 0xa3, 0x10, 0xa3, 0x10, 0xa3, 0x10, 0xa3, 0x10, 0xca, 0x95, 0xca, 0x95, 0xca, 0x95, 0xca, 0x95,
    0xca, 0x95, 0xc6, 0x53, 0xc6, 0x53, 0xc6, 0x53, 0xc6, 0x53, 0xc6, 0x53, 0xc6, 0x53, 0xc6, 0x53, 0x4f, 0xed, 0x4f, 0xed, 0x4f, 0xed, 0x4f, 0xed,
    0x4f, 0xed, 0x4f, 0xed, 0x4f, 0xed, 0x4f, 0xed, 0x4f, 0xed, 0xc6, 0x53, 0xc6, 0x53, 0xc6, 0x53, 0xc6, 0x53, 0xc6, 0x53, 0xc6, 0x53, 0xc6, 0x53,
    0xca, 0x95, 0xca, 0x95, 0xca, 0x95, 0xca, 0x95, 0xca, 0x95, 0xa3, 0x10, 0xa3, 0x10, 0xa3, 0x10, 0xa3, 0x10, 0xa3, 0x10, 0xa3, 0x10, 0xa3, 0x10,
    0xa3, 0x10, 0xa3, 0x10, 0xa3, 0x10, 0xa3, 0x10, 0xa3, 0x10, 0xa3, 0x10, 0xa3, 0x10, 0xa3, 0x10, 0xa3, 0x10, 0xca, 0x95, 0xca, 0x95, 0xca, 0x95,
    0xca, 0x95, 0xc6, 0x53, 0xc6, 0x53, 0xc6, 0x53, 0xc6, 0x53, 0xc6, 0x53, 0xc6, 0x53, 0xc6, 0x53, 0x4f, 0xed, 0x4f, 0xed, 0x4f, 0xed, 0x4f, 0xed,
    0x4f, 0xed, 0x4f, 0xed, 0x4f, 0xed, 0x4f, 0xed, 0x4f, 0xed, 0xc6, 0x53, 0xc6, 0x53, 0xc6, 0x53, 0xc6, 0x53, 0xc6, 0x53, 0xc6, 0x53, 0xc6, 0x53,
    0xca, 0x95, 0xca, 0x95, 0xca, 0x95, 0xca, 0x95, 0xa3, 0x10, 0xa3, 0x10, 0xa3, 0x10, 0xa3, 0x10, 0xa3, 0x10, 0xa3, 0x10, 0xa3, 0x10, 0xa3, 0x10,
    0xa3, 0x10, 0xa3, 0x10, 0xa3, 0x10, 0xa3, 0x10, 0xa3, 0x10, 0xa3, 0x10, 0xa3, 0x10, 0xa3, 0x10, 0xa3, 0x10, 0xca, 0x95, 0xca, 0x95, 0xca, 0x95,
    0xca, 0x95, 0xca, 0x95, 0xc6, 0x53, 0xc6, 0x53, 0xc6, 0x53, 0xc6, 0x53, 0xc6, 0x53, 0xc6, 0x53, 0x4f, 0xed, 0x4f, 0xed, 0x4f, 0xed, 0x4f, 0xed,
    0x4f, 0xed, 0x4f, 0xed, 0x4f, 0xed, 0x4f, 0xed, 0x4f, 0xed, 0xc6, 0x53, 0xc6, 0x53, 0xc6, 0x53, 0xc6, 0x53, 0xc6, 0x53, 0xc6, 0x53, 0xca, 0x95,
    0xca, 0x95, 0xca, 0x95, 0xca, 0x95, 0xca, 0x95, 0xa3, 0x10, 0xa3, 0x10, 0xa3, 0x10, 0xa3, 0x10, 0xa3, 0x10, 0xa3, 0x10, 0xa3, 0x10, 0xa3, 0x10,
    0xa3, 0x10, 0xa3, 0x10, 0xa3, 0x10, 0xa3, 0x10, 0xa3, 0x10, 0xa3, 0x10, 0xa3, 0x10, 0xa3, 0x10, 0xa3, 0x10, 0xa3, 0x10, 0xca, 0x95, 0xca, 0x95,
    0xca, 0x95, 0xca, 0x95, 0xc6, 0x53, 0xc6, 0x53, 0xc6, 0x53, 0xc6, 0x53, 0xc6, 0x53, 0xc6, 0x53, 0xc6, 0x53, 0xc6, 0x53, 0xc6, 0x53, 0xc6, 0x53,
    0xc6, 0x53, 0xc6, 0x53, 0xc6, 0x53, 0xc6, 0x53, 0xc6, 0x53, 0xc6, 0x53, 0xc6, 0x53, 0xc6, 0x53, 0xc6, 0x53, 0xc6, 0x53, 0xc6, 0x53, 0xca, 0x95,
    0xca, 0x95, 0xca, 0x95, 0xca, 0x95, 0xa3, 0x10, 0xa3, 0x10, 0xa3, 0x10, 0xa3, 0x10, 0xa3, 0x10, 0xa3, 0x10, 0xa3, 0x10, 0xa3, 0x10, 0xa3, 0x10,
    0xa3, 0x10, 0xa3, 0x10, 0xa3, 0x10, 0xa3, 0x10, 0xa3, 0x10, 0xa3, 0x10, 0xa3, 0x10, 0xa3, 0x10, 0xa3, 0x10, 0xa3, 0x10, 0xca, 0x95, 0xca, 0x95,
    0xca, 0x95, 0xca, 0x95, 0xca, 0x95, 0xc6, 0x53, 0xc6, 0x53, 0xc6, 0x53, 0xc6, 0x53, 0xc6, 0x53, 0xc6, 0x53, 0xc6, 0x53, 0xc6, 0x53, 0xc6, 0x53,
    0xc6, 0x53, 0xc6, 0x53, 0xc6, 0x53, 0xc6, 0x53, 0xc6, 0x53, 0xc6, 0x53, 0xc6, 0x53, 0xc6, 0x53, 0xc6, 0x53, 0xc6, 0x53, 0xca, 0x95, 0xca, 0x95,
    0xca, 0x95, 0xca, 0x95, 0xca, 0x95, 0xa3, 0x10, 0xa3, 0x10, 0xa3, 0x10, 0xa3, 0x10, 0xa3, 0x10, 0xa3, 0x10, 0xa3, 0x10, 0xa3, 0x10, 0xa3, 0x10,
    0xa3, 0x10, 0xa3, 0x10, 0xa3, 0x10, 0xa3, 0x10, 0xa3, 0x10, 0xa3, 0x10, 0xa3, 0x10, 0xa3, 0x10, 0xa3, 0x10, 0xa3, 0x10, 0xa3, 0x10, 0xca, 0x95,
    0xca, 0x95, 0xca, 0x95, 0xca, 0x95, 0xca, 0x95, 0xc6, 0x53, 0xc6, 0x53, 0xc6, 0x53, 0xc6, 0x53, 0xc6, 0x53, 0xc6, 0x53, 0xc6, 0x53, 0xc6, 0x53,
    0xc6, 0x53, 0xc6, 0x53, 0xc6, 0x53, 0xc6, 0x53, 0xc6, 0x53, 0xc6, 0x53, 0xc6, 0x53, 0xc6, 0x53, 0xc6, 0x53, 0xca, 0x95, 0xca, 0x95, 0xca, 0x95,
    0xca, 0x95, 0xca, 0x95, 0xa3, 0x10, 0xa3, 0x10, 0xa3, 0x10, 0xa3, 0x10, 0xa3, 0x10, 0xa3, 0x10, 0xa3, 0x10, 0xa3, 0x10, 0xa3, 0x10, 0xa3, 0x10,
    0xa3, 0x10, 0xa3, 0x10, 0xa3, 0x10, 0xa3, 0x10, 0xa3, 0x10, 0xa3, 0x10, 0xa3, 0x10, 0xa3, 0x10, 0xa3, 0x10, 0xa3, 0x10, 0xa3, 0x10, 0xa3, 0x10,
    0xca, 0x95, 0xca, 0x95, 0xca, 0x95, 0xca, 0x95, 0xca, 0x95, 0xc6, 0x53, 0xc6, 0x53, 0xc6, 0x53, 0xc6, 0x53, 0xc6, 0x53, 0xc6, 0x53, 0xc6, 0x53,
    0xc6, 0x53, 0xc6, 0x53, 0xc6, 0x53, 0xc6, 0x53, 0xc6, 0x53, 0xc6, 0x53, 0xc6, 0x53, 0xc6, 0x53, 0xca, 0x95, 0xca, 0x95, 0xca, 0x95, 0xca, 0x95,
    0xca, 0x95, 0xa3, 0x10, 0xa3, 0x10, 0xa3, 0x10, 0xa3, 0x10, 0xa3, 0x10, 0xa3, 0x10, 0xa3, 0x10, 0xa3, 0x10, 0xa3, 0x10, 0xa3, 0x10, 0xa3, 0x10,
    0xa3, 0x10, 0xa3, 0x10, 0xa3, 0x10, 0xa3, 0x10, 0xa3, 0x10, 0xa3, 0x10, 0xa3, 0x10, 0xa3, 0x10, 0xa3, 0x10, 0xa3, 0x10, 0xa3, 0x10, 0xa3, 0x10,
    0xca, 0x95, 0xca, 0x95, 0xca, 0x95, 0xca, 0x95, 0xca, 0x95, 0xca, 0x95, 0xc6, 0x53, 0xc6, 0x53, 0xc6, 0x53, 0xc6, 0x53, 0xc6, 0x53, 0xc6, 0x53,
    0xc6, 0x53, 0xc6, 0x53, 0xc6, 0x53, 0xc6, 0x53, 0xc6, 0x53, 0xc6, 0x53, 0xc6, 0x53, 0xca, 0x95, 0xca, 0x95, 0xca, 0x95, 0xca, 0x95, 0xca, 0x95,
    0xca, 0x95, 0xa3, 0x10, 0xa3, 0x10, 0xa3, 0x10, 0xa3, 0x10, 0xa3, 0x10, 0xa3, 0x10, 0xa3, 0x10, 0xa3, 0x10, 0xa3, 0x10, 0xa3, 0x10, 0xa3, 0x10,
    0xa3, 0x10, 0xa3, 0x10, 0xa3, 0x10, 0xa3, 0x10, 0xa3, 0x10, 0xa3, 0x10, 0xa3, 0x10, 0xa3, 0x10, 0xa3, 0x10, 0xa3, 0x10, 0xa3, 0x10, 0xa3, 0x10,
    0xa3, 0x10, 0xa3, 0x10, 0xca, 0x95, 0xca, 0x95, 0xca, 0x95, 0xca, 0x95, 0xca, 0x95, 0xca, 0x95, 0xc6, 0x53, 0xc6, 0x53, 0xc6, 0x53, 0xc6, 0x53,
    0xc6, 0x53, 0xc6, 0x53, 0xc6, 0x53, 0xc6, 0x53, 0xc6, 0x53, 0xca, 0x95, 0xca, 0x95, 0xca, 0x95, 0xca, 0x95, 0xca, 0x95, 0xca, 0x95, 0xa3, 0x10,
    0xa3, 0x10, 0xa3, 0x10, 0xa3, 0x10, 0xa3, 0x10, 0xa3, 0x10, 0xa3, 0x10, 0xa3, 0x10, 0xa3, 0x10, 0xa3, 0x10, 0xa3, 0x10, 0xa3, 0x10, 0xa3, 0x10,
    0xa3, 0x10, 0xa3, 0x10, 0xa3, 0x10, 0xa3, 0x10, 0xa3, 0x10, 0xa3, 0x10, 0xa3, 0x10, 0xa3, 0x10, 0xa3, 0x10, 0xa3, 0x10, 0xa3, 0x10, 0xa3, 0x10,
    0xa3, 0x10, 0xa3, 0x10, 0xa3, 0x10, 0xca, 0x95, 0xca, 0x95, 0xca, 0x95, 0xca, 0x95, 0xca, 0x95, 0xca, 0x95, 0xca, 0x95, 0xca, 0x95, 0xca, 0x95,
    0xca, 0x95, 0xca, 0x95, 0xca, 0x95, 0xca, 0x95, 0xca, 0x95, 0xca, 0x95, 0xca, 0x95, 0xca, 0x95, 0xca, 0x95, 0xca, 0x95, 0xa3, 0x10, 0xa3, 0x10,
    0xa3, 0x10, 0xa3, 0x10, 0xa3, 0x10, 0xa3, 0x10, 0xa3, 0x10, 0xa3, 0x10, 0xa3, 0x10, 0xa3, 0x10, 0xa3, 0x10, 0xa3, 0x10, 0xa3, 0x10, 0xa3, 0x10,
    0xa3, 0x10, 0xa3, 0x10, 0xa3, 0x10, 0xa3, 0x10, 0xa3, 0x10, 0xa3, 0x10, 0xa3, 0x10, 0xa3, 0x10, 0xa3, 0x10, 0xa3, 0x10, 0xa3, 0x10, 0xa3, 0x10,
    0xa3, 0x10, 0xa3, 0x10, 0xa3, 0x10, 0xa3, 0x10, 0xa3, 0x10, 0xca, 0x95, 0xca, 0x95, 0xca, 0x95, 0xca, 0x95, 0xca, 0x95, 0xca, 0x95, 0xca, 0x95,
    0xca, 0x95, 0xca, 0x95, 0xca, 0x95, 0xca, 0x95, 0xca, 0x95, 0xca, 0x95, 0xca, 0x95, 0xca, 0x95, 0xa3, 0x10, 0xa3, 0x10, 0xa3, 0x10, 0xa3, 0x10,
    0xa3, 0x10, 0xa3, 0x10, 0xa3, 0x10, 0xa3, 0x10, 0xa3, 0x10, 0xa3, 0x10, 0xa3, 0x10, 0xa3, 0x10, 0xa3, 0x10, 0xa3, 0x10, 0xa3, 0x10, 0xa3, 0x10,
    0xa3, 0x10, 0xa3, 0x10, 0xa3, 0x10, 0xa3, 0x10, 0xa3, 0x10, 0xa3, 0x10, 0xa3, 0x10, 0xa3, 0x10, 0xa3, 0x10, 0xa3, 0x10, 0xa3, 0x10, 0xa3, 0x10,
    0xa3, 0x10, 0xa3, 0x10, 0xa3, 0x10, 0xa3, 0x10, 0xa3, 0x10, 0xa3, 0x10, 0xa3, 0x10, 0xca, 0x95, 0xca, 0x95, 0xca, 0x95, 0xca, 0x95, 0xca, 0x95,
    0xca, 0x95, 0xca, 0x95, 0xca, 0x95, 0xca, 0x95, 0xca, 0x95, 0xca, 0x95, 0xa3, 0x10, 0xa3, 0x10, 0xa3, 0x10, 0xa3, 0x10, 0xa3, 0x10, 0xa3, 0x10,
    0xa3, 0x10, 0xa3, 0x10, 0xa3, 0x10, 0xa3, 0x10, 0xa3, 0x10, 0xa3, 0x10, 0xa3, 0x10, 0xa3, 0x10, 0xa3, 0x10, 0xa3, 0x10, 0xa3, 0x10, 0xa3, 0x10,
    0xa3, 0x10, 0xa3, 0x10, 0xa3, 0x10, 0xa3, 0x10, 0xa3, 0x10, 0xa3, 0x10, 0xa3, 0x10, 0xa3, 0x10, 0xa3, 0x10, 0xa3, 0x10, 0xa3, 0x10, 0xa3, 0x10,
    0xa3, 0x10, 0xa3, 0x10, 0xa3, 0x10, 0xa3, 0x10, 0xa3, 0x10, 0xa3, 0x10, 0xa3, 0x10, 0xa3, 0x10, 0xa3, 0x10, 0xa3, 0x10, 0xa3, 0x10, 0xa3, 0x10,
    0xa3, 0x10, 0xa3, 0x10, 0xa3, 0x10, 0xa3, 0x10, 0xa3, 0x10, 0xa3, 0x10, 0xa3, 0x10, 0xa3, 0x10, 0xa3, 0x10, 0xa3, 0x10, 0xa3, 0x10, 0xa3, 0x10,
    0xa3, 0x10, 0xa3, 0x10, 0xa3, 0x10, 0xa3, 0x10, 0xa3, 0x10, 0xa3, 0x10, 0xa3, 0x10, 0xa3, 0x10, 0xa3, 0x10, 0xa3, 0x10, 0xa3, 0x10, 0xa3, 0x10,
    0xa3, 0x10, 0xa3, 0x10, 0xa3, 0x10, 0xa3, 0x10, 0xa3, 0x10, 0xa3, 0x10, 0xa3, 0x10, 0xa3, 0x10, 0xa3, 0x10, 0xa3, 0x10, 0xa3, 0x10, 0xa3, 0x10,
    0xa3, 0x10, 0xa3, 0x10, 0xa3, 0x10, 0xa3, 0x10, 0xa3, 0x10, 0xa3, 0x10, 0xa3, 0x10, 0xa3, 0x10, 0xa3, 0x10, 0xa3, 0x10, 0xa3, 0x10, 0xa3, 0x10,
    0xa3, 0x10, 0xa3, 0x10, 0xa3, 0x10, 0xa3, 0x10, 0xa3, 0x10, 0xa3, 0x10, 0xa3, 0x10, 0xa3, 0x10, 0xa3, 0x10, 0xa3, 0x10, 0xa3, 0x10, 0xa3, 0x10,
    0xa3, 0x10, 0xa3, 0x10, 0xa3, 0x10, 0xa3, 0x10, 0xa3, 0x10, 0xa3, 0x10, 0xa3, 0x10, 0xa3, 0x10, 0xa3, 0x10, 0xa3, 0x10, 0xa3, 0x10, 0xa3, 0x10,
    0xa3, 0x10, 0xa3, 0x10, 0xa3, 0x10, 0xa3, 0x10, 0xa3, 0x10, 0xa3, 0x10, 0xa3, 0x10, 0xa3, 0x10, 0xa3, 0x10, 0xa3, 0x10, 0xa3, 0x10, 0xa3, 0x10,
    0xa3, 0x10, 0xa3, 0x10, 0xa3, 0x10, 0xa3, 0x10, 0xa3, 0x10, 0xa3, 0x10, 0xa3, 0x10, 0xa3, 0x10, 0xa3, 0x10, 0xa3, 0x10, 0xa3, 0x10, 0xa3, 0x10,
    0xa3, 0x10, 0xa3, 0x10, 0xa3, 0x10, 0xa3, 0x10, 0xa3, 0x10, 0xa3, 0x10, 0xa3, 0x10, 0xa3, 0x10, 0xa3, 0x10, 0xa3, 0x10, 0xa3, 0x10, 0xa3, 0x10,
    0xa3, 0x10, 0xa3, 0x10, 0xa3, 0x10, 0xa3, 0x10, 0xa3, 0x10, 0xa3, 0x10, 0xa3, 0x10, 0xa3, 0x10, 0xa3, 0x10, 0xa3, 0x10, 0xa3, 0x10, 0xa3, 0x10,
    0xa3, 0x10, 0xa3, 0x10, 0xa3, 0x10, 0xa3, 0x10, 0xa3, 0x10, 0xa3, 0x10, 0xa3, 0x10, 0xa3, 0x10, 0xa3, 0x10, 0xa3, 0x10, 0xa3, 0x10, 0xa3, 0x10,
    0xa3, 0x10, 0xa3, 0x10, 0xa3, 0x10, 0xa3, 0x10, 0xa3, 0x10, 0xa3, 0x10, 0xa3, 0x10, 0xa3, 0x10, 0xa3, 0x10, 0xa3, 0x10, 0xa3, 0x10, 0xa3, 0x10,
    0xa3, 0x10, 0xa3, 0x10, 0xa3, 0x10, 0xa3, 0x10, 0xa3, 0x10, 0xa3, 0x10, 0xa3, 0x10, 0xa3, 0x10, 0xa3, 0x10, 0xa3, 0x10, 0xa3, 0x10, 0xa3, 0x10,
    0xa3, 0x10, 0xa3, 0x10, 0xa3, 0x10, 0xa3, 0x10, 0xa3, 0x10, 0xa3, 0x10, 0xa3, 0x10, 0xa3, 0x10, 0xa3, 0x10, 0xa3, 0x10, 0xa3, 0x10, 0xa3, 0x10,
    0xa3, 0x10, 0xa3, 0x10, 0xa3, 0x10, 0xa3, 0x10, 0xa3, 0x10, 0xa3, 0x10, 0xa3, 0x10, 0xa3, 0x10, 0xa3, 0x10, 0xa3, 0x10, 0xa3, 0x10, 0xa3, 0x10,
    0xa3, 0x10, 0xa3, 0x10, 0xa3, 0x10, 0xa3, 0x10, 0xa3, 0x10, 0xa3, 0x10, 0xa3, 0x10, 0xa3, 0x10, 0xa3, 0x10, 0xa3, 0x10, 0xa3, 0x10, 0xa3, 0x10,
    0xa3, 0x10, 0xa3, 0x10, 0xa3, 0x10, 0xa3, 0x10, 0xa3, 0x10, 0xa3, 0x10, 0xa3, 0x10, 0xa3, 0x10, 0xa3, 0x10, 0xa3, 0x10, 0xa3, 0x10, 0xa3, 0x10,
    0xa3, 0x10, 0xa3, 0x10, 0xa3, 0x10, 0xa3, 0x10, 0xa3, 0x10, 0xa3, 0x10, 0xa3, 0x10, 0xa3, 0x10, 0xa3, 0x10, 0xa3, 0x10, 0xa3, 0x10, 0xa3, 0x10,
};

static const lv_image_dsc_t avatar_11 = {
    .header.magic = LV_IMAGE_HEADER_MAGIC,
    .header.cf = LV_COLOR_FORMAT_RGB565,
    .header.w = 48,
    .header.h = 48,
    .header.stride = 96,
    .data_size = 4608,
    .data = avatar_11_map,
};

static const uint8_t avatar_12_map[] = {
    0xa3, 0x10, 0xa3, 0x10, 0xa3, 0x10, 0xa3, 0x10, 0xa3, 0x10, 0xa3, 0x10, 0xa3, 0x10, 0xa3, 0x10, 0xa3, 0x10, 0xa3, 0x10, 0xa3, 0x10, 0xa3, 0x10,
    0xa3, 0x10, 0xa3, 0x10, 0xa3, 0x10, 0xa3, 0x10, 0xa3, 0x10, 0xa3, 0x10, 0xa3, 0x10, 0xa3, 0x10, 0xa3, 0x10, 0xa3, 0x10, 0xa3, 0x10, 0xa3, 0x10,
    0xa3, 0x10, 0xa3, 0x10, 0xa3, 0x10, 0xa3, 0x10, 0xa3, 0x10, 0xa3, 0x10, 0xa3, 0x10, 0xa3, 0x10, 0xa3, 0x10, 0xa3, 0x10, 0xa3, 0x10, 0xa3, 0x10,
    0xa3, 0x10, 0xa3, 0x10, 0xa3, 0x10, 0xa3, 0x10, 0xa3, 0x10, 0xa3, 0x10, 0xa3, 0x10, 0xa3, 0x10, 0xa3, 0x10, 0xa3, 0x10, 0xa3, 0x10, 0xa3, 0x10,
    0xa3, 0x10, 0xa3, 0x10, 0xa3, 0x10, 0xa3, 0x10, 0xa3, 0x10, 0xa3, 0x10, 0xa3, 0x10, 0xa3, 0x10, 0xa3, 0x10, 0xa3, 0x10, 0xa3, 0x10, 0xa3, 0x10,
    0xa3, 0x10, 0xa3, 0x10, 0xa3, 0x10, 0xa3, 0x10, 0xa3, 0x10, 0xa3, 0x10, 0xa3, 0x10, 0xa3, 0x10, 0xa3, 0x10, 0xa3, 0x10, 0xa3, 0x10, 0xa3, 0x10,
    0xa3, 0x10, 0xa3, 0x10, 0xa3, 0x10, 0xa3, 0x10, 0xa3, 0x10, 0xa3, 0x10, 0xa3, 0x10, 0xa3, 0x10, 0xa3, 0x10, 0xa3, 0x10, 0xa3, 0x10, 0xa3, 0x10,
    0xa3, 0x10, 0xa3, 0x10, 0xa3, 0x10, 0xa3, 0x10, 0xa3, 0x10, 0xa3, 0x10, 0xa3, 0x10, 0xa3, 0x10, 0xa3, 0x10, 0xa3, 0x10, 0xa3, 0x10, 0xa3, 0x10,
    0xa3, 0x10, 0xa3, 0x10, 0xa3, 0x10, 0xa3, 0x10, 0xa3, 0x10, 0xa3, 0x10, 0xa3, 0x10, 0xa3, 0x10, 0xa3, 0x10, 0xa3, 0x10, 0xa3, 0x10, 0xa3, 0x10,
    0xa3, 0x10, 0xa3, 0x10, 0xa3, 0x10, 0xa3, 0x10, 0xa3, 0x10, 0xa3, 0x10, 0xa3, 0x10, 0xa3, 0x10, 0xa3, 0x10, 0xa3, 0x10, 0xa3, 0x10, 0xa3, 0x10,
    0xa3, 0x10, 0xa3, 0x10, 0xa3, 0x10, 0xa3, 0x10, 0xa3, 0x10, 0xa3, 0x10, 0xa3, 0x10, 0xa3, 0x10, 0xa3, 0x10, 0xa3, 0x10, 0xa3, 0x10, 0xa3, 0x10,
    0xa3, 0x10, 0xa3, 0x10, 0xa3, 0x10, 0xa3, 0x10, 0xa3, 0x10, 0xa3, 0x10, 0xa3, 0x10, 0xa3, 0x10, 0xa3, 0x10, 0xa3, 0x10, 0xa3, 0x10, 0xa3, 0x10,
    0xa3, 0x10, 0xa3, 0x10, 0xa3, 0x10, 0xa3, 0x10, 0xa3, 0x10, 0xa3, 0x10, 0xa3, 0x10, 0xa3, 0x10, 0xa3, 0x10, 0xa3, 0x10, 0xa3, 0x10, 0xa3, 0x10,
    0xa3, 0x10, 0xa3, 0x10, 0xa3, 0x10, 0xa3, 0x10, 0xa3, 0x10, 0xa3, 0x10, 0xa3, 0x10, 0xa3, 0x10, 0xa3, 0x10, 0xa3, 0x10, 0xa3, 0x10, 0xa3, 0x10,
    0xa3, 0x10, 0xa3, 0x10, 0xa3, 0x10, 0xa3, 0x10, 0xa3, 0x10, 0xa3, 0x10, 0xa3, 0x10, 0xa3, 0x10, 0xa3, 0x10, 0xa3, 0x10, 0xa3, 0x10, 0xa3, 0x10,
    0xa3, 0x10, 0xa3, 0x10, 0xa3, 0x10, 0xa3, 0x10, 0xa3, 0x10, 0xa3, 0x10, 0xa3, 0x10, 0xa3, 0x10, 0xa3, 0x10, 0xa3, 0x10, 0xa3, 0x10, 0xa3, 0x10,
    0xa3, 0x10, 0xa3, 0x10, 0xa3, 0x10, 0xa3, 0x10, 0xa3, 0x10, 0xa3, 0x10, 0xa3, 0x10, 0xa3, 0x10, 0xa3, 0x10, 0xa3, 0x10, 0xa3, 0x10, 0xa3, 0x10,
    0xa3, 0x10, 0xa3, 0x10, 0xa3, 0x10, 0xa3, 0x10, 0xa3, 0x10, 0xa3, 0x10, 0xa3, 0x10, 0xa3, 0x10, 0xa3, 0x10, 0xa3, 0x10, 0xa3, 0x10, 0xa3, 0x10,
    0xa3, 0x10, 0xa3, 0x10, 0xa3, 0x10, 0xa3, 0x10, 0xa3, 0x10, 0xa3, 0x10, 0xa3, 0x10, 0xa3, 0x10, 0xa3, 0x10, 0xa3, 0x10, 0xa3, 0x10, 0xa3, 0x10,
    0xa3, 0x10, 0xa3, 0x10, 0xa3, 0x10, 0xa3, 0x10, 0xa3, 0x10, 0xa3, 0x10, 0xa3, 0x10, 0xa3, 0x10, 0xa3, 0x10, 0xa3, 0x10, 0xa3, 0x10, 0xa3, 0x10,
    0xa3, 0x10, 0xa3, 0x10, 0xa3, 0x10, 0xa3, 0x10, 0xa3, 0x10, 0xa3, 0x10, 0xa3, 0x10, 0xa3, 0x10, 0xa3, 0x10, 0xa3, 0x10, 0xa3, 0x10, 0xa3, 0x10,
    0xa3, 0x10, 0xa3, 0x10, 0xa3, 0x10, 0xa3, 0x10, 0xa3, 0x10, 0xa3, 0x10, 0xa3, 0x10, 0xa3, 0x10, 0xa3, 0x10, 0xa3, 0x10, 0xa3, 0x10, 0xa3, 0x10,
    0xa3, 0x10, 0xa3, 0x10, 0xa3, 0x10, 0xa3, 0x10, 0xa3, 0x10, 0xa3, 0x10, 0xa3, 0x10, 0xa3, 0x10, 0xa3, 0x10, 0xa3, 0x10, 0xa3, 0x10, 0xa3, 0x10,
    0xa3, 0x10, 0xa3, 0x10, 0xa3, 0x10, 0xa3, 0x10, 0xa3, 0x10, 0xa3, 0x10, 0xa3, 0x10, 0xa3, 0x10, 0xa3, 0x10, 0xa3, 0x10, 0xa3, 0x10, 0xa3, 0x10,
    0xa3, 0x10, 0xa3, 0x10, 0xa3, 0x10, 0xa3, 0x10, 0xa3, 0x10, 0xa3, 0x10, 0xa3, 0x10, 0xa3, 0x10, 0xa3, 0x10, 0xa3, 0x10, 0xa3, 0x10, 0xa3, 0x10,
    0xa3, 0x10, 0xa3, 0x10, 0xa3, 0x10, 0xa3, 0x10, 0xa3, 0x10, 0xa3, 0x10, 0xa3, 0x10, 0xa3, 0x10, 0xa3, 0x10, 0xa3, 0x10, 0xa3, 0x10, 0xa3, 0x10,
    0xa3, 0x10, 0xa3, 0x10, 0xa3, 0x10, 0xa3, 0x10, 0xa3, 0x10, 0xa3, 0x10, 0xa3, 0x10, 0xa3, 0x10, 0xa3, 0x10, 0xa3, 0x10, 0xa3, 0x10, 0xa3, 0x10,
    0xa3, 0x10, 0xa3, 0x10, 0xa3, 0x10, 0xa3, 0x10, 0xa3, 0x10, 0xa3, 0x10, 0xa3, 0x10, 0xa3, 0x10, 0xa3, 0x10, 0xa3, 0x10, 0xa3, 0x10, 0xa3, 0x10,
    0xa3, 0x10, 0xa3, 0x10, 0xa3, 0x10, 0xa3, 0x10, 0xa3, 0x10, 0xa3, 0x10, 0xa3, 0x10, 0xa3, 0x10, 0xa3, 0x10, 0xa3, 0x10, 0xa3, 0x10, 0xa3, 0x10,
    0xa3, 0x10, 0xa3, 0x10, 0xa3, 0x10, 0xa3, 0x10, 0xa3, 0x10, 0xa3, 0x10, 0xa3, 0x10, 0xa3, 0x10, 0xa3, 0x10, 0xa3, 0x10, 0xa3, 0x10, 0xa3, 0x10,
    0xa3, 0x10, 0xa3, 0x10, 0xa3, 0x10, 0xa3, 0x10, 0xa3, 0x10, 0xa3, 0x10, 0xa3, 0x10, 0xa3, 0x10, 0xa3, 0x10, 0xa3, 0x10, 0xa3, 0x10, 0xa3, 0x10,
    0xa3, 0x10, 0xa3, 0x10, 0xa3, 0x10, 0xa3, 0x10, 0xa3, 0x10, 0xa3, 0x10, 0xa3, 0x10, 0xa3, 0x10, 0xa3, 0x10, 0xa3, 0x10, 0xa3, 0x10, 0xa3, 0x10,
    0xa3, 0x10, 0xa3, 0x10, 0xa3, 0x10, 0xa3, 0x10, 0xa3, 0x10, 0xa3, 0x10, 0xa3, 0x10, 0xa3, 0x10, 0xa3, 0x10, 0xa3, 0x10, 0xa3, 0x10, 0xa3, 0x10,
    0xa3, 0x10, 0xa3, 0x10, 0xa3, 0x10, 0xa3, 0x10, 0xa3, 0x10, 0xa3, 0x10, 0xa3, 0x10, 0xa3, 0x10, 0xa3, 0x10, 0xa3, 0x10, 0xa3, 0x10, 0xa3, 0x10,
    0xa3, 0x10, 0xa3, 0x10, 0xa3, 0x10, 0xa3, 0x10, 0xa3, 0x10, 0xa3, 0x10, 0xa3, 0x10, 0xa3, 0x10, 0xa3, 0x10, 0xa3, 0x10, 0xa3, 0x10, 0xa3, 0x10,
    0xa3, 0x10, 0xa3, 0x10, 0xa3, 0x10, 0xa3, 0x10, 0xa3, 0x10, 0xa3, 0x10, 0xa3, 0x10, 0xa3, 0x10, 0xa3, 0x10, 0xa3, 0x10, 0xa3, 0x10, 0xa3, 0x10,
    0xa3, 0x10, 0xa3, 0x10, 0xa3, 0x10, 0xa3, 0x10, 0xa3, 0x10, 0xa3, 0x10, 0xa3, 0x10, 0xa3, 0x10, 0xa3, 0x10, 0xa3, 0x10, 0xa3, 0x10, 0xa3, 0x10,
    0xa3, 0x10, 0xa3, 0x10, 0xa3, 0x10, 0xa3, 0x10, 0xa3, 0x10, 0xa3, 0x10, 0xa3, 0x10, 0xa3, 0x10, 0xa3, 0x10, 0xa3, 0x10, 0xa3, 0x10, 0xa3, 0x10,
    0xa3, 0x10, 0xa3, 0x10, 0xa3, 0x10, 0xa3, 0x10, 0xa3, 0x10, 0xa3, 0x10, 0xa3, 0x10, 0xa3, 0x10, 0xa3, 0x10, 0xa3, 0x10, 0xa3, 0x10, 0xa3, 0x10,
    0xa3, 0x10, 0xa3, 0x10, 0xa3, 0x10, 0xa3, 0x10, 0xa3, 0x10, 0xa3, 0x10, 0xa3, 0x10, 0xa3, 0x10, 0xa3, 0x10, 0xa3, 0x10, 0xa3, 0x10, 0xa3, 0x10,
    0xa3, 0x10, 0xa3, 0x10, 0xa3, 0x10, 0xa3, 0x10, 0xa3, 0x10, 0xa3, 0x10, 0xa3, 0x10, 0xa3, 0x10, 0xa3, 0x10, 0xa3, 0x10, 0xa3, 0x10, 0xa3, 0x10,
    0xa3, 0x10, 0xa3, 0x10, 0xa3, 0x10, 0xa3, 0x10, 0xa3, 0x10, 0xa3, 0x10, 0xa3, 0x10, 0x9d, 0xb4, 0x9d, 0xb4, 0x9d, 0xb4, 0x9d, 0xb4, 0x9d, 0xb4,
    0x9d, 0xb4, 0x9d, 0xb4, 0x9d, 0xb4, 0x9d, 0xb4, 0x9d, 0xb4, 0x9d, 0xb4, 0xa3, 0x10, 0xa3, 0x10, 0xa3, 0x10, 0xa3, 0x10, 0xa3, 0x10, 0xa3, 0x10,
    0xa3, 0x10, 0xa3, 0x10, 0xa3, 0x10, 0xa3, 0x10, 0xa3, 0x10, 0xa3, 0x10, 0xa3, 0x10, 0xa3, 0x10, 0xa3, 0x10, 0xa3, 0x10, 0xa3, 0x10, 0xa3, 0x10,
    0xa3, 0x10, 0xa3, 0x10, 0xa3, 0x10, 0xa3, 0x10, 0xa3, 0x10, 0xa3, 0x10, 0xa3, 0x10, 0xa3, 0x10, 0xa3, 0x10, 0xa3, 0x10, 0xa3, 0x10, 0xa3, 0x10,
    0xa3, 0x10, 0xa3, 0x10, 0xa3, 0x10, 0xa3, 0x10, 0xa3, 0x10, 0x9d, 0xb4, 0x9d, 0xb4, 0x9d, 0xb4, 0x9d, 0xb4, 0x9d, 0xb4, 0x9d, 0xb4, 0x9d, 0xb4,
    0x9d, 0xb4, 0x9d, 0xb4, 0x9d, 0xb4, 0x9d, 0xb4, 0x9d, 0xb4, 0x9d, 0xb4, 0x9d, 0xb4, 0x9d, 0xb4, 0xa3, 0x10, 0xa3, 0x10, 0xa3, 0x10, 0xa3, 0x10,
    0xa3, 0x10, 0xa3, 0x10, 0xa3, 0x10, 0xa3, 0x10, 0xa3, 0x10, 0xa3, 0x10, 0xa3, 0x10, 0xa3, 0x10, 0xa3, 0x10, 0xa3, 0x10, 0xa3, 0x10, 0xa3, 0x10,
    0xa3, 0x10, 0xa3, 0x10, 0xa3, 0x10, 0xa3, 0x10, 0xa3, 0x10, 0xa3, 0x10, 0xa3, 0x10, 0xa3, 0x10, 0xa3, 0x10, 0xa3, 0x10, 0xa3, 0x10, 0xa3, 0x10,
    0xa3, 0x10, 0xa3, 0x10, 0xa3, 0x10, 0x9d, 0xb4, 0x9d, 0xb4, 0x9d, 0xb4, 0x9d, 0xb4, 0x9d, 0xb4, 0x9d, 0xb4, 0x9d, 0xb4, 0x9d, 0xb4, 0x9d, 0xb4,
    0x9d, 0xb4, 0x9d, 0xb4, 0x9d, 0xb4, 0x9d, 0xb4, 0x9d, 0xb4, 0x9d, 0xb4, 0x9d, 0xb4, 0x9d, 0xb4, 0x9d, 0xb4, 0x9d, 0xb4, 0xa3, 0x10, 0xa3, 0x10,
    0xa3, 0x10, 0xa3, 0x10, 0xa3, 0x10, 0xa3, 0x10, 0xa3, 0x10, 0xa3, 0x10, 0xa3, 0x10, 0xa3, 0x10, 0xa3, 0x10, 0xa3, 0x10, 0xa3, 0x10, 0xa3, 0x10,
    0xa3, 0x10, 0xa3, 0x10, 0xa3, 0x10, 0xa3, 0x10, 0xa3, 0x10, 0xa3, 0x10, 0xa3, 0x10, 0xa3, 0x10, 0xa3, 0x10, 0xa3, 0x10, 0xa3, 0x10, 0xa3, 0x10,
    0xa3, 0x10, 0xa3, 0x10, 0x9d, 0xb4, 0x9d, 0xb4, 0x9d, 0xb4, 0x9d, 0xb4, 0x9d, 0xb4, 0x9d, 0xb4, 0x9d, 0xb4, 0x9d, 0xb4, 0x9d, 0xb4, 0x9d, 0xb4,
    0x9d, 0xb4, 0x9d, 0xb4, 0x9d, 0xb4, 0x9d, 0xb4, 0x9d, 0xb4, 0x9d, 0xb4, 0x9d, 0xb4, 0x9d, 0xb4, 0x9d, 0xb4, 0x9d, 0xb4, 0x9d, 0xb4, 0xa3, 0x10,
    0xa3, 0x10, 0xa3, 0x10, 0xa3, 0x10, 0xa3, 0x10, 0xa3, 0x10, 0xa3, 0x10, 0xa3, 0x10, 0xa3, 0x10, 0xa3, 0x10, 0xa3, 0x10, 0xa3, 0x10, 0xa3, 0x10,
    0xa3, 0x10, 0xa3, 0x10, 0xa3, 0x10, 0xa3, 0x10, 0xa3, 0x10, 0xa3, 0x10, 0xa3, 0x10, 0xa3, 0x10, 0xa3, 0x10, 0xa3, 0x10, 0xa3, 0x10, 0xa3, 0x10,
    0x9d, 0xb4, 0x9d, 0xb4, 0x9d, 0xb4, 0x9d, 0xb4, 0x9d, 0xb4, 0x9d, 0xb4, 0x9d, 0xb4, 0x9d, 0xb4, 0x9d, 0xb4, 0x9d, 0xb4, 0x9d, 0xb4, 0x9d, 0xb4,
    0x9d, 0xb4, 0x9d, 0xb4, 0x9d, 0xb4, 0x9d, 0xb4, 0x9d, 0xb4, 0x9d, 0xb4, 0x9d, 0xb4, 0x9d, 0xb4, 0x9d, 0xb4, 0x9d, 0xb4, 0x9d, 0xb4, 0x9d, 0xb4,
    0x9d, 0xb4, 0xa3, 0x10, 0xa3, 0x10, 0xa3, 0x10, 0xa3, 0x10, 0xa3, 0x10, 0xa3, 0x10, 0xa3, 0x10, 0xa3, 0x10, 0xa3, 0x10, 0xa3, 0x10, 0xa3, 0x10,
    0xa3, 0x10, 0xa3, 0x10, 0xa3, 0x10, 0xa3, 0x10, 0xa3, 0x10, 0xa3, 0x10, 0xa3, 0x10, 0xa3, 0x10, 0xa3, 0x10, 0xa3, 0x10, 0xa3, 0x10, 0xa3, 0x10,
    0x9d, 0xb4, 0x9d, 0xb4, 0x9d, 0xb4, 0x9d, 0xb4, 0x9d, 0xb4, 0x9d, 0xb4, 0x9d, 0xb4, 0x9d, 0xb4, 0x9d, 0xb4, 0x9d, 0xb4, 0x9d, 0xb4, 0x9d, 0xb4,
    0x9d, 0xb4, 0x9d, 0xb4, 0x9d, 0xb4, 0x9d, 0xb4, 0x9d, 0xb4, 0x9d, 0xb4, 0x9d, 0xb4, 0x9d, 0xb4, 0x9d, 0xb4, 0x9d, 0xb4, 0x9d, 0xb4, 0x9d, 0xb4,
    0x9d, 0xb4, 0xa3, 0x10, 0xa3, 0x10, 0xa3, 0x10, 0xa3, 0x10, 0xa3, 0x10, 0xa3, 0x10, 0xa3, 0x10, 0xa3, 0x10, 0xa3, 0x10, 0xa3, 0x10, 0xa3, 0x10,
    0xa3, 0x10, 0xa3, 0x10, 0xa3, 0x10, 0xa3, 0x10, 0xa3, 0x10, 0xa3, 0x10, 0xa3, 0x10, 0xa3, 0x10, 0xa3, 0x10, 0xa3, 0x10, 0xa3, 0x10, 0x9d, 0xb4,
    0x9d, 0xb4, 0x9d, 0xb4, 0x9d, 0xb4, 0x9d, 0xb4, 0x9d, 0xb4, 0x9d, 0xb4, 0x9d, 0xb4, 0x9d, 0xb4, 0x9d, 0xb4, 0x9d, 0xb4, 0x9d, 0xb4, 0x9d, 0xb4,
    0x9d, 0xb4, 0x9d, 0xb4, 0x9d, 0xb4, 0x9d, 0xb4, 0x9d, 0xb4, 0x9d, 0xb4, 0x9d, 0xb4, 0x9d, 0xb4, 0x9d, 0xb4, 0x9d, 0xb4, 0x9d, 0xb4, 0x9d, 0xb4,
    0x9d, 0xb4, 0x9d, 0xb4, 0xa3, 0x10, 0xa3, 0x10, 0xa3, 0x10, 0xa3, 0x10, 0xa3, 0x10, 0xa3, 0x10, 0xa3, 0x10, 0xa3, 0x10, 0xa3, 0x10, 0xa3, 0x10,
    0xa3, 0x10, 0xa3, 0x10, 0xa3, 0x10, 0xa3, 0x10, 0xa3, 0x10, 0xa3, 0x10, 0xa3, 0x10, 0xa3, 0x10, 0xa3, 0x10, 0xa3, 0x10, 0x9d, 0xb4, 0x9d, 0xb4,
    0x9d, 0xb4, 0x9d, 0xb4, 0x9d, 0xb4, 0x9d, 0xb4, 0x9d, 0xb4, 0x9d, 0xb4, 0x9d, 0xb4, 0x9d, 0xb4, 0x93, 0x62, 0x93, 0x62, 0x93, 0x62, 0x93, 0x62,
    0x93, 0x62, 0x93, 0x62, 0x93, 0x62, 0x93, 0x62, 0x93, 0x62, 0x9d, 0xb4, 0x9d, 0xb4, 0x9d, 0xb4, 0x9d, 0xb4, 0x9d, 0xb4, 0x9d, 0xb4, 0x9d, 0xb4,
    0x9d, 0xb4, 0x9d, 0xb4, 0x9d, 0xb4, 0xa3, 0x10, 0xa3, 0x10, 0xa3, 0x10, 0xa3, 0x10, 0xa3, 0x10, 0xa3, 0x10, 0xa3, 0x10, 0xa3, 0x10, 0xa3, 0x10,
    0xa3, 0x10, 0xa3, 0x10, 0xa3, 0x10, 0xa3, 0x10, 0xa3, 0x10, 0xa3, 0x10, 0xa3, 0x10, 0xa3, 0x10, 0xa3, 0x10, 0xa3, 0x10, 0x9d, 0xb4, 0x9d, 0xb4,
    0x9d, 0xb4, 0x9d, 0xb4, 0x9d, 0xb4, 0x9d, 0xb4, 0x9d, 0xb4, 0x9d, 0xb4, 0x93, 0x62, 0x93, 0x62, 0x93, 0x62, 0x93, 0x62, 0x93, 0x62, 0x93, 0x62,
    0x93, 0x62, 0x93, 0x62, 0x93, 0x62, 0x93, 0x62, 0x93, 0x62, 0x93, 0x62, 0x93, 0x62, 0x9d, 0xb4, 0x9d, 0xb4, 0x9d, 0xb4, 0x9d, 0xb4, 0x9d, 0xb4,
    0x9d, 0xb4, 0x9d, 0xb4, 0x9d, 0xb4, 0xa3, 0x10, 0xa3, 0x10, 0xa3, 0x10, 0xa3, 0x10, 0xa3, 0x10, 0xa3, 0x10, 0xa3, 0x10, 0xa3, 0x10, 0xa3, 0x10,
    0xa3, 0x10, 0xa3, 0x10, 0xa3, 0x10, 0xa3, 0x10, 0xa3, 0x10, 0xa3, 0x10, 0xa3, 0x10, 0xa3, 0x10, 0xa3, 0x10, 0x9d, 0xb4, 0x9d, 0xb4, 0x9d, 0xb4,
    0x9d, 0xb4, 0x9d, 0xb4, 0x9d, 0xb4, 0x9d, 0xb4, 0x9d, 0xb4, 0x93, 0x62, 0x93, 0x62, 0x93, 0x62, 0x93, 0x62, 0x93, 0x62, 0x93, 0x62, 0x93, 0x62,
    0x93, 0x62, 0x93, 0x62, 0x93, 0x62, 0x93, 0x62, 0x93, 0x62, 0x93, 0x62, 0x93, 0x62, 0x93, 0x62, 0x9d, 0xb4, 0x9d, 0xb4, 0x9d, 0xb4, 0x9d, 0xb4,
    0x9d, 0xb4, 0x9d, 0xb4, 0x9d, 0xb4, 0x9d, 0xb4, 0xa3, 0x10, 0xa3, 0x10, 0xa3, 0x10, 0xa3, 0x10, 0xa3, 0x10, 0xa3, 0x10, 0xa3, 0x10, 0xa3, 0x10,
    0xa3, 0x10, 0xa3, 0x10, 0xa3, 0x10, 0xa3, 0x10, 0xa3, 0x10, 0xa3, 0x10, 0xa3, 0x10, 0xa3, 0x10, 0xa3, 0x10, 0x9d, 0xb4, 0x9d, 0xb4, 0x9d, 0xb4,
    0x9d, 0xb4, 0x9d, 0xb4, 0x9d, 0xb4, 0x9d, 0xb4, 0x93, 0x62, 0x93, 0x62, 0x93, 0x62, 0x93, 0x62, 0x93, 0x62, 0x93, 0x62, 0x93, 0x62, 0x93, 0x62,
    0x93, 0x62, 0x93, 0x62, 0x93, 0x62, 0x93, 0x62, 0x93, 0x62, 0x93, 0x62, 0x93, 0x62, 0x93, 0x62, 0x93, 0x62, 0x9d, 0xb4, 0x9d, 0xb4, 0x9d, 0xb4,
    0x9d, 0xb4, 0x9d, 0xb4, 0x9d, 0xb4, 0x9d, 0xb4, 0xa3, 0x10, 0xa3, 0x10, 0xa3, 0x10, 0xa3, 0x10, 0xa3, 0x10, 0xa3, 0x10, 0xa3, 0x10, 0xa3, 0x10,
    0xa3, 0x10, 0xa3, 0x10, 0xa3, 0x10, 0xa3, 0x10, 0xa3, 0x10, 0xa3, 0x10, 0xa3, 0x10, 0xa3, 0x10, 0x9d, 0xb4, 0x9d, 0xb4, 0x9d, 0xb4, 0x9d, 0xb4,
    0x9d, 0xb4, 0x9d, 0xb4, 0x9d, 0xb4, 0x93, 0x62, 0x93, 0x62, 0x93, 0x62, 0x93, 0x62, 0x93, 0x62, 0x93, 0x62, 0x93, 0x62, 0x93, 0x62, 0x93, 0x62,
    0x93, 0x62, 0x93, 0x62, 0x93, 0x62, 0x93, 0x62, 0x93, 0x62, 0x93, 0x62, 0x93, 0x62, 0x93, 0x62, 0x93, 0x62, 0x93, 0x62, 0x9d, 0xb4, 0x9d, 0xb4,
    0x9d, 0xb4, 0x9d, 0xb4, 0x9d, 0xb4, 0x9d, 0xb4, 0x9d, 0xb4, 0xa3, 0x10, 0xa3, 0x10, 0xa3, 0x10, 0xa3, 0x10, 0xa3, 0x10, 0xa3, 0x10, 0xa3, 0x10,
    0xa3, 0x10, 0xa3, 0x10, 0xa3, 0x10, 0xa3, 0x10, 0xa3, 0x10, 0xa3, 0x10, 0xa3, 0x10, 0xa3, 0x10, 0x9d, 0xb4, 0x9d, 0xb4, 0x9d, 0xb4, 0x9d, 0xb4,
    0x9d, 0xb4, 0x9d, 0xb4, 0x93, 0x62, 0x93, 0x62, 0x93, 0x62, 0x93, 0x62, 0x93, 0x62, 0x93, 0x62, 0x93, 0x62, 0x93, 0x62, 0x93, 0x62, 0x93, 0x62,
    0x93, 0x62, 0x93, 0x62, 0x93, 0x62, 0x93, 0x62, 0x93, 0x62, 0x93, 0x62, 0x93, 0x62, 0x93, 0x62, 0x93, 0x62, 0x93, 0x62, 0x93, 0x62, 0x9d, 0xb4,
    0x9d, 0xb4, 0x9d, 0xb4, 0x9d, 0xb4, 0x9d, 0xb4, 0x9d, 0xb4, 0xa3, 0x10, 0xa3, 0x10, 0xa3, 0x10, 0xa3, 0x10, 0xa3, 0x10, 0xa3, 0x10, 0xa3, 0x10,
    0xa3, 0x10, 0xa3, 0x10, 0xa3, 0x10, 0xa3, 0x10, 0xa3, 0x10, 0xa3, 0x10, 0xa3, 0x10, 0xa3, 0x10, 0x9d, 0xb4, 0x9d, 0xb4, 0x9d, 0xb4, 0x9d, 0xb4,
    0x9d, 0xb4, 0x9d, 0xb4, 0x93, 0x62, 0x93, 0x62, 0x93, 0x62, 0x93, 0x62, 0xa3, 0x10, 0xa3, 0x10, 0xa3, 0x10, 0x93, 0x62, 0x93, 0x62, 0x93, 0x62,
    0x93, 0x62, 0x93, 0x62, 0x93, 0x62, 0x93, 0x62, 0xa3, 0x10, 0xa3, 0x10, 0xa3, 0x10, 0x93, 0x62, 0x93, 0x62, 0x93, 0x62, 0x93, 0x62, 0x9d, 0xb4,
    0x9d, 0xb4, 0x9d, 0xb4, 0x9d, 0xb4, 0x9d, 0xb4, 0x9d, 0xb4, 0xa3, 0x10, 0xa3, 0x10, 0xa3, 0x10, 0xa3, 0x10, 0xa3, 0x10, 0xa3, 0x10, 0xa3, 0x10,
    0xa3, 0x10, 0xa3, 0x10, 0xa3, 0x10, 0xa3, 0x10, 0xa3, 0x10, 0xa3, 0x10, 0xa3, 0x10, 0xa3, 0x10, 0x9d, 0xb4, 0x9d, 0xb4, 0x9d, 0xb4, 0x9d, 0xb4,
    0x9d, 0xb4, 0x93, 0x62, 0x93, 0x62, 0x93, 0x62, 0x93, 0x62, 0xa3, 0x10, 0xa3, 0x10, 0xa3, 0x10, 0xa3, 0x10, 0xa3, 0x10, 0x93, 0x62, 0x93, 0x62,
    0x93, 0x62, 0x93, 0x62, 0x93, 0x62, 0xa3, 0x10, 0xa3, 0x10, 0xa3, 0x10, 0xa3, 0x10, 0xa3, 0x10, 0x93, 0x62, 0x93, 0x62, 0x93, 0x62, 0x93, 0x62,
    0x9d, 0xb4, 0x9d, 0xb4, 0x9d, 0xb4, 0x9d, 0xb4, 0x9d, 0xb4, 0xa3, 0x10, 0xa3, 0x10, 0xa3, 0x10, 0xa3, 0x10, 0xa3, 0x10, 0xa3, 0x10, 0xa3, 0x10,
    0xa3, 0x10, 0xa3, 0x10, 0xa3, 0x10, 0xa3, 0x10, 0xa3, 0x10, 0xa3, 0x10, 0xa3, 0x10, 0xa3, 0x10, 0x9d, 0xb4, 0x9d, 0xb4, 0x9d, 0xb4, 0x9d, 0xb4,
    0x9d, 0xb4, 0x93, 0x62, 0x93, 0x62, 0x93, 0x62, 0x93, 0x62, 0xa3, 0x10, 0xa3, 0x10, 0xa3, 0x10, 0xa3, 0x10, 0xa3, 0x10, 0x93, 0x62, 0x93, 0x62,
    0x93, 0x62, 0x93, 0x62, 0x93, 0x62, 0xa3, 0x10, 0xa3, 0x10, 0xa3, 0x10, 0xa3, 0x10, 0xa3, 0x10, 0x93, 0x62, 0x93, 0x62, 0x93, 0x62, 0x93, 0x62,
    0x9d, 0xb4, 0x9d, 0xb4, 0x9d, 0xb4, 0x9d, 0xb4, 0x9d, 0xb4, 0xa3, 0x10, 0xa3, 0x10, 0xa3, 0x10, 0xa3, 0x10, 0xa3, 0x10, 0xa3, 0x10, 0xa3, 0x10,
    0xa3, 0x10, 0xa3, 0x10, 0xa3, 0x10, 0xa3, 0x10, 0xa3, 0x10, 0xa3, 0x10, 0xa3, 0x10, 0xa3, 0x10, 0x9d, 0xb4, 0x9d, 0xb4, 0x9d, 0xb4, 0x9d, 0xb4,
    0x9d, 0xb4, 0x93, 0x62, 0x93, 0x62, 0x93, 0x62, 0x93, 0x62, 0xa3, 0x10, 0xa3, 0x10, 0xa3, 0x10, 0xa3, 0x10, 0xa3, 0x10, 0x93, 0x62, 0x93, 0x62,
    0x93, 0x62, 0x93, 0x62, 0x93, 0x62, 0xa3, 0x10, 0xa3, 0x10, 0xa3, 0x10, 0xa3, 0x10, 0xa3, 0x10, 0x93, 0x62, 0x93, 0x62, 0x93, 0x62, 0x93, 0x62,
    0x9d, 0xb4, 0x9d, 0xb4, 0x9d, 0xb4, 0x9d, 0xb4, 0x9d, 0xb4, 0xa3, 0x10, 0xa3, 0x10, 0xa3, 0x10, 0xa3, 0x10, 0xa3, 0x10, 0xa3, 0x10, 0xa3, 0x10,
    0xa3, 0x10, 0xa3, 0x10, 0xa3, 0x10, 0xa3, 0x10, 0xa3, 0x10, 0xa3, 0x10, 0xa3, 0x10, 0xa3, 0x10, 0x9d, 0xb4, 0x9d, 0xb4, 0x9d, 0xb4, 0x9d, 0xb4,
    0x9d, 0xb4, 0x93, 0x62, 0x93, 0x62, 0x93, 0x62, 0x93, 0x62, 0x93, 0x62, 0xa3, 0x10, 0xa3, 0x10, 0xa3, 0x10, 0x93, 0x62, 0x93, 0x62, 0x93, 0x62,
    0x93, 0x62, 0x93, 0x62, 0x93, 0x62, 0x93, 0x62, 0xa3, 0x10, 0xa3, 0x10, 0xa3, 0x10, 0x93, 0x62, 0x93, 0x62, 0x93, 0x62, 0x93, 0x62, 0x93, 0x62,
    0x9d, 0xb4, 0x9d, 0xb4, 0x9d, 0xb4, 0x9d, 0xb4, 0x9d, 0xb4, 0xa3, 0x10, 0xa3, 0x10, 0xa3, 0x10, 0xa3, 0x10, 0xa3, 0x10, 0xa3, 0x10, 0xa3, 0x10,
    0xa3, 0x10, 0xa3, 0x10, 0xa3, 0x10, 0xa3, 0x10, 0xa3, 0x10, 0xa3, 0x10, 0xa3, 0x10, 0xa3, 0x10, 0x9d, 0xb4, 0x9d, 0xb4, 0x9d, 0xb4, 0x9d, 0xb4,
    0x9d, 0xb4, 0x93, 0x62, 0x93, 0x62, 0x93, 0x62, 0x93, 0x62, 0x93, 0x62, 0x93, 0x62, 0x93, 0x62, 0x93, 0x62, 0x93, 0x62, 0x93, 0x62, 0x93, 0x62,
    0x93, 0x62, 0x93, 0x62, 0x93, 0x62, 0x93, 0x62, 0x93, 0x62, 0x93, 0x62, 0x93, 0x62, 0x93, 0x62, 0x93, 0x62, 0x93, 0x62, 0x93, 0x62, 0x93, 0x62,
    0x9d, 0xb4, 0x9d, 0xb4, 0x9d, 0xb4, 0x9d, 0xb4, 0x9d, 0xb4, 0xa3, 0x10, 0xa3, 0x10, 0xa3, 0x10, 0xa3, 0x10, 0xa3, 0x10, 0xa3, 0x10, 0xa3, 0x10,
    0xa3, 0x10, 0xa3, 0x10, 0xa3, 0x10, 0xa3, 0x10, 0xa3, 0x10, 0xa3, 0x10, 0xa3, 0x10, 0xa3, 0x10, 0x9d, 0xb4, 0x9d, 0xb4, 0x9d, 0xb4, 0x9d, 0xb4,
    0x9d, 0xb4, 0x93, 0x62, 0x93, 0x62, 0x93, 0x62, 0x93, 0x62, 0x93, 0x62, 0x93, 0x62, 0x93, 0x62, 0x93, 0x62, 0x93, 0x62, 0x93, 0x62, 0x93, 0x62,
    0x93, 0x62, 0x93, 0x62, 0x93, 0x62, 0x93, 0x62, 0x93, 0x62, 0x93, 0x62, 0x93, 0x62, 0x93, 0x62, 0x93, 0x62, 0x93, 0x62, 0x93, 0x62, 0x93, 0x62,
    0x9d, 0xb4, 0x9d, 0xb4, 0x9d, 0xb4, 0x9d, 0xb4, 0x9d, 0xb4, 0xa3, 0x10, 0xa3, 0x10, 0xa3, 0x10, 0xa3, 0x10, 0xa3, 0x10, 0xa3, 0x10, 0xa3, 0x10,
    0xa3, 0x10, 0xa3, 0x10, 0xa3, 0x10, 0xa3, 0x10, 0xa3, 0x10, 0xa3, 0x10, 0xa3, 0x10, 0xa3, 0x10, 0x9d, 0xb4, 0x9d, 0xb4, 0x9d, 0xb4, 0x9d, 0xb4,
    0x9d, 0xb4, 0x93, 0x62, 0x93, 0x62, 0x93, 0x62, 0x93, 0x62, 0x93, 0x62, 0x93, 0x62, 0x93, 0x62, 0x93, 0x62, 0x93, 0x62, 0x93, 0x62, 0x93, 0x62,
    0x93, 0x62, 0x93, 0x62, 0x93, 0x62, 0x93, 0x62, 0x93, 0x62, 0x93, 0x62, 0x93, 0x62, 0x93, 0x62, 0x93, 0x62, 0x93, 0x62, 0x93, 0x62, 0x93, 0x62,
    0x9d, 0xb4, 0x9d, 0xb4, 0x9d, 0xb4, 0x9d, 0xb4, 0x9d, 0xb4, 0xa3, 0x10, 0xa3, 0x10, 0xa3, 0x10, 0xa3, 0x10, 0xa3, 0x10, 0xa3, 0x10, 0xa3, 0x10,
    0xa3, 0x10, 0xa3, 0x10, 0xa3, 0x10, 0xa3, 0x10, 0xa3, 0x10, 0xa3, 0x10, 0xa3, 0x10, 0xa3, 0x10, 0x9d, 0xb4, 0x9d, 0xb4, 0x9d, 0xb4, 0x9d, 0xb4,
    0x9d, 0xb4, 0x93, 0x62, 0x93, 0x62, 0x93, 0x62, 0x93, 0x62, 0x93, 0x62, 0x93, 0x62, 0x93, 0x62, 0x78, 0x4e, 0x78, 0x4e, 0x78, 0x4e, 0x78, 0x4e,
    0x78, 0x4e, 0x78, 0x4e, 0x78, 0x4e, 0x78, 0x4e, 0x78, 0x4e, 0x93, 0x62, 0x93, 0x62, 0x93, 0x62, 0x93, 0x62, 0x93, 0x62, 0x93, 0x62, 0x93, 0x62,
    0x9d, 0xb4, 0x9d, 0xb4, 0x9d, 0xb4, 0x9d, 0xb4, 0x9d, 0xb4, 0xa3, 0x10, 0xa3, 0x10, 0xa3, 0x10, 0xa3, 0x10, 0xa3, 0x10, 0xa3, 0x10, 0xa3, 0x10,
    0xa3, 0x10, 0xa3, 0x10, 0xa3, 0x10, 0xa3, 0x10, 0xa3, 0x10, 0xa3, 0x10, 0xa3, 0x10, 0xa3, 0x10, 0xa3, 0x10, 0x9d, 0xb4, 0x9d, 0xb4, 0x9d, 0xb4,
    0x9d, 0xb4, 0x93, 0x62, 0x93, 0x62, 0x93, 0x62, 0x93, 0x62, 0x93, 0x62, 0x93, 0x62, 0x93, 0x62, 0x78, 0x4e, 0x78, 0x4e, 0x78, 0x4e, 0x78, 0x4e,
    0x78, 0x4e, 0x78, 0x4e, 0x78, 0x4e, 0x78, 0x4e, 0x78, 0x4e, 0x93, 0x62, 0x93, 0x62, 0x93, 0x62, 0x93, 0x62, 0x93, 0x62, 0x93, 0x62, 0x93, 0x62,
    0x9d, 0xb4, 0x9d, 0xb4, 0x9d, 0xb4, 0x9d, 0xb4, 0xa3, 0x10, 0xa3, 0x10, 0xa3, 0x10, 0xa3, 0x10, 0xa3, 0x10, 0xa3, 0x10, 0xa3, 0x10, 0xa3, 0x10,
    0xa3, 0x10, 0xa3, 0x10, 0xa3, 0x10, 0xa3, 0x10, 0xa3, 0x10, 0xa3, 0x10, 0xa3, 0x10, 0xa3, 0x10, 0xa3, 0x10, 0x9d, 0xb4, 0x9d, 0xb4, 0x9d, 0xb4,
    0x9d, 0xb4, 0x9d, 0xb4, 0x93, 0x62, 0x93, 0x62, 0x93, 0x62, 0x93, 0x62, 0x93, 0x62, 0x93, 0x62, 0x78, 0x4e, 0x78, 0x4e, 0x78, 0x4e, 0x78, 0x4e,
    0x78, 0x4e, 0x78, 0x4e, 0x78, 0x4e, 0x78, 0x4e, 0x78, 0x4e, 0x93, 0x62, 0x93, 0x62, 0x93, 0x62, 0x93, 0x62, 0x93, 0x62, 0x93, 0x62, 0x9d, 0xb4,
    0x9d, 0xb4, 0x9d, 0xb4, 0x9d, 0xb4, 0x9d, 0xb4, 0xa3, 0x10, 0xa3, 0x10, 0xa3, 0x10, 0xa3, 0x10, 0xa3, 0x10, 0xa3, 0x10, 0xa3, 0x10, 0xa3, 0x10,
    0xa3, 0x10, 0xa3, 0x10, 0xa3, 0x10, 0xa3, 0x10, 0xa3, 0x10, 0xa3, 0x10, 0xa3, 0x10, 0xa3, 0x10, 0xa3, 0x10, 0xa3, 0x10, 0x9d, 0xb4, 0x9d, 0xb4,
    0x9d, 0xb4, 0x9d, 0xb4, 0x93, 0x62, 0x93, 0x62, 0x93, 0x62, 0x93, 0x62, 0x93, 0x62, 0x93, 0x62, 0x93, 0x62, 0x93, 0x62, 0x93, 0x62, 0x93, 0x62,
    0x93, 0x62, 0x93, 0x62, 0x93, 0x62, 0x93, 0x62, 0x93, 0x62, 0x93, 0x62, 0x93, 0x62, 0x93, 0x62, 0x93, 0x62, 0x93, 0x62, 0x93, 0x62, 0x9d, 0xb4,
    0x9d, 0xb4, 0x9d, 0xb4, 0x9d, 0xb4, 0xa3, 0x10, 0xa3, 0x10, 0xa3, 0x10, 0xa3, 0x10, 0xa3, 0x10, 0xa3, 0x10, 0xa3, 0x10, 0xa3, 0x10, 0xa3, 0x10,
    0xa3, 0x10, 0xa3, 0x10, 0xa3, 0x10, 0xa3, 0x10, 0xa3, 0x10, 0xa3, 0x10, 0xa3, 0x10, 0xa3, 0x10, 0xa3, 0x10, 0xa3, 0x10, 0x9d, 0xb4, 0x9d, 0xb4,
    0x9d, 0xb4, 0x9d, 0xb4, 0x9d, 0xb4, 0x93, 0x62, 0x93, 0x62, 0x93, 0x62, 0x93, 0x62, 0x93, 0x62, 0x93, 0x62, 0x93, 0x62, 0x93, 0x62, 0x93, 0x62,
    0x93, 0x62, 0x93, 0x62, 0x93, 0x62, 0x93, 0x62, 0x93, 0x62, 0x93, 0x62, 0x93, 0x62, 0x93, 0x62, 0x93, 0x62, 0x93, 0x62, 0x9d, 0xb4, 0x9d, 0xb4,
    0x9d, 0xb4, 0x9d, 0xb4, 0x9d, 0xb4, 0xa3, 0x10, 0xa3, 0x10, 0xa3, 0x10, 0xa3, 0x10, 0xa3, 0x10, 0xa3, 0x10, 0xa3, 0x10, 0xa3, 0x10, 0xa3, 0x10,
    0xa3, 0x10, 0xa3, 0x10, 0xa3, 0x10, 0xa3, 0x10, 0xa3, 0x10, 0xa3, 0x10, 0xa3, 0x10, 0xa3, 0x10, 0xa3, 0x10, 0xa3, 0x10, 0xa3, 0x10, 0x9d, 0xb4,
    0x9d, 0xb4, 0x9d, 0xb4, 0x9d, 0xb4, 0x9d, 0xb4, 0x93, 0x62, 0x93, 0x62, 0x93, 0x62, 0x93, 0x62, 0x93, 0x62, 0x93, 0x62, 0x93, 0x62, 0x93, 0x62,
    0x93, 0x62, 0x93, 0x62, 0x93, 0x62, 0x93, 0x62, 0x93, 0x62, 0x93, 0x62, 0x93, 0x62, 0x93, 0x62, 0x93, 0x62, 0x9d, 0xb4, 0x9d, 0xb4, 0x9d, 0xb4,
    0x9d, 0xb4, 0x9d, 0xb4, 0xa3, 0x10, 0xa3, 0x10, 0xa3, 0x10, 0xa3, 0x10, 0xa3, 0x10, 0xa3, 0x10, 0xa3, 0x10, 0xa3, 0x10, 0xa3, 0x10, 0xa3, 0x10,
    0xa3, 0x10, 0xa3, 0x10, 0xa3, 0x10, 0xa3, 0x10, 0xa3, 0x10, 0xa3, 0x10, 0xa3, 0x10, 0xa3, 0x10, 0xa3, 0x10, 0xa3, 0x10, 0xa3, 0x10, 0xa3, 0x10,
    0x9d, 0xb4, 0x9d, 0xb4, 0x9d, 0xb4, 0x9d, 0xb4, 0x9d, 0xb4, 0x93, 0x62, 0x93, 0x62, 0x93, 0x62, 0x93, 0x62, 0x93, 0x62, 0x93, 0x62, 0x93, 0x62,
    0x93, 0x62, 0x93, 0x62, 0x93, 0x62, 0x93, 0x62, 0x93, 0x62, 0x93, 0x62, 0x93, 0x62, 0x93, 0x62, 0x9d, 0xb4, 0x9d, 0xb4, 0x9d, 0xb4, 0x9d, 0xb4,
    0x9d, 0xb4, 0xa3, 0x10, 0xa3, 0x10, 0xa3, 0x10, 0xa3, 0x10, 0xa3, 0x10, 0xa3, 0x10, 0xa3, 0x10, 0xa3, 0x10, 0xa3, 0x10, 0xa3, 0x10, 0xa3, 0x10,
    0xa3, 0x10, 0xa3, 0x10, 0xa3, 0x10, 0xa3, 0x10, 0xa3, 0x10, 0xa3, 0x10, 0xa3, 0x10, 0xa3, 0x10, 0xa3, 0x10, 0xa3, 0x10, 0xa3, 0x10, 0xa3, 0x10,
    0x9d, 0xb4, 0x9d, 0xb4, 0x9d, 0xb4, 0x9d, 0xb4, 0x9d, 0xb4, 0x9d, 0xb4, 0x93, 0x62, 0x93, 0x62, 0x93, 0x62, 0x93, 0x62, 0x93, 0x62, 0x93, 0x62,
    0x93, 0x62, 0x93, 0x62, 0x93, 0x62, 0x93, 0x62, 0x93, 0x62, 0x93, 0x62, 0x93, 0x62, 0x9d, 0xb4, 0x9d, 0xb4, 0x9d, 0xb4, 0x9d, 0xb4, 0x9d, 0xb4,
    0x9d, 0xb4, 0xa3, 0x10, 0xa3, 0x10, 0xa3, 0x10, 0xa3, 0x10, 0xa3, 0x10, 0xa3, 0x10, 0xa3, 0x10, 0xa3, 0x10, 0xa3, 0x10, 0xa3, 0x10, 0xa3, 0x10,
    0xa3, 0x10, 0xa3, 0x10, 0xa3, 0x10, 0xa3, 0x10, 0xa3, 0x10, 0xa3, 0x10, 0xa3, 0x10, 0xa3, 0x10, 0xa3, 0x10, 0xa3, 0x10, 0xa3, 0x10, 0xa3, 0x10,
    0xa3, 0x10, 0xa3, 0x10, 0x9d, 0xb4, 0x9d, 0xb4, 0x9d, 0xb4, 0x9d, 0xb4, 0x9d, 0xb4, 0x9d, 0xb4, 0x93, 0x62, 0x93, 0x62, 0x93, 0x62, 0x93, 0x62,
    0x93, 0x62, 0x93, 0x62, 0x93, 0x62, 0x93, 0x62, 0x93, 0x62, 0x9d, 0xb4, 0x9d, 0xb4, 0x9d, 0xb4, 0x9d, 0xb4, 0x9d, 0xb4, 0x9d, 0xb4, 0xa3, 0x10,
    0xa3, 0x10, 0xa3, 0x10, 0xa3, 0x10, 0xa3, 0x10, 0xa3, 0x10, 0xa3, 0x10, 0xa3, 0x10, 0xa3, 0x10, 0xa3, 0x10, 0xa3, 0x10, 0xa3, 0x10, 0xa3, 0x10,
    0xa3, 0x10, 0xa3, 0x10, 0xa3, 0x10, 0xa3, 0x10, 0xa3, 0x10, 0xa3, 0x10, 0xa3, 0x10, 0xa3, 0x10, 0xa3, 0x10, 0xa3, 0x10, 0xa3, 0x10, 0xa3, 0x10,
    0xa3, 0x10, 0xa3, 0x10, 0xa3, 0x10, 0x9d, 0xb4, 0x9d, 0xb4, 0x9d, 0xb4, 0x9d, 0xb4, 0x9d, 0xb4, 0x9d, 0xb4, 0x9d, 0xb4, 0x9d, 0xb4, 0x9d, 0xb4,
    0x9d, 0xb4, 0x9d, 0xb4, 0x9d, 0xb4, 0x9d, 0xb4, 0x9d, 0xb4, 0x9d, 0xb4, 0x9d, 0xb4, 0x9d, 0xb4, 0x9d, 0xb4, 0x9d, 0xb4, 0xa3, 0x10, 0xa3, 0x10,
    0xa3, 0x10, 0xa3, 0x10, 0xa3, 0x10, 0xa3, 0x10, 0xa3, 0x10, 0xa3, 0x10, 0xa3, 0x10, 0xa3, 0x10, 0xa3, 0x10, 0xa3, 0x10, 0xa3, 0x10, 0xa3, 0x10,
    0xa3, 0x10, 0xa3, 0x10, 0xa3, 0x10, 0xa3, 0x10, 0xa3, 0x10, 0xa3, 0x10, 0xa3, 0x10, 0xa3, 0x10, 0xa3, 0x10, 0xa3, 0x10, 0xa3, 0x10, 0xa3, 0x10,
    0xa3, 0x10, 0xa3, 0x10, 0xa3, 0x10, 0xa3, 0x10, 0xa3, 0x10, 0x9d, 0xb4, 0x9d, 0xb4, 0x9d, 0xb4, 0x9d, 0xb4, 0x9d, 0xb4, 0x9d, 0xb4, 0x9d, 0xb4,
    0x9d, 0xb4, 0x9d, 0xb4, 0x9d, 0xb4, 0x9d, 0xb4, 0x9d, 0xb4, 0x9d, 0xb4, 0x9d, 0xb4, 0x9d, 0xb4, 0xa3, 0x10, 0xa3, 0x10, 0xa3, 0x10, 0xa3, 0x10,
    0xa3, 0x10, 0xa3, 0x10, 0xa3, 0x10, 0xa3, 0x10, 0xa3, 0x10, 0xa3, 0x10, 0xa3, 0x10, 0xa3, 0x10, 0xa3, 0x10, 0xa3, 0x10, 0xa3, 0x10, 0xa3, 0x10,
    0xa3, 0x10, 0xa3, 0x10, 0xa3, 0x10, 0xa3, 0x10, 0xa3, 0x10, 0xa3, 0x10, 0xa3, 0x10, 0xa3, 0x10, 0xa3, 0x10, 0xa3, 0x10, 0xa3, 0x10, 0xa3, 0x10,
    0xa3, 0x10, 0xa3, 0x10, 0xa3, 0x10, 0xa3, 0x10, 0xa3, 0x10, 0xa3, 0x10, 0xa3, 0x10, 0x9d, 0xb4, 0x9d, 0xb4, 0x9d, 0xb4, 0x9d, 0xb4, 0x9d, 0xb4,
    0x9d, 0xb4, 0x9d, 0xb4, 0x9d, 0xb4, 0x9d, 0xb4, 0x9d, 0xb4, 0x9d, 0xb4, 0xa3, 0x10, 0xa3, 0x10, 0xa3, 0x10, 0xa3, 0x10, 0xa3, 0x10, 0xa3, 0x10,
    0xa3, 0x10, 0xa3, 0x10, 0xa3, 0x10, 0xa3, 0x10, 0xa3, 0x10, 0xa3, 0x10, 0xa3, 0x10, 0xa3, 0x10, 0xa3, 0x10, 0xa3, 0x10, 0xa3, 0x10, 0xa3, 0x10,
    0xa3, 0x10, 0xa3, 0x10, 0xa3, 0x10, 0xa3, 0x10, 0xa3, 0x10, 0xa3, 0x10, 0xa3, 0x10, 0xa3, 0x10, 0xa3, 0x10, 0xa3, 0x10, 0xa3, 0x10, 0xa3, 0x10,
    0xa3, 0x10, 0xa3, 0x10, 0xa3, 0x10, 0xa3, 0x10, 0xa3, 0x10, 0xa3, 0x10, 0xa3, 0x10, 0xa3, 0x10, 0xa3, 0x10, 0xa3, 0x10, 0xa3, 0x10, 0xa3, 0x10,
    0xa3, 0x10, 0xa3, 0x10, 0xa3, 0x10, 0xa3, 0x10, 0xa3, 0x10, 0xa3, 0x10, 0xa3, 0x10, 0xa3, 0x10, 0xa3, 0x10, 0xa3, 0x10, 0xa3, 0x10, 0xa3, 0x10,
    0xa3, 0x10, 0xa3, 0x10, 0xa3, 0x10, 0xa3, 0x10, 0xa3, 0x10, 0xa3, 0x10, 0xa3, 0x10, 0xa3, 0x10, 0xa3, 0x10, 0xa3, 0x10, 0xa3, 0x10, 0xa3, 0x10,
    0xa3, 0x10, 0xa3, 0x10, 0xa3, 0x10, 0xa3, 0x10, 0xa3, 0x10, 0xa3, 0x10, 0xa3, 0x10, 0xa3, 0x10, 0xa3, 0x10, 0xa3, 0x10, 0xa3, 0x10, 0xa3, 0x10,
    0xa3, 0x10, 0xa3, 0x10, 0xa3, 0x10, 0xa3, 0x10, 0xa3, 0x10, 0xa3, 0x10, 0xa3, 0x10, 0xa3, 0x10, 0xa3, 0x10, 0xa3, 0x10, 0xa3, 0x10, 0xa3, 0x10,
    0xa3, 0x10, 0xa3, 0x10, 0xa3, 0x10, 0xa3, 0x10, 0xa3, 0x10, 0xa3, 0x10, 0xa3, 0x10, 0xa3, 0x10, 0xa3, 0x10, 0xa3, 0x10, 0xa3, 0x10, 0xa3, 0x10,
    0xa3, 0x10, 0xa3, 0x10, 0xa3, 0x10, 0xa3, 0x10, 0xa3, 0x10, 0xa3, 0x10, 0xa3, 0x10, 0xa3, 0x10, 0xa3, 0x10, 0xa3, 0x10, 0xa3, 0x10, 0xa3, 0x10,
    0xa3, 0x10, 0xa3, 0x10, 0xa3, 0x10, 0xa3, 0x10, 0xa3, 0x10, 0xa3, 0x10, 0xa3, 0x10, 0xa3, 0x10, 0xa3, 0x10, 0xa3, 0x10, 0xa3, 0x10, 0xa3, 0x10,
    0xa3, 0x10, 0xa3, 0x10, 0xa3, 0x10, 0xa3, 0x10, 0xa3, 0x10, 0xa3, 0x10, 0xa3, 0x10, 0xa3, 0x10, 0xa3, 0x10, 0xa3, 0x10, 0xa3, 0x10, 0xa3, 0x10,
    0xa3, 0x10, 0xa3, 0x10, 0xa3, 0x10, 0xa3, 0x10, 0xa3, 0x10, 0xa3, 0x10, 0xa3, 0x10, 0xa3, 0x10, 0xa3, 0x10, 0xa3, 0x10, 0xa3, 0x10, 0xa3, 0x10,
    0xa3, 0x10, 0xa3, 0x10, 0xa3, 0x10, 0xa3, 0x10, 0xa3, 0x10, 0xa3, 0x10, 0xa3, 0x10, 0xa3, 0x10, 0xa3, 0x10, 0xa3, 0x10, 0xa3, 0x10, 0xa3, 0x10,
    0xa3, 0x10, 0xa3, 0x10, 0xa3, 0x10, 0xa3, 0x10, 0xa3, 0x10, 0xa3, 0x10, 0xa3, 0x10, 0xa3, 0x10, 0xa3, 0x10, 0xa3, 0x10, 0xa3, 0x10, 0xa3, 0x10,
    0xa3, 0x10, 0xa3, 0x10, 0xa3, 0x10, 0xa3, 0x10, 0xa3, 0x10, 0xa3, 0x10, 0xa3, 0x10, 0xa3, 0x10, 0xa3, 0x10, 0xa3, 0x10, 0xa3, 0x10, 0xa3, 0x10,
    0xa3, 0x10, 0xa3, 0x10, 0xa3, 0x10, 0xa3, 0x10, 0xa3, 0x10, 0xa3, 0x10, 0xa3, 0x10, 0xa3, 0x10, 0xa3, 0x10, 0xa3, 0x10, 0xa3, 0x10, 0xa3, 0x10,
    0xa3, 0x10, 0xa3, 0x10, 0xa3, 0x10, 0xa3, 0x10, 0xa3, 0x10, 0xa3, 0x10, 0xa3, 0x10, 0xa3, 0x10, 0xa3, 0x10, 0xa3, 0x10, 0xa3, 0x10, 0xa3, 0x10,
    0xa3, 0x10, 0xa3, 0x10, 0xa3, 0x10, 0xa3, 0x10, 0xa3, 0x10, 0xa3, 0x10, 0xa3, 0x10, 0xa3, 0x10, 0xa3, 0x10, 0xa3, 0x10, 0xa3, 0x10, 0xa3, 0x10,
    0xa3, 0x10, 0xa3, 0x10, 0xa3, 0x10, 0xa3, 0x10, 0xa3, 0x10, 0xa3, 0x10, 0xa3, 0x10, 0xa3, 0x10, 0xa3, 0x10, 0xa3, 0x10, 0xa3, 0x10, 0xa3, 0x10,
    0xa3, 0x10, 0xa3, 0x10, 0xa3, 0x10, 0xa3, 0x10, 0xa3, 0x10, 0xa3, 0x10, 0xa3, 0x10, 0xa3, 0x10, 0xa3, 0x10, 0xa3, 0x10, 0xa3, 0x10, 0xa3, 0x10,
    0xa3, 0x10, 0xa3, 0x10, 0xa3, 0x10, 0xa3, 0x10, 0xa3, 0x10, 0xa3, 0x10, 0xa3, 0x10, 0xa3, 0x10, 0xa3, 0x10, 0xa3, 0x10, 0xa3, 0x10, 0xa3, 0x10,
};

static const lv_image_dsc_t avatar_12 = {
    .header.magic = LV_IMAGE_HEADER_MAGIC,
    .header.cf = LV_COLOR_FORMAT_RGB565,
    .header.w = 48,
    .header.h = 48,
    .header.stride = 96,
    .data_size = 4608,
    .data = avatar_12_map,
};

static const lv_image_dsc_t *const avatar_slots[AVATAR_SLOT_COUNT] = {
    &avatar_1,
    &avatar_2,
    &avatar_3,
    &avatar_4,
    &avatar_5,
    &avatar_6,
    &avatar_7,
    &avatar_8,
    &avatar_9,
    &avatar_10,
    &avatar_11,
    &avatar_12
};
