#pragma once
/* Generated by demos/persona/05_pack/pack.py — do not edit by hand. */
#include "lvgl.h"

static const uint8_t persona_idle_map[] = {
    0x45, 0x00, 0x45, 0x00, 0x45, 0x00, 0x45, 0x00, 0x45, 0x00, 0x45, 0x00,
    0x45, 0x00, 0x45, 0x00, 0x45, 0x00, 0x45, 0x00, 0x45, 0x00, 0x45, 0x00,
    0x45, 0x00, 0x45, 0x00, 0x45, 0x00, 0x45, 0x00, 0x45, 0x00, 0x45, 0x00,
    0x45, 0x00, 0x45, 0x00, 0x45, 0x00, 0x45, 0x00, 0x45, 0x00, 0x45, 0x00,
    0x45, 0x00, 0x45, 0x00, 0x45, 0x00, 0x45, 0x00, 0x45, 0x00, 0x45, 0x00,
    0x45, 0x00, 0x45, 0x00, 0x45, 0x00, 0x45, 0x00, 0x45, 0x00, 0x45, 0x00,
    0x45, 0x00, 0x45, 0x00, 0x45, 0x00, 0x45, 0x00, 0x45, 0x00, 0x45, 0x00,
    0x45, 0x00, 0x45, 0x00, 0x45, 0x00, 0x45, 0x00, 0x45, 0x00, 0x45, 0x00,
    0x45, 0x00, 0x45, 0x00, 0x45, 0x00, 0x45, 0x00, 0x45, 0x00, 0x45, 0x00,
    0x45, 0x00, 0x45, 0x00, 0x45, 0x00, 0x45, 0x00, 0x45, 0x00, 0x45, 0x00,
    0x45, 0x00, 0x45, 0x00, 0x45, 0x00, 0x45, 0x00, 0x45, 0x00, 0x45, 0x00,
    0x45, 0x00, 0x45, 0x00, 0x45, 0x00, 0x45, 0x00, 0x45, 0x00, 0x45, 0x00,
    0x45, 0x00, 0x45, 0x00, 0x45, 0x00, 0x45, 0x00, 0x45, 0x00, 0x45, 0x00,
    0x45, 0x00, 0x45, 0x00, 0x45, 0x00, 0x45, 0x00, 0x45, 0x00, 0x45, 0x00,
    0x45, 0x00, 0x45, 0x00, 0x45, 0x00, 0x45, 0x00, 0x45, 0x00, 0x45, 0x00,
    0x45, 0x00, 0x45, 0x00, 0x45, 0x00, 0x45, 0x00, 0x45, 0x00, 0x45, 0x00,
    0x45, 0x00, 0x45, 0x00, 0x45, 0x00, 0x45, 0x00, 0x45, 0x00, 0x45, 0x00,
    0x45, 0x00, 0x45, 0x00, 0x45, 0x00, 0x45, 0x00, 0x45, 0x00, 0x45, 0x00,
    0x45, 0x00, 0x45, 0x00, 0x45, 0x00, 0x45, 0x00, 0x45, 0x00, 0x45, 0x00,
    0x45, 0x00, 0x45, 0x00, 0x45, 0x00, 0x45, 0x00, 0x45, 0x00, 0x45, 0x00,
    0x45, 0x00, 0x45, 0x00, 0x45, 0x00, 0x45, 0x00, 0x45, 0x00, 0x45, 0x00,
    0x45, 0x00, 0x45, 0x00, 0x45, 0x00, 0x45, 0x00, 0x45, 0x00, 0x45, 0x00,
    0x45, 0x00, 0x45, 0x00, 0x45, 0x00, 0x45, 0x00, 0x45, 0x00, 0x45, 0x00,
    0x45, 0x00, 0x45, 0x00, 0x45, 0x00, 0x45, 0x00, 0x45, 0x00, 0x45, 0x00,
    0x45, 0x00, 0x45, 0x00, 0x45, 0x00, 0x45, 0x00, 0x45, 0x00, 0x45, 0x00,
    0x45, 0x00, 0x45, 0x00, 0x45, 0x00, 0x45, 0x00, 0x45, 0x00, 0x45, 0x00,
    0x45, 0x00, 0x45, 0x00, 0x45, 0x00, 0x45, 0x00, 0x45, 0x00, 0x45, 0x00,
    0x45, 0x00, 0x45, 0x00, 0x45, 0x00, 0x45, 0x00, 0x45, 0x00, 0x45, 0x00,
    0x45, 0x00, 0x45, 0x00, 0x45, 0x00, 0x45, 0x00, 0x45, 0x00, 0x45, 0x00,
    0x45, 0x00, 0x45, 0x00, 0x45, 0x00, 0x45, 0x00, 0x45, 0x00, 0x45, 0x00,
    0x45, 0x00, 0x45, 0x00, 0x45, 0x00, 0x45, 0x00, 0x45, 0x00, 0x45, 0x00,
    0x45, 0x00, 0x45, 0x00, 0x45, 0x00, 0x45, 0x00, 0x45, 0x00, 0x45, 0x00,
    0x45, 0x00, 0x45, 0x00, 0x45, 0x00, 0x45, 0x00, 0x45, 0x00, 0x45, 0x00,
    0x45, 0x00, 0x45, 0x00, 0x45, 0x00, 0x45, 0x00, 0x45, 0x00, 0x45, 0x00,
    0x45, 0x00, 0x45, 0x00, 0x45, 0x00, 0x45, 0x00, 0x45, 0x00, 0x45, 0x00,
    0x45, 0x00, 0x45, 0x00, 0x45, 0x00, 0x45, 0x00, 0x45, 0x00, 0x45, 0x00,
    0x45, 0x00, 0x45, 0x00, 0x45, 0x00, 0x45, 0x00, 0x45, 0x00, 0x45, 0x00,
    0x45, 0x00, 0x45, 0x00, 0x45, 0x00, 0x45, 0x00, 0x45, 0x00, 0x45, 0x00,
    0x45, 0x00, 0x45, 0x00, 0x45, 0x00, 0x45, 0x00, 0x45, 0x00, 0x45, 0x00,
    0x45, 0x00, 0x45, 0x00, 0x45, 0x00, 0x45, 0x00, 0x45, 0x00, 0x45, 0x00,
    0x45, 0x00, 0x45, 0x00, 0x45, 0x00, 0x45, 0x00, 0x45, 0x00, 0x45, 0x00,
    0x45, 0x00, 0x45, 0x00, 0x45, 0x00, 0x45, 0x00, 0x45, 0x00, 0x45, 0x00,
    0x45, 0x00, 0x45, 0x00, 0x45, 0x00, 0x45, 0x00, 0x45, 0x00, 0x45, 0x00,
    0x45, 0x00, 0x45, 0x00, 0x45, 0x00, 0x45, 0x00, 0x45, 0x00, 0x45, 0x00,
    0x45, 0x00, 0x45, 0x00, 0x45, 0x00, 0x45, 0x00, 0x45, 0x00, 0x45, 0x00,
    0x45, 0x00, 0x45, 0x00, 0x45, 0x00, 0x45, 0x00, 0x45, 0x00, 0x45, 0x00,
    0x45, 0x00, 0x45, 0x00, 0x45, 0x00, 0x45, 0x00, 0x45, 0x00, 0x45, 0x00,
    0x45, 0x00, 0x45, 0x00, 0x45, 0x00, 0x45, 0x00, 0x45, 0x00, 0x45, 0x00,
    0x45, 0x00, 0x45, 0x00, 0x45, 0x00, 0x45, 0x00, 0x45, 0x00, 0x45, 0x00,
    0x45, 0x00, 0x45, 0x00, 0x45, 0x00, 0x45, 0x00, 0x45, 0x00, 0x45, 0x00,
    0x45, 0x00, 0x45, 0x00, 0x45, 0x00, 0x45, 0x00, 0x45, 0x00, 0x45, 0x00,
    0x45, 0x00, 0x45, 0x00, 0x45, 0x00, 0x45, 0x00, 0x45, 0x00, 0x45, 0x00,
    0x45, 0x00, 0x45, 0x00, 0x45, 0x00, 0x45, 0x00, 0x45, 0x00, 0x45, 0x00,
    0x45, 0x00, 0x45, 0x00, 0x45, 0x00, 0x45, 0x00, 0x45, 0x00, 0x45, 0x00,
    0x45, 0x00, 0x45, 0x00, 0x45, 0x00, 0x45, 0x00, 0x45, 0x00, 0x45, 0x00,
    0x45, 0x00, 0x45, 0x00, 0x45, 0x00, 0x45, 0x00, 0x45, 0x00, 0x45, 0x00,
    0x45, 0x00, 0x45, 0x00, 0x45, 0x00, 0x45, 0x00, 0x45, 0x00, 0x45, 0x00,
    0x45, 0x00, 0x45, 0x00, 0x45, 0x00, 0x45, 0x00, 0x45, 0x00, 0x45, 0x00,
    0x45, 0x00, 0x45, 0x00, 0x45, 0x00, 0x45, 0x00, 0x45, 0x00, 0x45, 0x00,
    0x45, 0x00, 0x45, 0x00, 0x45, 0x00, 0x45, 0x00, 0x45, 0x00, 0x45, 0x00,
    0x45, 0x00, 0x45, 0x00, 0x45, 0x00, 0x45, 0x00, 0x45, 0x00, 0x45, 0x00,
    0x45, 0x00, 0x45, 0x00, 0x45, 0x00, 0x45, 0x00, 0x45, 0x00, 0x45, 0x00,
    0x45, 0x00, 0x45, 0x00, 0x45, 0x00, 0x45, 0x00, 0x45, 0x00, 0x45, 0x00,
    0x45, 0x00, 0x45, 0x00, 0x45, 0x00, 0x45, 0x00, 0x45, 0x00, 0x45, 0x00,
    0x45, 0x00, 0x45, 0x00, 0x45, 0x00, 0x45, 0x00, 0x45, 0x00, 0x45, 0x00,
    0x45, 0x00, 0x45, 0x00, 0x45, 0x00, 0x45, 0x00, 0x45, 0x00, 0x45, 0x00,
    0x45, 0x00, 0x45, 0x00, 0x45, 0x00, 0x45, 0x00, 0x45, 0x00, 0x45, 0x00,
    0x45, 0x00, 0x45, 0x00, 0x45, 0x00, 0x45, 0x00, 0x45, 0x00, 0x45, 0x00,
    0x45, 0x00, 0x45, 0x00, 0x45, 0x00, 0x45, 0x00, 0x45, 0x00, 0x45, 0x00,
    0x45, 0x00, 0x45, 0x00, 0x45, 0x00, 0x45, 0x00, 0x45, 0x00, 0x45, 0x00,
    0x45, 0x00, 0x45, 0x00, 0x45, 0x00, 0x45, 0x00, 0x45, 0x00, 0x45, 0x00,
    0x45, 0x00, 0x45, 0x00, 0x45, 0x00, 0x45, 0x00, 0x45, 0x00, 0x45, 0x00,
    0x45, 0x00, 0x45, 0x00, 0x45, 0x00, 0x45, 0x00, 0x45, 0x00, 0x45, 0x00,
    0x45, 0x00, 0x45, 0x00, 0x45, 0x00, 0x45, 0x00, 0x45, 0x00, 0x45, 0x00,
    0x45, 0x00, 0x45, 0x00, 0x45, 0x00, 0x45, 0x00, 0x45, 0x00, 0x45, 0x00,
    0x45, 0x00, 0x45, 0x00, 0x45, 0x00, 0x45, 0x00, 0x45, 0x00, 0x45, 0x00,
    0x45, 0x00, 0x45, 0x00, 0x45, 0x00, 0x45, 0x00, 0x45, 0x00, 0x45, 0x00,
    0x45, 0x00, 0x45, 0x00, 0x45, 0x00, 0x45, 0x00, 0x45, 0x00, 0x45, 0x00,
    0x45, 0x00, 0x45, 0x00, 0x45, 0x00, 0x45, 0x00, 0x45, 0x00, 0x45, 0x00,
    0x45, 0x00, 0x45, 0x00, 0x45, 0x00, 0x45, 0x00, 0x45, 0x00, 0x45, 0x00,
    0x45, 0x00, 0x45, 0x00, 0x45, 0x00, 0x45, 0x00, 0x45, 0x00, 0x45, 0x00,
    0x45, 0x00, 0x45, 0x00, 0x45, 0x00, 0x45, 0x00, 0x45, 0x00, 0x45, 0x00,
    0x45, 0x00, 0x45, 0x00, 0x45, 0x00, 0x45, 0x00, 0x45, 0x00, 0x45, 0x00,
    0x45, 0x00, 0x45, 0x00, 0x45, 0x00, 0x45, 0x00, 0x45, 0x00, 0x45, 0x00,
    0x45, 0x00, 0x45, 0x00, 0x45, 0x00, 0x45, 0x00, 0x45, 0x00, 0x45, 0x00,
    0x45, 0x00, 0x45, 0x00, 0x45, 0x00, 0x45, 0x00, 0x45, 0x00, 0x45, 0x00,
    0x45, 0x00, 0x45, 0x00, 0x45, 0x00, 0x45, 0x00, 0x45, 0x00, 0x45, 0x00,
    0x45, 0x00, 0x45, 0x00, 0x45, 0x00, 0x45, 0x00, 0x45, 0x00, 0x45, 0x00,
    0x45, 0x00, 0x45, 0x00, 0x45, 0x00, 0x45, 0x00, 0x45, 0x00, 0x45, 0x00,
    0x45, 0x00, 0x45, 0x00, 0x45, 0x00, 0x45, 0x00, 0x45, 0x00, 0x45, 0x00,
    0x45, 0x00, 0x45, 0x00, 0x45, 0x00, 0x45, 0x00, 0x45, 0x00, 0x45, 0x00,
    0x45, 0x00, 0x45, 0x00, 0x45, 0x00, 0x45, 0x00, 0x45, 0x00, 0x45, 0x00,
    0x45, 0x00, 0x45, 0x00, 0x45, 0x00, 0x45, 0x00, 0x45, 0x00, 0x45, 0x00,
    0x45, 0x00, 0x45, 0x00, 0x45, 0x00, 0x45, 0x00, 0x45, 0x00, 0x45, 0x00,
    0x45, 0x00, 0x45, 0x00, 0x45, 0x00, 0x45, 0x00, 0x45, 0x00, 0x45, 0x00,
    0x45, 0x00, 0x45, 0x00, 0x45, 0x00, 0x45, 0x00, 0x45, 0x00, 0x45, 0x00,
    0x45, 0x00, 0x45, 0x00, 0x45, 0x00, 0x45, 0x00, 0x45, 0x00, 0x45, 0x00,
    0x45, 0x00, 0x45, 0x00, 0x45, 0x00, 0x45, 0x00, 0x45, 0x00, 0x45, 0x00,
    0x45, 0x00, 0x45, 0x00, 0x45, 0x00, 0x45, 0x00, 0x45, 0x00, 0x45, 0x00,
    0x45, 0x00, 0x45, 0x00, 0x45, 0x00, 0x45, 0x00, 0x45, 0x00, 0x45, 0x00,
    0x45, 0x00, 0x45, 0x00, 0x45, 0x00, 0x45, 0x00, 0x45, 0x00, 0x45, 0x00,
    0x45, 0x00, 0x45, 0x00, 0x45, 0x00, 0x45, 0x00, 0x45, 0x00, 0x45, 0x00,
    0x45, 0x00, 0x45, 0x00, 0x45, 0x00, 0x45, 0x00, 0x45, 0x00, 0x45, 0x00,
    0x45, 0x00, 0x45, 0x00, 0x45, 0x00, 0x45, 0x00, 0x45, 0x00, 0x45, 0x00,
    0x45, 0x00, 0x45, 0x00, 0x45, 0x00, 0x45, 0x00, 0x45, 0x00, 0x45, 0x00,
    0x45, 0x00, 0x45, 0x00, 0x45, 0x00, 0x45, 0x00, 0x45, 0x00, 0x45, 0x00,
    0x45, 0x00, 0x45, 0x00, 0x45, 0x00, 0x45, 0x00, 0x45, 0x00, 0x45, 0x00,
    0x45, 0x00, 0x45, 0x00, 0x45, 0x00, 0x45, 0x00, 0x45, 0x00, 0x45, 0x00,
    0x45, 0x00, 0x45, 0x00, 0x45, 0x00, 0x45, 0x00, 0x45, 0x00, 0x45, 0x00,
    0x45, 0x00, 0x45, 0x00, 0x45, 0x00, 0x45, 0x00, 0x45, 0x00, 0x45, 0x00,
    0x45, 0x00, 0x45, 0x00, 0x45, 0x00, 0x45, 0x00, 0x45, 0x00, 0x45, 0x00,
    0x45, 0x00, 0x45, 0x00, 0x45, 0x00, 0x45, 0x00, 0x45, 0x00, 0x45, 0x00,
    0x45, 0x00, 0x45, 0x00, 0x45, 0x00, 0x45, 0x00, 0x45, 0x00, 0x45, 0x00,
    0x45, 0x00, 0x45, 0x00, 0x45, 0x00, 0x45, 0x00, 0x45, 0x00, 0x45, 0x00,
    0x45, 0x00, 0x45, 0x00, 0x45, 0x00, 0x45, 0x00, 0x45, 0x00, 0x45, 0x00,
    0x45, 0x00, 0x45, 0x00, 0x45, 0x00, 0x25, 0x00, 0x45, 0x00, 0x45, 0x00,
    0x45, 0x00, 0x45, 0x00, 0x45, 0x00, 0x45, 0x00, 0x45, 0x00, 0x45, 0x00,
    0x45, 0x00, 0x45, 0x00, 0x45, 0x00, 0x45, 0x00, 0x45, 0x00, 0x25, 0x00,
    0x45, 0x00, 0x45, 0x00, 0x45, 0x00, 0x45, 0x00, 0x45, 0x00, 0x45, 0x00,
    0x45, 0x00, 0x45, 0x00, 0x45, 0x00, 0x45, 0x00, 0x45, 0x00, 0x45, 0x00,
    0x45, 0x00, 0x45, 0x00, 0x45, 0x00, 0x45, 0x00, 0x45, 0x00, 0x45, 0x00,
    0x45, 0x00, 0x45, 0x00, 0x45, 0x00, 0x45, 0x00, 0x45, 0x00, 0x45, 0x00,
    0x45, 0x00, 0x45, 0x00, 0x45, 0x00, 0x45, 0x00, 0x45, 0x00, 0x45, 0x00,
    0x45, 0x00, 0x45, 0x00, 0x45, 0x00, 0x45, 0x00, 0x45, 0x00, 0x45, 0x00,
    0x45, 0x00, 0x45, 0x00, 0x45, 0x00, 0x45, 0x00, 0x45, 0x00, 0x45, 0x00,
    0x45, 0x00, 0x45, 0x00, 0x45, 0x00, 0x45, 0x00, 0x45, 0x00, 0x45, 0x00,
    0x45, 0x00, 0x45, 0x00, 0x45, 0x00, 0x45, 0x00, 0x45, 0x00, 0x45, 0x00,
    0x45, 0x00, 0x45, 0x00, 0x45, 0x00, 0x45, 0x00, 0x45, 0x00, 0x45, 0x00,
    0x45, 0x00, 0x45, 0x00, 0x45, 0x00, 0x45, 0x00, 0x45, 0x00, 0x45, 0x00,
    0x45, 0x00, 0x45, 0x00, 0x45, 0x00, 0x45, 0x00, 0x45, 0x00, 0x45, 0x00,
    0x45, 0x00, 0x45, 0x00, 0x45, 0x00, 0x45, 0x00, 0x45, 0x00, 0x45, 0x00,
    0x45, 0x00, 0x45, 0x00, 0x45, 0x00, 0x45, 0x00, 0x45, 0x00, 0x45, 0x00,
    0x45, 0x00, 0x45, 0x00, 0x45, 0x00, 0x45, 0x00, 0x45, 0x00, 0x45, 0x00,
    0x45, 0x00, 0x45, 0x00, 0x45, 0x00, 0x45, 0x00, 0x45, 0x00, 0x45, 0x00,
    0x45, 0x00, 0x45, 0x00, 0x45, 0x00, 0x45, 0x00, 0x45, 0x00, 0x45, 0x00,
    0x45, 0x00, 0x45, 0x00, 0x45, 0x00, 0x45, 0x00, 0x45, 0x00, 0x45, 0x00,
    0x45, 0x00, 0x45, 0x00, 0x45, 0x00, 0x45, 0x00, 0x45, 0x00, 0x45, 0x00,
    0x45, 0x00, 0x45, 0x00, 0x45, 0x00, 0x45, 0x00, 0x45, 0x00, 0x45, 0x00,
    0x45, 0x00, 0x45, 0x00, 0x45, 0x00, 0x45, 0x00, 0x45, 0x00, 0x45, 0x00,
    0x45, 0x00, 0x45, 0x00, 0x45, 0x00, 0x45, 0x00, 0x45, 0x00, 0x45, 0x00,
    0x45, 0x00, 0x45, 0x00, 0x45, 0x00, 0x45, 0x00, 0x45, 0x00, 0x45, 0x00,
    0x45, 0x00, 0x45, 0x00, 0x45, 0x00, 0x45, 0x00, 0x45, 0x00, 0x45, 0x00,
    0x45, 0x00, 0x45, 0x00, 0x45, 0x00, 0x45, 0x00, 0x45, 0x00, 0x45, 0x00,
    0x45, 0x00, 0x45, 0x00, 0x45, 0x00, 0x45, 0x00, 0x45, 0x00, 0x45, 0x00,
    0x45, 0x00, 0x45, 0x00, 0x45, 0x00, 0x45, 0x00, 0x45, 0x00, 0x45, 0x00,
    0x45, 0x00, 0x45, 0x00, 0x45, 0x00, 0x45, 0x00, 0x45, 0x00, 0x45, 0x00,
    0x45, 0x00, 0x45, 0x00, 0x45, 0x00, 0x45, 0x00, 0x45, 0x00, 0x45, 0x00,
    0x65, 0x00, 0x65, 0x00, 0x65, 0x00, 0x45, 0x00, 0x04, 0x00, 0x04, 0x00,
    0x04, 0x00, 0x04, 0x00, 0x04, 0x00, 0x04, 0x00, 0x45, 0x00, 0x65, 0x00,
    0x65, 0x00, 0x65, 0x00, 0x65, 0x00, 0x65, 0x00, 0x65, 0x00, 0x65, 0x00,
    0x65, 0x00, 0x65, 0x00, 0x65, 0x00, 0x65, 0x00, 0x65, 0x00, 0x65, 0x00,
    0x65, 0x00, 0x65, 0x00, 0x25, 0x00, 0x04, 0x00, 0x04, 0x00, 0x04, 0x00,
    0x04, 0x00, 0x04, 0x00, 0x04, 0x00, 0x65, 0x00, 0x65, 0x00, 0x65, 0x00,
    0x65, 0x00, 0x45, 0x00, 0x45, 0x00, 0x45, 0x00, 0x45, 0x00, 0x45, 0x00,
    0x45, 0x00, 0x45, 0x00, 0x45, 0x00, 0x45, 0x00, 0x45, 0x00, 0x45, 0x00,
    0x45, 0x00, 0x45, 0x00, 0x45, 0x00, 0x45, 0x00, 0x45, 0x00, 0x45, 0x00,
    0x45, 0x00, 0x45, 0x00, 0x45, 0x00, 0x45, 0x00, 0x45, 0x00, 0x45, 0x00,
    0x45, 0x00, 0x45, 0x00, 0x45, 0x00, 0x45, 0x00, 0x45, 0x00, 0x45, 0x00,
    0x45, 0x00, 0x45, 0x00, 0x45, 0x00, 0x45, 0x00, 0x45, 0x00, 0x45, 0x00,
    0x45, 0x00, 0x45, 0x00, 0x45, 0x00, 0x45, 0x00, 0x45, 0x00, 0x45, 0x00,
    0x45, 0x00, 0x45, 0x00, 0x45, 0x00, 0x45, 0x00, 0x45, 0x00, 0x45, 0x00,
    0x45, 0x00, 0x45, 0x00, 0x45, 0x00, 0x45, 0x00, 0x45, 0x00, 0x45, 0x00,
    0x45, 0x00, 0x45, 0x00, 0x45, 0x00, 0x45, 0x00, 0x45, 0x00, 0x45, 0x00,
    0x45, 0x00, 0x45, 0x00, 0x45, 0x00, 0x45, 0x00, 0x45, 0x00, 0x45, 0x00,
    0x45, 0x00, 0x45, 0x00, 0x45, 0x00, 0x45, 0x00, 0x45, 0x00, 0x45, 0x00,
    0x45, 0x00, 0x45, 0x00, 0x45, 0x00, 0x45, 0x00, 0x45, 0x00, 0x45, 0x00,
    0x45, 0x00, 0x45, 0x00, 0x45, 0x00, 0x45, 0x00, 0x45, 0x00, 0x45, 0x00,
    0x45, 0x00, 0x45, 0x00, 0x45, 0x00, 0x45, 0x00, 0x45, 0x00, 0x45, 0x00,
    0x45, 0x00, 0x45, 0x00, 0x45, 0x00, 0x45, 0x00, 0x45, 0x00, 0x45, 0x00,
    0x45, 0x00, 0x45, 0x00, 0x45, 0x00, 0x45, 0x00, 0x45, 0x00, 0x45, 0x00,
    0x45, 0x00, 0x45, 0x00, 0x45, 0x00, 0x45, 0x00, 0x45, 0x00, 0x45, 0x00,
    0x45, 0x00, 0x45, 0x00, 0x45, 0x00, 0x45, 0x00, 0x45, 0x00, 0x45, 0x00,
    0x45, 0x00, 0x45, 0x00, 0x45, 0x00, 0x45, 0x00, 0x45, 0x00, 0x45, 0x00,
    0x45, 0x00, 0x45, 0x00, 0x45, 0x00, 0x45, 0x00, 0x45, 0x00, 0x45, 0x00,
    0x45, 0x00, 0x45, 0x00, 0x45, 0x00, 0x45, 0x00, 0x45, 0x00, 0x45, 0x00,
    0x45, 0x00, 0x45, 0x00, 0x45, 0x00, 0x45, 0x00, 0x45, 0x00, 0x45, 0x00,
    0x45, 0x00, 0x45, 0x00, 0x45, 0x00, 0x45, 0x00, 0x45, 0x00, 0x45, 0x00,
    0x45, 0x00, 0x45, 0x00, 0x45, 0x00, 0x45, 0x00, 0x45, 0x00, 0x45, 0x00,
    0x45, 0x00, 0x45, 0x00, 0x45, 0x00, 0x45, 0x00, 0x45, 0x00, 0x45, 0x00,
    0x45, 0x00, 0x45, 0x00, 0x45, 0x00, 0x45, 0x00, 0x65, 0x00, 0x65, 0x00,
    0x85, 0x00, 0x45, 0x00, 0x04, 0x00, 0x04, 0x00, 0x04, 0x00, 0x04, 0x00,
    0x47, 0x19, 0x27, 0x11, 0x47, 0x11, 0x47, 0x11, 0x67, 0x19, 0xc6, 0x00,
    0xcc, 0x83, 0xd2, 0xfe, 0x31, 0xee, 0x71, 0xee, 0x71, 0xee, 0x71, 0xee,
    0x71, 0xee, 0x71, 0xee, 0x71, 0xee, 0x71, 0xee, 0x71, 0xee, 0x71, 0xee,
    0x71, 0xee, 0x71, 0xee, 0x31, 0xee, 0xf2, 0xfe, 0xca, 0x5a, 0xc6, 0x00,
    0x47, 0x19, 0x47, 0x11, 0x47, 0x11, 0x47, 0x11, 0x27, 0x11, 0x04, 0x00,
    0x04, 0x00, 0x04, 0x00, 0x04, 0x00, 0x45, 0x00, 0x65, 0x00, 0x65, 0x00,
    0x65, 0x00, 0x45, 0x00, 0x45, 0x00, 0x45, 0x00, 0x45, 0x00, 0x45, 0x00,
    0x45, 0x00, 0x45, 0x00, 0x45, 0x00, 0x45, 0x00, 0x45, 0x00, 0x45, 0x00,
    0x45, 0x00, 0x45, 0x00, 0x45, 0x00, 0x45, 0x00, 0x45, 0x00, 0x45, 0x00,
    0x45, 0x00, 0x45, 0x00, 0x45, 0x00, 0x45, 0x00, 0x45, 0x00, 0x45, 0x00,
    0x45, 0x00, 0x45, 0x00, 0x45, 0x00, 0x45, 0x00, 0x45, 0x00, 0x45, 0x00,
    0x45, 0x00, 0x45, 0x00, 0x45, 0x00, 0x45, 0x00, 0x45, 0x00, 0x45, 0x00,
    0x45, 0x00, 0x45, 0x00, 0x45, 0x00, 0x45, 0x00, 0x45, 0x00, 0x45, 0x00,
    0x45, 0x00, 0x45, 0x00, 0x45, 0x00, 0x45, 0x00, 0x45, 0x00, 0x45, 0x00,
    0x45, 0x00, 0x45, 0x00, 0x45, 0x00, 0x45, 0x00, 0x45, 0x00, 0x45, 0x00,
    0x45, 0x00, 0x45, 0x00, 0x45, 0x00, 0x45, 0x00, 0x45, 0x00, 0x45, 0x00,
    0x45, 0x00, 0x45, 0x00, 0x45, 0x00, 0x45, 0x00, 0x45, 0x00, 0x45, 0x00,
    0x45, 0x00, 0x45, 0x00, 0x45, 0x00, 0x45, 0x00, 0x45, 0x00, 0x45, 0x00,
    0x45, 0x00, 0x45, 0x00, 0x45, 0x00, 0x45, 0x00, 0x45, 0x00, 0x45, 0x00,
    0x45, 0x00, 0x65, 0x00, 0x86, 0x00, 0x65, 0x00, 0x65, 0x00, 0x65, 0x00,
    0x45, 0x00, 0x45, 0x00, 0x45, 0x00, 0x45, 0x00, 0x45, 0x00, 0x45, 0x00,
    0x45, 0x00, 0x45, 0x00, 0x45, 0x00, 0x45, 0x00, 0x45, 0x00, 0x45, 0x00,
    0x45, 0x00, 0x45, 0x00, 0x45, 0x00, 0x45, 0x00, 0x45, 0x00, 0x45, 0x00,
    0x45, 0x00, 0x45, 0x00, 0x45, 0x00, 0x45, 0x00, 0x45, 0x00, 0x45, 0x00,
    0x45, 0x00, 0x45, 0x00, 0x45, 0x00, 0x45, 0x00, 0x45, 0x00, 0x45, 0x00,
    0x45, 0x00, 0x45, 0x00, 0x45, 0x00, 0x45, 0x00, 0x45, 0x00, 0x45, 0x00,
    0x45, 0x00, 0x45, 0x00, 0x45, 0x00, 0x45, 0x00, 0x45, 0x00, 0x45, 0x00,
    0x45, 0x00, 0x45, 0x00, 0x45, 0x00, 0x45, 0x00, 0x45, 0x00, 0x45, 0x00,
    0x45, 0x00, 0x45, 0x00, 0x45, 0x00, 0x45, 0x00, 0x45, 0x00, 0x45, 0x00,
    0x45, 0x00, 0x45, 0x00, 0x45, 0x00, 0x45, 0x00, 0x45, 0x00, 0x45, 0x00,
    0x45, 0x00, 0x45, 0x00, 0x45, 0x00, 0x45, 0x00, 0x45, 0x00, 0x45, 0x00,
    0x45, 0x00, 0x45, 0x00, 0x45, 0x00, 0x45, 0x00, 0x65, 0x00, 0x85, 0x00,
    0x04, 0x00, 0x04, 0x00, 0x03, 0x00, 0x85, 0x00, 0x89, 0x4a, 0x49, 0x3a,
    0x09, 0x3a, 0xea, 0x5a, 0x33, 0xff, 0xd2, 0xfe, 0xf2, 0xfe, 0xf2, 0xfe,
    0xf2, 0xfe, 0xf2, 0xfe, 0xb2, 0xfe, 0x91, 0xf6, 0x91, 0xfe, 0x91, 0xfe,
    0x91, 0xfe, 0x91, 0xfe, 0x91, 0xfe, 0x91, 0xfe, 0x91, 0xfe, 0x91, 0xfe,
    0x91, 0xfe, 0x91, 0xfe, 0x91, 0xfe, 0x91, 0xfe, 0x91, 0xfe, 0x91, 0xf6,
    0xd2, 0xfe, 0xf2, 0xfe, 0xf2, 0xfe, 0xf2, 0xfe, 0xf2, 0xfe, 0xf2, 0xfe,
    0xd2, 0xfe, 0x49, 0x42, 0x49, 0x3a, 0x49, 0x3a, 0x69, 0x4a, 0x05, 0x00,
    0x04, 0x00, 0x04, 0x00, 0x04, 0x00, 0x85, 0x00, 0x65, 0x00, 0x45, 0x00,
    0x45, 0x00, 0x45, 0x00, 0x45, 0x00, 0x45, 0x00, 0x45, 0x00, 0x45, 0x00,
    0x45, 0x00, 0x45, 0x00, 0x45, 0x00, 0x45, 0x00, 0x45, 0x00, 0x45, 0x00,
    0x45, 0x00, 0x45, 0x00, 0x45, 0x00, 0x45, 0x00, 0x45, 0x00, 0x45, 0x00,
    0x45, 0x00, 0x45, 0x00, 0x45, 0x00, 0x45, 0x00, 0x45, 0x00, 0x45, 0x00,
    0x45, 0x00, 0x45, 0x00, 0x45, 0x00, 0x45, 0x00, 0x45, 0x00, 0x45, 0x00,
    0x45, 0x00, 0x45, 0x00, 0x45, 0x00, 0x45, 0x00, 0x45, 0x00, 0x45, 0x00,
    0x45, 0x00, 0x45, 0x00, 0x45, 0x00, 0x45, 0x00, 0x45, 0x00, 0x45, 0x00,
    0x45, 0x00, 0x45, 0x00, 0x45, 0x00, 0x45, 0x00, 0x45, 0x00, 0x45, 0x00,
    0x45, 0x00, 0x45, 0x00, 0x45, 0x00, 0x45, 0x00, 0x45, 0x00, 0x45, 0x00,
    0x45, 0x00, 0x45, 0x00, 0x45, 0x00, 0x45, 0x00, 0x45, 0x00, 0x45, 0x00,
    0x45, 0x00, 0x45, 0x00, 0x45, 0x00, 0x45, 0x00, 0x45, 0x00, 0x45, 0x00,
    0x45, 0x00, 0x45, 0x00, 0x45, 0x00, 0x45, 0x00, 0x45, 0x00, 0x45, 0x00,
    0x45, 0x00, 0x45, 0x00, 0x45, 0x00, 0x04, 0x00, 0x02, 0x00, 0x03, 0x00,
    0x02, 0x00, 0x04, 0x00, 0x45, 0x00, 0x45, 0x00, 0x45, 0x00, 0x45, 0x00,
    0x45, 0x00, 0x45, 0x00, 0x45, 0x00, 0x45, 0x00, 0x45, 0x00, 0x45, 0x00,
    0x45, 0x00, 0x45, 0x00, 0x45, 0x00, 0x45, 0x00, 0x45, 0x00, 0x45, 0x00,
    0x45, 0x00, 0x45, 0x00, 0x45, 0x00, 0x45, 0x00, 0x45, 0x00, 0x45, 0x00,
    0x45, 0x00, 0x45, 0x00, 0x45, 0x00, 0x45, 0x00, 0x45, 0x00, 0x45, 0x00,
    0x45, 0x00, 0x45, 0x00, 0x45, 0x00, 0x45, 0x00, 0x45, 0x00, 0x45, 0x00,
    0x45, 0x00, 0x45, 0x00, 0x45, 0x00, 0x45, 0x00, 0x45, 0x00, 0x45, 0x00,
    0x45, 0x00, 0x45, 0x00, 0x45, 0x00, 0x45, 0x00, 0x45, 0x00, 0x45, 0x00,
    0x45, 0x00, 0x45, 0x00, 0x45, 0x00, 0x45, 0x00, 0x45, 0x00, 0x45, 0x00,
    0x45, 0x00, 0x45, 0x00, 0x45, 0x00, 0x45, 0x00, 0x45, 0x00, 0x45, 0x00,
    0x45, 0x00, 0x45, 0x00, 0x45, 0x00, 0x45, 0x00, 0x45, 0x00, 0x45, 0x00,
    0x45, 0x00, 0x45, 0x00, 0x45, 0x00, 0x45, 0x00, 0x65, 0x00, 0x45, 0x00,
    0x04, 0x00, 0x03, 0x00, 0x49, 0x3a, 0xac, 0x7b, 0x0a, 0x63, 0x8d, 0xa4,
    0x73, 0xff, 0xf2, 0xfe, 0x33, 0xff, 0xf2, 0xfe, 0x71, 0xf6, 0x71, 0xf6,
    0x71, 0xf6, 0x71, 0xf6, 0x71, 0xf6, 0x71, 0xf6, 0x71, 0xf6, 0x71, 0xf6,
    0x71, 0xf6, 0x71, 0xf6, 0x71, 0xf6, 0x71, 0xf6, 0x71, 0xf6, 0x71, 0xf6,
    0x71, 0xf6, 0x71, 0xf6, 0x71, 0xf6, 0x71, 0xf6, 0x71, 0xf6, 0x71, 0xf6,
    0x71, 0xf6, 0x71, 0xf6, 0x71, 0xf6, 0x71, 0xf6, 0x71, 0xf6, 0x71, 0xf6,
    0x71, 0xf6, 0x71, 0xf6, 0x71, 0xf6, 0x13, 0xff, 0x33, 0xff, 0x12, 0xff,
    0x53, 0xff, 0xec, 0x8b, 0x2b, 0x6b, 0xcc, 0x83, 0x87, 0x21, 0x03, 0x00,
    0x04, 0x00, 0x65, 0x00, 0x65, 0x00, 0x45, 0x00, 0x45, 0x00, 0x45, 0x00,
    0x45, 0x00, 0x45, 0x00, 0x45, 0x00, 0x45, 0x00, 0x45, 0x00, 0x45, 0x00,
    0x45, 0x00, 0x45, 0x00, 0x45, 0x00, 0x45, 0x00, 0x45, 0x00, 0x45, 0x00,
    0x45, 0x00, 0x45, 0x00, 0x45, 0x00, 0x45, 0x00, 0x45, 0x00, 0x45, 0x00,
    0x45, 0x00, 0x45, 0x00, 0x45, 0x00, 0x45, 0x00, 0x45, 0x00, 0x45, 0x00,
    0x45, 0x00, 0x45, 0x00, 0x45, 0x00, 0x45, 0x00, 0x45, 0x00, 0x45, 0x00,
    0x45, 0x00, 0x45, 0x00, 0x45, 0x00, 0x45, 0x00, 0x45, 0x00, 0x45, 0x00,
    0x45, 0x00, 0x45, 0x00, 0x45, 0x00, 0x45, 0x00, 0x45, 0x00, 0x45, 0x00,
    0x45, 0x00, 0x45, 0x00, 0x45, 0x00, 0x45, 0x00, 0x45, 0x00, 0x45, 0x00,
    0x45, 0x00, 0x45, 0x00, 0x45, 0x00, 0x45, 0x00, 0x45, 0x00, 0x45, 0x00,
    0x45, 0x00, 0x45, 0x00, 0x45, 0x00, 0x45, 0x00, 0x45, 0x00, 0x45, 0x00,
    0x45, 0x00, 0x45, 0x00, 0x45, 0x00, 0x45, 0x00, 0x45, 0x00, 0x45, 0x00,
    0x45, 0x00, 0x45, 0x00, 0x45, 0x00, 0x45, 0x00, 0x03, 0x00, 0x0b, 0x22,
    0xb8, 0xa5, 0x94, 0x7c, 0xf5, 0x84, 0x8d, 0x3a, 0x24, 0x00, 0x45, 0x00,
    0x45, 0x00, 0x45, 0x00, 0x45, 0x00, 0x45, 0x00, 0x45, 0x00, 0x45, 0x00,
    0x45, 0x00, 0x45, 0x00, 0x45, 0x00, 0x45, 0x00, 0x45, 0x00, 0x45, 0x00,
    0x45, 0x00, 0x45, 0x00, 0x45, 0x00, 0x45, 0x00, 0x45, 0x00, 0x45, 0x00,
    0x45, 0x00, 0x45, 0x00, 0x45, 0x00, 0x45, 0x00, 0x45, 0x00, 0x45, 0x00,
    0x45, 0x00, 0x45, 0x00, 0x45, 0x00, 0x45, 0x00, 0x45, 0x00, 0x45, 0x00,
    0x45, 0x00, 0x45, 0x00, 0x45, 0x00, 0x45, 0x00, 0x45, 0x00, 0x45, 0x00,
    0x45, 0x00, 0x45, 0x00, 0x45, 0x00, 0x45, 0x00, 0x45, 0x00, 0x45, 0x00,
    0x45, 0x00, 0x45, 0x00, 0x45, 0x00, 0x45, 0x00, 0x45, 0x00, 0x45, 0x00,
    0x45, 0x00, 0x45, 0x00, 0x45, 0x00, 0x45, 0x00, 0x45, 0x00, 0x45, 0x00,
    0x45, 0x00, 0x45, 0x00, 0x45, 0x00, 0x45, 0x00, 0x45, 0x00, 0x45, 0x00,
    0x45, 0x00, 0x45, 0x00, 0x45, 0x00, 0x25, 0x00, 0x45, 0x00, 0x04, 0x00,
    0x04, 0x00, 0xa6, 0x00, 0xce, 0xb4, 0x2d, 0x94, 0x51, 0xee, 0x53, 0xff,
    0x33, 0xff, 0xf2, 0xfe, 0x31, 0xee, 0x71, 0xee, 0x51, 0xee, 0x71, 0xee,
    0x71, 0xf6, 0x71, 0xf6, 0x71, 0xf6, 0x71, 0xf6, 0x71, 0xf6, 0x71, 0xf6,
    0x71, 0xf6, 0x71, 0xf6, 0x71, 0xf6, 0x71, 0xf6, 0x71, 0xf6, 0x71, 0xf6,
    0x71, 0xf6, 0x71, 0xf6, 0x71, 0xf6, 0x71, 0xf6, 0x71, 0xf6, 0x71, 0xf6,
    0x71, 0xf6, 0x71, 0xf6, 0x71, 0xf6, 0x71, 0xf6, 0x71, 0xf6, 0x71, 0xf6,
    0x71, 0xf6, 0x71, 0xf6, 0x71, 0xf6, 0x71, 0xf6, 0x71, 0xf6, 0x51, 0xee,
    0x51, 0xee, 0x71, 0xee, 0x51, 0xee, 0xf2, 0xfe, 0x12, 0xff, 0x53, 0xff,
    0xd0, 0xdd, 0x4d, 0x9c, 0x8d, 0xa4, 0x04, 0x00, 0x04, 0x00, 0x05, 0x00,
    0x45, 0x00, 0x25, 0x00, 0x45, 0x00, 0x45, 0x00, 0x45, 0x00, 0x45, 0x00,
    0x45, 0x00, 0x45, 0x00, 0x45, 0x00, 0x45, 0x00, 0x45, 0x00, 0x45, 0x00,
    0x45, 0x00, 0x45, 0x00, 0x45, 0x00, 0x45, 0x00, 0x45, 0x00, 0x45, 0x00,
    0x45, 0x00, 0x45, 0x00, 0x45, 0x00, 0x45, 0x00, 0x45, 0x00, 0x45, 0x00,
    0x45, 0x00, 0x45, 0x00, 0x45, 0x00, 0x45, 0x00, 0x45, 0x00, 0x45, 0x00,
    0x45, 0x00, 0x45, 0x00, 0x45, 0x00, 0x45, 0x00, 0x45, 0x00, 0x45, 0x00,
    0x45, 0x00, 0x45, 0x00, 0x45, 0x00, 0x45, 0x00, 0x45, 0x00, 0x45, 0x00,
    0x45, 0x00, 0x45, 0x00, 0x45, 0x00, 0x45, 0x00, 0x45, 0x00, 0x45, 0x00,
    0x45, 0x00, 0x45, 0x00, 0x45, 0x00, 0x45, 0x00, 0x45, 0x00, 0x45, 0x00,
    0x45, 0x00, 0x45, 0x00, 0x45, 0x00, 0x45, 0x00, 0x45, 0x00, 0x45, 0x00,
    0x45, 0x00, 0x45, 0x00, 0x45, 0x00, 0x45, 0x00, 0x45, 0x00, 0x45, 0x00,
    0x45, 0x00, 0x45, 0x00, 0x45, 0x00, 0x45, 0x00, 0x45, 0x00, 0x45, 0x00,
    0x02, 0x00, 0x90, 0x5b, 0xf9, 0xa5, 0xe7, 0x00, 0xeb, 0x21, 0x08, 0x01,
    0x45, 0x00, 0x45, 0x00, 0x45, 0x00, 0x45, 0x00, 0x45, 0x00, 0x45, 0x00,
    0x45, 0x00, 0x45, 0x00, 0x45, 0x00, 0x45, 0x00, 0x45, 0x00, 0x45, 0x00,
    0x45, 0x00, 0x45, 0x00, 0x45, 0x00, 0x45, 0x00, 0x45, 0x00, 0x45, 0x00,
    0x45, 0x00, 0x45, 0x00, 0x45, 0x00, 0x45, 0x00, 0x45, 0x00, 0x45, 0x00,
    0x45, 0x00, 0x45, 0x00, 0x45, 0x00, 0x45, 0x00, 0x45, 0x00, 0x45, 0x00,
    0x45, 0x00, 0x45, 0x00, 0x45, 0x00, 0x45, 0x00, 0x45, 0x00, 0x45, 0x00,
    0x45, 0x00, 0x45, 0x00, 0x45, 0x00, 0x45, 0x00, 0x45, 0x00, 0x45, 0x00,
    0x45, 0x00, 0x45, 0x00, 0x45, 0x00, 0x45, 0x00, 0x45, 0x00, 0x45, 0x00,
    0x45, 0x00, 0x45, 0x00, 0x45, 0x00, 0x45, 0x00, 0x45, 0x00, 0x45, 0x00,
    0x45, 0x00, 0x45, 0x00, 0x45, 0x00, 0x45, 0x00, 0x45, 0x00, 0x45, 0x00,
    0x45, 0x00, 0x65, 0x00, 0x65, 0x00, 0x05, 0x00, 0x05, 0x00, 0x86, 0x00,
    0x04, 0x00, 0xec, 0x8b, 0xf0, 0xdd, 0xb0, 0xd5, 0xf2, 0xfe, 0xf2, 0xfe,
    0x91, 0xf6, 0x51, 0xee, 0x51, 0xee, 0x71, 0xf6, 0x71, 0xf6, 0x71, 0xf6,
    0x71, 0xf6, 0x71, 0xf6, 0x71, 0xf6, 0x71, 0xf6, 0x71, 0xf6, 0x71, 0xf6,
    0x71, 0xf6, 0x71, 0xf6, 0x71, 0xf6, 0x71, 0xf6, 0x71, 0xf6, 0x71, 0xf6,
    0x71, 0xf6, 0x71, 0xf6, 0x71, 0xf6, 0x71, 0xf6, 0x71, 0xf6, 0x71, 0xf6,
    0x71, 0xf6, 0x71, 0xf6, 0x71, 0xf6, 0x71, 0xf6, 0x71, 0xf6, 0x71, 0xf6,
    0x71, 0xf6, 0x71, 0xf6, 0x71, 0xf6, 0x71, 0xf6, 0x71, 0xf6, 0x71, 0xf6,
    0x71, 0xf6, 0x71, 0xf6, 0x71, 0xf6, 0x71, 0xf6, 0x71, 0xf6, 0x71, 0xf6,
    0x71, 0xee, 0x51, 0xee, 0xb2, 0xfe, 0xf2, 0xfe, 0xf2, 0xfe, 0x6f, 0xcd,
    0x10, 0xe6, 0xea, 0x62, 0x04, 0x00, 0x85, 0x00, 0x04, 0x00, 0x25, 0x00,
    0x65, 0x00, 0x65, 0x00, 0x45, 0x00, 0x45, 0x00, 0x45, 0x00, 0x45, 0x00,
    0x45, 0x00, 0x45, 0x00, 0x45, 0x00, 0x45, 0x00, 0x45, 0x00, 0x45, 0x00,
    0x45, 0x00, 0x45, 0x00, 0x45, 0x00, 0x45, 0x00, 0x45, 0x00, 0x45, 0x00,
    0x45, 0x00, 0x45, 0x00, 0x45, 0x00, 0x45, 0x00, 0x45, 0x00, 0x45, 0x00,
    0x45, 0x00, 0x45, 0x00, 0x45, 0x00, 0x45, 0x00, 0x45, 0x00, 0x45, 0x00,
    0x45, 0x00, 0x45, 0x00, 0x45, 0x00, 0x45, 0x00, 0x45, 0x00, 0x45, 0x00,
    0x45, 0x00, 0x45, 0x00, 0x45, 0x00, 0x45, 0x00, 0x45, 0x00, 0x45, 0x00,
    0x45, 0x00, 0x45, 0x00, 0x45, 0x00, 0x45, 0x00, 0x45, 0x00, 0x45, 0x00,
    0x45, 0x00, 0x45, 0x00, 0x45, 0x00, 0x45, 0x00, 0x45, 0x00, 0x45, 0x00,
    0x45, 0x00, 0x45, 0x00, 0x45, 0x00, 0x45, 0x00, 0x45, 0x00, 0x45, 0x00,
    0x45, 0x00, 0x45, 0x00, 0x45, 0x00, 0x45, 0x00, 0x45, 0x00, 0x45, 0x00,
    0x45, 0x00, 0x45, 0x00, 0x02, 0x00, 0x70, 0x53, 0x53, 0x74, 0x00, 0x00,
    0x02, 0x00, 0x04, 0x00, 0x45, 0x00, 0x45, 0x00, 0x45, 0x00, 0x45, 0x00,
    0x45, 0x00, 0x45, 0x00, 0x45, 0x00, 0x45, 0x00, 0x45, 0x00, 0x45, 0x00,
    0x45, 0x00, 0x45, 0x00, 0x45, 0x00, 0x45, 0x00, 0x45, 0x00, 0x45, 0x00,
    0x45, 0x00, 0x45, 0x00, 0x45, 0x00, 0x45, 0x00, 0x45, 0x00, 0x45, 0x00,
    0x45, 0x00, 0x45, 0x00, 0x45, 0x00, 0x45, 0x00, 0x45, 0x00, 0x45, 0x00,
    0x45, 0x00, 0x45, 0x00, 0x45, 0x00, 0x45, 0x00, 0x45, 0x00, 0x45, 0x00,
    0x45, 0x00, 0x45, 0x00, 0x45, 0x00, 0x45, 0x00, 0x45, 0x00, 0x45, 0x00,
    0x45, 0x00, 0x45, 0x00, 0x45, 0x00, 0x45, 0x00, 0x45, 0x00, 0x45, 0x00,
    0x45, 0x00, 0x45, 0x00, 0x45, 0x00, 0x45, 0x00, 0x45, 0x00, 0x45, 0x00,
    0x45, 0x00, 0x45, 0x00, 0x45, 0x00, 0x45, 0x00, 0x45, 0x00, 0x45, 0x00,
    0x45, 0x00, 0x85, 0x00, 0x45, 0x00, 0x04, 0x00, 0x04, 0x00, 0xc6, 0x00,
    0x09, 0x3a, 0xb2, 0xfe, 0x31, 0xee, 0xb1, 0xfe, 0xd2, 0xfe, 0xb2, 0xfe,
    0x71, 0xf6, 0x71, 0xf6, 0x71, 0xf6, 0x71, 0xf6, 0x71, 0xf6, 0x71, 0xf6,
    0x71, 0xf6, 0x71, 0xf6, 0x71, 0xf6, 0x71, 0xf6, 0x71, 0xf6, 0x71, 0xf6,
    0x71, 0xf6, 0x71, 0xf6, 0x71, 0xf6, 0x71, 0xf6, 0x71, 0xf6, 0x71, 0xf6,
    0x71, 0xf6, 0x71, 0xf6, 0x71, 0xf6, 0x71, 0xf6, 0x71, 0xf6, 0x71, 0xf6,
    0x71, 0xf6, 0x71, 0xf6, 0x71, 0xf6, 0x71, 0xf6, 0x71, 0xf6, 0x71, 0xf6,
    0x71, 0xf6, 0x71, 0xf6, 0x71, 0xf6, 0x71, 0xf6, 0x71, 0xf6, 0x71, 0xf6,
    0x71, 0xf6, 0x71, 0xf6, 0x71, 0xf6, 0x71, 0xf6, 0x71, 0xf6, 0x71, 0xf6,
    0x71, 0xf6, 0x71, 0xf6, 0x71, 0xf6, 0x71, 0xf6, 0x71, 0xf6, 0x71, 0xf6,
    0x71, 0xf6, 0xb2, 0xfe, 0xd2, 0xfe, 0x91, 0xfe, 0x71, 0xee, 0x31, 0xee,
    0x67, 0x19, 0xc6, 0x00, 0x04, 0x00, 0x04, 0x00, 0x45, 0x00, 0x65, 0x00,
    0x45, 0x00, 0x45, 0x00, 0x45, 0x00, 0x45, 0x00, 0x45, 0x00, 0x45, 0x00,
    0x45, 0x00, 0x45, 0x00, 0x45, 0x00, 0x45, 0x00, 0x45, 0x00, 0x45, 0x00,
    0x45, 0x00, 0x45, 0x00, 0x45, 0x00, 0x45, 0x00, 0x45, 0x00, 0x45, 0x00,
    0x45, 0x00, 0x45, 0x00, 0x45, 0x00, 0x45, 0x00, 0x45, 0x00, 0x45, 0x00,
    0x45, 0x00, 0x45, 0x00, 0x45, 0x00, 0x45, 0x00, 0x45, 0x00, 0x45, 0x00,
    0x45, 0x00, 0x45, 0x00, 0x45, 0x00, 0x45, 0x00, 0x45, 0x00, 0x45, 0x00,
    0x45, 0x00, 0x45, 0x00, 0x45, 0x00, 0x45, 0x00, 0x45, 0x00, 0x45, 0x00,
    0x45, 0x00, 0x45, 0x00, 0x45, 0x00, 0x45, 0x00, 0x45, 0x00, 0x45, 0x00,
    0x45, 0x00, 0x45, 0x00, 0x45, 0x00, 0x45, 0x00, 0x45, 0x00, 0x45, 0x00,
    0x45, 0x00, 0x45, 0x00, 0x45, 0x00, 0x45, 0x00, 0x45, 0x00, 0x45, 0x00,
    0x45, 0x00, 0x45, 0x00, 0x45, 0x00, 0x45, 0x00, 0x02, 0x00, 0x2f, 0x4b,
    0x3a, 0xae, 0x2c, 0x2a, 0xef, 0x42, 0x07, 0x01, 0x25, 0x00, 0x45, 0x00,
    0x45, 0x00, 0x45, 0x00, 0x45, 0x00, 0x45, 0x00, 0x45, 0x00, 0x45, 0x00,
    0x45, 0x00, 0x45, 0x00, 0x45, 0x00, 0x45, 0x00, 0x45, 0x00, 0x45, 0x00,
    0x45, 0x00, 0x45, 0x00, 0x45, 0x00, 0x45, 0x00, 0x45, 0x00, 0x45, 0x00,
    0x45, 0x00, 0x45, 0x00, 0x45, 0x00, 0x45, 0x00, 0x45, 0x00, 0x45, 0x00,
    0x45, 0x00, 0x45, 0x00, 0x45, 0x00, 0x45, 0x00, 0x45, 0x00, 0x45, 0x00,
    0x45, 0x00, 0x45, 0x00, 0x45, 0x00, 0x45, 0x00, 0x45, 0x00, 0x45, 0x00,
    0x45, 0x00, 0x45, 0x00, 0x45, 0x00, 0x45, 0x00, 0x45, 0x00, 0x45, 0x00,
    0x45, 0x00, 0x45, 0x00, 0x45, 0x00, 0x45, 0x00, 0x45, 0x00, 0x45, 0x00,
    0x45, 0x00, 0x45, 0x00, 0x45, 0x00, 0x45, 0x00, 0x45, 0x00, 0x45, 0x00,
    0x45, 0x00, 0x65, 0x00, 0x65, 0x00, 0x03, 0x00, 0x85, 0x00, 0x8a, 0x4a,
    0xe8, 0x31, 0x31, 0xee, 0xf2, 0xfe, 0x71, 0xf6, 0x91, 0xfe, 0x71, 0xf6,
    0x71, 0xf6, 0x71, 0xf6, 0x71, 0xf6, 0x71, 0xf6, 0x71, 0xf6, 0x71, 0xf6,
    0x71, 0xf6, 0x71, 0xf6, 0x71, 0xf6, 0x71, 0xf6, 0x71, 0xf6, 0x71, 0xf6,
    0x71, 0xf6, 0x71, 0xf6, 0x71, 0xf6, 0x71, 0xf6, 0x71, 0xf6, 0x71, 0xf6,
    0x71, 0xf6, 0x71, 0xf6, 0x71, 0xf6, 0x71, 0xf6, 0x71, 0xf6, 0x71, 0xf6,
    0x71, 0xf6, 0x71, 0xf6, 0x71, 0xf6, 0x71, 0xf6, 0x71, 0xf6, 0x71, 0xf6,
    0x71, 0xf6, 0x71, 0xf6, 0x71, 0xf6, 0x71, 0xf6, 0x71, 0xf6, 0x71, 0xf6,
    0x71, 0xf6, 0x71, 0xf6, 0x71, 0xf6, 0x71, 0xf6, 0x71, 0xf6, 0x71, 0xf6,
    0x71, 0xf6, 0x71, 0xf6, 0x71, 0xf6, 0x71, 0xf6, 0x71, 0xf6, 0x71, 0xf6,
    0x71, 0xf6, 0x71, 0xf6, 0x71, 0xf6, 0x71, 0xf6, 0x71, 0xf6, 0x71, 0xf6,
    0x91, 0xfe, 0x71, 0xf6, 0x33, 0xff, 0x6f, 0xc5, 0xc8, 0x29, 0x89, 0x4a,
    0x04, 0x00, 0x04, 0x00, 0x85, 0x00, 0x65, 0x00, 0x45, 0x00, 0x45, 0x00,
    0x45, 0x00, 0x45, 0x00, 0x45, 0x00, 0x45, 0x00, 0x45, 0x00, 0x45, 0x00,
    0x45, 0x00, 0x45, 0x00, 0x45, 0x00, 0x45, 0x00, 0x45, 0x00, 0x45, 0x00,
    0x45, 0x00, 0x45, 0x00, 0x45, 0x00, 0x45, 0x00, 0x45, 0x00, 0x45, 0x00,
    0x45, 0x00, 0x45, 0x00, 0x45, 0x00, 0x45, 0x00, 0x45, 0x00, 0x45, 0x00,
    0x45, 0x00, 0x45, 0x00, 0x45, 0x00, 0x45, 0x00, 0x45, 0x00, 0x45, 0x00,
    0x45, 0x00, 0x45, 0x00, 0x45, 0x00, 0x45, 0x00, 0x45, 0x00, 0x45, 0x00,
    0x45, 0x00, 0x45, 0x00, 0x45, 0x00, 0x45, 0x00, 0x45, 0x00, 0x45, 0x00,
    0x45, 0x00, 0x45, 0x00, 0x45, 0x00, 0x45, 0x00, 0x45, 0x00, 0x45, 0x00,
    0x45, 0x00, 0x45, 0x00, 0x45, 0x00, 0x45, 0x00, 0x45, 0x00, 0x45, 0x00,
    0x45, 0x00, 0x45, 0x00, 0x45, 0x00, 0x45, 0x00, 0x45, 0x00, 0x45, 0x00,
    0x03, 0x00, 0x0f, 0x4b, 0xbc, 0xc6, 0x70, 0x53, 0x13, 0x6c, 0x49, 0x09,
    0x25, 0x00, 0x45, 0x00, 0x45, 0x00, 0x45, 0x00, 0x45, 0x00, 0x45, 0x00,
    0x45, 0x00, 0x45, 0x00, 0x45, 0x00, 0x45, 0x00, 0x45, 0x00, 0x45, 0x00,
    0x45, 0x00, 0x45, 0x00, 0x45, 0x00, 0x45, 0x00, 0x45, 0x00, 0x45, 0x00,
    0x45, 0x00, 0x45, 0x00, 0x45, 0x00, 0x45, 0x00, 0x45, 0x00, 0x45, 0x00,
    0x45, 0x00, 0x45, 0x00, 0x45, 0x00, 0x45, 0x00, 0x45, 0x00, 0x45, 0x00,
    0x45, 0x00, 0x45, 0x00, 0x45, 0x00, 0x45, 0x00, 0x45, 0x00, 0x45, 0x00,
    0x45, 0x00, 0x45, 0x00, 0x45, 0x00, 0x45, 0x00, 0x45, 0x00, 0x45, 0x00,
    0x45, 0x00, 0x45, 0x00, 0x45, 0x00, 0x45, 0x00, 0x45, 0x00, 0x45, 0x00,
    0x45, 0x00, 0x45, 0x00, 0x45, 0x00, 0x45, 0x00, 0x45, 0x00, 0x45, 0x00,
    0x45, 0x00, 0x45, 0x00, 0x65, 0x00, 0x04, 0x00, 0x04, 0x00, 0x0a, 0x63,
    0x8e, 0xa4, 0x73, 0xff, 0x12, 0xff, 0x91, 0xf6, 0x71, 0xf6, 0x71, 0xf6,
    0x71, 0xf6, 0x71, 0xf6, 0x71, 0xf6, 0x71, 0xf6, 0x71, 0xf6, 0x71, 0xf6,
    0x71, 0xf6, 0x71, 0xf6, 0x71, 0xf6, 0x71, 0xf6, 0x71, 0xf6, 0x71, 0xf6,
    0x71, 0xf6, 0x71, 0xf6, 0x71, 0xf6, 0x71, 0xf6, 0x71, 0xf6, 0x71, 0xf6,
    0x71, 0xf6, 0x71, 0xf6, 0x71, 0xf6, 0x71, 0xf6, 0x71, 0xf6, 0x71, 0xf6,
    0x71, 0xf6, 0x71, 0xf6, 0x71, 0xf6, 0x71, 0xf6, 0x71, 0xf6, 0x71, 0xf6,
    0x71, 0xf6, 0x71, 0xf6, 0x71, 0xf6, 0x71, 0xf6, 0x71, 0xf6, 0x71, 0xf6,
    0x71, 0xf6, 0x71, 0xf6, 0x71, 0xf6, 0x71, 0xf6, 0x71, 0xf6, 0x71, 0xf6,
    0x71, 0xf6, 0x71, 0xf6, 0x71, 0xf6, 0x71, 0xf6, 0x71, 0xf6, 0x71, 0xf6,
    0x71, 0xf6, 0x71, 0xf6, 0x71, 0xf6, 0x71, 0xf6, 0x71, 0xf6, 0x71, 0xf6,
    0x71, 0xf6, 0x71, 0xf6, 0x71, 0xf6, 0x71, 0xf6, 0x71, 0xf6, 0xb2, 0xfe,
    0x33, 0xff, 0x53, 0xff, 0x0d, 0x94, 0xaa, 0x52, 0x03, 0x00, 0x05, 0x00,
    0x65, 0x00, 0x45, 0x00, 0x45, 0x00, 0x45, 0x00, 0x45, 0x00, 0x45, 0x00,
    0x45, 0x00, 0x45, 0x00, 0x45, 0x00, 0x45, 0x00, 0x45, 0x00, 0x45, 0x00,
    0x45, 0x00, 0x45, 0x00, 0x45, 0x00, 0x45, 0x00, 0x45, 0x00, 0x45, 0x00,
    0x45, 0x00, 0x45, 0x00, 0x45, 0x00, 0x45, 0x00, 0x45, 0x00, 0x45, 0x00,
    0x45, 0x00, 0x45, 0x00, 0x45, 0x00, 0x45, 0x00, 0x45, 0x00, 0x45, 0x00,
    0x45, 0x00, 0x45, 0x00, 0x45, 0x00, 0x45, 0x00, 0x45, 0x00, 0x45, 0x00,
    0x45, 0x00, 0x45, 0x00, 0x45, 0x00, 0x45, 0x00, 0x45, 0x00, 0x45, 0x00,
    0x45, 0x00, 0x45, 0x00, 0x45, 0x00, 0x45, 0x00, 0x45, 0x00, 0x45, 0x00,
    0x45, 0x00, 0x45, 0x00, 0x45, 0x00, 0x45, 0x00, 0x45, 0x00, 0x45, 0x00,
    0x45, 0x00, 0x45, 0x00, 0x45, 0x00, 0x45, 0x00, 0x45, 0x00, 0x45, 0x00,
    0x45, 0x00, 0x45, 0x00, 0x02, 0x00, 0x91, 0x5b, 0x53, 0x74, 0x00, 0x00,
    0x02, 0x00, 0x04, 0x00, 0x45, 0x00, 0x45, 0x00, 0x45, 0x00, 0x45, 0x00,
    0x45, 0x00, 0x45, 0x00, 0x45, 0x00, 0x45, 0x00, 0x45, 0x00, 0x45, 0x00,
    0x45, 0x00, 0x45, 0x00, 0x45, 0x00, 0x45, 0x00, 0x45, 0x00, 0x45, 0x00,
    0x45, 0x00, 0x45, 0x00, 0x45, 0x00, 0x45, 0x00, 0x45, 0x00, 0x45, 0x00,
    0x45, 0x00, 0x45, 0x00, 0x45, 0x00, 0x45, 0x00, 0x45, 0x00, 0x45, 0x00,
    0x45, 0x00, 0x45, 0x00, 0x45, 0x00, 0x45, 0x00, 0x45, 0x00, 0x45, 0x00,
    0x45, 0x00, 0x45, 0x00, 0x45, 0x00, 0x45, 0x00, 0x45, 0x00, 0x45, 0x00,
    0x45, 0x00, 0x45, 0x00, 0x45, 0x00, 0x45, 0x00, 0x45, 0x00, 0x45, 0x00,
    0x45, 0x00, 0x45, 0x00, 0x45, 0x00, 0x45, 0x00, 0x45, 0x00, 0x45, 0x00,
    0x45, 0x00, 0x45, 0x00, 0x45, 0x00, 0x45, 0x00, 0x03, 0x00, 0x0a, 0x63,
    0xee, 0xb4, 0x12, 0xff, 0xf2, 0xfe, 0x51, 0xee, 0x71, 0xee, 0x71, 0xf6,
    0x71, 0xf6, 0x71, 0xf6, 0x71, 0xf6, 0x71, 0xf6, 0x71, 0xf6, 0x71, 0xf6,
    0x71, 0xf6, 0x71, 0xf6, 0x71, 0xf6, 0x71, 0xf6, 0x71, 0xf6, 0x71, 0xf6,
    0x71, 0xf6, 0x71, 0xf6, 0x71, 0xf6, 0x71, 0xf6, 0x71, 0xf6, 0x71, 0xf6,
    0x71, 0xf6, 0x71, 0xf6, 0x71, 0xf6, 0x71, 0xf6, 0x71, 0xf6, 0x71, 0xf6,
    0x71, 0xf6, 0x71, 0xf6, 0x71, 0xf6, 0x71, 0xf6, 0x71, 0xf6, 0x71, 0xf6,
    0x71, 0xf6, 0x71, 0xf6, 0x71, 0xf6, 0x71, 0xf6, 0x71, 0xf6, 0x71, 0xf6,
    0x71, 0xf6, 0x71, 0xf6, 0x71, 0xf6, 0x71, 0xf6, 0x71, 0xf6, 0x71, 0xf6,
    0x71, 0xf6, 0x71, 0xf6, 0x71, 0xf6, 0x71, 0xf6, 0x71, 0xf6, 0x71, 0xf6,
    0x71, 0xf6, 0x71, 0xf6, 0x71, 0xf6, 0x71, 0xf6, 0x71, 0xf6, 0x71, 0xf6,
    0x71, 0xf6, 0x71, 0xf6, 0x71, 0xf6, 0x71, 0xf6, 0x71, 0xf6, 0x71, 0xf6,
    0x71, 0xf6, 0x71, 0xf6, 0x51, 0xee, 0x51, 0xee, 0x13, 0xff, 0xb1, 0xfe,
    0xce, 0xac, 0x49, 0x42, 0x03, 0x00, 0x45, 0x00, 0x45, 0x00, 0x45, 0x00,
    0x45, 0x00, 0x45, 0x00, 0x45, 0x00, 0x45, 0x00, 0x45, 0x00, 0x45, 0x00,
    0x45, 0x00, 0x45, 0x00, 0x45, 0x00, 0x45, 0x00, 0x45, 0x00, 0x45, 0x00,
    0x45, 0x00, 0x45, 0x00, 0x45, 0x00, 0x45, 0x00, 0x45, 0x00, 0x45, 0x00,
    0x45, 0x00, 0x45, 0x00, 0x45, 0x00, 0x45, 0x00, 0x45, 0x00, 0x45, 0x00,
    0x45, 0x00, 0x45, 0x00, 0x45, 0x00, 0x45, 0x00, 0x45, 0x00, 0x45, 0x00,
    0x45, 0x00, 0x45, 0x00, 0x45, 0x00, 0x45, 0x00, 0x45, 0x00, 0x45, 0x00,
    0x45, 0x00, 0x45, 0x00, 0x45, 0x00, 0x45, 0x00, 0x45, 0x00, 0x45, 0x00,
    0x45, 0x00, 0x45, 0x00, 0x45, 0x00, 0x45, 0x00, 0x45, 0x00, 0x45, 0x00,
    0x45, 0x00, 0x45, 0x00, 0x45, 0x00, 0x45, 0x00, 0x45, 0x00, 0x45, 0x00,
    0x45, 0x00, 0x45, 0x00, 0x45, 0x00, 0x45, 0x00, 0xae, 0x3a, 0xae, 0x3a,
    0x7e, 0xdf, 0x16, 0x8d, 0xb8, 0x9d, 0x50, 0x53, 0x04, 0x00, 0x45, 0x00,
    0x45, 0x00, 0x45, 0x00, 0x45, 0x00, 0x45, 0x00, 0x45, 0x00, 0x45, 0x00,
    0x45, 0x00, 0x45, 0x00, 0x45, 0x00, 0x45, 0x00, 0x45, 0x00, 0x45, 0x00,
    0x45, 0x00, 0x45, 0x00, 0x45, 0x00, 0x45, 0x00, 0x45, 0x00, 0x45, 0x00,
    0x45, 0x00, 0x45, 0x00, 0x45, 0x00, 0x45, 0x00, 0x45, 0x00, 0x45, 0x00,
    0x45, 0x00, 0x45, 0x00, 0x45, 0x00, 0x45, 0x00, 0x45, 0x00, 0x45, 0x00,
    0x45, 0x00, 0x45, 0x00, 0x45, 0x00, 0x45, 0x00, 0x45, 0x00, 0x45, 0x00,
    0x45, 0x00, 0x45, 0x00, 0x45, 0x00, 0x45, 0x00, 0x45, 0x00, 0x45, 0x00,
    0x45, 0x00, 0x45, 0x00, 0x45, 0x00, 0x45, 0x00, 0x45, 0x00, 0x45, 0x00,
    0x45, 0x00, 0x65, 0x00, 0x25, 0x00, 0x05, 0x00, 0x04, 0x00, 0x09, 0x3a,
    0xf0, 0xdd, 0x71, 0xf6, 0x12, 0xff, 0x51, 0xee, 0x71, 0xf6, 0x71, 0xf6,
    0x71, 0xf6, 0x71, 0xf6, 0x71, 0xf6, 0x71, 0xf6, 0x71, 0xf6, 0x71, 0xf6,
    0x71, 0xf6, 0x71, 0xf6, 0x71, 0xf6, 0x71, 0xf6, 0x71, 0xf6, 0x71, 0xf6,
    0x71, 0xf6, 0x71, 0xf6, 0x71, 0xf6, 0x71, 0xf6, 0x71, 0xf6, 0x71, 0xf6,
    0x71, 0xf6, 0x71, 0xf6, 0x71, 0xf6, 0x71, 0xf6, 0x71, 0xf6, 0x71, 0xf6,
    0x71, 0xf6, 0x71, 0xf6, 0x71, 0xf6, 0x71, 0xf6, 0x71, 0xf6, 0x71, 0xf6,
    0x71, 0xf6, 0x71, 0xf6, 0x71, 0xf6, 0x71, 0xf6, 0x71, 0xf6, 0x71, 0xf6,
    0x71, 0xf6, 0x71, 0xf6, 0x71, 0xf6, 0x71, 0xf6, 0x71, 0xf6, 0x71, 0xf6,
    0x71, 0xf6, 0x71, 0xf6, 0x71, 0xf6, 0x71, 0xf6, 0x71, 0xf6, 0x71, 0xf6,
    0x71, 0xf6, 0x71, 0xf6, 0x71, 0xf6, 0x71, 0xf6, 0x71, 0xf6, 0x71, 0xf6,
    0x71, 0xf6, 0x71, 0xf6, 0x71, 0xf6, 0x71, 0xf6, 0x71, 0xf6, 0x71, 0xf6,
    0x71, 0xf6, 0x71, 0xf6, 0x71, 0xf6, 0x71, 0xf6, 0x71, 0xf6, 0x71, 0xf6,
    0x51, 0xee, 0x71, 0xf6, 0x33, 0xff, 0x31, 0xee, 0xb0, 0xd5, 0x47, 0x11,
    0x25, 0x00, 0x04, 0x00, 0x25, 0x00, 0x65, 0x00, 0x45, 0x00, 0x45, 0x00,
    0x45, 0x00, 0x45, 0x00, 0x45, 0x00, 0x45, 0x00, 0x45, 0x00, 0x45, 0x00,
    0x45, 0x00, 0x45, 0x00, 0x45, 0x00, 0x45, 0x00, 0x45, 0x00, 0x45, 0x00,
    0x45, 0x00, 0x45, 0x00, 0x45, 0x00, 0x45, 0x00, 0x45, 0x00, 0x45, 0x00,
    0x45, 0x00, 0x45, 0x00, 0x45, 0x00, 0x45, 0x00, 0x45, 0x00, 0x45, 0x00,
    0x45, 0x00, 0x45, 0x00, 0x45, 0x00, 0x45, 0x00, 0x45, 0x00, 0x45, 0x00,
    0x45, 0x00, 0x45, 0x00, 0x45, 0x00, 0x45, 0x00, 0x45, 0x00, 0x45, 0x00,
    0x45, 0x00, 0x45, 0x00, 0x45, 0x00, 0x45, 0x00, 0x45, 0x00, 0x45, 0x00,
    0x45, 0x00, 0x45, 0x00, 0x45, 0x00, 0x45, 0x00, 0x45, 0x00, 0x45, 0x00,
    0x45, 0x00, 0x45, 0x00, 0x45, 0x00, 0x45, 0x00, 0x45, 0x00, 0x45, 0x00,
    0x86, 0x00, 0x45, 0x00, 0x86, 0x00, 0xa6, 0x00, 0xa6, 0x00, 0x86, 0x00,
    0x45, 0x00, 0x45, 0x00, 0x45, 0x00, 0x45, 0x00, 0x45, 0x00, 0x45, 0x00,
    0x45, 0x00, 0x45, 0x00, 0x45, 0x00, 0x45, 0x00, 0x45, 0x00, 0x45, 0x00,
    0x45, 0x00, 0x45, 0x00, 0x45, 0x00, 0x45, 0x00, 0x45, 0x00, 0x45, 0x00,
    0x45, 0x00, 0x45, 0x00, 0x45, 0x00, 0x45, 0x00, 0x45, 0x00, 0x45, 0x00,
    0x45, 0x00, 0x45, 0x00, 0x45, 0x00, 0x45, 0x00, 0x45, 0x00, 0x45, 0x00,
    0x45, 0x00, 0x45, 0x00, 0x45, 0x00, 0x45, 0x00, 0x45, 0x00, 0x45, 0x00,
    0x45, 0x00, 0x45, 0x00, 0x45, 0x00, 0x45, 0x00, 0x45, 0x00, 0x45, 0x00,
    0x45, 0x00, 0x45, 0x00, 0x45, 0x00, 0x45, 0x00, 0x45, 0x00, 0x45, 0x00,
    0x45, 0x00, 0x45, 0x00, 0x85, 0x00, 0x04, 0x00, 0xa6, 0x00, 0x67, 0x21,
    0x31, 0xee, 0x71, 0xf6, 0xd2, 0xfe, 0x71, 0xf6, 0x71, 0xf6, 0x71, 0xf6,
    0x71, 0xf6, 0x71, 0xf6, 0x71, 0xf6, 0x71, 0xf6, 0x71, 0xf6, 0x71, 0xf6,
    0x71, 0xf6, 0x71, 0xf6, 0x71, 0xf6, 0x71, 0xf6, 0x71, 0xf6, 0x71, 0xf6,
    0x71, 0xf6, 0x71, 0xf6, 0x71, 0xf6, 0x71, 0xf6, 0x71, 0xf6, 0x71, 0xf6,
    0x71, 0xf6, 0x71, 0xf6, 0x71, 0xf6, 0x71, 0xf6, 0x71, 0xf6, 0x71, 0xf6,
    0x71, 0xf6, 0x71, 0xf6, 0x71, 0xf6, 0x71, 0xf6, 0x71, 0xf6, 0x71, 0xf6,
    0x71, 0xf6, 0x71, 0xf6, 0x71, 0xf6, 0x71, 0xf6, 0x71, 0xf6, 0x71, 0xf6,
    0x71, 0xf6, 0x71, 0xf6, 0x71, 0xf6, 0x71, 0xf6, 0x71, 0xf6, 0x71, 0xf6,
    0x71, 0xf6, 0x71, 0xf6, 0x71, 0xf6, 0x71, 0xf6, 0x71, 0xf6, 0x71, 0xf6,
    0x71, 0xf6, 0x71, 0xf6, 0x71, 0xf6, 0x71, 0xf6, 0x71, 0xf6, 0x71, 0xf6,
    0x71, 0xf6, 0x71, 0xf6, 0x71, 0xf6, 0x71, 0xf6, 0x71, 0xf6, 0x71, 0xf6,
    0x71, 0xf6, 0x71, 0xf6, 0x71, 0xf6, 0x71, 0xf6, 0x71, 0xf6, 0x71, 0xf6,
    0x71, 0xf6, 0x71, 0xf6, 0x71, 0xf6, 0x71, 0xf6, 0x71, 0xee, 0x91, 0xfe,
    0xd2, 0xfe, 0xb1, 0xfe, 0x6f, 0xcd, 0x06, 0x09, 0x85, 0x00, 0x25, 0x00,
    0x85, 0x00, 0x45, 0x00, 0x45, 0x00, 0x45, 0x00, 0x45, 0x00, 0x45, 0x00,
    0x45, 0x00, 0x45, 0x00, 0x45, 0x00, 0x45, 0x00, 0x45, 0x00, 0x45, 0x00,
    0x45, 0x00, 0x45, 0x00, 0x45, 0x00, 0x45, 0x00, 0x45, 0x00, 0x45, 0x00,
    0x45, 0x00, 0x45, 0x00, 0x45, 0x00, 0x45, 0x00, 0x45, 0x00, 0x45, 0x00,
    0x45, 0x00, 0x45, 0x00, 0x45, 0x00, 0x45, 0x00, 0x45, 0x00, 0x45, 0x00,
    0x45, 0x00, 0x45, 0x00, 0x45, 0x00, 0x45, 0x00, 0x45, 0x00, 0x45, 0x00,
    0x45, 0x00, 0x45, 0x00, 0x45, 0x00, 0x45, 0x00, 0x45, 0x00, 0x45, 0x00,
    0x45, 0x00, 0x45, 0x00, 0x45, 0x00, 0x45, 0x00, 0x45, 0x00, 0x45, 0x00,
    0x45, 0x00, 0x45, 0x00, 0x45, 0x00, 0x45, 0x00, 0x45, 0x00, 0x45, 0x00,
    0x45, 0x00, 0x45, 0x00, 0x45, 0x00, 0x45, 0x00, 0x25, 0x00, 0x25, 0x00,
    0x25, 0x00, 0x45, 0x00, 0x45, 0x00, 0x45, 0x00, 0x45, 0x00, 0x45, 0x00,
    0x45, 0x00, 0x45, 0x00, 0x45, 0x00, 0x45, 0x00, 0x45, 0x00, 0x45, 0x00,
    0x45, 0x00, 0x45, 0x00, 0x45, 0x00, 0x45, 0x00, 0x45, 0x00, 0x45, 0x00,
    0x45, 0x00, 0x45, 0x00, 0x45, 0x00, 0x45, 0x00, 0x45, 0x00, 0x45, 0x00,
    0x45, 0x00, 0x45, 0x00, 0x45, 0x00, 0x45, 0x00, 0x45, 0x00, 0x45, 0x00,
    0x45, 0x00, 0x45, 0x00, 0x45, 0x00, 0x45, 0x00, 0x45, 0x00, 0x45, 0x00,
    0x45, 0x00, 0x45, 0x00, 0x45, 0x00, 0x45, 0x00, 0x45, 0x00, 0x45, 0x00,
    0x45, 0x00, 0x45, 0x00, 0x45, 0x00, 0x45, 0x00, 0x45, 0x00, 0x45, 0x00,
    0x45, 0x00, 0x45, 0x00, 0x65, 0x00, 0x65, 0x00, 0x03, 0x00, 0x85, 0x00,
    0xb0, 0xd5, 0x33, 0xff, 0x71, 0xf6, 0x91, 0xf6, 0x71, 0xf6, 0x71, 0xf6,
    0x71, 0xf6, 0x71, 0xf6, 0x71, 0xf6, 0x71, 0xf6, 0x71, 0xf6, 0x71, 0xf6,
    0x71, 0xf6, 0x71, 0xf6, 0x71, 0xf6, 0x71, 0xf6, 0x71, 0xf6, 0x71, 0xf6,
    0x71, 0xf6, 0x71, 0xf6, 0x71, 0xf6, 0x71, 0xf6, 0x71, 0xf6, 0x71, 0xf6,
    0x71, 0xf6, 0x71, 0xf6, 0x71, 0xf6, 0x71, 0xf6, 0x71, 0xf6, 0x71, 0xf6,
    0x71, 0xf6, 0x71, 0xf6, 0x71, 0xf6, 0x71, 0xf6, 0x71, 0xf6, 0x71, 0xf6,
    0x71, 0xf6, 0x71, 0xf6, 0x71, 0xf6, 0x71, 0xf6, 0x71, 0xf6, 0x71, 0xf6,
    0x71, 0xf6, 0x71, 0xf6, 0x71, 0xf6, 0x71, 0xf6, 0x71, 0xf6, 0x71, 0xf6,
    0x71, 0xf6, 0x71, 0xf6, 0x71, 0xf6, 0x71, 0xf6, 0x71, 0xf6, 0x71, 0xf6,
    0x71, 0xf6, 0x71, 0xf6, 0x71, 0xf6, 0x71, 0xf6, 0x71, 0xf6, 0x71, 0xf6,
    0x71, 0xf6, 0x71, 0xf6, 0x71, 0xf6, 0x71, 0xf6, 0x71, 0xf6, 0x71, 0xf6,
    0x71, 0xf6, 0x71, 0xf6, 0x71, 0xf6, 0x71, 0xf6, 0x71, 0xf6, 0x71, 0xf6,
    0x71, 0xf6, 0x71, 0xf6, 0x71, 0xf6, 0x71, 0xf6, 0x71, 0xf6, 0x71, 0xf6,
    0x71, 0xf6, 0x71, 0xf6, 0x71, 0xf6, 0x91, 0xf6, 0x71, 0xf6, 0x33, 0xff,
    0xce, 0xac, 0x04, 0x00, 0x04, 0x00, 0x65, 0x00, 0x65, 0x00, 0x45, 0x00,
    0x45, 0x00, 0x45, 0x00, 0x45, 0x00, 0x45, 0x00, 0x45, 0x00, 0x45, 0x00,
    0x45, 0x00, 0x45, 0x00, 0x45, 0x00, 0x45, 0x00, 0x45, 0x00, 0x45, 0x00,
    0x45, 0x00, 0x45, 0x00, 0x45, 0x00, 0x45, 0x00, 0x45, 0x00, 0x45, 0x00,
    0x45, 0x00, 0x45, 0x00, 0x45, 0x00, 0x45, 0x00, 0x45, 0x00, 0x45, 0x00,
    0x45, 0x00, 0x45, 0x00, 0x45, 0x00, 0x45, 0x00, 0x45, 0x00, 0x45, 0x00,
    0x45, 0x00, 0x45, 0x00, 0x45, 0x00, 0x45, 0x00, 0x45, 0x00, 0x45, 0x00,
    0x45, 0x00, 0x45, 0x00, 0x45, 0x00, 0x45, 0x00, 0x45, 0x00, 0x45, 0x00,
    0x45, 0x00, 0x45, 0x00, 0x45, 0x00, 0x45, 0x00, 0x45, 0x00, 0x45, 0x00,
    0x45, 0x00, 0x45, 0x00, 0x45, 0x00, 0x45, 0x00, 0x45, 0x00, 0x45, 0x00,
    0x45, 0x00, 0x45, 0x00, 0x45, 0x00, 0x45, 0x00, 0x45, 0x00, 0x45, 0x00,
    0x45, 0x00, 0x45, 0x00, 0x45, 0x00, 0x45, 0x00, 0x45, 0x00, 0x45, 0x00,
    0x45, 0x00, 0x45, 0x00, 0x45, 0x00, 0x45, 0x00, 0x45, 0x00, 0x45, 0x00,
    0x45, 0x00, 0x45, 0x00, 0x45, 0x00, 0x45, 0x00, 0x45, 0x00, 0x45, 0x00,
    0x45, 0x00, 0x45, 0x00, 0x45, 0x00, 0x45, 0x00, 0x45, 0x00, 0x45, 0x00,
    0x45, 0x00, 0x45, 0x00, 0x45, 0x00, 0x45, 0x00, 0x45, 0x00, 0x45, 0x00,
    0x45, 0x00, 0x45, 0x00, 0x45, 0x00, 0x45, 0x00, 0x45, 0x00, 0x45, 0x00,
    0x45, 0x00, 0x45, 0x00, 0x45, 0x00, 0x45, 0x00, 0x45, 0x00, 0x45, 0x00,
    0x45, 0x00, 0x45, 0x00, 0x45, 0x00, 0x65, 0x00, 0x04, 0x00, 0x45, 0x00,
    0x4b, 0x6b, 0x4f, 0xc5, 0xf2, 0xfe, 0x31, 0xee, 0x71, 0xf6, 0x71, 0xf6,
    0x71, 0xf6, 0x71, 0xf6, 0x71, 0xf6, 0x71, 0xf6, 0x71, 0xf6, 0x71, 0xf6,
    0x71, 0xf6, 0x71, 0xf6, 0x71, 0xf6, 0x71, 0xf6, 0x71, 0xf6, 0x71, 0xf6,
    0x71, 0xf6, 0x71, 0xf6, 0x71, 0xf6, 0x71, 0xf6, 0x71, 0xf6, 0x71, 0xf6,
    0x71, 0xf6, 0x71, 0xf6, 0x71, 0xf6, 0x71, 0xf6, 0x71, 0xf6, 0x71, 0xf6,
    0x71, 0xf6, 0x71, 0xf6, 0x71, 0xf6, 0x71, 0xf6, 0x71, 0xf6, 0x71, 0xf6,
    0x71, 0xf6, 0x71, 0xf6, 0x71, 0xf6, 0x71, 0xf6, 0x71, 0xf6, 0x71, 0xf6,
    0x71, 0xf6, 0x71, 0xf6, 0x71, 0xf6, 0x71, 0xf6, 0x71, 0xf6, 0x71, 0xf6,
    0x71, 0xf6, 0x71, 0xf6, 0x71, 0xf6, 0x71, 0xf6, 0x71, 0xf6, 0x71, 0xf6,
    0x71, 0xf6, 0x71, 0xf6, 0x71, 0xf6, 0x71, 0xf6, 0x71, 0xf6, 0x71, 0xf6,
    0x71, 0xf6, 0x71, 0xf6, 0x71, 0xf6, 0x71, 0xf6, 0x71, 0xf6, 0x71, 0xf6,
    0x71, 0xf6, 0x71, 0xf6, 0x71, 0xf6, 0x71, 0xf6, 0x71, 0xf6, 0x71, 0xf6,
    0x71, 0xf6, 0x71, 0xf6, 0x71, 0xf6, 0x71, 0xf6, 0x71, 0xf6, 0x71, 0xf6,
    0x71, 0xf6, 0x71, 0xf6, 0x71, 0xf6, 0x71, 0xf6, 0x71, 0xf6, 0x71, 0xf6,
    0x71, 0xf6, 0x31, 0xee, 0x33, 0xff, 0xae, 0xa4, 0x0a, 0x63, 0x04, 0x00,
    0x04, 0x00, 0x65, 0x00, 0x45, 0x00, 0x45, 0x00, 0x45, 0x00, 0x45, 0x00,
    0x45, 0x00, 0x45, 0x00, 0x45, 0x00, 0x45, 0x00, 0x45, 0x00, 0x45, 0x00,
    0x45, 0x00, 0x45, 0x00, 0x45, 0x00, 0x45, 0x00, 0x45, 0x00, 0x45, 0x00,
    0x45, 0x00, 0x45, 0x00, 0x45, 0x00, 0x45, 0x00, 0x45, 0x00, 0x45, 0x00,
    0x45, 0x00, 0x45, 0x00, 0x45, 0x00, 0x45, 0x00, 0x45, 0x00, 0x45, 0x00,
    0x45, 0x00, 0x45, 0x00, 0x45, 0x00, 0x45, 0x00, 0x45, 0x00, 0x45, 0x00,
    0x45, 0x00, 0x45, 0x00, 0x45, 0x00, 0x45, 0x00, 0x45, 0x00, 0x45, 0x00,
    0x45, 0x00, 0x45, 0x00, 0x45, 0x00, 0x45, 0x00, 0x45, 0x00, 0x45, 0x00,
    0x45, 0x00, 0x45, 0x00, 0x45, 0x00, 0x45, 0x00, 0x45, 0x00, 0x45, 0x00,
    0x45, 0x00, 0x45, 0x00, 0x45, 0x00, 0x45, 0x00, 0x45, 0x00, 0x45, 0x00,
    0x45, 0x00, 0x45, 0x00, 0x45, 0x00, 0x45, 0x00, 0x45, 0x00, 0x45, 0x00,
    0x45, 0x00, 0x45, 0x00, 0x45, 0x00, 0x45, 0x00, 0x45, 0x00, 0x45, 0x00,
    0x45, 0x00, 0x45, 0x00, 0x45, 0x00, 0x45, 0x00, 0x45, 0x00, 0x45, 0x00,
    0x45, 0x00, 0x45, 0x00, 0x45, 0x00, 0x45, 0x00, 0x45, 0x00, 0x45, 0x00,
    0x45, 0x00, 0x45, 0x00, 0x45, 0x00, 0x45, 0x00, 0x45, 0x00, 0x45, 0x00,
    0x45, 0x00, 0x45, 0x00, 0x45, 0x00, 0x45, 0x00, 0x45, 0x00, 0x45, 0x00,
    0x45, 0x00, 0x45, 0x00, 0x45, 0x00, 0x45, 0x00, 0x45, 0x00, 0x45, 0x00,
    0x45, 0x00, 0x45, 0x00, 0x45, 0x00, 0x45, 0x00, 0x65, 0x00, 0x04, 0x00,
    0xac, 0x7b, 0x2f, 0xbd, 0x53, 0xff, 0xb2, 0xfe, 0x71, 0xf6, 0x91, 0xf6,
    0x71, 0xf6, 0x71, 0xf6, 0x71, 0xf6, 0x71, 0xf6, 0x71, 0xf6, 0x71, 0xf6,
    0x71, 0xf6, 0x71, 0xf6, 0x71, 0xf6, 0x71, 0xf6, 0x71, 0xf6, 0x71, 0xf6,
    0x71, 0xf6, 0x71, 0xf6, 0x71, 0xf6, 0x71, 0xf6, 0x71, 0xf6, 0x71, 0xf6,
    0x71, 0xf6, 0x71, 0xf6, 0x71, 0xf6, 0x71, 0xf6, 0x71, 0xf6, 0x71, 0xf6,
    0x71, 0xf6, 0x71, 0xf6, 0x71, 0xf6, 0x71, 0xf6, 0x71, 0xf6, 0x71, 0xf6,
    0x71, 0xf6, 0x71, 0xf6, 0x71, 0xf6, 0x71, 0xf6, 0x71, 0xf6, 0x71, 0xf6,
    0x71, 0xf6, 0x71, 0xf6, 0x71, 0xf6, 0x71, 0xf6, 0x71, 0xf6, 0x71, 0xf6,
    0x71, 0xf6, 0x71, 0xf6, 0x71, 0xf6, 0x71, 0xf6, 0x71, 0xf6, 0x71, 0xf6,
    0x71, 0xf6, 0x71, 0xf6, 0x71, 0xf6, 0x71, 0xf6, 0x71, 0xf6, 0x71, 0xf6,
    0x71, 0xf6, 0x71, 0xf6, 0x71, 0xf6, 0x71, 0xf6, 0x71, 0xf6, 0x71, 0xf6,
    0x71, 0xf6, 0x71, 0xf6, 0x71, 0xf6, 0x71, 0xf6, 0x71, 0xf6, 0x71, 0xf6,
    0x71, 0xf6, 0x71, 0xf6, 0x71, 0xf6, 0x71, 0xf6, 0x71, 0xf6, 0x71, 0xf6,
    0x71, 0xf6, 0x71, 0xf6, 0x71, 0xf6, 0x71, 0xf6, 0x71, 0xf6, 0x71, 0xf6,
    0x71, 0xf6, 0x71, 0xf6, 0x71, 0xf6, 0x91, 0xf6, 0x51, 0xee, 0xf2, 0xfe,
    0x12, 0xff, 0xee, 0xb4, 0x0a, 0x63, 0x04, 0x00, 0x65, 0x00, 0x45, 0x00,
    0x45, 0x00, 0x45, 0x00, 0x45, 0x00, 0x45, 0x00, 0x45, 0x00, 0x45, 0x00,
    0x45, 0x00, 0x45, 0x00, 0x45, 0x00, 0x45, 0x00, 0x45, 0x00, 0x45, 0x00,
    0x45, 0x00, 0x45, 0x00, 0x45, 0x00, 0x45, 0x00, 0x45, 0x00, 0x45, 0x00,
    0x45, 0x00, 0x45, 0x00, 0x45, 0x00, 0x45, 0x00, 0x45, 0x00, 0x45, 0x00,
    0x45, 0x00, 0x45, 0x00, 0x45, 0x00, 0x45, 0x00, 0x45, 0x00, 0x45, 0x00,
    0x45, 0x00, 0x45, 0x00, 0x45, 0x00, 0x45, 0x00, 0x45, 0x00, 0x45, 0x00,
    0x45, 0x00, 0x45, 0x00, 0x45, 0x00, 0x45, 0x00, 0x45, 0x00, 0x45, 0x00,
    0x45, 0x00, 0x45, 0x00, 0x45, 0x00, 0x45, 0x00, 0x45, 0x00, 0x45, 0x00,
    0x45, 0x00, 0x45, 0x00, 0x45, 0x00, 0x45, 0x00, 0x45, 0x00, 0x45, 0x00,
    0x45, 0x00, 0x45, 0x00, 0x45, 0x00, 0x45, 0x00, 0x45, 0x00, 0x45, 0x00,
    0x45, 0x00, 0x45, 0x00, 0x45, 0x00, 0x45, 0x00, 0x45, 0x00, 0x45, 0x00,
    0x45, 0x00, 0x45, 0x00, 0x45, 0x00, 0x45, 0x00, 0x45, 0x00, 0x45, 0x00,
    0x45, 0x00, 0x45, 0x00, 0x45, 0x00, 0x45, 0x00, 0x45, 0x00, 0x45, 0x00,
    0x45, 0x00, 0x45, 0x00, 0x45, 0x00, 0x45, 0x00, 0x45, 0x00, 0x45, 0x00,
    0x45, 0x00, 0x45, 0x00, 0x45, 0x00, 0x45, 0x00, 0x45, 0x00, 0x45, 0x00,
    0x45, 0x00, 0x45, 0x00, 0x45, 0x00, 0x45, 0x00, 0x45, 0x00, 0x45, 0x00,
    0x45, 0x00, 0x45, 0x00, 0x45, 0x00, 0x45, 0x00, 0x45, 0x00, 0x25, 0x00,
    0x04, 0x00, 0xcc, 0x83, 0x33, 0xff, 0xd2, 0xfe, 0x51, 0xee, 0x71, 0xf6,
    0x71, 0xf6, 0x71, 0xf6, 0x71, 0xf6, 0x71, 0xf6, 0x71, 0xf6, 0x71, 0xf6,
    0x71, 0xf6, 0x71, 0xf6, 0x71, 0xf6, 0x71, 0xf6, 0x71, 0xf6, 0x71, 0xf6,
    0x71, 0xf6, 0x71, 0xf6, 0x71, 0xf6, 0x71, 0xf6, 0x71, 0xf6, 0x71, 0xf6,
    0x71, 0xf6, 0x71, 0xf6, 0x71, 0xf6, 0x71, 0xf6, 0x71, 0xf6, 0x71, 0xf6,
    0x71, 0xf6, 0x71, 0xf6, 0x71, 0xf6, 0x71, 0xf6, 0x71, 0xf6, 0x71, 0xf6,
    0x71, 0xf6, 0x71, 0xf6, 0x71, 0xf6, 0x71, 0xf6, 0x71, 0xf6, 0x71, 0xf6,
    0x71, 0xf6, 0x71, 0xf6, 0x71, 0xf6, 0x71, 0xf6, 0x71, 0xf6, 0x71, 0xf6,
    0x71, 0xf6, 0x71, 0xf6, 0x71, 0xf6, 0x71, 0xf6, 0x71, 0xf6, 0x71, 0xf6,
    0x71, 0xf6, 0x71, 0xf6, 0x71, 0xf6, 0x71, 0xf6, 0x71, 0xf6, 0x71, 0xf6,
    0x71, 0xf6, 0x71, 0xf6, 0x71, 0xf6, 0x71, 0xf6, 0x71, 0xf6, 0x71, 0xf6,
    0x71, 0xf6, 0x71, 0xf6, 0x71, 0xf6, 0x71, 0xf6, 0x71, 0xf6, 0x71, 0xf6,
    0x71, 0xf6, 0x71, 0xf6, 0x71, 0xf6, 0x71, 0xf6, 0x71, 0xf6, 0x71, 0xf6,
    0x71, 0xf6, 0x71, 0xf6, 0x71, 0xf6, 0x71, 0xf6, 0x71, 0xf6, 0x71, 0xf6,
    0x71, 0xf6, 0x71, 0xf6, 0x71, 0xf6, 0x71, 0xf6, 0x71, 0xf6, 0x71, 0xf6,
    0x71, 0xf6, 0x71, 0xf6, 0x51, 0xee, 0xf2, 0xfe, 0xf2, 0xfe, 0xea, 0x5a,
    0x04, 0x00, 0x25, 0x00, 0x65, 0x00, 0x45, 0x00, 0x45, 0x00, 0x45, 0x00,
    0x45, 0x00, 0x45, 0x00, 0x45, 0x00, 0x45, 0x00, 0x45, 0x00, 0x45, 0x00,
    0x45, 0x00, 0x45, 0x00, 0x45, 0x00, 0x45, 0x00, 0x45, 0x00, 0x45, 0x00,
    0x45, 0x00, 0x45, 0x00, 0x45, 0x00, 0x45, 0x00, 0x45, 0x00, 0x45, 0x00,
    0x45, 0x00, 0x45, 0x00, 0x45, 0x00, 0x45, 0x00, 0x45, 0x00, 0x45, 0x00,
    0x45, 0x00, 0x45, 0x00, 0x45, 0x00, 0x45, 0x00, 0x45, 0x00, 0x45, 0x00,
    0x45, 0x00, 0x45, 0x00, 0x45, 0x00, 0x45, 0x00, 0x45, 0x00, 0x45, 0x00,
    0x45, 0x00, 0x45, 0x00, 0x45, 0x00, 0x45, 0x00, 0x45, 0x00, 0x45, 0x00,
    0x45, 0x00, 0x45, 0x00, 0x45, 0x00, 0x45, 0x00, 0x45, 0x00, 0x45, 0x00,
    0x45, 0x00, 0x45, 0x00, 0x45, 0x00, 0x45, 0x00, 0x45, 0x00, 0x45, 0x00,
    0x45, 0x00, 0x45, 0x00, 0x45, 0x00, 0x45, 0x00, 0x45, 0x00, 0x45, 0x00,
    0x45, 0x00, 0x45, 0x00, 0x45, 0x00, 0x45, 0x00, 0x45, 0x00, 0x45, 0x00,
    0x45, 0x00, 0x45, 0x00, 0x45, 0x00, 0x45, 0x00, 0x45, 0x00, 0x45, 0x00,
    0x45, 0x00, 0x45, 0x00, 0x45, 0x00, 0x45, 0x00, 0x45, 0x00, 0x45, 0x00,
    0x45, 0x00, 0x45, 0x00, 0x45, 0x00, 0x45, 0x00, 0x45, 0x00, 0x45, 0x00,
    0x45, 0x00, 0x45, 0x00, 0x45, 0x00, 0x45, 0x00, 0x45, 0x00, 0x45, 0x00,
    0x45, 0x00, 0x45, 0x00, 0x45, 0x00, 0x45, 0x00, 0x45, 0x00, 0x45, 0x00,
    0x25, 0x00, 0xc6, 0x00, 0xac, 0x83, 0x33, 0xff, 0x51, 0xee, 0x71, 0xf6,
    0x71, 0xf6, 0x71, 0xf6, 0x71, 0xf6, 0x71, 0xf6, 0x71, 0xf6, 0x71, 0xf6,
    0x71, 0xf6, 0x71, 0xf6, 0x71, 0xf6, 0x71, 0xf6, 0x71, 0xf6, 0x71, 0xf6,
    0x71, 0xf6, 0x71, 0xf6, 0x71, 0xf6, 0x71, 0xf6, 0x71, 0xf6, 0x71, 0xf6,
    0x71, 0xf6, 0x71, 0xf6, 0x71, 0xf6, 0x71, 0xf6, 0x71, 0xf6, 0x71, 0xf6,
    0x71, 0xf6, 0x71, 0xf6, 0x71, 0xf6, 0x71, 0xf6, 0x71, 0xf6, 0x71, 0xf6,
    0x71, 0xf6, 0x71, 0xf6, 0x71, 0xf6, 0x71, 0xf6, 0x71, 0xf6, 0x71, 0xf6,
    0x71, 0xf6, 0x71, 0xf6, 0x71, 0xf6, 0x71, 0xf6, 0x71, 0xf6, 0x71, 0xf6,
    0x71, 0xf6, 0x71, 0xf6, 0x71, 0xf6, 0x71, 0xf6, 0x71, 0xf6, 0x71, 0xf6,
    0x71, 0xf6, 0x71, 0xf6, 0x71, 0xf6, 0x71, 0xf6, 0x71, 0xf6, 0x71, 0xf6,
    0x71, 0xf6, 0x71, 0xf6, 0x71, 0xf6, 0x71, 0xf6, 0x71, 0xf6, 0x71, 0xf6,
    0x71, 0xf6, 0x71, 0xf6, 0x71, 0xf6, 0x71, 0xf6, 0x71, 0xf6, 0x71, 0xf6,
    0x71, 0xf6, 0x71, 0xf6, 0x71, 0xf6, 0x71, 0xf6, 0x71, 0xf6, 0x71, 0xf6,
    0x71, 0xf6, 0x71, 0xf6, 0x71, 0xf6, 0x71, 0xf6, 0x71, 0xf6, 0x71, 0xf6,
    0x71, 0xf6, 0x71, 0xf6, 0x71, 0xf6, 0x71, 0xf6, 0x71, 0xf6, 0x71, 0xf6,
    0x71, 0xf6, 0x71, 0xf6, 0x71, 0xf6, 0x71, 0xf6, 0x71, 0xf6, 0x71, 0xf6,
    0x71, 0xf6, 0x33, 0xff, 0xca, 0x5a, 0xc6, 0x00, 0x04, 0x00, 0x65, 0x00,
    0x45, 0x00, 0x45, 0x00, 0x45, 0x00, 0x45, 0x00, 0x45, 0x00, 0x45, 0x00,
    0x45, 0x00, 0x45, 0x00, 0x45, 0x00, 0x45, 0x00, 0x45, 0x00, 0x45, 0x00,
    0x45, 0x00, 0x45, 0x00, 0x45, 0x00, 0x45, 0x00, 0x45, 0x00, 0x45, 0x00,
    0x45, 0x00, 0x45, 0x00, 0x45, 0x00, 0x45, 0x00, 0x45, 0x00, 0x45, 0x00,
    0x45, 0x00, 0x45, 0x00, 0x45, 0x00, 0x45, 0x00, 0x45, 0x00, 0x45, 0x00,
    0x45, 0x00, 0x45, 0x00, 0x45, 0x00, 0x45, 0x00, 0x45, 0x00, 0x45, 0x00,
    0x45, 0x00, 0x45, 0x00, 0x45, 0x00, 0x45, 0x00, 0x45, 0x00, 0x45, 0x00,
    0x45, 0x00, 0x45, 0x00, 0x45, 0x00, 0x45, 0x00, 0x45, 0x00, 0x45, 0x00,
    0x45, 0x00, 0x45, 0x00, 0x45, 0x00, 0x45, 0x00, 0x45, 0x00, 0x45, 0x00,
    0x45, 0x00, 0x45, 0x00, 0x45, 0x00, 0x45, 0x00, 0x45, 0x00, 0x45, 0x00,
    0x45, 0x00, 0x45, 0x00, 0x45, 0x00, 0x45, 0x00, 0x45, 0x00, 0x45, 0x00,
    0x45, 0x00, 0x45, 0x00, 0x45, 0x00, 0x45, 0x00, 0x45, 0x00, 0x45, 0x00,
    0x45, 0x00, 0x45, 0x00, 0x45, 0x00, 0x45, 0x00, 0x45, 0x00, 0x45, 0x00,
    0x45, 0x00, 0x45, 0x00, 0x45, 0x00, 0x45, 0x00, 0x45, 0x00, 0x45, 0x00,
    0x45, 0x00, 0x45, 0x00, 0x45, 0x00, 0x45, 0x00, 0x45, 0x00, 0x45, 0x00,
    0x45, 0x00, 0x45, 0x00, 0x45, 0x00, 0x45, 0x00, 0x45, 0x00, 0x65, 0x00,
    0x85, 0x00, 0x04, 0x00, 0xea, 0x5a, 0x33, 0xff, 0xb2, 0xfe, 0x71, 0xf6,
    0x71, 0xf6, 0x71, 0xf6, 0x71, 0xf6, 0x71, 0xf6, 0x71, 0xf6, 0x71, 0xf6,
    0x71, 0xf6, 0x71, 0xf6, 0x71, 0xf6, 0x71, 0xf6, 0x71, 0xf6, 0x71, 0xf6,
    0x71, 0xf6, 0x71, 0xf6, 0x71, 0xf6, 0x71, 0xf6, 0x71, 0xf6, 0x71, 0xf6,
    0x71, 0xf6, 0x71, 0xf6, 0x71, 0xf6, 0x71, 0xf6, 0x71, 0xf6, 0x71, 0xf6,
    0x71, 0xf6, 0x71, 0xf6, 0x71, 0xf6, 0x71, 0xf6, 0x71, 0xf6, 0x71, 0xf6,
    0x71, 0xf6, 0x71, 0xf6, 0x71, 0xf6, 0x71, 0xf6, 0x71, 0xf6, 0x71, 0xf6,
    0x71, 0xf6, 0x71, 0xf6, 0x71, 0xf6, 0x71, 0xf6, 0x71, 0xf6, 0x71, 0xf6,
    0x71, 0xf6, 0x71, 0xf6, 0x71, 0xf6, 0x71, 0xf6, 0x71, 0xf6, 0x71, 0xf6,
    0x71, 0xf6, 0x71, 0xf6, 0x71, 0xf6, 0x71, 0xf6, 0x71, 0xf6, 0x71, 0xf6,
    0x71, 0xf6, 0x71, 0xf6, 0x71, 0xf6, 0x71, 0xf6, 0x71, 0xf6, 0x71, 0xf6,
    0x71, 0xf6, 0x71, 0xf6, 0x71, 0xf6, 0x71, 0xf6, 0x71, 0xf6, 0x71, 0xf6,
    0x71, 0xf6, 0x71, 0xf6, 0x71, 0xf6, 0x71, 0xf6, 0x71, 0xf6, 0x71, 0xf6,
    0x71, 0xf6, 0x71, 0xf6, 0x71, 0xf6, 0x71, 0xf6, 0x71, 0xf6, 0x71, 0xf6,
    0x71, 0xf6, 0x71, 0xf6, 0x71, 0xf6, 0x71, 0xf6, 0x71, 0xf6, 0x71, 0xf6,
    0x71, 0xf6, 0x71, 0xf6, 0x71, 0xf6, 0x71, 0xf6, 0x71, 0xf6, 0x71, 0xf6,
    0x71, 0xf6, 0x71, 0xf6, 0x71, 0xf6, 0x71, 0xf6, 0xd2, 0xfe, 0xf2, 0xfe,
    0xe8, 0x31, 0x04, 0x00, 0x85, 0x00, 0x45, 0x00, 0x45, 0x00, 0x45, 0x00,
    0x45, 0x00, 0x45, 0x00, 0x45, 0x00, 0x45, 0x00, 0x45, 0x00, 0x45, 0x00,
    0x45, 0x00, 0x45, 0x00, 0x45, 0x00, 0x45, 0x00, 0x45, 0x00, 0x45, 0x00,
    0x45, 0x00, 0x45, 0x00, 0x45, 0x00, 0x45, 0x00, 0x45, 0x00, 0x45, 0x00,
    0x45, 0x00, 0x45, 0x00, 0x45, 0x00, 0x45, 0x00, 0x45, 0x00, 0x45, 0x00,
    0x45, 0x00, 0x45, 0x00, 0x45, 0x00, 0x45, 0x00, 0x45, 0x00, 0x45, 0x00,
    0x45, 0x00, 0x45, 0x00, 0x45, 0x00, 0x45, 0x00, 0x45, 0x00, 0x45, 0x00,
    0x45, 0x00, 0x45, 0x00, 0x45, 0x00, 0x45, 0x00, 0x45, 0x00, 0x45, 0x00,
    0x45, 0x00, 0x45, 0x00, 0x45, 0x00, 0x45, 0x00, 0x45, 0x00, 0x45, 0x00,
    0x45, 0x00, 0x45, 0x00, 0x45, 0x00, 0x45, 0x00, 0x45, 0x00, 0x45, 0x00,
    0x45, 0x00, 0x45, 0x00, 0x45, 0x00, 0x45, 0x00, 0x45, 0x00, 0x45, 0x00,
    0x45, 0x00, 0x45, 0x00, 0x45, 0x00, 0x45, 0x00, 0x45, 0x00, 0x45, 0x00,
    0x45, 0x00, 0x45, 0x00, 0x45, 0x00, 0x45, 0x00, 0x45, 0x00, 0x45, 0x00,
    0x45, 0x00, 0x45, 0x00, 0x45, 0x00, 0x45, 0x00, 0x45, 0x00, 0x45, 0x00,
    0x45, 0x00, 0x45, 0x00, 0x45, 0x00, 0x45, 0x00, 0x45, 0x00, 0x45, 0x00,
    0x45, 0x00, 0x45, 0x00, 0x45, 0x00, 0x45, 0x00, 0x45, 0x00, 0x45, 0x00,
    0x65, 0x00, 0x05, 0x00, 0x03, 0x00, 0xea, 0x5a, 0x12, 0xff, 0x71, 0xf6,
    0x71, 0xf6, 0x71, 0xf6, 0x71, 0xf6, 0x71, 0xf6, 0x71, 0xf6, 0x71, 0xf6,
    0x71, 0xf6, 0x71, 0xf6, 0x71, 0xf6, 0x71, 0xf6, 0x71, 0xf6, 0x71, 0xf6,
    0x71, 0xf6, 0x71, 0xf6, 0x71, 0xf6, 0x71, 0xf6, 0x71, 0xf6, 0x71, 0xf6,
    0x71, 0xf6, 0x71, 0xf6, 0x71, 0xf6, 0x71, 0xf6, 0x71, 0xf6, 0x71, 0xf6,
    0x71, 0xf6, 0x71, 0xf6, 0x71, 0xf6, 0x71, 0xf6, 0x71, 0xf6, 0x71, 0xf6,
    0x71, 0xf6, 0x71, 0xf6, 0x71, 0xf6, 0x71, 0xf6, 0x71, 0xf6, 0x71, 0xf6,
    0x71, 0xf6, 0x71, 0xf6, 0x71, 0xf6, 0x71, 0xf6, 0x71, 0xf6, 0x71, 0xf6,
    0x71, 0xf6, 0x71, 0xf6, 0x71, 0xf6, 0x71, 0xf6, 0x71, 0xf6, 0x71, 0xf6,
    0x71, 0xf6, 0x71, 0xf6, 0x71, 0xf6, 0x71, 0xf6, 0x71, 0xf6, 0x71, 0xf6,
    0x71, 0xf6, 0x71, 0xf6, 0x71, 0xf6, 0x71, 0xf6, 0x71, 0xf6, 0x71, 0xf6,
    0x71, 0xf6, 0x71, 0xf6, 0x71, 0xf6, 0x71, 0xf6, 0x71, 0xf6, 0x71, 0xf6,
    0x71, 0xf6, 0x71, 0xf6, 0x71, 0xf6, 0x71, 0xf6, 0x71, 0xf6, 0x71, 0xf6,
    0x71, 0xf6, 0x71, 0xf6, 0x71, 0xf6, 0x71, 0xf6, 0x71, 0xf6, 0x71, 0xf6,
    0x71, 0xf6, 0x71, 0xf6, 0x71, 0xf6, 0x71, 0xf6, 0x71, 0xf6, 0x71, 0xf6,
    0x71, 0xf6, 0x71, 0xf6, 0x71, 0xf6, 0x71, 0xf6, 0x71, 0xf6, 0x71, 0xf6,
    0x71, 0xf6, 0x71, 0xf6, 0x71, 0xf6, 0x71, 0xf6, 0x71, 0xf6, 0x71, 0xf6,
    0x71, 0xf6, 0x91, 0xf6, 0xd2, 0xfe, 0x09, 0x32, 0x03, 0x00, 0x45, 0x00,
    0x65, 0x00, 0x45, 0x00, 0x45, 0x00, 0x45, 0x00, 0x45, 0x00, 0x45, 0x00,
    0x45, 0x00, 0x45, 0x00, 0x45, 0x00, 0x45, 0x00, 0x45, 0x00, 0x45, 0x00,
    0x45, 0x00, 0x45, 0x00, 0x45, 0x00, 0x45, 0x00, 0x45, 0x00, 0x45, 0x00,
    0x45, 0x00, 0x45, 0x00, 0x45, 0x00, 0x45, 0x00, 0x45, 0x00, 0x45, 0x00,
    0x45, 0x00, 0x45, 0x00, 0x45, 0x00, 0x45, 0x00, 0x45, 0x00, 0x45, 0x00,
    0x45, 0x00, 0x45, 0x00, 0x45, 0x00, 0x45, 0x00, 0x45, 0x00, 0x45, 0x00,
    0x45, 0x00, 0x45, 0x00, 0x45, 0x00, 0x45, 0x00, 0x45, 0x00, 0x45, 0x00,
    0x45, 0x00, 0x45, 0x00, 0x45, 0x00, 0x45, 0x00, 0x45, 0x00, 0x45, 0x00,
    0x45, 0x00, 0x45, 0x00, 0x45, 0x00, 0x45, 0x00, 0x45, 0x00, 0x45, 0x00,
    0x45, 0x00, 0x45, 0x00, 0x45, 0x00, 0x45, 0x00, 0x45, 0x00, 0x45, 0x00,
    0x45, 0x00, 0x45, 0x00, 0x45, 0x00, 0x45, 0x00, 0x45, 0x00, 0x45, 0x00,
    0x45, 0x00, 0x45, 0x00, 0x45, 0x00, 0x45, 0x00, 0x45, 0x00, 0x45, 0x00,
    0x45, 0x00, 0x45, 0x00, 0x45, 0x00, 0x45, 0x00, 0x45, 0x00, 0x45, 0x00,
    0x45, 0x00, 0x45, 0x00, 0x45, 0x00, 0x45, 0x00, 0x45, 0x00, 0x45, 0x00,
    0x45, 0x00, 0x45, 0x00, 0x45, 0x00, 0x45, 0x00, 0x45, 0x00, 0x45, 0x00,
    0x45, 0x00, 0x65, 0x00, 0x04, 0x00, 0x49, 0x3a, 0xce, 0xb4, 0x91, 0xfe,
    0x71, 0xf6, 0x71, 0xf6, 0x71, 0xf6, 0x71, 0xf6, 0x71, 0xf6, 0x71, 0xf6,
    0x71, 0xf6, 0x71, 0xf6, 0x71, 0xf6, 0x71, 0xf6, 0x71, 0xf6, 0x71, 0xf6,
    0x71, 0xf6, 0x71, 0xf6, 0x71, 0xf6, 0x71, 0xf6, 0x71, 0xf6, 0x71, 0xf6,
    0x71, 0xf6, 0x71, 0xf6, 0x71, 0xf6, 0x71, 0xf6, 0x71, 0xf6, 0x71, 0xf6,
    0x71, 0xf6, 0x71, 0xf6, 0x71, 0xf6, 0x71, 0xf6, 0x71, 0xf6, 0x71, 0xf6,
    0x71, 0xf6, 0x71, 0xf6, 0x71, 0xf6, 0x71, 0xf6, 0x71, 0xf6, 0x71, 0xf6,
    0x71, 0xf6, 0x71, 0xf6, 0x71, 0xf6, 0x71, 0xf6, 0x71, 0xf6, 0x71, 0xf6,
    0x71, 0xf6, 0x71, 0xf6, 0x71, 0xf6, 0x71, 0xf6, 0x71, 0xf6, 0x71, 0xf6,
    0x71, 0xf6, 0x71, 0xf6, 0x71, 0xf6, 0x71, 0xf6, 0x71, 0xf6, 0x71, 0xf6,
    0x71, 0xf6, 0x71, 0xf6, 0x71, 0xf6, 0x71, 0xf6, 0x71, 0xf6, 0x71, 0xf6,
    0x71, 0xf6, 0x71, 0xf6, 0x71, 0xf6, 0x71, 0xf6, 0x71, 0xf6, 0x71, 0xf6,
    0x71, 0xf6, 0x71, 0xf6, 0x71, 0xf6, 0x71, 0xf6, 0x71, 0xf6, 0x71, 0xf6,
    0x71, 0xf6, 0x71, 0xf6, 0x71, 0xf6, 0x71, 0xf6, 0x71, 0xf6, 0x71, 0xf6,
    0x71, 0xf6, 0x71, 0xf6, 0x71, 0xf6, 0x71, 0xf6, 0x71, 0xf6, 0x71, 0xf6,
    0x71, 0xf6, 0x71, 0xf6, 0x71, 0xf6, 0x71, 0xf6, 0x71, 0xf6, 0x71, 0xf6,
    0x71, 0xf6, 0x71, 0xf6, 0x71, 0xf6, 0x71, 0xf6, 0x71, 0xf6, 0x71, 0xf6,
    0x71, 0xf6, 0x71, 0xf6, 0x71, 0xf6, 0x71, 0xf6, 0xb2, 0xfe, 0x31, 0xee,
    0xae, 0xac, 0x67, 0x19, 0x04, 0x00, 0x65, 0x00, 0x45, 0x00, 0x45, 0x00,
    0x45, 0x00, 0x45, 0x00, 0x45, 0x00, 0x45, 0x00, 0x45, 0x00, 0x45, 0x00,
    0x45, 0x00, 0x45, 0x00, 0x45, 0x00, 0x45, 0x00, 0x45, 0x00, 0x45, 0x00,
    0x45, 0x00, 0x45, 0x00, 0x45, 0x00, 0x45, 0x00, 0x45, 0x00, 0x45, 0x00,
    0x45, 0x00, 0x45, 0x00, 0x45, 0x00, 0x45, 0x00, 0x45, 0x00, 0x45, 0x00,
    0x45, 0x00, 0x45, 0x00, 0x45, 0x00, 0x45, 0x00, 0x45, 0x00, 0x45, 0x00,
    0x45, 0x00, 0x45, 0x00, 0x45, 0x00, 0x45, 0x00, 0x45, 0x00, 0x45, 0x00,
    0x45, 0x00, 0x45, 0x00, 0x45, 0x00, 0x45, 0x00, 0x45, 0x00, 0x45, 0x00,
    0x45, 0x00, 0x45, 0x00, 0x45, 0x00, 0x45, 0x00, 0x45, 0x00, 0x45, 0x00,
    0x45, 0x00, 0x45, 0x00, 0x45, 0x00, 0x45, 0x00, 0x45, 0x00, 0x45, 0x00,
    0x45, 0x00, 0x45, 0x00, 0x45, 0x00, 0x45, 0x00, 0x45, 0x00, 0x45, 0x00,
    0x45, 0x00, 0x45, 0x00, 0x45, 0x00, 0x45, 0x00, 0x45, 0x00, 0x45, 0x00,
    0x45, 0x00, 0x45, 0x00, 0x45, 0x00, 0x45, 0x00, 0x45, 0x00, 0x45, 0x00,
    0x45, 0x00, 0x45, 0x00, 0x45, 0x00, 0x45, 0x00, 0x45, 0x00, 0x45, 0x00,
    0x45, 0x00, 0x45, 0x00, 0x45, 0x00, 0x45, 0x00, 0x45, 0x00, 0x45, 0x00,
    0x45, 0x00, 0x45, 0x00, 0x65, 0x00, 0x04, 0x00, 0xe8, 0x31, 0xb2, 0xfe,
    0xf2, 0xfe, 0x71, 0xf6, 0x71, 0xf6, 0x71, 0xf6, 0x71, 0xf6, 0x71, 0xf6,
    0x71, 0xf6, 0x71, 0xf6, 0x71, 0xf6, 0x71, 0xf6, 0x71, 0xf6, 0x71, 0xf6,
    0x71, 0xf6, 0x71, 0xf6, 0x71, 0xf6, 0x71, 0xf6, 0x71, 0xf6, 0x71, 0xf6,
    0x71, 0xf6, 0x71, 0xf6, 0x71, 0xf6, 0x71, 0xf6, 0x71, 0xf6, 0x71, 0xf6,
    0x71, 0xf6, 0x71, 0xf6, 0x71, 0xf6, 0x71, 0xf6, 0x71, 0xf6, 0x71, 0xf6,
    0x71, 0xf6, 0x71, 0xf6, 0x71, 0xf6, 0x71, 0xf6, 0x71, 0xf6, 0x71, 0xf6,
    0x71, 0xf6, 0x71, 0xf6, 0x71, 0xf6, 0x71, 0xf6, 0x71, 0xf6, 0x71, 0xf6,
    0x71, 0xf6, 0x71, 0xf6, 0x71, 0xf6, 0x71, 0xf6, 0x71, 0xf6, 0x71, 0xf6,
    0x71, 0xf6, 0x71, 0xf6, 0x71, 0xf6, 0x71, 0xf6, 0x71, 0xf6, 0x71, 0xf6,
    0x71, 0xf6, 0x71, 0xf6, 0x71, 0xf6, 0x71, 0xf6, 0x71, 0xf6, 0x71, 0xf6,
    0x71, 0xf6, 0x71, 0xf6, 0x71, 0xf6, 0x71, 0xf6, 0x71, 0xf6, 0x71, 0xf6,
    0x71, 0xf6, 0x71, 0xf6, 0x71, 0xf6, 0x71, 0xf6, 0x71, 0xf6, 0x71, 0xf6,
    0x71, 0xf6, 0x71, 0xf6, 0x71, 0xf6, 0x71, 0xf6, 0x71, 0xf6, 0x71, 0xf6,
    0x71, 0xf6, 0x71, 0xf6, 0x71, 0xf6, 0x71, 0xf6, 0x71, 0xf6, 0x71, 0xf6,
    0x71, 0xf6, 0x71, 0xf6, 0x71, 0xf6, 0x71, 0xf6, 0x71, 0xf6, 0x71, 0xf6,
    0x71, 0xf6, 0x71, 0xf6, 0x71, 0xf6, 0x71, 0xf6, 0x71, 0xf6, 0x71, 0xf6,
    0x71, 0xf6, 0x71, 0xf6, 0x71, 0xf6, 0x71, 0xf6, 0x71, 0xf6, 0x71, 0xf6,
    0x71, 0xf6, 0x71, 0xf6, 0x13, 0xff, 0x51, 0xee, 0x06, 0x09, 0x04, 0x00,
    0x65, 0x00, 0x45, 0x00, 0x45, 0x00, 0x45, 0x00, 0x45, 0x00, 0x45, 0x00,
    0x45, 0x00, 0x45, 0x00, 0x45, 0x00, 0x45, 0x00, 0x45, 0x00, 0x45, 0x00,
    0x45, 0x00, 0x45, 0x00, 0x45, 0x00, 0x45, 0x00, 0x45, 0x00, 0x45, 0x00,
    0x45, 0x00, 0x45, 0x00, 0x45, 0x00, 0x45, 0x00, 0x45, 0x00, 0x45, 0x00,
    0x45, 0x00, 0x45, 0x00, 0x45, 0x00, 0x45, 0x00, 0x45, 0x00, 0x45, 0x00,
    0x45, 0x00, 0x45, 0x00, 0x45, 0x00, 0x45, 0x00, 0x45, 0x00, 0x45, 0x00,
    0x45, 0x00, 0x45, 0x00, 0x45, 0x00, 0x45, 0x00, 0x45, 0x00, 0x45, 0x00,
    0x45, 0x00, 0x45, 0x00, 0x45, 0x00, 0x45, 0x00, 0x45, 0x00, 0x45, 0x00,
    0x45, 0x00, 0x45, 0x00, 0x45, 0x00, 0x45, 0x00, 0x45, 0x00, 0x45, 0x00,
    0x45, 0x00, 0x45, 0x00, 0x45, 0x00, 0x45, 0x00, 0x45, 0x00, 0x45, 0x00,
    0x45, 0x00, 0x45, 0x00, 0x45, 0x00, 0x45, 0x00, 0x45, 0x00, 0x45, 0x00,
    0x45, 0x00, 0x45, 0x00, 0x45, 0x00, 0x45, 0x00, 0x45, 0x00, 0x45, 0x00,
    0x45, 0x00, 0x45, 0x00, 0x45, 0x00, 0x45, 0x00, 0x45, 0x00, 0x45, 0x00,
    0x45, 0x00, 0x45, 0x00, 0x45, 0x00, 0x45, 0x00, 0x45, 0x00, 0x45, 0x00,
    0x45, 0x00, 0x45, 0x00, 0x45, 0x00, 0x65, 0x00, 0x04, 0x00, 0xe8, 0x31,
    0xd2, 0xfe, 0x91, 0xfe, 0x71, 0xee, 0x71, 0xf6, 0x71, 0xf6, 0x71, 0xf6,
    0x71, 0xf6, 0x71, 0xf6, 0x71, 0xf6, 0x71, 0xf6, 0x71, 0xf6, 0x71, 0xf6,
    0x71, 0xf6, 0x71, 0xf6, 0x71, 0xf6, 0x71, 0xf6, 0x71, 0xf6, 0x71, 0xf6,
    0x71, 0xf6, 0x71, 0xf6, 0x71, 0xf6, 0x71, 0xf6, 0x71, 0xf6, 0x71, 0xf6,
    0x71, 0xf6, 0x71, 0xf6, 0x71, 0xf6, 0x71, 0xf6, 0x71, 0xf6, 0x71, 0xf6,
    0x71, 0xf6, 0x71, 0xf6, 0x71, 0xf6, 0x71, 0xf6, 0x71, 0xf6, 0x71, 0xf6,
    0x71, 0xf6, 0x71, 0xf6, 0x71, 0xf6, 0x71, 0xf6, 0x71, 0xf6, 0x71, 0xf6,
    0x71, 0xf6, 0x71, 0xf6, 0x71, 0xf6, 0x71, 0xf6, 0x71, 0xf6, 0x71, 0xf6,
    0x71, 0xf6, 0x71, 0xf6, 0x71, 0xf6, 0x71, 0xf6, 0x71, 0xf6, 0x71, 0xf6,
    0x71, 0xf6, 0x71, 0xf6, 0x71, 0xf6, 0x71, 0xf6, 0x71, 0xf6, 0x71, 0xf6,
    0x71, 0xf6, 0x71, 0xf6, 0x71, 0xf6, 0x71, 0xf6, 0x71, 0xf6, 0x71, 0xf6,
    0x71, 0xf6, 0x71, 0xf6, 0x71, 0xf6, 0x71, 0xf6, 0x71, 0xf6, 0x71, 0xf6,
    0x71, 0xf6, 0x71, 0xf6, 0x71, 0xf6, 0x71, 0xf6, 0x71, 0xf6, 0x71, 0xf6,
    0x71, 0xf6, 0x71, 0xf6, 0x71, 0xf6, 0x71, 0xf6, 0x71, 0xf6, 0x71, 0xf6,
    0x71, 0xf6, 0x71, 0xf6, 0x71, 0xf6, 0x71, 0xf6, 0x71, 0xf6, 0x71, 0xf6,
    0x71, 0xf6, 0x71, 0xf6, 0x71, 0xf6, 0x71, 0xf6, 0x71, 0xf6, 0x71, 0xf6,
    0x71, 0xf6, 0x71, 0xf6, 0x71, 0xf6, 0x71, 0xf6, 0x71, 0xf6, 0x71, 0xf6,
    0x71, 0xf6, 0x71, 0xf6, 0x71, 0xf6, 0x71, 0xf6, 0x51, 0xee, 0xb2, 0xfe,
    0x71, 0xf6, 0x06, 0x09, 0x04, 0x00, 0x65, 0x00, 0x45, 0x00, 0x45, 0x00,
    0x45, 0x00, 0x45, 0x00, 0x45, 0x00, 0x45, 0x00, 0x45, 0x00, 0x45, 0x00,
    0x45, 0x00, 0x45, 0x00, 0x45, 0x00, 0x45, 0x00, 0x45, 0x00, 0x45, 0x00,
    0x45, 0x00, 0x45, 0x00, 0x45, 0x00, 0x45, 0x00, 0x45, 0x00, 0x45, 0x00,
    0x45, 0x00, 0x45, 0x00, 0x45, 0x00, 0x45, 0x00, 0x45, 0x00, 0x45, 0x00,
    0x45, 0x00, 0x45, 0x00, 0x45, 0x00, 0x45, 0x00, 0x45, 0x00, 0x45, 0x00,
    0x45, 0x00, 0x45, 0x00, 0x45, 0x00, 0x45, 0x00, 0x45, 0x00, 0x45, 0x00,
    0x45, 0x00, 0x45, 0x00, 0x45, 0x00, 0x45, 0x00, 0x45, 0x00, 0x45, 0x00,
    0x45, 0x00, 0x45, 0x00, 0x45, 0x00, 0x45, 0x00, 0x45, 0x00, 0x45, 0x00,
    0x45, 0x00, 0x45, 0x00, 0x45, 0x00, 0x45, 0x00, 0x45, 0x00, 0x45, 0x00,
    0x45, 0x00, 0x45, 0x00, 0x45, 0x00, 0x45, 0x00, 0x45, 0x00, 0x45, 0x00,
    0x45, 0x00, 0x45, 0x00, 0x45, 0x00, 0x45, 0x00, 0x45, 0x00, 0x45, 0x00,
    0x45, 0x00, 0x45, 0x00, 0x45, 0x00, 0x45, 0x00, 0x45, 0x00, 0x45, 0x00,
    0x45, 0x00, 0x45, 0x00, 0x45, 0x00, 0x45, 0x00, 0x45, 0x00, 0x45, 0x00,
    0x45, 0x00, 0x45, 0x00, 0x45, 0x00, 0x45, 0x00, 0x85, 0x00, 0x04, 0x00,
    0xe8, 0x31, 0xf2, 0xfe, 0x91, 0xf6, 0x71, 0xf6, 0x71, 0xf6, 0x71, 0xf6,
    0x71, 0xf6, 0x71, 0xf6, 0x71, 0xf6, 0x71, 0xf6, 0x71, 0xf6, 0x71, 0xf6,
    0x71, 0xf6, 0x71, 0xf6, 0x71, 0xf6, 0x71, 0xf6, 0x71, 0xf6, 0x71, 0xf6,
    0x71, 0xf6, 0x71, 0xf6, 0x71, 0xf6, 0x71, 0xf6, 0x71, 0xf6, 0x71, 0xf6,
    0x71, 0xf6, 0x71, 0xf6, 0x71, 0xf6, 0x71, 0xf6, 0x71, 0xf6, 0x71, 0xf6,
    0x71, 0xf6, 0x71, 0xf6, 0x71, 0xf6, 0x71, 0xf6, 0x71, 0xf6, 0x71, 0xf6,
    0x71, 0xf6, 0x71, 0xf6, 0x71, 0xf6, 0x71, 0xf6, 0x71, 0xf6, 0x71, 0xf6,
    0x71, 0xf6, 0x71, 0xf6, 0x71, 0xf6, 0x71, 0xf6, 0x71, 0xf6, 0x71, 0xf6,
    0x71, 0xf6, 0x71, 0xf6, 0x71, 0xf6, 0x71, 0xf6, 0x71, 0xf6, 0x71, 0xf6,
    0x71, 0xf6, 0x71, 0xf6, 0x71, 0xf6, 0x71, 0xf6, 0x71, 0xf6, 0x71, 0xf6,
    0x71, 0xf6, 0x71, 0xf6, 0x71, 0xf6, 0x71, 0xf6, 0x71, 0xf6, 0x71, 0xf6,
    0x71, 0xf6, 0x71, 0xf6, 0x71, 0xf6, 0x71, 0xf6, 0x71, 0xf6, 0x71, 0xf6,
    0x71, 0xf6, 0x71, 0xf6, 0x71, 0xf6, 0x71, 0xf6, 0x71, 0xf6, 0x71, 0xf6,
    0x71, 0xf6, 0x71, 0xf6, 0x71, 0xf6, 0x71, 0xf6, 0x71, 0xf6, 0x71, 0xf6,
    0x71, 0xf6, 0x71, 0xf6, 0x71, 0xf6, 0x71, 0xf6, 0x71, 0xf6, 0x71, 0xf6,
    0x71, 0xf6, 0x71, 0xf6, 0x71, 0xf6, 0x71, 0xf6, 0x71, 0xf6, 0x71, 0xf6,
    0x71, 0xf6, 0x71, 0xf6, 0x71, 0xf6, 0x71, 0xf6, 0x71, 0xf6, 0x71, 0xf6,
    0x71, 0xf6, 0x71, 0xf6, 0x71, 0xf6, 0x71, 0xf6, 0x71, 0xf6, 0x71, 0xf6,
    0x71, 0xf6, 0x71, 0xf6, 0xb2, 0xfe, 0x71, 0xf6, 0x06, 0x09, 0x04, 0x00,
    0x85, 0x00, 0x45, 0x00, 0x45, 0x00, 0x45, 0x00, 0x45, 0x00, 0x45, 0x00,
    0x45, 0x00, 0x45, 0x00, 0x45, 0x00, 0x45, 0x00, 0x45, 0x00, 0x45, 0x00,
    0x45, 0x00, 0x45, 0x00, 0x45, 0x00, 0x45, 0x00, 0x45, 0x00, 0x45, 0x00,
    0x45, 0x00, 0x45, 0x00, 0x45, 0x00, 0x45, 0x00, 0x45, 0x00, 0x45, 0x00,
    0x45, 0x00, 0x45, 0x00, 0x45, 0x00, 0x45, 0x00, 0x45, 0x00, 0x45, 0x00,
    0x45, 0x00, 0x45, 0x00, 0x45, 0x00, 0x45, 0x00, 0x45, 0x00, 0x45, 0x00,
    0x45, 0x00, 0x45, 0x00, 0x45, 0x00, 0x45, 0x00, 0x45, 0x00, 0x45, 0x00,
    0x45, 0x00, 0x45, 0x00, 0x45, 0x00, 0x45, 0x00, 0x45, 0x00, 0x45, 0x00,
    0x45, 0x00, 0x45, 0x00, 0x45, 0x00, 0x45, 0x00, 0x45, 0x00, 0x45, 0x00,
    0x45, 0x00, 0x45, 0x00, 0x45, 0x00, 0x45, 0x00, 0x45, 0x00, 0x45, 0x00,
    0x45, 0x00, 0x45, 0x00, 0x45, 0x00, 0x45, 0x00, 0x45, 0x00, 0x45, 0x00,
    0x45, 0x00, 0x45, 0x00, 0x45, 0x00, 0x45, 0x00, 0x45, 0x00, 0x45, 0x00,
    0x45, 0x00, 0x45, 0x00, 0x45, 0x00, 0x45, 0x00, 0x45, 0x00, 0x45, 0x00,
    0x45, 0x00, 0x45, 0x00, 0x45, 0x00, 0x45, 0x00, 0x45, 0x00, 0x85, 0x00,
    0x04, 0x00, 0xe8, 0x31, 0xd2, 0xfe, 0x91, 0xfe, 0x71, 0xf6, 0x71, 0xf6,
    0x71, 0xf6, 0x71, 0xf6, 0x71, 0xf6, 0x71, 0xf6, 0x71, 0xf6, 0x71, 0xf6,
    0x71, 0xf6, 0x71, 0xf6, 0x71, 0xf6, 0x71, 0xf6, 0x71, 0xf6, 0x71, 0xf6,
    0x71, 0xf6, 0x71, 0xf6, 0x71, 0xf6, 0x71, 0xf6, 0x71, 0xf6, 0x71, 0xf6,
    0x71, 0xf6, 0x71, 0xf6, 0x71, 0xf6, 0x71, 0xf6, 0x71, 0xf6, 0x71, 0xf6,
    0x71, 0xf6, 0x71, 0xf6, 0x71, 0xf6, 0x71, 0xf6, 0x71, 0xf6, 0x71, 0xf6,
    0x71, 0xf6, 0x71, 0xf6, 0x71, 0xf6, 0x71, 0xf6, 0x71, 0xf6, 0x71, 0xf6,
    0x71, 0xf6, 0x71, 0xf6, 0x71, 0xf6, 0x71, 0xf6, 0x71, 0xf6, 0x71, 0xf6,
    0x71, 0xf6, 0x71, 0xf6, 0x71, 0xf6, 0x71, 0xf6, 0x71, 0xf6, 0x71, 0xf6,
    0x71, 0xf6, 0x71, 0xf6, 0x71, 0xf6, 0x71, 0xf6, 0x71, 0xf6, 0x71, 0xf6,
    0x71, 0xf6, 0x71, 0xf6, 0x71, 0xf6, 0x71, 0xf6, 0x71, 0xf6, 0x71, 0xf6,
    0x71, 0xf6, 0x71, 0xf6, 0x71, 0xf6, 0x71, 0xf6, 0x71, 0xf6, 0x71, 0xf6,
    0x71, 0xf6, 0x71, 0xf6, 0x71, 0xf6, 0x71, 0xf6, 0x71, 0xf6, 0x71, 0xf6,
    0x71, 0xf6, 0x71, 0xf6, 0x71, 0xf6, 0x71, 0xf6, 0x71, 0xf6, 0x71, 0xf6,
    0x71, 0xf6, 0x71, 0xf6, 0x71, 0xf6, 0x71, 0xf6, 0x71, 0xf6, 0x71, 0xf6,
    0x71, 0xf6, 0x71, 0xf6, 0x71, 0xf6, 0x71, 0xf6, 0x71, 0xf6, 0x71, 0xf6,
    0x71, 0xf6, 0x71, 0xf6, 0x71, 0xf6, 0x71, 0xf6, 0x71, 0xf6, 0x71, 0xf6,
    0x71, 0xf6, 0x71, 0xf6, 0x71, 0xf6, 0x71, 0xf6, 0x71, 0xf6, 0x71, 0xf6,
    0x71, 0xf6, 0x71, 0xf6, 0x71, 0xf6, 0x71, 0xf6, 0x71, 0xf6, 0xb2, 0xfe,
    0x51, 0xee, 0x06, 0x11, 0x04, 0x00, 0x65, 0x00, 0x45, 0x00, 0x45, 0x00,
    0x45, 0x00, 0x45, 0x00, 0x45, 0x00, 0x45, 0x00, 0x45, 0x00, 0x45, 0x00,
    0x45, 0x00, 0x45, 0x00, 0x45, 0x00, 0x45, 0x00, 0x45, 0x00, 0x45, 0x00,
    0x45, 0x00, 0x45, 0x00, 0x45, 0x00, 0x45, 0x00, 0x45, 0x00, 0x45, 0x00,
    0x45, 0x00, 0x45, 0x00, 0x45, 0x00, 0x45, 0x00, 0x45, 0x00, 0x45, 0x00,
    0x45, 0x00, 0x45, 0x00, 0x45, 0x00, 0x45, 0x00, 0x45, 0x00, 0x45, 0x00,
    0x45, 0x00, 0x45, 0x00, 0x45, 0x00, 0x45, 0x00, 0x45, 0x00, 0x45, 0x00,
    0x45, 0x00, 0x45, 0x00, 0x45, 0x00, 0x45, 0x00, 0x45, 0x00, 0x45, 0x00,
    0x45, 0x00, 0x45, 0x00, 0x45, 0x00, 0x45, 0x00, 0x45, 0x00, 0x45, 0x00,
    0x45, 0x00, 0x45, 0x00, 0x45, 0x00, 0x45, 0x00, 0x45, 0x00, 0x45, 0x00,
    0x45, 0x00, 0x45, 0x00, 0x45, 0x00, 0x45, 0x00, 0x45, 0x00, 0x45, 0x00,
    0x45, 0x00, 0x45, 0x00, 0x45, 0x00, 0x45, 0x00, 0x45, 0x00, 0x45, 0x00,
    0x45, 0x00, 0x45, 0x00, 0x45, 0x00, 0x45, 0x00, 0x45, 0x00, 0x45, 0x00,
    0x45, 0x00, 0x45, 0x00, 0x45, 0x00, 0x45, 0x00, 0x45, 0x00, 0x45, 0x00,
    0x65, 0x00, 0x04, 0x00, 0xe8, 0x31, 0xd2, 0xfe, 0x91, 0xfe, 0x71, 0xf6,
    0x71, 0xf6, 0x71, 0xf6, 0x71, 0xf6, 0x71, 0xf6, 0x71, 0xf6, 0x71, 0xf6,
    0x71, 0xf6, 0x71, 0xf6, 0x71, 0xf6, 0x71, 0xf6, 0x71, 0xf6, 0x71, 0xf6,
    0x71, 0xf6, 0x71, 0xf6, 0x71, 0xf6, 0x71, 0xf6, 0x71, 0xf6, 0x71, 0xf6,
    0x71, 0xf6, 0x71, 0xf6, 0x71, 0xf6, 0x71, 0xf6, 0x71, 0xf6, 0x71, 0xf6,
    0x71, 0xf6, 0x71, 0xf6, 0x71, 0xf6, 0x71, 0xf6, 0x71, 0xf6, 0x71, 0xf6,
    0x71, 0xf6, 0x71, 0xf6, 0x71, 0xf6, 0x71, 0xf6, 0x71, 0xf6, 0x71, 0xf6,
    0x71, 0xf6, 0x71, 0xf6, 0x71, 0xf6, 0x71, 0xf6, 0x71, 0xf6, 0x71, 0xf6,
    0x71, 0xf6, 0x71, 0xf6, 0x71, 0xf6, 0x71, 0xf6, 0x71, 0xf6, 0x71, 0xf6,
    0x71, 0xf6, 0x71, 0xf6, 0x71, 0xf6, 0x71, 0xf6, 0x71, 0xf6, 0x71, 0xf6,
    0x71, 0xf6, 0x71, 0xf6, 0x71, 0xf6, 0x71, 0xf6, 0x71, 0xf6, 0x71, 0xf6,
    0x71, 0xf6, 0x71, 0xf6, 0x71, 0xf6, 0x71, 0xf6, 0x71, 0xf6, 0x71, 0xf6,
    0x71, 0xf6, 0x71, 0xf6, 0x71, 0xf6, 0x71, 0xf6, 0x71, 0xf6, 0x71, 0xf6,
    0x71, 0xf6, 0x71, 0xf6, 0x71, 0xf6, 0x71, 0xf6, 0x71, 0xf6, 0x71, 0xf6,
    0x71, 0xf6, 0x71, 0xf6, 0x71, 0xf6, 0x71, 0xf6, 0x71, 0xf6, 0x71, 0xf6,
    0x71, 0xf6, 0x71, 0xf6, 0x71, 0xf6, 0x71, 0xf6, 0x71, 0xf6, 0x71, 0xf6,
    0x71, 0xf6, 0x71, 0xf6, 0x71, 0xf6, 0x71, 0xf6, 0x71, 0xf6, 0x71, 0xf6,
    0x71, 0xf6, 0x71, 0xf6, 0x71, 0xf6, 0x71, 0xf6, 0x71, 0xf6, 0x71, 0xf6,
    0x71, 0xf6, 0x71, 0xf6, 0x71, 0xf6, 0x71, 0xf6, 0x71, 0xf6, 0x71, 0xf6,
    0x71, 0xf6, 0x51, 0xee, 0xb2, 0xfe, 0x71, 0xee, 0x06, 0x09, 0x04, 0x00,
    0x65, 0x00, 0x45, 0x00, 0x45, 0x00, 0x45, 0x00, 0x45, 0x00, 0x45, 0x00,
    0x45, 0x00, 0x45, 0x00, 0x45, 0x00, 0x45, 0x00, 0x45, 0x00, 0x45, 0x00,
    0x45, 0x00, 0x45, 0x00, 0x45, 0x00, 0x45, 0x00, 0x45, 0x00, 0x45, 0x00,
    0x45, 0x00, 0x45, 0x00, 0x45, 0x00, 0x45, 0x00, 0x45, 0x00, 0x45, 0x00,
    0x45, 0x00, 0x45, 0x00, 0x45, 0x00, 0x45, 0x00, 0x45, 0x00, 0x45, 0x00,
    0x45, 0x00, 0x45, 0x00, 0x45, 0x00, 0x45, 0x00, 0x45, 0x00, 0x45, 0x00,
    0x45, 0x00, 0x45, 0x00, 0x45, 0x00, 0x45, 0x00, 0x45, 0x00, 0x45, 0x00,
    0x45, 0x00, 0x45, 0x00, 0x45, 0x00, 0x45, 0x00, 0x45, 0x00, 0x45, 0x00,
    0x45, 0x00, 0x45, 0x00, 0x45, 0x00, 0x45, 0x00, 0x45, 0x00, 0x45, 0x00,
    0x45, 0x00, 0x45, 0x00, 0x45, 0x00, 0x45, 0x00, 0x45, 0x00, 0x45, 0x00,
    0x45, 0x00, 0x45, 0x00, 0x45, 0x00, 0x45, 0x00, 0x45, 0x00, 0x45, 0x00,
    0x45, 0x00, 0x45, 0x00, 0x45, 0x00, 0x45, 0x00, 0x45, 0x00, 0x45, 0x00,
    0x45, 0x00, 0x45, 0x00, 0x45, 0x00, 0x45, 0x00, 0x45, 0x00, 0x45, 0x00,
    0x45, 0x00, 0x65, 0x00, 0x04, 0x00, 0xe8, 0x31, 0xd2, 0xfe, 0x91, 0xfe,
    0x71, 0xf6, 0x71, 0xf6, 0x71, 0xf6, 0x71, 0xf6, 0x71, 0xf6, 0x71, 0xf6,
    0x71, 0xf6, 0x71, 0xf6, 0x71, 0xf6, 0x71, 0xf6, 0x71, 0xf6, 0x71, 0xf6,
    0x71, 0xf6, 0x71, 0xf6, 0x71, 0xf6, 0x71, 0xf6, 0x71, 0xf6, 0x71, 0xf6,
    0x71, 0xf6, 0x71, 0xf6, 0x71, 0xf6, 0x71, 0xf6, 0x71, 0xf6, 0x71, 0xf6,
    0x71, 0xf6, 0x71, 0xf6, 0x71, 0xf6, 0x71, 0xf6, 0x71, 0xf6, 0x71, 0xf6,
    0x71, 0xf6, 0x71, 0xf6, 0x71, 0xf6, 0x71, 0xf6, 0x71, 0xf6, 0x71, 0xf6,
    0x71, 0xf6, 0x71, 0xf6, 0x71, 0xf6, 0x71, 0xf6, 0x71, 0xf6, 0x71, 0xf6,
    0x71, 0xf6, 0x71, 0xf6, 0x71, 0xf6, 0x71, 0xf6, 0x71, 0xf6, 0x71, 0xf6,
    0x71, 0xf6, 0x71, 0xf6, 0x71, 0xf6, 0x71, 0xf6, 0x71, 0xf6, 0x71, 0xf6,
    0x71, 0xf6, 0x71, 0xf6, 0x71, 0xf6, 0x71, 0xf6, 0x71, 0xf6, 0x71, 0xf6,
    0x71, 0xf6, 0x71, 0xf6, 0x71, 0xf6, 0x71, 0xf6, 0x71, 0xf6, 0x71, 0xf6,
    0x71, 0xf6, 0x71, 0xf6, 0x71, 0xf6, 0x71, 0xf6, 0x71, 0xf6, 0x71, 0xf6,
    0x71, 0xf6, 0x71, 0xf6, 0x71, 0xf6, 0x71, 0xf6, 0x71, 0xf6, 0x71, 0xf6,
    0x71, 0xf6, 0x71, 0xf6, 0x71, 0xf6, 0x71, 0xf6, 0x71, 0xf6, 0x71, 0xf6,
    0x71, 0xf6, 0x71, 0xf6, 0x71, 0xf6, 0x71, 0xf6, 0x71, 0xf6, 0x71, 0xf6,
    0x71, 0xf6, 0x71, 0xf6, 0x71, 0xf6, 0x71, 0xf6, 0x71, 0xf6, 0x71, 0xf6,
    0x71, 0xf6, 0x71, 0xf6, 0x71, 0xf6, 0x71, 0xf6, 0x71, 0xf6, 0x71, 0xf6,
    0x71, 0xf6, 0x71, 0xf6, 0x71, 0xf6, 0x71, 0xf6, 0x71, 0xf6, 0x71, 0xf6,
    0x71, 0xf6, 0x71, 0xf6, 0x71, 0xf6, 0x91, 0xf6, 0x71, 0xee, 0xb2, 0xfe,
    0x71, 0xf6, 0x06, 0x09, 0x04, 0x00, 0x65, 0x00, 0x45, 0x00, 0x45, 0x00,
    0x45, 0x00, 0x45, 0x00, 0x45, 0x00, 0x45, 0x00, 0x45, 0x00, 0x45, 0x00,
    0x45, 0x00, 0x45, 0x00, 0x45, 0x00, 0x45, 0x00, 0x45, 0x00, 0x45, 0x00,
    0x45, 0x00, 0x45, 0x00, 0x45, 0x00, 0x45, 0x00, 0x45, 0x00, 0x45, 0x00,
    0x45, 0x00, 0x45, 0x00, 0x45, 0x00, 0x45, 0x00, 0x45, 0x00, 0x45, 0x00,
    0x45, 0x00, 0x45, 0x00, 0x45, 0x00, 0x45, 0x00, 0x45, 0x00, 0x45, 0x00,
    0x45, 0x00, 0x45, 0x00, 0x45, 0x00, 0x45, 0x00, 0x45, 0x00, 0x45, 0x00,
    0x45, 0x00, 0x45, 0x00, 0x45, 0x00, 0x45, 0x00, 0x45, 0x00, 0x45, 0x00,
    0x45, 0x00, 0x45, 0x00, 0x45, 0x00, 0x45, 0x00, 0x45, 0x00, 0x45, 0x00,
    0x45, 0x00, 0x45, 0x00, 0x45, 0x00, 0x45, 0x00, 0x45, 0x00, 0x45, 0x00,
    0x45, 0x00, 0x45, 0x00, 0x45, 0x00, 0x45, 0x00, 0x45, 0x00, 0x45, 0x00,
    0x45, 0x00, 0x45, 0x00, 0x45, 0x00, 0x45, 0x00, 0x45, 0x00, 0x45, 0x00,
    0x45, 0x00, 0x45, 0x00, 0x45, 0x00, 0x45, 0x00, 0x45, 0x00, 0x45, 0x00,
    0x45, 0x00, 0x45, 0x00, 0x65, 0x00, 0x04, 0x00, 0xe8, 0x31, 0xd2, 0xfe,
    0x91, 0xf6, 0x71, 0xf6, 0x71, 0xf6, 0x71, 0xf6, 0x71, 0xf6, 0x71, 0xf6,
    0x71, 0xf6, 0x71, 0xf6, 0x71, 0xf6, 0x71, 0xf6, 0x71, 0xf6, 0x71, 0xf6,
    0x71, 0xf6, 0x71, 0xf6, 0x71, 0xf6, 0x71, 0xf6, 0x71, 0xf6, 0x71, 0xf6,
    0x71, 0xf6, 0x71, 0xf6, 0x71, 0xf6, 0x71, 0xf6, 0x71, 0xf6, 0x71, 0xf6,
    0x71, 0xf6, 0x71, 0xf6, 0x71, 0xf6, 0x71, 0xf6, 0x71, 0xf6, 0x71, 0xf6,
    0x71, 0xf6, 0x71, 0xf6, 0x71, 0xf6, 0x71, 0xf6, 0x71, 0xf6, 0x71, 0xf6,
    0x71, 0xf6, 0x71, 0xf6, 0x71, 0xf6, 0x71, 0xf6, 0x71, 0xf6, 0x71, 0xf6,
    0x71, 0xf6, 0x71, 0xf6, 0x71, 0xf6, 0x71, 0xf6, 0x71, 0xf6, 0x71, 0xf6,
    0x71, 0xf6, 0x71, 0xf6, 0x71, 0xf6, 0x71, 0xf6, 0x71, 0xf6, 0x71, 0xf6,
    0x71, 0xf6, 0x71, 0xf6, 0x71, 0xf6, 0x71, 0xf6, 0x71, 0xf6, 0x71, 0xf6,
    0x71, 0xf6, 0x71, 0xf6, 0x71, 0xf6, 0x71, 0xf6, 0x71, 0xf6, 0x71, 0xf6,
    0x71, 0xf6, 0x71, 0xf6, 0x71, 0xf6, 0x71, 0xf6, 0x71, 0xf6, 0x71, 0xf6,
    0x71, 0xf6, 0x71, 0xf6, 0x71, 0xf6, 0x71, 0xf6, 0x71, 0xf6, 0x71, 0xf6,
    0x71, 0xf6, 0x71, 0xf6, 0x71, 0xf6, 0x71, 0xf6, 0x71, 0xf6, 0x71, 0xf6,
    0x71, 0xf6, 0x71, 0xf6, 0x71, 0xf6, 0x71, 0xf6, 0x71, 0xf6, 0x71, 0xf6,
    0x71, 0xf6, 0x71, 0xf6, 0x71, 0xf6, 0x71, 0xf6, 0x71, 0xf6, 0x71, 0xf6,
    0x71, 0xf6, 0x71, 0xf6, 0x71, 0xf6, 0x71, 0xf6, 0x71, 0xf6, 0x71, 0xf6,
    0x71, 0xf6, 0x71, 0xf6, 0x71, 0xf6, 0x71, 0xf6, 0x71, 0xf6, 0x71, 0xf6,
    0x71, 0xf6, 0x71, 0xf6, 0x71, 0xf6, 0x71, 0xf6, 0x71, 0xf6, 0x71, 0xf6,
    0x71, 0xf6, 0x71, 0xf6, 0xb2, 0xfe, 0x71, 0xf6, 0x06, 0x09, 0x04, 0x00,
    0x65, 0x00, 0x45, 0x00, 0x45, 0x00, 0x45, 0x00, 0x45, 0x00, 0x45, 0x00,
    0x45, 0x00, 0x45, 0x00, 0x45, 0x00, 0x45, 0x00, 0x45, 0x00, 0x45, 0x00,
    0x45, 0x00, 0x45, 0x00, 0x45, 0x00, 0x45, 0x00, 0x45, 0x00, 0x45, 0x00,
    0x45, 0x00, 0x45, 0x00, 0x45, 0x00, 0x45, 0x00, 0x45, 0x00, 0x45, 0x00,
    0x45, 0x00, 0x45, 0x00, 0x45, 0x00, 0x45, 0x00, 0x45, 0x00, 0x45, 0x00,
    0x45, 0x00, 0x45, 0x00, 0x45, 0x00, 0x45, 0x00, 0x45, 0x00, 0x45, 0x00,
    0x45, 0x00, 0x45, 0x00, 0x45, 0x00, 0x45, 0x00, 0x45, 0x00, 0x45, 0x00,
    0x45, 0x00, 0x45, 0x00, 0x45, 0x00, 0x45, 0x00, 0x45, 0x00, 0x45, 0x00,
    0x45, 0x00, 0x45, 0x00, 0x45, 0x00, 0x45, 0x00, 0x45, 0x00, 0x45, 0x00,
    0x45, 0x00, 0x45, 0x00, 0x45, 0x00, 0x45, 0x00, 0x45, 0x00, 0x45, 0x00,
    0x45, 0x00, 0x45, 0x00, 0x45, 0x00, 0x45, 0x00, 0x45, 0x00, 0x45, 0x00,
    0x45, 0x00, 0x45, 0x00, 0x45, 0x00, 0x45, 0x00, 0x45, 0x00, 0x45, 0x00,
    0x45, 0x00, 0x45, 0x00, 0x45, 0x00, 0x85, 0x00, 0x04, 0x00, 0xe8, 0x31,
    0xf2, 0xfe, 0x91, 0xf6, 0x71, 0xf6, 0x71, 0xf6, 0x71, 0xf6, 0x71, 0xf6,
    0x71, 0xf6, 0x71, 0xf6, 0x71, 0xf6, 0x71, 0xf6, 0x71, 0xf6, 0x71, 0xf6,
    0x71, 0xf6, 0x71, 0xf6, 0x71, 0xf6, 0x71, 0xf6, 0x71, 0xf6, 0x71, 0xf6,
    0x71, 0xf6, 0x71, 0xf6, 0x71, 0xf6, 0x71, 0xf6, 0x71, 0xf6, 0x71, 0xf6,
    0x71, 0xf6, 0x71, 0xf6, 0x71, 0xf6, 0x71, 0xf6, 0x71, 0xf6, 0x71, 0xf6,
    0x71, 0xf6, 0x71, 0xf6, 0x71, 0xf6, 0x71, 0xf6, 0x71, 0xf6, 0x71, 0xf6,
    0x71, 0xf6, 0x71, 0xf6, 0x71, 0xf6, 0x71, 0xf6, 0x71, 0xf6, 0x71, 0xf6,
    0x71, 0xf6, 0x71, 0xf6, 0x71, 0xf6, 0x71, 0xf6, 0x71, 0xf6, 0x71, 0xf6,
    0x71, 0xf6, 0x71, 0xf6, 0x71, 0xf6, 0x71, 0xf6, 0x71, 0xf6, 0x71, 0xf6,
    0x71, 0xf6, 0x71, 0xf6, 0x71, 0xf6, 0x71, 0xf6, 0x71, 0xf6, 0x71, 0xf6,
    0x71, 0xf6, 0x71, 0xf6, 0x71, 0xf6, 0x71, 0xf6, 0x71, 0xf6, 0x71, 0xf6,
    0x71, 0xf6, 0x71, 0xf6, 0x71, 0xf6, 0x71, 0xf6, 0x71, 0xf6, 0x71, 0xf6,
    0x71, 0xf6, 0x71, 0xf6, 0x71, 0xf6, 0x71, 0xf6, 0x71, 0xf6, 0x71, 0xf6,
    0x71, 0xf6, 0x71, 0xf6, 0x71, 0xf6, 0x71, 0xf6, 0x71, 0xf6, 0x71, 0xf6,
    0x71, 0xf6, 0x71, 0xf6, 0x71, 0xf6, 0x71, 0xf6, 0x71, 0xf6, 0x71, 0xf6,
    0x71, 0xf6, 0x71, 0xf6, 0x71, 0xf6, 0x71, 0xf6, 0x71, 0xf6, 0x71, 0xf6,
    0x71, 0xf6, 0x71, 0xf6, 0x71, 0xf6, 0x71, 0xf6, 0x71, 0xf6, 0x71, 0xf6,
    0x71, 0xf6, 0x71, 0xf6, 0x71, 0xf6, 0x71, 0xf6, 0x71, 0xf6, 0x71, 0xf6,
    0x71, 0xf6, 0x71, 0xf6, 0x71, 0xf6, 0x71, 0xf6, 0x71, 0xf6, 0x71, 0xf6,
    0x71, 0xf6, 0x71, 0xf6, 0x71, 0xf6, 0x71, 0xf6, 0x71, 0xf6, 0xb2, 0xfe,
    0x71, 0xf6, 0x06, 0x09, 0x04, 0x00, 0x85, 0x00, 0x45, 0x00, 0x45, 0x00,
    0x45, 0x00, 0x45, 0x00, 0x45, 0x00, 0x45, 0x00, 0x45, 0x00, 0x45, 0x00,
    0x45, 0x00, 0x45, 0x00, 0x45, 0x00, 0x45, 0x00, 0x45, 0x00, 0x45, 0x00,
    0x45, 0x00, 0x45, 0x00, 0x45, 0x00, 0x45, 0x00, 0x45, 0x00, 0x45, 0x00,
    0x45, 0x00, 0x45, 0x00, 0x45, 0x00, 0x45, 0x00, 0x45, 0x00, 0x45, 0x00,
    0x45, 0x00, 0x45, 0x00, 0x45, 0x00, 0x45, 0x00, 0x45, 0x00, 0x45, 0x00,
    0x45, 0x00, 0x45, 0x00, 0x45, 0x00, 0x45, 0x00, 0x45, 0x00, 0x45, 0x00,
    0x45, 0x00, 0x45, 0x00, 0x45, 0x00, 0x45, 0x00, 0x45, 0x00, 0x45, 0x00,
    0x45, 0x00, 0x45, 0x00, 0x45, 0x00, 0x45, 0x00, 0x45, 0x00, 0x45, 0x00,
    0x45, 0x00, 0x45, 0x00, 0x45, 0x00, 0x45, 0x00, 0x45, 0x00, 0x45, 0x00,
    0x45, 0x00, 0x45, 0x00, 0x45, 0x00, 0x45, 0x00, 0x45, 0x00, 0x45, 0x00,
    0x45, 0x00, 0x45, 0x00, 0x45, 0x00, 0x45, 0x00, 0x45, 0x00, 0x45, 0x00,
    0x45, 0x00, 0x45, 0x00, 0x45, 0x00, 0x45, 0x00, 0x85, 0x00, 0x04, 0x00,
    0xe8, 0x31, 0xd2, 0xfe, 0x91, 0xfe, 0x71, 0xf6, 0x71, 0xf6, 0x71, 0xf6,
    0x71, 0xf6, 0x71, 0xf6, 0x71, 0xf6, 0x71, 0xf6, 0x71, 0xf6, 0x71, 0xf6,
    0x71, 0xf6, 0x71, 0xf6, 0x71, 0xf6, 0x71, 0xf6, 0x71, 0xf6, 0x71, 0xf6,
    0x71, 0xf6, 0x71, 0xf6, 0x71, 0xf6, 0x71, 0xf6, 0x71, 0xf6, 0x71, 0xf6,
    0x71, 0xf6, 0x71, 0xf6, 0x71, 0xf6, 0x71, 0xf6, 0x71, 0xf6, 0x71, 0xf6,
    0x71, 0xf6, 0x71, 0xf6, 0x71, 0xf6, 0x71, 0xf6, 0x71, 0xf6, 0x71, 0xf6,
    0x71, 0xf6, 0x71, 0xf6, 0x71, 0xf6, 0x71, 0xf6, 0x71, 0xf6, 0x71, 0xf6,
    0x71, 0xf6, 0x71, 0xf6, 0x71, 0xf6, 0x71, 0xf6, 0x71, 0xf6, 0x71, 0xf6,
    0x71, 0xf6, 0x71, 0xf6, 0x71, 0xf6, 0x71, 0xf6, 0x71, 0xf6, 0x71, 0xf6,
    0x71, 0xf6, 0x71, 0xf6, 0x71, 0xf6, 0x71, 0xf6, 0x71, 0xf6, 0x71, 0xf6,
    0x71, 0xf6, 0x71, 0xf6, 0x71, 0xf6, 0x71, 0xf6, 0x71, 0xf6, 0x71, 0xf6,
    0x71, 0xf6, 0x71, 0xf6, 0x71, 0xf6, 0x71, 0xf6, 0x71, 0xf6, 0x71, 0xf6,
    0x71, 0xf6, 0x71, 0xf6, 0x71, 0xf6, 0x71, 0xf6, 0x71, 0xf6, 0x71, 0xf6,
    0x71, 0xf6, 0x71, 0xf6, 0x71, 0xf6, 0x71, 0xf6, 0x71, 0xf6, 0x71, 0xf6,
    0x71, 0xf6, 0x71, 0xf6, 0x71, 0xf6, 0x71, 0xf6, 0x71, 0xf6, 0x71, 0xf6,
    0x71, 0xf6, 0x71, 0xf6, 0x71, 0xf6, 0x71, 0xf6, 0x71, 0xf6, 0x71, 0xf6,
    0x71, 0xf6, 0x71, 0xf6, 0x71, 0xf6, 0x71, 0xf6, 0x71, 0xf6, 0x71, 0xf6,
    0x71, 0xf6, 0x71, 0xf6, 0x71, 0xf6, 0x71, 0xf6, 0x71, 0xf6, 0x71, 0xf6,
    0x71, 0xf6, 0x71, 0xf6, 0x71, 0xf6, 0x71, 0xf6, 0x71, 0xf6, 0x71, 0xf6,
    0x71, 0xf6, 0x71, 0xf6, 0x71, 0xf6, 0x71, 0xf6, 0x71, 0xf6, 0x71, 0xf6,
    0x71, 0xf6, 0x71, 0xf6, 0xb2, 0xfe, 0x51, 0xee, 0x06, 0x11, 0x04, 0x00,
    0x65, 0x00, 0x45, 0x00, 0x45, 0x00, 0x45, 0x00, 0x45, 0x00, 0x45, 0x00,
    0x45, 0x00, 0x45, 0x00, 0x45, 0x00, 0x45, 0x00, 0x45, 0x00, 0x45, 0x00,
    0x45, 0x00, 0x45, 0x00, 0x45, 0x00, 0x45, 0x00, 0x45, 0x00, 0x45, 0x00,
    0x45, 0x00, 0x45, 0x00, 0x45, 0x00, 0x45, 0x00, 0x45, 0x00, 0x45, 0x00,
    0x45, 0x00, 0x45, 0x00, 0x45, 0x00, 0x45, 0x00, 0x45, 0x00, 0x45, 0x00,
    0x45, 0x00, 0x45, 0x00, 0x45, 0x00, 0x45, 0x00, 0x45, 0x00, 0x45, 0x00,
    0x45, 0x00, 0x45, 0x00, 0x45, 0x00, 0x45, 0x00, 0x45, 0x00, 0x45, 0x00,
    0x45, 0x00, 0x45, 0x00, 0x45, 0x00, 0x45, 0x00, 0x45, 0x00, 0x45, 0x00,
    0x45, 0x00, 0x45, 0x00, 0x45, 0x00, 0x45, 0x00, 0x45, 0x00, 0x45, 0x00,
    0x45, 0x00, 0x45, 0x00, 0x45, 0x00, 0x45, 0x00, 0x45, 0x00, 0x45, 0x00,
    0x45, 0x00, 0x45, 0x00, 0x45, 0x00, 0x45, 0x00, 0x45, 0x00, 0x45, 0x00,
    0x45, 0x00, 0x45, 0x00, 0x45, 0x00, 0x45, 0x00, 0x45, 0x00, 0x65, 0x00,
    0x04, 0x00, 0xe8, 0x31, 0xd2, 0xfe, 0x91, 0xfe, 0x71, 0xf6, 0x71, 0xf6,
    0x71, 0xf6, 0x71, 0xf6, 0x71, 0xf6, 0x71, 0xf6, 0x71, 0xf6, 0x71, 0xf6,
    0x71, 0xf6, 0x71, 0xf6, 0x71, 0xf6, 0x71, 0xf6, 0x71, 0xf6, 0x71, 0xf6,
    0x71, 0xf6, 0x71, 0xf6, 0x71, 0xf6, 0x71, 0xf6, 0x71, 0xf6, 0x71, 0xf6,
    0x71, 0xf6, 0x71, 0xf6, 0x71, 0xf6, 0x71, 0xf6, 0x71, 0xf6, 0x71, 0xf6,
    0x71, 0xf6, 0x71, 0xf6, 0x71, 0xf6, 0x71, 0xf6, 0x71, 0xf6, 0x71, 0xf6,
    0x71, 0xf6, 0x71, 0xf6, 0x71, 0xf6, 0x71, 0xf6, 0x71, 0xf6, 0x71, 0xf6,
    0x71, 0xf6, 0x71, 0xf6, 0x71, 0xf6, 0x71, 0xf6, 0x71, 0xf6, 0x71, 0xf6,
    0x71, 0xf6, 0x71, 0xf6, 0x71, 0xf6, 0x71, 0xf6, 0x71, 0xf6, 0x71, 0xf6,
    0x71, 0xf6, 0x71, 0xf6, 0x71, 0xf6, 0x71, 0xf6, 0x71, 0xf6, 0x71, 0xf6,
    0x71, 0xf6, 0x71, 0xf6, 0x71, 0xf6, 0x71, 0xf6, 0x71, 0xf6, 0x71, 0xf6,
    0x71, 0xf6, 0x71, 0xf6, 0x71, 0xf6, 0x71, 0xf6, 0x71, 0xf6, 0x71, 0xf6,
    0x71, 0xf6, 0x71, 0xf6, 0x71, 0xf6, 0x71, 0xf6, 0x71, 0xf6, 0x71, 0xf6,
    0x71, 0xf6, 0x71, 0xf6, 0x71, 0xf6, 0x71, 0xf6, 0x71, 0xf6, 0x71, 0xf6,
    0x71, 0xf6, 0x71, 0xf6, 0x71, 0xf6, 0x71, 0xf6, 0x71, 0xf6, 0x71, 0xf6,
    0x71, 0xf6, 0x71, 0xf6, 0x71, 0xf6, 0x71, 0xf6, 0x71, 0xf6, 0x71, 0xf6,
    0x71, 0xf6, 0x71, 0xf6, 0x71, 0xf6, 0x71, 0xf6, 0x71, 0xf6, 0x71, 0xf6,
    0x71, 0xf6, 0x71, 0xf6, 0x71, 0xf6, 0x71, 0xf6, 0x71, 0xf6, 0x71, 0xf6,
    0x71, 0xf6, 0x71, 0xf6, 0x71, 0xf6, 0x71, 0xf6, 0x71, 0xf6, 0x71, 0xf6,
    0x71, 0xf6, 0x71, 0xf6, 0x71, 0xf6, 0x71, 0xf6, 0x71, 0xf6, 0x71, 0xf6,
    0x71, 0xf6, 0x71, 0xf6, 0x71, 0xf6, 0x71, 0xf6, 0x51, 0xee, 0xb2, 0xfe,
    0x71, 0xee, 0x06, 0x09, 0x04, 0x00, 0x65, 0x00, 0x45, 0x00, 0x45, 0x00,
    0x45, 0x00, 0x45, 0x00, 0x45, 0x00, 0x45, 0x00, 0x45, 0x00, 0x45, 0x00,
    0x45, 0x00, 0x45, 0x00, 0x45, 0x00, 0x45, 0x00, 0x45, 0x00, 0x45, 0x00,
    0x45, 0x00, 0x45, 0x00, 0x45, 0x00, 0x45, 0x00, 0x45, 0x00, 0x45, 0x00,
    0x45, 0x00, 0x45, 0x00, 0x45, 0x00, 0x45, 0x00, 0x45, 0x00, 0x45, 0x00,
    0x45, 0x00, 0x45, 0x00, 0x45, 0x00, 0x45, 0x00, 0x45, 0x00, 0x45, 0x00,
    0x45, 0x00, 0x45, 0x00, 0x45, 0x00, 0x45, 0x00, 0x45, 0x00, 0x45, 0x00,
    0x45, 0x00, 0x45, 0x00, 0x45, 0x00, 0x45, 0x00, 0x45, 0x00, 0x45, 0x00,
    0x45, 0x00, 0x45, 0x00, 0x45, 0x00, 0x45, 0x00, 0x45, 0x00, 0x45, 0x00,
    0x45, 0x00, 0x45, 0x00, 0x45, 0x00, 0x45, 0x00, 0x45, 0x00, 0x45, 0x00,
    0x45, 0x00, 0x45, 0x00, 0x45, 0x00, 0x45, 0x00, 0x45, 0x00, 0x45, 0x00,
    0x45, 0x00, 0x45, 0x00, 0x45, 0x00, 0x45, 0x00, 0x45, 0x00, 0x45, 0x00,
    0x45, 0x00, 0x04, 0x00, 0xe8, 0x31, 0xd2, 0xfe, 0x91, 0xfe, 0x71, 0xf6,
    0x71, 0xf6, 0x71, 0xf6, 0x71, 0xf6, 0x71, 0xf6, 0x71, 0xf6, 0x71, 0xf6,
    0x71, 0xf6, 0x71, 0xf6, 0x71, 0xf6, 0x71, 0xf6, 0x71, 0xf6, 0x71, 0xf6,
    0x71, 0xf6, 0x71, 0xf6, 0x71, 0xf6, 0x71, 0xf6, 0x71, 0xf6, 0x71, 0xf6,
    0x71, 0xf6, 0x71, 0xf6, 0x71, 0xf6, 0x71, 0xf6, 0x71, 0xf6, 0x71, 0xf6,
    0x71, 0xf6, 0x71, 0xf6, 0x71, 0xf6, 0x71, 0xf6, 0x71, 0xf6, 0x71, 0xf6,
    0x71, 0xf6, 0x71, 0xf6, 0x71, 0xf6, 0x71, 0xf6, 0x71, 0xf6, 0x71, 0xf6,
    0x71, 0xf6, 0x71, 0xf6, 0x71, 0xf6, 0x71, 0xf6, 0x71, 0xf6, 0x71, 0xf6,
    0x71, 0xf6, 0x71, 0xf6, 0x71, 0xf6, 0x71, 0xf6, 0x71, 0xf6, 0x71, 0xf6,
    0x71, 0xf6, 0x71, 0xf6, 0x71, 0xf6, 0x71, 0xf6, 0x71, 0xf6, 0x71, 0xf6,
    0x71, 0xf6, 0x71, 0xf6, 0x71, 0xf6, 0x71, 0xf6, 0x71, 0xf6, 0x71, 0xf6,
    0x71, 0xf6, 0x71, 0xf6, 0x71, 0xf6, 0x71, 0xf6, 0x71, 0xf6, 0x71, 0xf6,
    0x71, 0xf6, 0x71, 0xf6, 0x71, 0xf6, 0x71, 0xf6, 0x71, 0xf6, 0x71, 0xf6,
    0x71, 0xf6, 0x71, 0xf6, 0x71, 0xf6, 0x71, 0xf6, 0x71, 0xf6, 0x71, 0xf6,
    0x71, 0xf6, 0x71, 0xf6, 0x71, 0xf6, 0x71, 0xf6, 0x71, 0xf6, 0x71, 0xf6,
    0x71, 0xf6, 0x71, 0xf6, 0x71, 0xf6, 0x71, 0xf6, 0x71, 0xf6, 0x71, 0xf6,
    0x71, 0xf6, 0x71, 0xf6, 0x71, 0xf6, 0x71, 0xf6, 0x71, 0xf6, 0x71, 0xf6,
    0x71, 0xf6, 0x71, 0xf6, 0x71, 0xf6, 0x71, 0xf6, 0x71, 0xf6, 0x71, 0xf6,
    0x71, 0xf6, 0x71, 0xf6, 0x71, 0xf6, 0x71, 0xf6, 0x71, 0xf6, 0x71, 0xf6,
    0x71, 0xf6, 0x71, 0xf6, 0x71, 0xf6, 0x71, 0xf6, 0x71, 0xf6, 0x71, 0xf6,
    0x71, 0xf6, 0x71, 0xf6, 0x71, 0xf6, 0x71, 0xf6, 0x71, 0xf6, 0x71, 0xf6,
    0x91, 0xf6, 0x71, 0xee, 0xb2, 0xfe, 0x71, 0xf6, 0x06, 0x09, 0x04, 0x00,
    0x45, 0x00, 0x45, 0x00, 0x45, 0x00, 0x45, 0x00, 0x45, 0x00, 0x45, 0x00,
    0x45, 0x00, 0x45, 0x00, 0x45, 0x00, 0x45, 0x00, 0x45, 0x00, 0x45, 0x00,
    0x45, 0x00, 0x45, 0x00, 0x45, 0x00, 0x45, 0x00, 0x45, 0x00, 0x45, 0x00,
    0x45, 0x00, 0x45, 0x00, 0x45, 0x00, 0x45, 0x00, 0x45, 0x00, 0x45, 0x00,
    0x45, 0x00, 0x45, 0x00, 0x45, 0x00, 0x45, 0x00, 0x45, 0x00, 0x45, 0x00,
    0x45, 0x00, 0x45, 0x00, 0x45, 0x00, 0x45, 0x00, 0x45, 0x00, 0x45, 0x00,
    0x45, 0x00, 0x45, 0x00, 0x45, 0x00, 0x45, 0x00, 0x45, 0x00, 0x45, 0x00,
    0x45, 0x00, 0x45, 0x00, 0x45, 0x00, 0x45, 0x00, 0x45, 0x00, 0x45, 0x00,
    0x45, 0x00, 0x45, 0x00, 0x45, 0x00, 0x45, 0x00, 0x45, 0x00, 0x45, 0x00,
    0x45, 0x00, 0x45, 0x00, 0x45, 0x00, 0x45, 0x00, 0x45, 0x00, 0x45, 0x00,
    0x45, 0x00, 0x45, 0x00, 0x45, 0x00, 0x45, 0x00, 0x45, 0x00, 0x45, 0x00,
    0x45, 0x00, 0x45, 0x00, 0x45, 0x00, 0xe8, 0x31, 0xd2, 0xfe, 0x91, 0xf6,
    0x71, 0xf6, 0x71, 0xf6, 0x71, 0xf6, 0x71, 0xf6, 0x71, 0xf6, 0x71, 0xf6,
    0x71, 0xf6, 0x71, 0xf6, 0x71, 0xf6, 0x71, 0xf6, 0x71, 0xf6, 0x71, 0xf6,
    0x71, 0xf6, 0x71, 0xf6, 0x71, 0xf6, 0x71, 0xf6, 0x71, 0xf6, 0x71, 0xf6,
    0x71, 0xf6, 0x71, 0xf6, 0x71, 0xf6, 0x71, 0xf6, 0x71, 0xf6, 0x71, 0xf6,
    0x71, 0xf6, 0x71, 0xf6, 0x71, 0xf6, 0x71, 0xf6, 0x71, 0xf6, 0x71, 0xf6,
    0x71, 0xf6, 0x71, 0xf6, 0x71, 0xf6, 0x71, 0xf6, 0x71, 0xf6, 0x71, 0xf6,
    0x71, 0xf6, 0x71, 0xf6, 0x71, 0xf6, 0x71, 0xf6, 0x71, 0xf6, 0x71, 0xf6,
    0x71, 0xf6, 0x71, 0xf6, 0x71, 0xf6, 0x71, 0xf6, 0x71, 0xf6, 0x71, 0xf6,
    0x71, 0xf6, 0x71, 0xf6, 0x71, 0xf6, 0x71, 0xf6, 0x71, 0xf6, 0x71, 0xf6,
    0x71, 0xf6, 0x71, 0xf6, 0x71, 0xf6, 0x71, 0xf6, 0x71, 0xf6, 0x71, 0xf6,
    0x71, 0xf6, 0x71, 0xf6, 0x71, 0xf6, 0x71, 0xf6, 0x71, 0xf6, 0x71, 0xf6,
    0x71, 0xf6, 0x71, 0xf6, 0x71, 0xf6, 0x71, 0xf6, 0x71, 0xf6, 0x71, 0xf6,
    0x71, 0xf6, 0x71, 0xf6, 0x71, 0xf6, 0x71, 0xf6, 0x71, 0xf6, 0x71, 0xf6,
    0x71, 0xf6, 0x71, 0xf6, 0x71, 0xf6, 0x71, 0xf6, 0x71, 0xf6, 0x71, 0xf6,
    0x71, 0xf6, 0x71, 0xf6, 0x71, 0xf6, 0x71, 0xf6, 0x71, 0xf6, 0x71, 0xf6,
    0x71, 0xf6, 0x71, 0xf6, 0x71, 0xf6, 0x71, 0xf6, 0x71, 0xf6, 0x71, 0xf6,
    0x71, 0xf6, 0x71, 0xf6, 0x71, 0xf6, 0x71, 0xf6, 0x71, 0xf6, 0x71, 0xf6,
    0x71, 0xf6, 0x71, 0xf6, 0x71, 0xf6, 0x71, 0xf6, 0x71, 0xf6, 0x71, 0xf6,
    0x71, 0xf6, 0x71, 0xf6, 0x71, 0xf6, 0x71, 0xf6, 0x71, 0xf6, 0x71, 0xf6,
    0x71, 0xf6, 0x71, 0xf6, 0x71, 0xf6, 0x71, 0xf6, 0x71, 0xf6, 0x71, 0xf6,
    0x71, 0xf6, 0x71, 0xf6, 0x71, 0xf6, 0x71, 0xf6, 0x71, 0xf6, 0xb2, 0xfe,
    0x71, 0xee, 0x27, 0x11, 0x45, 0x00, 0x45, 0x00, 0x45, 0x00, 0x45, 0x00,
    0x45, 0x00, 0x45, 0x00, 0x45, 0x00, 0x45, 0x00, 0x45, 0x00, 0x45, 0x00,
    0x45, 0x00, 0x45, 0x00, 0x45, 0x00, 0x45, 0x00, 0x45, 0x00, 0x45, 0x00,
    0x45, 0x00, 0x45, 0x00, 0x45, 0x00, 0x45, 0x00, 0x45, 0x00, 0x45, 0x00,
    0x45, 0x00, 0x45, 0x00, 0x45, 0x00, 0x45, 0x00, 0x45, 0x00, 0x45, 0x00,
    0x45, 0x00, 0x45, 0x00, 0x45, 0x00, 0x45, 0x00, 0x45, 0x00, 0x45, 0x00,
    0x45, 0x00, 0x45, 0x00, 0x45, 0x00, 0x45, 0x00, 0x45, 0x00, 0x45, 0x00,
    0x45, 0x00, 0x45, 0x00, 0x45, 0x00, 0x45, 0x00, 0x45, 0x00, 0x45, 0x00,
    0x45, 0x00, 0x45, 0x00, 0x45, 0x00, 0x45, 0x00, 0x45, 0x00, 0x45, 0x00,
    0x45, 0x00, 0x45, 0x00, 0x45, 0x00, 0x45, 0x00, 0x45, 0x00, 0x45, 0x00,
    0x45, 0x00, 0x45, 0x00, 0x45, 0x00, 0x45, 0x00, 0x45, 0x00, 0x45, 0x00,
    0x45, 0x00, 0x45, 0x00, 0x45, 0x00, 0x65, 0x00, 0x04, 0x00, 0xb1, 0xfe,
    0x91, 0xfe, 0x71, 0xf6, 0x71, 0xf6, 0x71, 0xf6, 0x71, 0xf6, 0x71, 0xf6,
    0x71, 0xf6, 0x71, 0xf6, 0x71, 0xf6, 0x71, 0xf6, 0x71, 0xf6, 0x71, 0xf6,
    0x71, 0xf6, 0x71, 0xf6, 0x71, 0xf6, 0x71, 0xf6, 0x71, 0xf6, 0x71, 0xf6,
    0x71, 0xf6, 0x71, 0xf6, 0x71, 0xf6, 0x71, 0xf6, 0x71, 0xf6, 0x71, 0xf6,
    0x71, 0xf6, 0x71, 0xf6, 0x71, 0xf6, 0x71, 0xf6, 0x71, 0xf6, 0x71, 0xf6,
    0x71, 0xf6, 0x71, 0xf6, 0x71, 0xf6, 0x71, 0xf6, 0x71, 0xf6, 0x71, 0xf6,
    0x71, 0xf6, 0x71, 0xf6, 0x71, 0xf6, 0x71, 0xf6, 0x71, 0xf6, 0x71, 0xf6,
    0x71, 0xf6, 0x71, 0xf6, 0x71, 0xf6, 0x71, 0xf6, 0x71, 0xf6, 0x71, 0xf6,
    0x71, 0xf6, 0x71, 0xf6, 0x71, 0xf6, 0x71, 0xf6, 0x71, 0xf6, 0x71, 0xf6,
    0x71, 0xf6, 0x71, 0xf6, 0x71, 0xf6, 0x71, 0xf6, 0x71, 0xf6, 0x71, 0xf6,
    0x71, 0xf6, 0x71, 0xf6, 0x71, 0xf6, 0x71, 0xf6, 0x71, 0xf6, 0x71, 0xf6,
    0x71, 0xf6, 0x71, 0xf6, 0x71, 0xf6, 0x71, 0xf6, 0x71, 0xf6, 0x71, 0xf6,
    0x71, 0xf6, 0x71, 0xf6, 0x71, 0xf6, 0x71, 0xf6, 0x71, 0xf6, 0x71, 0xf6,
    0x71, 0xf6, 0x71, 0xf6, 0x71, 0xf6, 0x71, 0xf6, 0x71, 0xf6, 0x71, 0xf6,
    0x71, 0xf6, 0x71, 0xf6, 0x71, 0xf6, 0x71, 0xf6, 0x71, 0xf6, 0x71, 0xf6,
    0x71, 0xf6, 0x71, 0xf6, 0x71, 0xf6, 0x71, 0xf6, 0x71, 0xf6, 0x71, 0xf6,
    0x71, 0xf6, 0x71, 0xf6, 0x71, 0xf6, 0x71, 0xf6, 0x71, 0xf6, 0x71, 0xf6,
    0x71, 0xf6, 0x71, 0xf6, 0x71, 0xf6, 0x71, 0xf6, 0x71, 0xf6, 0x71, 0xf6,
    0x71, 0xf6, 0x71, 0xf6, 0x71, 0xf6, 0x71, 0xf6, 0x71, 0xf6, 0x71, 0xf6,
    0x71, 0xf6, 0x71, 0xf6, 0x71, 0xf6, 0x71, 0xf6, 0x71, 0xf6, 0x71, 0xf6,
    0x71, 0xf6, 0x71, 0xf6, 0x71, 0xf6, 0x71, 0xf6, 0x71, 0xf6, 0x71, 0xf6,
    0x71, 0xf6, 0x71, 0xf6, 0xd2, 0xfe, 0xb0, 0xd5, 0x04, 0x00, 0x85, 0x00,
    0x45, 0x00, 0x45, 0x00, 0x45, 0x00, 0x45, 0x00, 0x45, 0x00, 0x45, 0x00,
    0x45, 0x00, 0x45, 0x00, 0x45, 0x00, 0x45, 0x00, 0x45, 0x00, 0x45, 0x00,
    0x45, 0x00, 0x45, 0x00, 0x45, 0x00, 0x45, 0x00, 0x45, 0x00, 0x45, 0x00,
    0x45, 0x00, 0x45, 0x00, 0x45, 0x00, 0x45, 0x00, 0x45, 0x00, 0x45, 0x00,
    0x45, 0x00, 0x45, 0x00, 0x45, 0x00, 0x45, 0x00, 0x45, 0x00, 0x45, 0x00,
    0x45, 0x00, 0x45, 0x00, 0x45, 0x00, 0x45, 0x00, 0x45, 0x00, 0x45, 0x00,
    0x45, 0x00, 0x45, 0x00, 0x45, 0x00, 0x45, 0x00, 0x45, 0x00, 0x45, 0x00,
    0x45, 0x00, 0x45, 0x00, 0x45, 0x00, 0x45, 0x00, 0x45, 0x00, 0x45, 0x00,
    0x45, 0x00, 0x45, 0x00, 0x45, 0x00, 0x45, 0x00, 0x45, 0x00, 0x45, 0x00,
    0x45, 0x00, 0x45, 0x00, 0x45, 0x00, 0x45, 0x00, 0x45, 0x00, 0x45, 0x00,
    0x45, 0x00, 0x45, 0x00, 0x45, 0x00, 0x45, 0x00, 0x65, 0x00, 0x04, 0x00,
    0xca, 0x5a, 0x91, 0xf6, 0x71, 0xf6, 0x71, 0xf6, 0x71, 0xf6, 0x71, 0xf6,
    0x71, 0xf6, 0x71, 0xf6, 0x71, 0xf6, 0x71, 0xf6, 0x71, 0xf6, 0x71, 0xf6,
    0x71, 0xf6, 0x71, 0xf6, 0x71, 0xf6, 0x71, 0xf6, 0x71, 0xf6, 0x71, 0xf6,
    0x71, 0xf6, 0x71, 0xf6, 0x71, 0xf6, 0x71, 0xf6, 0x71, 0xf6, 0x71, 0xf6,
    0x71, 0xf6, 0x71, 0xf6, 0x71, 0xf6, 0x71, 0xf6, 0x71, 0xf6, 0x71, 0xf6,
    0x71, 0xf6, 0x71, 0xf6, 0x71, 0xf6, 0x71, 0xf6, 0x71, 0xf6, 0x71, 0xf6,
    0x71, 0xf6, 0x71, 0xf6, 0x71, 0xf6, 0x71, 0xf6, 0x71, 0xf6, 0x71, 0xf6,
    0x71, 0xf6, 0x71, 0xf6, 0x71, 0xf6, 0x71, 0xf6, 0x71, 0xf6, 0x71, 0xf6,
    0x71, 0xf6, 0x71, 0xf6, 0x71, 0xf6, 0x71, 0xf6, 0x71, 0xf6, 0x71, 0xf6,
    0x71, 0xf6, 0x71, 0xf6, 0x71, 0xf6, 0x71, 0xf6, 0x71, 0xf6, 0x71, 0xf6,
    0x71, 0xf6, 0x71, 0xf6, 0x71, 0xf6, 0x71, 0xf6, 0x71, 0xf6, 0x71, 0xf6,
    0x71, 0xf6, 0x71, 0xf6, 0x71, 0xf6, 0x71, 0xf6, 0x71, 0xf6, 0x71, 0xf6,
    0x71, 0xf6, 0x71, 0xf6, 0x71, 0xf6, 0x71, 0xf6, 0x71, 0xf6, 0x71, 0xf6,
    0x71, 0xf6, 0x71, 0xf6, 0x71, 0xf6, 0x71, 0xf6, 0x71, 0xf6, 0x71, 0xf6,
    0x71, 0xf6, 0x71, 0xf6, 0x71, 0xf6, 0x71, 0xf6, 0x71, 0xf6, 0x71, 0xf6,
    0x71, 0xf6, 0x71, 0xf6, 0x71, 0xf6, 0x71, 0xf6, 0x71, 0xf6, 0x71, 0xf6,
    0x71, 0xf6, 0x71, 0xf6, 0x71, 0xf6, 0x71, 0xf6, 0x71, 0xf6, 0x71, 0xf6,
    0x71, 0xf6, 0x71, 0xf6, 0x71, 0xf6, 0x71, 0xf6, 0x71, 0xf6, 0x71, 0xf6,
    0x71, 0xf6, 0x71, 0xf6, 0x71, 0xf6, 0x71, 0xf6, 0x71, 0xf6, 0x71, 0xf6,
    0x71, 0xf6, 0x71, 0xf6, 0x71, 0xf6, 0x71, 0xf6, 0x71, 0xf6, 0x71, 0xf6,
    0x71, 0xf6, 0x71, 0xf6, 0x71, 0xf6, 0x71, 0xf6, 0x71, 0xf6, 0x71, 0xf6,
    0x71, 0xf6, 0x71, 0xf6, 0x71, 0xf6, 0x71, 0xf6, 0x91, 0xfe, 0x31, 0xee,
    0xe8, 0x31, 0x04, 0x00, 0x85, 0x00, 0x45, 0x00, 0x45, 0x00, 0x45, 0x00,
    0x45, 0x00, 0x45, 0x00, 0x45, 0x00, 0x45, 0x00, 0x45, 0x00, 0x45, 0x00,
    0x45, 0x00, 0x45, 0x00, 0x45, 0x00, 0x45, 0x00, 0x45, 0x00, 0x45, 0x00,
    0x45, 0x00, 0x45, 0x00, 0x45, 0x00, 0x45, 0x00, 0x45, 0x00, 0x45, 0x00,
    0x45, 0x00, 0x45, 0x00, 0x45, 0x00, 0x45, 0x00, 0x45, 0x00, 0x45, 0x00,
    0x45, 0x00, 0x45, 0x00, 0x45, 0x00, 0x45, 0x00, 0x45, 0x00, 0x45, 0x00,
    0x45, 0x00, 0x45, 0x00, 0x45, 0x00, 0x45, 0x00, 0x45, 0x00, 0x45, 0x00,
    0x45, 0x00, 0x45, 0x00, 0x45, 0x00, 0x45, 0x00, 0x45, 0x00, 0x45, 0x00,
    0x45, 0x00, 0x45, 0x00, 0x45, 0x00, 0x45, 0x00, 0x45, 0x00, 0x45, 0x00,
    0x45, 0x00, 0x45, 0x00, 0x45, 0x00, 0x45, 0x00, 0x45, 0x00, 0x45, 0x00,
    0x45, 0x00, 0x45, 0x00, 0x45, 0x00, 0x45, 0x00, 0x45, 0x00, 0x65, 0x00,
    0x04, 0x00, 0xea, 0x5a, 0x12, 0xff, 0x91, 0xfe, 0x71, 0xf6, 0x71, 0xf6,
    0x71, 0xf6, 0x71, 0xf6, 0x71, 0xf6, 0x71, 0xf6, 0x71, 0xf6, 0x91, 0xfe,
    0x91, 0xfe, 0x91, 0xfe, 0x91, 0xfe, 0x91, 0xfe, 0x91, 0xfe, 0x91, 0xfe,
    0x91, 0xfe, 0x91, 0xfe, 0x91, 0xfe, 0x91, 0xfe, 0x91, 0xfe, 0x91, 0xfe,
    0x91, 0xfe, 0x91, 0xfe, 0x91, 0xfe, 0x91, 0xfe, 0x91, 0xfe, 0x91, 0xfe,
    0x91, 0xfe, 0x91, 0xfe, 0x91, 0xfe, 0x91, 0xfe, 0x91, 0xfe, 0x91, 0xfe,
    0x91, 0xfe, 0x91, 0xfe, 0x91, 0xfe, 0x91, 0xfe, 0x91, 0xfe, 0x91, 0xfe,
    0x91, 0xfe, 0x91, 0xfe, 0x91, 0xfe, 0x91, 0xfe, 0x91, 0xfe, 0x91, 0xfe,
    0x91, 0xfe, 0x91, 0xfe, 0x91, 0xfe, 0x91, 0xfe, 0x91, 0xfe, 0x91, 0xfe,
    0x91, 0xfe, 0x91, 0xfe, 0x71, 0xf6, 0x71, 0xf6, 0x71, 0xf6, 0x71, 0xf6,
    0x71, 0xf6, 0x71, 0xf6, 0x71, 0xf6, 0x71, 0xf6, 0x71, 0xf6, 0x71, 0xf6,
    0x71, 0xf6, 0x71, 0xf6, 0x71, 0xf6, 0x71, 0xf6, 0x71, 0xf6, 0x71, 0xf6,
    0x71, 0xf6, 0x71, 0xf6, 0x71, 0xf6, 0x71, 0xf6, 0x71, 0xf6, 0x71, 0xf6,
    0x71, 0xf6, 0x71, 0xf6, 0x71, 0xf6, 0x91, 0xfe, 0x91, 0xfe, 0x91, 0xfe,
    0x91, 0xfe, 0x91, 0xfe, 0x91, 0xfe, 0x91, 0xfe, 0x91, 0xfe, 0x91, 0xfe,
    0x91, 0xfe, 0x91, 0xfe, 0x91, 0xfe, 0x91, 0xfe, 0x91, 0xfe, 0x91, 0xfe,
    0x91, 0xfe, 0x91, 0xfe, 0x91, 0xfe, 0x91, 0xfe, 0x91, 0xfe, 0x91, 0xfe,
    0x91, 0xfe, 0x91, 0xfe, 0x91, 0xfe, 0x91, 0xfe, 0x91, 0xfe, 0x91, 0xfe,
    0x91, 0xfe, 0x91, 0xfe, 0x91, 0xfe, 0x91, 0xfe, 0x91, 0xfe, 0x91, 0xfe,
    0x91, 0xfe, 0x91, 0xfe, 0x91, 0xfe, 0x91, 0xfe, 0x91, 0xfe, 0x91, 0xfe,
    0x91, 0xfe, 0x91, 0xfe, 0x91, 0xfe, 0x91, 0xfe, 0x91, 0xfe, 0x91, 0xfe,
    0x71, 0xf6, 0x71, 0xf6, 0x71, 0xf6, 0x71, 0xf6, 0x71, 0xf6, 0x71, 0xf6,
    0x71, 0xf6, 0xb2, 0xfe, 0xb2, 0xfe, 0xe8, 0x31, 0x04, 0x00, 0x65, 0x00,
    0x45, 0x00, 0x45, 0x00, 0x45, 0x00, 0x45, 0x00, 0x45, 0x00, 0x45, 0x00,
    0x45, 0x00, 0x45, 0x00, 0x45, 0x00, 0x45, 0x00, 0x45, 0x00, 0x45, 0x00,
    0x45, 0x00, 0x45, 0x00, 0x45, 0x00, 0x45, 0x00, 0x45, 0x00, 0x45, 0x00,
    0x45, 0x00, 0x45, 0x00, 0x45, 0x00, 0x45, 0x00, 0x45, 0x00, 0x45, 0x00,
    0x45, 0x00, 0x45, 0x00, 0x45, 0x00, 0x45, 0x00, 0x45, 0x00, 0x45, 0x00,
    0x45, 0x00, 0x45, 0x00, 0x45, 0x00, 0x45, 0x00, 0x45, 0x00, 0x45, 0x00,
    0x45, 0x00, 0x45, 0x00, 0x45, 0x00, 0x45, 0x00, 0x45, 0x00, 0x45, 0x00,
    0x45, 0x00, 0x45, 0x00, 0x45, 0x00, 0x45, 0x00, 0x45, 0x00, 0x45, 0x00,
    0x45, 0x00, 0x45, 0x00, 0x45, 0x00, 0x45, 0x00, 0x45, 0x00, 0x45, 0x00,
    0x45, 0x00, 0x45, 0x00, 0x45, 0x00, 0x45, 0x00, 0x45, 0x00, 0x45, 0x00,
    0x85, 0x00, 0x04, 0x00, 0x8a, 0x52, 0x13, 0xff, 0x71, 0xf6, 0x71, 0xf6,
    0x71, 0xf6, 0x71, 0xf6, 0x71, 0xf6, 0x71, 0xf6, 0x91, 0xf6, 0xd2, 0xfe,
    0x91, 0xf6, 0x51, 0xee, 0x71, 0xf6, 0x51, 0xf6, 0x51, 0xf6, 0x51, 0xf6,
    0x51, 0xf6, 0x51, 0xf6, 0x51, 0xf6, 0x51, 0xf6, 0x51, 0xf6, 0x51, 0xf6,
    0x51, 0xf6, 0x51, 0xf6, 0x51, 0xf6, 0x51, 0xf6, 0x51, 0xf6, 0x51, 0xf6,
    0x51, 0xf6, 0x51, 0xf6, 0x51, 0xf6, 0x51, 0xf6, 0x51, 0xf6, 0x51, 0xf6,
    0x51, 0xf6, 0x51, 0xf6, 0x51, 0xf6, 0x51, 0xf6, 0x51, 0xf6, 0x51, 0xf6,
    0x51, 0xf6, 0x51, 0xf6, 0x51, 0xf6, 0x51, 0xf6, 0x51, 0xf6, 0x51, 0xf6,
    0x51, 0xf6, 0x51, 0xf6, 0x51, 0xf6, 0x51, 0xf6, 0x51, 0xf6, 0x51, 0xf6,
    0x51, 0xf6, 0x51, 0xf6, 0x71, 0xf6, 0x51, 0xee, 0xb2, 0xfe, 0xd2, 0xfe,
    0x71, 0xf6, 0x71, 0xf6, 0x71, 0xf6, 0x71, 0xf6, 0x71, 0xf6, 0x71, 0xf6,
    0x71, 0xf6, 0x71, 0xf6, 0x71, 0xf6, 0x71, 0xf6, 0x71, 0xf6, 0x71, 0xf6,
    0x71, 0xf6, 0x71, 0xf6, 0x71, 0xf6, 0x71, 0xf6, 0x71, 0xf6, 0x71, 0xf6,
    0x71, 0xf6, 0x71, 0xf6, 0x91, 0xf6, 0xd2, 0xfe, 0x91, 0xf6, 0x51, 0xee,
    0x71, 0xf6, 0x51, 0xf6, 0x51, 0xf6, 0x51, 0xf6, 0x51, 0xf6, 0x51, 0xf6,
    0x51, 0xf6, 0x51, 0xf6, 0x51, 0xf6, 0x51, 0xf6, 0x51, 0xf6, 0x51, 0xf6,
    0x51, 0xf6, 0x51, 0xf6, 0x51, 0xf6, 0x51, 0xf6, 0x51, 0xf6, 0x51, 0xf6,
    0x51, 0xf6, 0x51, 0xf6, 0x51, 0xf6, 0x51, 0xf6, 0x51, 0xf6, 0x51, 0xf6,
    0x51, 0xf6, 0x51, 0xf6, 0x51, 0xf6, 0x51, 0xf6, 0x51, 0xf6, 0x51, 0xf6,
    0x51, 0xf6, 0x51, 0xf6, 0x51, 0xf6, 0x51, 0xf6, 0x51, 0xf6, 0x51, 0xf6,
    0x51, 0xf6, 0x51, 0xf6, 0x51, 0xf6, 0x51, 0xf6, 0x51, 0xf6, 0x51, 0xf6,
    0x71, 0xf6, 0x51, 0xee, 0xb2, 0xfe, 0xd2, 0xfe, 0x71, 0xf6, 0x71, 0xf6,
    0x71, 0xf6, 0x71, 0xf6, 0x71, 0xf6, 0x71, 0xf6, 0x71, 0xf6, 0xf2, 0xfe,
    0xa8, 0x21, 0x04, 0x00, 0x65, 0x00, 0x45, 0x00, 0x45, 0x00, 0x45, 0x00,
    0x45, 0x00, 0x45, 0x00, 0x45, 0x00, 0x45, 0x00, 0x45, 0x00, 0x45, 0x00,
    0x45, 0x00, 0x45, 0x00, 0x45, 0x00, 0x45, 0x00, 0x45, 0x00, 0x45, 0x00,
    0x45, 0x00, 0x45, 0x00, 0x45, 0x00, 0x45, 0x00, 0x45, 0x00, 0x45, 0x00,
    0x45, 0x00, 0x45, 0x00, 0x45, 0x00, 0x45, 0x00, 0x45, 0x00, 0x45, 0x00,
    0x45, 0x00, 0x45, 0x00, 0x45, 0x00, 0x45, 0x00, 0x45, 0x00, 0x45, 0x00,
    0x45, 0x00, 0x45, 0x00, 0x45, 0x00, 0x45, 0x00, 0x45, 0x00, 0x45, 0x00,
    0x45, 0x00, 0x45, 0x00, 0x45, 0x00, 0x45, 0x00, 0x45, 0x00, 0x45, 0x00,
    0x45, 0x00, 0x45, 0x00, 0x45, 0x00, 0x45, 0x00, 0x45, 0x00, 0x45, 0x00,
    0x45, 0x00, 0x45, 0x00, 0x45, 0x00, 0x45, 0x00, 0x45, 0x00, 0x45, 0x00,
    0x45, 0x00, 0x45, 0x00, 0x65, 0x00, 0x04, 0x00, 0x2d, 0x94, 0xf2, 0xfe,
    0x51, 0xee, 0x71, 0xf6, 0x71, 0xf6, 0x71, 0xf6, 0x71, 0xf6, 0x91, 0xf6,
    0x10, 0xee, 0xf0, 0xe5, 0xc6, 0x7a, 0x00, 0x10, 0x40, 0x20, 0x20, 0x20,
    0x20, 0x20, 0x20, 0x20, 0x20, 0x20, 0x20, 0x20, 0x20, 0x20, 0x20, 0x20,
    0x20, 0x20, 0x20, 0x20, 0x20, 0x20, 0x20, 0x20, 0x20, 0x20, 0x20, 0x20,
    0x20, 0x20, 0x20, 0x20, 0x20, 0x20, 0x20, 0x20, 0x20, 0x20, 0x20, 0x20,
    0x20, 0x20, 0x20, 0x20, 0x20, 0x20, 0x20, 0x20, 0x20, 0x20, 0x20, 0x20,
    0x20, 0x20, 0x20, 0x20, 0x20, 0x20, 0x20, 0x20, 0x20, 0x20, 0x20, 0x20,
    0x20, 0x20, 0x20, 0x20, 0x20, 0x20, 0x20, 0x20, 0x20, 0x20, 0x20, 0x20,
    0x20, 0x20, 0x20, 0x20, 0x20, 0x20, 0x20, 0x20, 0x40, 0x20, 0x00, 0x10,
    0xc9, 0x9b, 0xef, 0xe5, 0x51, 0xee, 0x71, 0xf6, 0x71, 0xf6, 0x71, 0xf6,
    0x71, 0xf6, 0x71, 0xf6, 0x71, 0xf6, 0x71, 0xf6, 0x71, 0xf6, 0x71, 0xf6,
    0x71, 0xf6, 0x71, 0xf6, 0x71, 0xf6, 0x71, 0xf6, 0x71, 0xf6, 0x71, 0xf6,
    0x71, 0xf6, 0x71, 0xf6, 0x71, 0xf6, 0x91, 0xf6, 0x10, 0xee, 0xf0, 0xe5,
    0xc6, 0x7a, 0x00, 0x10, 0x40, 0x20, 0x20, 0x20, 0x20, 0x20, 0x20, 0x20,
    0x20, 0x20, 0x20, 0x20, 0x20, 0x20, 0x20, 0x20, 0x20, 0x20, 0x20, 0x20,
    0x20, 0x20, 0x20, 0x20, 0x20, 0x20, 0x20, 0x20, 0x20, 0x20, 0x20, 0x20,
    0x20, 0x20, 0x20, 0x20, 0x20, 0x20, 0x20, 0x20, 0x20, 0x20, 0x20, 0x20,
    0x20, 0x20, 0x20, 0x20, 0x20, 0x20, 0x20, 0x20, 0x20, 0x20, 0x20, 0x20,
    0x20, 0x20, 0x20, 0x20, 0x20, 0x20, 0x20, 0x20, 0x20, 0x20, 0x20, 0x20,
    0x20, 0x20, 0x20, 0x20, 0x20, 0x20, 0x20, 0x20, 0x20, 0x20, 0x20, 0x20,
    0x20, 0x20, 0x20, 0x20, 0x40, 0x20, 0x00, 0x10, 0xc9, 0x9b, 0xef, 0xe5,
    0x51, 0xee, 0x71, 0xf6, 0x71, 0xf6, 0x71, 0xf6, 0x71, 0xf6, 0x71, 0xf6,
    0x51, 0xee, 0x33, 0xff, 0x0a, 0x63, 0x04, 0x00, 0x65, 0x00, 0x45, 0x00,
    0x45, 0x00, 0x45, 0x00, 0x45, 0x00, 0x45, 0x00, 0x45, 0x00, 0x45, 0x00,
    0x45, 0x00, 0x45, 0x00, 0x45, 0x00, 0x45, 0x00, 0x45, 0x00, 0x45, 0x00,
    0x45, 0x00, 0x45, 0x00, 0x45, 0x00, 0x45, 0x00, 0x45, 0x00, 0x45, 0x00,
    0x45, 0x00, 0x45, 0x00, 0x45, 0x00, 0x45, 0x00, 0x45, 0x00, 0x45, 0x00,
    0x45, 0x00, 0x45, 0x00, 0x45, 0x00, 0x45, 0x00, 0x45, 0x00, 0x45, 0x00,
    0x45, 0x00, 0x45, 0x00, 0x45, 0x00, 0x45, 0x00, 0x45, 0x00, 0x45, 0x00,
    0x45, 0x00, 0x45, 0x00, 0x45, 0x00, 0x45, 0x00, 0x45, 0x00, 0x45, 0x00,
    0x45, 0x00, 0x45, 0x00, 0x45, 0x00, 0x45, 0x00, 0x45, 0x00, 0x45, 0x00,
    0x45, 0x00, 0x45, 0x00, 0x45, 0x00, 0x45, 0x00, 0x45, 0x00, 0x45, 0x00,
    0x45, 0x00, 0x45, 0x00, 0x45, 0x00, 0x45, 0x00, 0x04, 0x00, 0xec, 0x8b,
    0x13, 0xff, 0x51, 0xee, 0x71, 0xf6, 0x71, 0xf6, 0x71, 0xf6, 0x71, 0xf6,
    0x71, 0xf6, 0xd2, 0xfe, 0xf0, 0xe5, 0x00, 0x00, 0x00, 0x10, 0x00, 0x18,
    0x00, 0x18, 0x00, 0x18, 0x00, 0x18, 0x00, 0x18, 0x00, 0x18, 0x00, 0x18,
    0x00, 0x18, 0x00, 0x18, 0x00, 0x18, 0x00, 0x18, 0x00, 0x18, 0x00, 0x18,
    0x00, 0x18, 0x00, 0x18, 0x00, 0x18, 0x00, 0x18, 0x00, 0x18, 0x00, 0x18,
    0x00, 0x18, 0x00, 0x18, 0x00, 0x18, 0x00, 0x18, 0x00, 0x18, 0x00, 0x18,
    0x00, 0x18, 0x00, 0x18, 0x00, 0x18, 0x00, 0x18, 0x00, 0x18, 0x00, 0x18,
    0x00, 0x18, 0x00, 0x18, 0x00, 0x18, 0x00, 0x18, 0x00, 0x18, 0x00, 0x18,
    0x00, 0x18, 0x00, 0x18, 0x00, 0x18, 0x00, 0x18, 0x00, 0x18, 0x00, 0x18,
    0x00, 0x18, 0x00, 0x18, 0x00, 0x10, 0x00, 0x10, 0xd2, 0xfe, 0x91, 0xf6,
    0x71, 0xf6, 0x71, 0xf6, 0x71, 0xf6, 0x71, 0xf6, 0x71, 0xf6, 0x71, 0xf6,
    0x71, 0xf6, 0x71, 0xf6, 0x71, 0xf6, 0x71, 0xf6, 0x71, 0xf6, 0x71, 0xf6,
    0x71, 0xf6, 0x71, 0xf6, 0x71, 0xf6, 0x71, 0xf6, 0x71, 0xf6, 0xd2, 0xfe,
    0xf0, 0xe5, 0x00, 0x00, 0x00, 0x10, 0x00, 0x18, 0x00, 0x18, 0x00, 0x18,
    0x00, 0x18, 0x00, 0x18, 0x00, 0x18, 0x00, 0x18, 0x00, 0x18, 0x00, 0x18,
    0x00, 0x18, 0x00, 0x18, 0x00, 0x18, 0x00, 0x18, 0x00, 0x18, 0x00, 0x18,
    0x00, 0x18, 0x00, 0x18, 0x00, 0x18, 0x00, 0x18, 0x00, 0x18, 0x00, 0x18,
    0x00, 0x18, 0x00, 0x18, 0x00, 0x18, 0x00, 0x18, 0x00, 0x18, 0x00, 0x18,
    0x00, 0x18, 0x00, 0x18, 0x00, 0x18, 0x00, 0x18, 0x00, 0x18, 0x00, 0x18,
    0x00, 0x18, 0x00, 0x18, 0x00, 0x18, 0x00, 0x18, 0x00, 0x18, 0x00, 0x18,
    0x00, 0x18, 0x00, 0x18, 0x00, 0x18, 0x00, 0x18, 0x00, 0x18, 0x00, 0x18,
    0x00, 0x10, 0x00, 0x10, 0xd2, 0xfe, 0x91, 0xf6, 0x71, 0xf6, 0x71, 0xf6,
    0x71, 0xf6, 0x71, 0xf6, 0x71, 0xf6, 0x71, 0xf6, 0x12, 0xff, 0xea, 0x5a,
    0x04, 0x00, 0x45, 0x00, 0x45, 0x00, 0x45, 0x00, 0x45, 0x00, 0x45, 0x00,
    0x45, 0x00, 0x45, 0x00, 0x45, 0x00, 0x45, 0x00, 0x45, 0x00, 0x45, 0x00,
    0x45, 0x00, 0x45, 0x00, 0x45, 0x00, 0x45, 0x00, 0x45, 0x00, 0x45, 0x00,
    0x45, 0x00, 0x45, 0x00, 0x45, 0x00, 0x45, 0x00, 0x45, 0x00, 0x45, 0x00,
    0x45, 0x00, 0x45, 0x00, 0x45, 0x00, 0x45, 0x00, 0x45, 0x00, 0x45, 0x00,
    0x45, 0x00, 0x45, 0x00, 0x45, 0x00, 0x45, 0x00, 0x45, 0x00, 0x45, 0x00,
    0x45, 0x00, 0x45, 0x00, 0x45, 0x00, 0x45, 0x00, 0x45, 0x00, 0x45, 0x00,
    0x45, 0x00, 0x45, 0x00, 0x45, 0x00, 0x45, 0x00, 0x45, 0x00, 0x45, 0x00,
    0x45, 0x00, 0x45, 0x00, 0x45, 0x00, 0x45, 0x00, 0x45, 0x00, 0x45, 0x00,
    0x45, 0x00, 0x45, 0x00, 0x45, 0x00, 0x45, 0x00, 0x45, 0x00, 0x45, 0x00,
    0xec, 0x8b, 0x33, 0xff, 0x51, 0xee, 0x91, 0xf6, 0x71, 0xf6, 0x71, 0xf6,
    0x71, 0xf6, 0x71, 0xf6, 0x91, 0xf6, 0x91, 0xf6, 0xc6, 0x7a, 0x00, 0x10,
    0x00, 0x18, 0x00, 0x18, 0x00, 0x18, 0x00, 0x18, 0x00, 0x18, 0x00, 0x18,
    0x00, 0x18, 0x00, 0x18, 0x00, 0x18, 0x00, 0x18, 0x00, 0x18, 0x00, 0x18,
    0x00, 0x18, 0x00, 0x18, 0x00, 0x18, 0x00, 0x18, 0x00, 0x18, 0x00, 0x18,
    0x00, 0x18, 0x00, 0x18, 0x00, 0x18, 0x00, 0x18, 0x00, 0x18, 0x00, 0x18,
    0x00, 0x18, 0x00, 0x18, 0x00, 0x18, 0x00, 0x18, 0x00, 0x18, 0x00, 0x18,
    0x00, 0x18, 0x00, 0x18, 0x00, 0x18, 0x00, 0x18, 0x00, 0x18, 0x00, 0x18,
    0x00, 0x18, 0x00, 0x18, 0x00, 0x18, 0x00, 0x18, 0x00, 0x18, 0x00, 0x18,
    0x00, 0x18, 0x00, 0x18, 0x00, 0x18, 0x00, 0x18, 0x00, 0x18, 0x00, 0x18,
    0xa9, 0x9b, 0xb2, 0xfe, 0x71, 0xf6, 0x71, 0xf6, 0x71, 0xf6, 0x71, 0xf6,
    0x71, 0xf6, 0x71, 0xf6, 0x71, 0xf6, 0x71, 0xf6, 0x71, 0xf6, 0x71, 0xf6,
    0x71, 0xf6, 0x71, 0xf6, 0x71, 0xf6, 0x71, 0xf6, 0x71, 0xf6, 0x71, 0xf6,
    0x91, 0xf6, 0x91, 0xf6, 0xc6, 0x7a, 0x00, 0x10, 0x00, 0x18, 0x00, 0x18,
    0x00, 0x18, 0x00, 0x18, 0x00, 0x18, 0x00, 0x18, 0x00, 0x18, 0x00, 0x18,
    0x00, 0x18, 0x00, 0x18, 0x00, 0x18, 0x00, 0x18, 0x00, 0x18, 0x00, 0x18,
    0x00, 0x18, 0x00, 0x18, 0x00, 0x18, 0x00, 0x18, 0x00, 0x18, 0x00, 0x18,
    0x00, 0x18, 0x00, 0x18, 0x00, 0x18, 0x00, 0x18, 0x00, 0x18, 0x00, 0x18,
    0x00, 0x18, 0x00, 0x18, 0x00, 0x18, 0x00, 0x18, 0x00, 0x18, 0x00, 0x18,
    0x00, 0x18, 0x00, 0x18, 0x00, 0x18, 0x00, 0x18, 0x00, 0x18, 0x00, 0x18,
    0x00, 0x18, 0x00, 0x18, 0x00, 0x18, 0x00, 0x18, 0x00, 0x18, 0x00, 0x18,
    0x00, 0x18, 0x00, 0x18, 0x00, 0x18, 0x00, 0x18, 0xa9, 0x9b, 0xb2, 0xfe,
    0x71, 0xf6, 0x71, 0xf6, 0x71, 0xf6, 0x71, 0xf6, 0x71, 0xf6, 0x71, 0xf6,
    0x71, 0xf6, 0x12, 0xff, 0x0a, 0x63, 0x25, 0x00, 0x45, 0x00, 0x45, 0x00,
    0x45, 0x00, 0x45, 0x00, 0x45, 0x00, 0x45, 0x00, 0x45, 0x00, 0x45, 0x00,
    0x45, 0x00, 0x45, 0x00, 0x45, 0x00, 0x45, 0x00, 0x45, 0x00, 0x45, 0x00,
    0x45, 0x00, 0x45, 0x00, 0x45, 0x00, 0x45, 0x00, 0x45, 0x00, 0x45, 0x00,
    0x45, 0x00, 0x45, 0x00, 0x45, 0x00, 0x45, 0x00, 0x45, 0x00, 0x45, 0x00,
    0x45, 0x00, 0x45, 0x00, 0x45, 0x00, 0x45, 0x00, 0x45, 0x00, 0x45, 0x00,
    0x45, 0x00, 0x45, 0x00, 0x45, 0x00, 0x45, 0x00, 0x45, 0x00, 0x45, 0x00,
    0x45, 0x00, 0x45, 0x00, 0x45, 0x00, 0x45, 0x00, 0x45, 0x00, 0x45, 0x00,
    0x45, 0x00, 0x45, 0x00, 0x45, 0x00, 0x45, 0x00, 0x45, 0x00, 0x45, 0x00,
    0x45, 0x00, 0x45, 0x00, 0x45, 0x00, 0x45, 0x00, 0x45, 0x00, 0x45, 0x00,
    0x45, 0x00, 0x25, 0x00, 0xd2, 0xfe, 0x71, 0xf6, 0x91, 0xf6, 0x71, 0xf6,
    0x71, 0xf6, 0x71, 0xf6, 0x71, 0xf6, 0x71, 0xf6, 0x91, 0xfe, 0x51, 0xee,
    0x00, 0x10, 0x00, 0x18, 0x00, 0x18, 0x00, 0x18, 0x00, 0x18, 0x00, 0x18,
    0x00, 0x18, 0x00, 0x18, 0x00, 0x18, 0x00, 0x18, 0x00, 0x18, 0x00, 0x18,
    0x00, 0x18, 0x00, 0x18, 0x00, 0x18, 0x00, 0x18, 0x00, 0x18, 0x00, 0x18,
    0x00, 0x18, 0x00, 0x18, 0x00, 0x18, 0x00, 0x18, 0x00, 0x18, 0x00, 0x18,
    0x00, 0x18, 0x00, 0x18, 0x00, 0x18, 0x00, 0x18, 0x00, 0x18, 0x00, 0x18,
    0x00, 0x18, 0x00, 0x18, 0x00, 0x18, 0x00, 0x18, 0x00, 0x18, 0x00, 0x18,
    0x00, 0x18, 0x00, 0x18, 0x00, 0x18, 0x00, 0x18, 0x00, 0x18, 0x00, 0x18,
    0x00, 0x18, 0x00, 0x18, 0x00, 0x18, 0x00, 0x18, 0x00, 0x18, 0x00, 0x18,
    0x00, 0x18, 0x00, 0x10, 0x60, 0x28, 0xf3, 0xfe, 0x71, 0xf6, 0x71, 0xf6,
    0x71, 0xf6, 0x71, 0xf6, 0x71, 0xf6, 0x71, 0xf6, 0x71, 0xf6, 0x71, 0xf6,
    0x71, 0xf6, 0x71, 0xf6, 0x71, 0xf6, 0x71, 0xf6, 0x71, 0xf6, 0x71, 0xf6,
    0x71, 0xf6, 0x71, 0xf6, 0x91, 0xfe, 0x51, 0xee, 0x00, 0x10, 0x00, 0x18,
    0x00, 0x18, 0x00, 0x18, 0x00, 0x18, 0x00, 0x18, 0x00, 0x18, 0x00, 0x18,
    0x00, 0x18, 0x00, 0x18, 0x00, 0x18, 0x00, 0x18, 0x00, 0x18, 0x00, 0x18,
    0x00, 0x18, 0x00, 0x18, 0x00, 0x18, 0x00, 0x18, 0x00, 0x18, 0x00, 0x18,
    0x00, 0x18, 0x00, 0x18, 0x00, 0x18, 0x00, 0x18, 0x00, 0x18, 0x00, 0x18,
    0x00, 0x18, 0x00, 0x18, 0x00, 0x18, 0x00, 0x18, 0x00, 0x18, 0x00, 0x18,
    0x00, 0x18, 0x00, 0x18, 0x00, 0x18, 0x00, 0x18, 0x00, 0x18, 0x00, 0x18,
    0x00, 0x18, 0x00, 0x18, 0x00, 0x18, 0x00, 0x18, 0x00, 0x18, 0x00, 0x18,
    0x00, 0x18, 0x00, 0x18, 0x00, 0x18, 0x00, 0x18, 0x00, 0x18, 0x00, 0x10,
    0x60, 0x28, 0xf3, 0xfe, 0x71, 0xf6, 0x71, 0xf6, 0x71, 0xf6, 0x71, 0xf6,
    0x71, 0xf6, 0x71, 0xf6, 0x71, 0xf6, 0xb2, 0xfe, 0xf0, 0xdd, 0x04, 0x00,
    0x65, 0x00, 0x45, 0x00, 0x45, 0x00, 0x45, 0x00, 0x45, 0x00, 0x45, 0x00,
    0x45, 0x00, 0x45, 0x00, 0x45, 0x00, 0x45, 0x00, 0x45, 0x00, 0x45, 0x00,
    0x45, 0x00, 0x45, 0x00, 0x45, 0x00, 0x45, 0x00, 0x45, 0x00, 0x45, 0x00,
    0x45, 0x00, 0x45, 0x00, 0x45, 0x00, 0x45, 0x00, 0x45, 0x00, 0x45, 0x00,
    0x45, 0x00, 0x45, 0x00, 0x45, 0x00, 0x45, 0x00, 0x45, 0x00, 0x45, 0x00,
    0x45, 0x00, 0x45, 0x00, 0x45, 0x00, 0x45, 0x00, 0x45, 0x00, 0x45, 0x00,
    0x45, 0x00, 0x45, 0x00, 0x45, 0x00, 0x45, 0x00, 0x45, 0x00, 0x45, 0x00,
    0x45, 0x00, 0x45, 0x00, 0x45, 0x00, 0x45, 0x00, 0x45, 0x00, 0x45, 0x00,
    0x45, 0x00, 0x45, 0x00, 0x45, 0x00, 0x45, 0x00, 0x45, 0x00, 0x45, 0x00,
    0x45, 0x00, 0x65, 0x00, 0x04, 0x00, 0xae, 0xac, 0x91, 0xfe, 0x71, 0xf6,
    0x71, 0xf6, 0x71, 0xf6, 0x71, 0xf6, 0x71, 0xf6, 0x71, 0xf6, 0x71, 0xf6,
    0x91, 0xfe, 0x51, 0xf6, 0x40, 0x28, 0x00, 0x18, 0x00, 0x18, 0x00, 0x18,
    0x00, 0x18, 0x00, 0x18, 0x00, 0x18, 0x00, 0x18, 0x00, 0x18, 0x00, 0x18,
    0x00, 0x18, 0x00, 0x18, 0x00, 0x18, 0x00, 0x18, 0x00, 0x18, 0x00, 0x18,
    0x00, 0x18, 0x00, 0x18, 0x00, 0x18, 0x00, 0x18, 0x00, 0x18, 0x00, 0x18,
    0x00, 0x18, 0x00, 0x18, 0x00, 0x18, 0x00, 0x18, 0x00, 0x18, 0x00, 0x18,
    0x00, 0x18, 0x00, 0x18, 0x00, 0x18, 0x00, 0x18, 0x00, 0x18, 0x00, 0x18,
    0x00, 0x18, 0x00, 0x18, 0x00, 0x18, 0x00, 0x18, 0x00, 0x18, 0x00, 0x18,
    0x00, 0x18, 0x00, 0x18, 0x00, 0x18, 0x00, 0x18, 0x00, 0x18, 0x00, 0x18,
    0x00, 0x18, 0x00, 0x18, 0x00, 0x18, 0x00, 0x10, 0x21, 0x41, 0xf3, 0xfe,
    0x71, 0xf6, 0x71, 0xf6, 0x71, 0xf6, 0x71, 0xf6, 0x71, 0xf6, 0x71, 0xf6,
    0x71, 0xf6, 0x71, 0xf6, 0x71, 0xf6, 0x71, 0xf6, 0x71, 0xf6, 0x71, 0xf6,
    0x71, 0xf6, 0x71, 0xf6, 0x71, 0xf6, 0x71, 0xf6, 0x91, 0xfe, 0x51, 0xf6,
    0x40, 0x28, 0x00, 0x18, 0x00, 0x18, 0x00, 0x18, 0x00, 0x18, 0x00, 0x18,
    0x00, 0x18, 0x00, 0x18, 0x00, 0x18, 0x00, 0x18, 0x00, 0x18, 0x00, 0x18,
    0x00, 0x18, 0x00, 0x18, 0x00, 0x18, 0x00, 0x18, 0x00, 0x18, 0x00, 0x18,
    0x00, 0x18, 0x00, 0x18, 0x00, 0x18, 0x00, 0x18, 0x00, 0x18, 0x00, 0x18,
    0x00, 0x18, 0x00, 0x18, 0x00, 0x18, 0x00, 0x18, 0x00, 0x18, 0x00, 0x18,
    0x00, 0x18, 0x00, 0x18, 0x00, 0x18, 0x00, 0x18, 0x00, 0x18, 0x00, 0x18,
    0x00, 0x18, 0x00, 0x18, 0x00, 0x18, 0x00, 0x18, 0x00, 0x18, 0x00, 0x18,
    0x00, 0x18, 0x00, 0x18, 0x00, 0x18, 0x00, 0x18, 0x00, 0x18, 0x00, 0x18,
    0x00, 0x18, 0x00, 0x10, 0x21, 0x41, 0xf3, 0xfe, 0x71, 0xf6, 0x71, 0xf6,
    0x71, 0xf6, 0x71, 0xf6, 0x71, 0xf6, 0x71, 0xf6, 0x71, 0xf6, 0x71, 0xf6,
    0xb2, 0xfe, 0xac, 0x7b, 0x04, 0x00, 0x85, 0x00, 0x45, 0x00, 0x45, 0x00,
    0x45, 0x00, 0x45, 0x00, 0x45, 0x00, 0x45, 0x00, 0x45, 0x00, 0x45, 0x00,
    0x45, 0x00, 0x45, 0x00, 0x45, 0x00, 0x45, 0x00, 0x45, 0x00, 0x45, 0x00,
    0x45, 0x00, 0x45, 0x00, 0x45, 0x00, 0x45, 0x00, 0x45, 0x00, 0x45, 0x00,
    0x45, 0x00, 0x45, 0x00, 0x45, 0x00, 0x45, 0x00, 0x45, 0x00, 0x45, 0x00,
    0x45, 0x00, 0x45, 0x00, 0x45, 0x00, 0x45, 0x00, 0x45, 0x00, 0x45, 0x00,
    0x45, 0x00, 0x45, 0x00, 0x45, 0x00, 0x45, 0x00, 0x45, 0x00, 0x45, 0x00,
    0x45, 0x00, 0x45, 0x00, 0x45, 0x00, 0x45, 0x00, 0x45, 0x00, 0x45, 0x00,
    0x45, 0x00, 0x45, 0x00, 0x45, 0x00, 0x45, 0x00, 0x45, 0x00, 0x45, 0x00,
    0x45, 0x00, 0x45, 0x00, 0x65, 0x00, 0x04, 0x00, 0x65, 0x00, 0xf0, 0xe5,
    0xb2, 0xfe, 0x71, 0xf6, 0x71, 0xf6, 0x71, 0xf6, 0x71, 0xf6, 0x71, 0xf6,
    0x71, 0xf6, 0x71, 0xf6, 0x91, 0xfe, 0x51, 0xee, 0x00, 0x10, 0x00, 0x18,
    0x00, 0x18, 0x00, 0x18, 0x00, 0x18, 0x00, 0x18, 0x00, 0x18, 0x00, 0x18,
    0x00, 0x18, 0x00, 0x18, 0x00, 0x18, 0x00, 0x18, 0x00, 0x18, 0x00, 0x18,
    0x00, 0x18, 0x00, 0x18, 0x00, 0x18, 0x00, 0x18, 0x00, 0x18, 0x00, 0x18,
    0x00, 0x18, 0x00, 0x18, 0x00, 0x18, 0x00, 0x18, 0x00, 0x18, 0x00, 0x18,
    0x00, 0x18, 0x00, 0x18, 0x00, 0x18, 0x00, 0x18, 0x00, 0x18, 0x00, 0x18,
    0x00, 0x18, 0x00, 0x18, 0x00, 0x18, 0x00, 0x18, 0x00, 0x18, 0x00, 0x18,
    0x00, 0x18, 0x00, 0x18, 0x00, 0x18, 0x00, 0x18, 0x00, 0x18, 0x00, 0x18,
    0x00, 0x18, 0x00, 0x18, 0x00, 0x18, 0x00, 0x18, 0x00, 0x18, 0x00, 0x10,
    0x80, 0x30, 0xf3, 0xfe, 0x71, 0xf6, 0x71, 0xf6, 0x71, 0xf6, 0x71, 0xf6,
    0x71, 0xf6, 0x71, 0xf6, 0x71, 0xf6, 0x71, 0xf6, 0x71, 0xf6, 0x71, 0xf6,
    0x71, 0xf6, 0x71, 0xf6, 0x71, 0xf6, 0x71, 0xf6, 0x71, 0xf6, 0x71, 0xf6,
    0x91, 0xfe, 0x51, 0xee, 0x00, 0x10, 0x00, 0x18, 0x00, 0x18, 0x00, 0x18,
    0x00, 0x18, 0x00, 0x18, 0x00, 0x18, 0x00, 0x18, 0x00, 0x18, 0x00, 0x18,
    0x00, 0x18, 0x00, 0x18, 0x00, 0x18, 0x00, 0x18, 0x00, 0x18, 0x00, 0x18,
    0x00, 0x18, 0x00, 0x18, 0x00, 0x18, 0x00, 0x18, 0x00, 0x18, 0x00, 0x18,
    0x00, 0x18, 0x00, 0x18, 0x00, 0x18, 0x00, 0x18, 0x00, 0x18, 0x00, 0x18,
    0x00, 0x18, 0x00, 0x18, 0x00, 0x18, 0x00, 0x18, 0x00, 0x18, 0x00, 0x18,
    0x00, 0x18, 0x00, 0x18, 0x00, 0x18, 0x00, 0x18, 0x00, 0x18, 0x00, 0x18,
    0x00, 0x18, 0x00, 0x18, 0x00, 0x18, 0x00, 0x18, 0x00, 0x18, 0x00, 0x18,
    0x00, 0x18, 0x00, 0x18, 0x00, 0x18, 0x00, 0x10, 0x80, 0x30, 0xf3, 0xfe,
    0x71, 0xf6, 0x71, 0xf6, 0x71, 0xf6, 0x71, 0xf6, 0x71, 0xf6, 0x71, 0xf6,
    0x71, 0xf6, 0x71, 0xf6, 0xf2, 0xfe, 0x2f, 0xbd, 0x04, 0x00, 0x25, 0x00,
    0x65, 0x00, 0x45, 0x00, 0x45, 0x00, 0x45, 0x00, 0x45, 0x00, 0x45, 0x00,
    0x45, 0x00, 0x45, 0x00, 0x45, 0x00, 0x45, 0x00, 0x45, 0x00, 0x45, 0x00,
    0x45, 0x00, 0x45, 0x00, 0x45, 0x00, 0x45, 0x00, 0x45, 0x00, 0x45, 0x00,
    0x45, 0x00, 0x45, 0x00, 0x45, 0x00, 0x45, 0x00, 0x45, 0x00, 0x45, 0x00,
    0x45, 0x00, 0x45, 0x00, 0x45, 0x00, 0x45, 0x00, 0x45, 0x00, 0x45, 0x00,
    0x45, 0x00, 0x45, 0x00, 0x45, 0x00, 0x45, 0x00, 0x45, 0x00, 0x45, 0x00,
    0x45, 0x00, 0x45, 0x00, 0x45, 0x00, 0x45, 0x00, 0x45, 0x00, 0x45, 0x00,
    0x45, 0x00, 0x45, 0x00, 0x45, 0x00, 0x45, 0x00, 0x45, 0x00, 0x45, 0x00,
    0x45, 0x00, 0x45, 0x00, 0x45, 0x00, 0x45, 0x00, 0x45, 0x00, 0xe6, 0x08,
    0xb0, 0xd5, 0xd2, 0xfe, 0x71, 0xf6, 0x71, 0xf6, 0x71, 0xf6, 0x71, 0xf6,
    0x71, 0xf6, 0x71, 0xf6, 0x71, 0xf6, 0x71, 0xf6, 0x91, 0xf6, 0x71, 0xf6,
    0xc3, 0x59, 0x00, 0x18, 0x00, 0x20, 0x00, 0x18, 0x00, 0x18, 0x00, 0x18,
    0x00, 0x18, 0x00, 0x18, 0x00, 0x18, 0x00, 0x18, 0x00, 0x18, 0x00, 0x18,
    0x00, 0x18, 0x00, 0x18, 0x00, 0x18, 0x00, 0x18, 0x00, 0x18, 0x00, 0x18,
    0x00, 0x18, 0x00, 0x18, 0x00, 0x18, 0x00, 0x18, 0x00, 0x18, 0x00, 0x18,
    0x00, 0x18, 0x00, 0x18, 0x00, 0x18, 0x00, 0x18, 0x00, 0x18, 0x00, 0x18,
    0x00, 0x18, 0x00, 0x18, 0x00, 0x18, 0x00, 0x18, 0x00, 0x18, 0x00, 0x18,
    0x00, 0x18, 0x00, 0x18, 0x00, 0x18, 0x00, 0x18, 0x00, 0x18, 0x00, 0x18,
    0x00, 0x18, 0x00, 0x18, 0x00, 0x18, 0x00, 0x18, 0x00, 0x18, 0x00, 0x18,
    0x00, 0x20, 0x00, 0x18, 0xa5, 0x72, 0xd2, 0xfe, 0x71, 0xf6, 0x71, 0xf6,
    0x71, 0xf6, 0x71, 0xf6, 0x71, 0xf6, 0x71, 0xf6, 0x71, 0xf6, 0x71, 0xf6,
    0x71, 0xf6, 0x71, 0xf6, 0x71, 0xf6, 0x71, 0xf6, 0x71, 0xf6, 0x71, 0xf6,
    0x71, 0xf6, 0x71, 0xf6, 0x91, 0xf6, 0x71, 0xf6, 0xc3, 0x59, 0x00, 0x18,
    0x00, 0x20, 0x00, 0x18, 0x00, 0x18, 0x00, 0x18, 0x00, 0x18, 0x00, 0x18,
    0x00, 0x18, 0x00, 0x18, 0x00, 0x18, 0x00, 0x18, 0x00, 0x18, 0x00, 0x18,
    0x00, 0x18, 0x00, 0x18, 0x00, 0x18, 0x00, 0x18, 0x00, 0x18, 0x00, 0x18,
    0x00, 0x18, 0x00, 0x18, 0x00, 0x18, 0x00, 0x18, 0x00, 0x18, 0x00, 0x18,
    0x00, 0x18, 0x00, 0x18, 0x00, 0x18, 0x00, 0x18, 0x00, 0x18, 0x00, 0x18,
    0x00, 0x18, 0x00, 0x18, 0x00, 0x18, 0x00, 0x18, 0x00, 0x18, 0x00, 0x18,
    0x00, 0x18, 0x00, 0x18, 0x00, 0x18, 0x00, 0x18, 0x00, 0x18, 0x00, 0x18,
    0x00, 0x18, 0x00, 0x18, 0x00, 0x18, 0x00, 0x18, 0x00, 0x20, 0x00, 0x18,
    0xa5, 0x72, 0xd2, 0xfe, 0x71, 0xf6, 0x71, 0xf6, 0x71, 0xf6, 0x71, 0xf6,
    0x71, 0xf6, 0x71, 0xf6, 0x71, 0xf6, 0x71, 0xf6, 0x51, 0xee, 0xf2, 0xfe,
    0xce, 0xac, 0x85, 0x00, 0x45, 0x00, 0x45, 0x00, 0x45, 0x00, 0x45, 0x00,
    0x45, 0x00, 0x45, 0x00, 0x45, 0x00, 0x45, 0x00, 0x45, 0x00, 0x45, 0x00,
    0x45, 0x00, 0x45, 0x00, 0x45, 0x00, 0x45, 0x00, 0x45, 0x00, 0x45, 0x00,
    0x45, 0x00, 0x45, 0x00, 0x45, 0x00, 0x45, 0x00, 0x45, 0x00, 0x45, 0x00,
    0x45, 0x00, 0x45, 0x00, 0x45, 0x00, 0x45, 0x00, 0x45, 0x00, 0x45, 0x00,
    0x45, 0x00, 0x45, 0x00, 0x45, 0x00, 0x45, 0x00, 0x45, 0x00, 0x45, 0x00,
    0x45, 0x00, 0x45, 0x00, 0x45, 0x00, 0x45, 0x00, 0x45, 0x00, 0x45, 0x00,
    0x45, 0x00, 0x45, 0x00, 0x45, 0x00, 0x45, 0x00, 0x45, 0x00, 0x45, 0x00,
    0x45, 0x00, 0x45, 0x00, 0x45, 0x00, 0x45, 0x00, 0x45, 0x00, 0x85, 0x00,
    0x03, 0x00, 0x6b, 0x73, 0x53, 0xff, 0x31, 0xee, 0x71, 0xf6, 0x71, 0xf6,
    0x71, 0xf6, 0x71, 0xf6, 0x71, 0xf6, 0x71, 0xf6, 0x71, 0xf6, 0x71, 0xf6,
    0x71, 0xf6, 0xd2, 0xfe, 0xf0, 0xe5, 0x00, 0x00, 0x00, 0x10, 0x20, 0x20,
    0x00, 0x18, 0x00, 0x18, 0x00, 0x18, 0x00, 0x18, 0x00, 0x18, 0x00, 0x18,
    0x00, 0x18, 0x00, 0x18, 0x00, 0x18, 0x00, 0x18, 0x00, 0x18, 0x00, 0x18,
    0x00, 0x18, 0x00, 0x18, 0x00, 0x18, 0x00, 0x20, 0x00, 0x20, 0x00, 0x20,
    0x00, 0x20, 0x00, 0x20, 0x00, 0x20, 0x00, 0x20, 0x00, 0x20, 0x00, 0x20,
    0x00, 0x20, 0x00, 0x20, 0x00, 0x20, 0x00, 0x20, 0x00, 0x20, 0x00, 0x20,
    0x00, 0x20, 0x00, 0x18, 0x00, 0x18, 0x00, 0x18, 0x00, 0x18, 0x00, 0x18,
    0x00, 0x18, 0x00, 0x18, 0x00, 0x18, 0x00, 0x18, 0x00, 0x18, 0x00, 0x18,
    0x00, 0x18, 0x20, 0x20, 0x00, 0x08, 0x00, 0x08, 0xd2, 0xfe, 0x91, 0xf6,
    0x71, 0xf6, 0x71, 0xf6, 0x71, 0xf6, 0x71, 0xf6, 0x71, 0xf6, 0x71, 0xf6,
    0x71, 0xf6, 0x71, 0xf6, 0x71, 0xf6, 0x71, 0xf6, 0x71, 0xf6, 0x71, 0xf6,
    0x71, 0xf6, 0x71, 0xf6, 0x71, 0xf6, 0x71, 0xf6, 0x71, 0xf6, 0xd2, 0xfe,
    0xf0, 0xe5, 0x00, 0x00, 0x00, 0x10, 0x20, 0x20, 0x00, 0x18, 0x00, 0x18,
    0x00, 0x18, 0x00, 0x18, 0x00, 0x18, 0x00, 0x18, 0x00, 0x18, 0x00, 0x18,
    0x00, 0x18, 0x00, 0x18, 0x00, 0x18, 0x00, 0x18, 0x00, 0x20, 0x00, 0x20,
    0x00, 0x20, 0x00, 0x20, 0x00, 0x20, 0x00, 0x20, 0x00, 0x20, 0x00, 0x20,
    0x00, 0x20, 0x00, 0x20, 0x00, 0x20, 0x00, 0x20, 0x00, 0x20, 0x00, 0x20,
    0x00, 0x20, 0x00, 0x18, 0x00, 0x18, 0x00, 0x18, 0x00, 0x18, 0x00, 0x18,
    0x00, 0x18, 0x00, 0x18, 0x00, 0x18, 0x00, 0x18, 0x00, 0x18, 0x00, 0x18,
    0x00, 0x18, 0x00, 0x18, 0x00, 0x18, 0x00, 0x18, 0x00, 0x18, 0x20, 0x20,
    0x00, 0x08, 0x00, 0x08, 0xd2, 0xfe, 0x91, 0xf6, 0x71, 0xf6, 0x71, 0xf6,
    0x71, 0xf6, 0x71, 0xf6, 0x71, 0xf6, 0x71, 0xf6, 0x71, 0xf6, 0x71, 0xf6,
    0x91, 0xf6, 0x31, 0xee, 0x73, 0xff, 0x09, 0x3a, 0x04, 0x00, 0x65, 0x00,
    0x45, 0x00, 0x45, 0x00, 0x45, 0x00, 0x45, 0x00, 0x45, 0x00, 0x45, 0x00,
    0x45, 0x00, 0x45, 0x00, 0x45, 0x00, 0x45, 0x00, 0x45, 0x00, 0x45, 0x00,
    0x45, 0x00, 0x45, 0x00, 0x45, 0x00, 0x45, 0x00, 0x45, 0x00, 0x45, 0x00,
    0x45, 0x00, 0x45, 0x00, 0x45, 0x00, 0x45, 0x00, 0x45, 0x00, 0x45, 0x00,
    0x45, 0x00, 0x45, 0x00, 0x45, 0x00, 0x45, 0x00, 0x45, 0x00, 0x45, 0x00,
    0x45, 0x00, 0x45, 0x00, 0x45, 0x00, 0x45, 0x00, 0x45, 0x00, 0x45, 0x00,
    0x45, 0x00, 0x45, 0x00, 0x45, 0x00, 0x45, 0x00, 0x45, 0x00, 0x45, 0x00,
    0x45, 0x00, 0x45, 0x00, 0x45, 0x00, 0x45, 0x00, 0x45, 0x00, 0x45, 0x00,
    0x45, 0x00, 0x04, 0x00, 0x67, 0x19, 0xf0, 0xdd, 0x71, 0xf6, 0x71, 0xf6,
    0x71, 0xf6, 0x71, 0xf6, 0x71, 0xf6, 0x71, 0xf6, 0x71, 0xf6, 0x71, 0xf6,
    0x71, 0xf6, 0x71, 0xf6, 0x71, 0xf6, 0x91, 0xfe, 0xf0, 0xe5, 0xcc, 0xbc,
    0x04, 0x62, 0x00, 0x00, 0x00, 0x10, 0x00, 0x08, 0x00, 0x08, 0x00, 0x08,
    0x00, 0x08, 0x00, 0x08, 0x00, 0x08, 0x00, 0x08, 0x00, 0x08, 0x00, 0x08,
    0x00, 0x08, 0x00, 0x08, 0x00, 0x10, 0x00, 0x08, 0x00, 0x08, 0x00, 0x08,
    0x00, 0x08, 0x00, 0x08, 0x00, 0x08, 0x00, 0x08, 0x00, 0x08, 0x00, 0x08,
    0x00, 0x08, 0x00, 0x08, 0x00, 0x08, 0x00, 0x08, 0x00, 0x08, 0x00, 0x08,
    0x00, 0x08, 0x00, 0x08, 0x00, 0x08, 0x00, 0x08, 0x00, 0x08, 0x00, 0x10,
    0x00, 0x08, 0x00, 0x08, 0x00, 0x08, 0x00, 0x08, 0x00, 0x08, 0x00, 0x08,
    0x00, 0x08, 0x00, 0x08, 0x00, 0x10, 0x00, 0x00, 0xe6, 0x7a, 0xcc, 0xbc,
    0x30, 0xee, 0x91, 0xf6, 0x71, 0xf6, 0x71, 0xf6, 0x71, 0xf6, 0x71, 0xf6,
    0x71, 0xf6, 0x71, 0xf6, 0x71, 0xf6, 0x71, 0xf6, 0x71, 0xf6, 0x71, 0xf6,
    0x71, 0xf6, 0x71, 0xf6, 0x71, 0xf6, 0x71, 0xf6, 0x71, 0xf6, 0x71, 0xf6,
    0x71, 0xf6, 0x91, 0xfe, 0xf0, 0xe5, 0xcc, 0xbc, 0x04, 0x62, 0x00, 0x00,
    0x00, 0x10, 0x00, 0x08, 0x00, 0x08, 0x00, 0x08, 0x00, 0x08, 0x00, 0x08,
    0x00, 0x08, 0x00, 0x08, 0x00, 0x08, 0x00, 0x10, 0x00, 0x08, 0x00, 0x08,
    0x00, 0x08, 0x00, 0x08, 0x00, 0x08, 0x00, 0x08, 0x00, 0x08, 0x00, 0x08,
    0x00, 0x08, 0x00, 0x08, 0x00, 0x08, 0x00, 0x08, 0x00, 0x08, 0x00, 0x08,
    0x00, 0x08, 0x00, 0x08, 0x00, 0x08, 0x00, 0x08, 0x00, 0x08, 0x00, 0x08,
    0x00, 0x10, 0x00, 0x08, 0x00, 0x08, 0x00, 0x08, 0x00, 0x08, 0x00, 0x08,
    0x00, 0x08, 0x00, 0x08, 0x00, 0x08, 0x00, 0x08, 0x00, 0x08, 0x00, 0x08,
    0x00, 0x10, 0x00, 0x00, 0xe6, 0x7a, 0xcc, 0xbc, 0x30, 0xee, 0x91, 0xf6,
    0x71, 0xf6, 0x71, 0xf6, 0x71, 0xf6, 0x71, 0xf6, 0x71, 0xf6, 0x71, 0xf6,
    0x71, 0xf6, 0x71, 0xf6, 0x71, 0xf6, 0x71, 0xf6, 0x91, 0xf6, 0x6f, 0xc5,
    0xc6, 0x00, 0x25, 0x00, 0x45, 0x00, 0x45, 0x00, 0x45, 0x00, 0x45, 0x00,
    0x45, 0x00, 0x45, 0x00, 0x45, 0x00, 0x45, 0x00, 0x45, 0x00, 0x45, 0x00,
    0x45, 0x00, 0x45, 0x00, 0x45, 0x00, 0x45, 0x00, 0x45, 0x00, 0x45, 0x00,
    0x45, 0x00, 0x45, 0x00, 0x45, 0x00, 0x45, 0x00, 0x45, 0x00, 0x45, 0x00,
    0x45, 0x00, 0x45, 0x00, 0x45, 0x00, 0x45, 0x00, 0x45, 0x00, 0x45, 0x00,
    0x45, 0x00, 0x45, 0x00, 0x45, 0x00, 0x45, 0x00, 0x45, 0x00, 0x45, 0x00,
    0x45, 0x00, 0x45, 0x00, 0x45, 0x00, 0x45, 0x00, 0x45, 0x00, 0x45, 0x00,
    0x45, 0x00, 0x45, 0x00, 0x45, 0x00, 0x45, 0x00, 0x45, 0x00, 0x45, 0x00,
    0x45, 0x00, 0x45, 0x00, 0x65, 0x00, 0x04, 0x00, 0x89, 0x4a, 0x73, 0xff,
    0x51, 0xee, 0x71, 0xf6, 0x71, 0xf6, 0x71, 0xf6, 0x71, 0xf6, 0x71, 0xf6,
    0x71, 0xf6, 0x71, 0xf6, 0x71, 0xf6, 0x71, 0xf6, 0x71, 0xf6, 0x71, 0xf6,
    0x91, 0xf6, 0x33, 0xff, 0x30, 0xee, 0x6e, 0xd5, 0x8e, 0xd5, 0x6e, 0xd5,
    0x6e, 0xd5, 0x6e, 0xd5, 0x6e, 0xd5, 0x6e, 0xd5, 0x6e, 0xd5, 0x6e, 0xd5,
    0x6e, 0xd5, 0x6e, 0xd5, 0x8f, 0xd5, 0x8e, 0xd5, 0x6d, 0xd5, 0x8e, 0xd5,
    0x6e, 0xd5, 0xfa, 0xee, 0x5d, 0xef, 0x5c, 0xef, 0x5c, 0xef, 0x5c, 0xef,
    0x5c, 0xef, 0x5c, 0xef, 0x5c, 0xef, 0x5c, 0xef, 0x5c, 0xef, 0x5c, 0xef,
    0x5c, 0xef, 0x5c, 0xef, 0x5c, 0xef, 0x5c, 0xef, 0x3c, 0xef, 0x8f, 0xd5,
    0x6e, 0xd5, 0x6d, 0xd5, 0x6e, 0xd5, 0x8f, 0xd5, 0x6e, 0xd5, 0x6e, 0xd5,
    0x6e, 0xd5, 0x6e, 0xd5, 0x6e, 0xd5, 0x6e, 0xd5, 0x8e, 0xd5, 0x6e, 0xd5,
    0x91, 0xf6, 0x13, 0xff, 0x71, 0xf6, 0x71, 0xf6, 0x71, 0xf6, 0x71, 0xf6,
    0x71, 0xf6, 0x71, 0xf6, 0x71, 0xf6, 0x71, 0xf6, 0x71, 0xf6, 0x71, 0xf6,
    0x71, 0xf6, 0x71, 0xf6, 0x71, 0xf6, 0x71, 0xf6, 0x71, 0xf6, 0x71, 0xf6,
    0x71, 0xf6, 0x71, 0xf6, 0x71, 0xf6, 0x71, 0xf6, 0x91, 0xf6, 0x33, 0xff,
    0x30, 0xee, 0x6e, 0xd5, 0x8e, 0xd5, 0x6e, 0xd5, 0x6e, 0xd5, 0x6e, 0xd5,
    0x6e, 0xd5, 0x6e, 0xd5, 0x6e, 0xd5, 0x8f, 0xd5, 0x6e, 0xd5, 0x6e, 0xd5,
    0x6e, 0xd5, 0xd1, 0xdd, 0x7d, 0xef, 0x3c, 0xef, 0x5c, 0xef, 0x5c, 0xef,
    0x5c, 0xef, 0x5c, 0xef, 0x5c, 0xef, 0x5c, 0xef, 0x5c, 0xef, 0x5c, 0xef,
    0x5c, 0xef, 0x5c, 0xef, 0x5c, 0xef, 0x3c, 0xef, 0x7d, 0xef, 0xb8, 0xe6,
    0x6d, 0xd5, 0x6e, 0xd5, 0x6d, 0xd5, 0x8f, 0xd5, 0x8f, 0xd5, 0x6e, 0xd5,
    0x6e, 0xd5, 0x6e, 0xd5, 0x6e, 0xd5, 0x6e, 0xd5, 0x6e, 0xd5, 0x6e, 0xd5,
    0x6e, 0xd5, 0x6e, 0xd5, 0x8e, 0xd5, 0x6e, 0xd5, 0x91, 0xf6, 0x13, 0xff,
    0x71, 0xf6, 0x71, 0xf6, 0x71, 0xf6, 0x71, 0xf6, 0x71, 0xf6, 0x71, 0xf6,
    0x71, 0xf6, 0x71, 0xf6, 0x71, 0xf6, 0x71, 0xf6, 0x71, 0xf6, 0x71, 0xf6,
    0x71, 0xee, 0x33, 0xff, 0x67, 0x19, 0x25, 0x00, 0x45, 0x00, 0x45, 0x00,
    0x45, 0x00, 0x45, 0x00, 0x45, 0x00, 0x45, 0x00, 0x45, 0x00, 0x45, 0x00,
    0x45, 0x00, 0x45, 0x00, 0x45, 0x00, 0x45, 0x00, 0x45, 0x00, 0x45, 0x00,
    0x45, 0x00, 0x45, 0x00, 0x45, 0x00, 0x45, 0x00, 0x45, 0x00, 0x45, 0x00,
    0x45, 0x00, 0x45, 0x00, 0x45, 0x00, 0x45, 0x00, 0x45, 0x00, 0x45, 0x00,
    0x45, 0x00, 0x45, 0x00, 0x45, 0x00, 0x45, 0x00, 0x45, 0x00, 0x45, 0x00,
    0x45, 0x00, 0x45, 0x00, 0x45, 0x00, 0x45, 0x00, 0x45, 0x00, 0x45, 0x00,
    0x45, 0x00, 0x45, 0x00, 0x45, 0x00, 0x45, 0x00, 0x45, 0x00, 0x45, 0x00,
    0x45, 0x00, 0x45, 0x00, 0x45, 0x00, 0x45, 0x00, 0x04, 0x00, 0xe6, 0x00,
    0xb2, 0xfe, 0x71, 0xee, 0x71, 0xf6, 0x71, 0xf6, 0x71, 0xf6, 0x71, 0xf6,
    0x71, 0xf6, 0x71, 0xf6, 0x71, 0xf6, 0x71, 0xf6, 0x71, 0xf6, 0x71, 0xf6,
    0x71, 0xf6, 0x71, 0xf6, 0x71, 0xf6, 0x71, 0xf6, 0x91, 0xfe, 0xd2, 0xfe,
    0xb2, 0xfe, 0xb2, 0xfe, 0xb2, 0xfe, 0xb2, 0xfe, 0xb2, 0xfe, 0xb2, 0xfe,
    0xb2, 0xfe, 0xb2, 0xfe, 0xb2, 0xfe, 0xd3, 0xfe, 0xb1, 0xfe, 0xb2, 0xfe,
    0xf4, 0xfe, 0xfb, 0xff, 0xff, 0xff, 0xff, 0xff, 0xff, 0xff, 0xff, 0xff,
    0xff, 0xff, 0xff, 0xff, 0xff, 0xff, 0xff, 0xff, 0xff, 0xff, 0xff, 0xff,
    0xff, 0xff, 0xff, 0xff, 0xff, 0xff, 0xff, 0xff, 0xff, 0xff, 0xff, 0xff,
    0xff, 0xff, 0xff, 0xff, 0xfe, 0xff, 0xf4, 0xfe, 0xd2, 0xfe, 0x91, 0xfe,
    0xd3, 0xfe, 0xb2, 0xfe, 0xb2, 0xfe, 0xb2, 0xfe, 0xb2, 0xfe, 0xb2, 0xfe,
    0xb2, 0xfe, 0xd2, 0xfe, 0x71, 0xf6, 0x71, 0xf6, 0x71, 0xf6, 0x71, 0xf6,
    0x71, 0xf6, 0x71, 0xf6, 0x71, 0xf6, 0x71, 0xf6, 0x71, 0xf6, 0x71, 0xf6,
    0x71, 0xf6, 0x71, 0xf6, 0x71, 0xf6, 0x71, 0xf6, 0x71, 0xf6, 0x71, 0xf6,
    0x71, 0xf6, 0x71, 0xf6, 0x71, 0xf6, 0x71, 0xf6, 0x71, 0xf6, 0x71, 0xf6,
    0x71, 0xf6, 0x71, 0xf6, 0x91, 0xfe, 0xd2, 0xfe, 0xb2, 0xfe, 0xb2, 0xfe,
    0xb2, 0xfe, 0xb2, 0xfe, 0xb2, 0xfe, 0xd2, 0xfe, 0xd2, 0xfe, 0x90, 0xfe,
    0xf3, 0xfe, 0x14, 0xff, 0xff, 0xff, 0xff, 0xff, 0xff, 0xff, 0xff, 0xff,
    0xff, 0xff, 0xff, 0xff, 0xff, 0xff, 0xff, 0xff, 0xff, 0xff, 0xff, 0xff,
    0xff, 0xff, 0xff, 0xff, 0xff, 0xff, 0xff, 0xff, 0xff, 0xff, 0xff, 0xff,
    0xff, 0xff, 0xff, 0xff, 0xff, 0xff, 0xb9, 0xff, 0xf4, 0xfe, 0xb1, 0xfe,
    0xb1, 0xfe, 0xd3, 0xfe, 0xb2, 0xfe, 0xb2, 0xfe, 0xb2, 0xfe, 0xb2, 0xfe,
    0xb2, 0xfe, 0xb2, 0xfe, 0xb2, 0xfe, 0xb2, 0xfe, 0xb2, 0xfe, 0xd2, 0xfe,
    0x71, 0xf6, 0x71, 0xf6, 0x71, 0xf6, 0x71, 0xf6, 0x71, 0xf6, 0x71, 0xf6,
    0x71, 0xf6, 0x71, 0xf6, 0x71, 0xf6, 0x71, 0xf6, 0x71, 0xf6, 0x71, 0xf6,
    0x71, 0xf6, 0x71, 0xf6, 0x71, 0xf6, 0x71, 0xf6, 0x31, 0xee, 0x05, 0x00,
    0x45, 0x00, 0x45, 0x00, 0x45, 0x00, 0x45, 0x00, 0x45, 0x00, 0x45, 0x00,
    0x45, 0x00, 0x45, 0x00, 0x45, 0x00, 0x45, 0x00, 0x45, 0x00, 0x45, 0x00,
    0x45, 0x00, 0x45, 0x00, 0x45, 0x00, 0x45, 0x00, 0x45, 0x00, 0x45, 0x00,
    0x45, 0x00, 0x45, 0x00, 0x45, 0x00, 0x45, 0x00, 0x45, 0x00, 0x45, 0x00,
    0x45, 0x00, 0x45, 0x00, 0x45, 0x00, 0x45, 0x00, 0x45, 0x00, 0x45, 0x00,
    0x45, 0x00, 0x45, 0x00, 0x45, 0x00, 0x45, 0x00, 0x45, 0x00, 0x45, 0x00,
    0x45, 0x00, 0x45, 0x00, 0x45, 0x00, 0x45, 0x00, 0x45, 0x00, 0x45, 0x00,
    0x45, 0x00, 0x45, 0x00, 0x45, 0x00, 0x45, 0x00, 0x45, 0x00, 0x45, 0x00,
    0x45, 0x00, 0xea, 0x5a, 0xd2, 0xfe, 0x71, 0xf6, 0x71, 0xf6, 0x71, 0xf6,
    0x71, 0xf6, 0x71, 0xf6, 0x71, 0xf6, 0x71, 0xf6, 0x71, 0xf6, 0x71, 0xf6,
    0x71, 0xf6, 0x71, 0xf6, 0x71, 0xf6, 0x71, 0xf6, 0x71, 0xf6, 0x71, 0xf6,
    0x71, 0xf6, 0x71, 0xf6, 0x71, 0xf6, 0x71, 0xf6, 0x71, 0xf6, 0x71, 0xf6,
    0x71, 0xf6, 0x71, 0xf6, 0x71, 0xf6, 0x71, 0xf6, 0x92, 0xf6, 0x50, 0xf6,
    0xf5, 0xfe, 0x79, 0xff, 0xff, 0xff, 0xff, 0xff, 0xff, 0xff, 0xff, 0xff,
    0xff, 0xff, 0xff, 0xff, 0xff, 0xff, 0xff, 0xff, 0xff, 0xff, 0xff, 0xff,
    0xff, 0xff, 0xff, 0xff, 0xff, 0xff, 0xff, 0xff, 0xff, 0xff, 0xff, 0xff,
    0xff, 0xff, 0xff, 0xff, 0xff, 0xff, 0xff, 0xff, 0xff, 0xff, 0xff, 0xff,
    0xba, 0xff, 0xf5, 0xfe, 0x50, 0xf6, 0x71, 0xf6, 0x71, 0xf6, 0x71, 0xf6,
    0x71, 0xf6, 0x71, 0xf6, 0x71, 0xf6, 0x71, 0xf6, 0x71, 0xf6, 0x71, 0xf6,
    0x71, 0xf6, 0x71, 0xf6, 0x71, 0xf6, 0x71, 0xf6, 0x71, 0xf6, 0x71, 0xf6,
    0x71, 0xf6, 0x71, 0xf6, 0x71, 0xf6, 0x71, 0xf6, 0x71, 0xf6, 0x71, 0xf6,
    0x71, 0xf6, 0x71, 0xf6, 0x71, 0xf6, 0x71, 0xf6, 0x71, 0xf6, 0x71, 0xf6,
    0x71, 0xf6, 0x71, 0xf6, 0x71, 0xf6, 0x71, 0xf6, 0x71, 0xf6, 0x71, 0xf6,
    0x71, 0xf6, 0x71, 0xf6, 0x71, 0xf6, 0x71, 0xf6, 0x71, 0xf6, 0x71, 0xf6,
    0x71, 0xf6, 0xf6, 0xfe, 0xfd, 0xff, 0xff, 0xff, 0xff, 0xff, 0xff, 0xff,
    0xff, 0xff, 0xff, 0xff, 0xff, 0xff, 0xff, 0xff, 0xff, 0xff, 0xff, 0xff,
    0xff, 0xff, 0xff, 0xff, 0xff, 0xff, 0xff, 0xff, 0xff, 0xff, 0xff, 0xff,
    0xff, 0xff, 0xff, 0xff, 0xff, 0xff, 0xff, 0xff, 0xff, 0xff, 0xff, 0xff,
    0xff, 0xff, 0x37, 0xff, 0xd4, 0xfe, 0x50, 0xf6, 0x72, 0xf6, 0x71, 0xf6,
    0x71, 0xf6, 0x71, 0xf6, 0x71, 0xf6, 0x71, 0xf6, 0x71, 0xf6, 0x71, 0xf6,
    0x71, 0xf6, 0x71, 0xf6, 0x71, 0xf6, 0x71, 0xf6, 0x71, 0xf6, 0x71, 0xf6,
    0x71, 0xf6, 0x71, 0xf6, 0x71, 0xf6, 0x71, 0xf6, 0x71, 0xf6, 0x71, 0xf6,
    0x71, 0xf6, 0x71, 0xf6, 0x71, 0xf6, 0x71, 0xf6, 0x71, 0xf6, 0x71, 0xf6,
    0x91, 0xf6, 0x09, 0x3a, 0x45, 0x00, 0x45, 0x00, 0x45, 0x00, 0x45, 0x00,
    0x45, 0x00, 0x45, 0x00, 0x45, 0x00, 0x45, 0x00, 0x45, 0x00, 0x45, 0x00,
    0x45, 0x00, 0x45, 0x00, 0x45, 0x00, 0x45, 0x00, 0x45, 0x00, 0x45, 0x00,
    0x45, 0x00, 0x45, 0x00, 0x45, 0x00, 0x45, 0x00, 0x45, 0x00, 0x45, 0x00,
    0x45, 0x00, 0x45, 0x00, 0x45, 0x00, 0x45, 0x00, 0x45, 0x00, 0x45, 0x00,
    0x45, 0x00, 0x45, 0x00, 0x45, 0x00, 0x45, 0x00, 0x45, 0x00, 0x45, 0x00,
    0x45, 0x00, 0x45, 0x00, 0x45, 0x00, 0x45, 0x00, 0x45, 0x00, 0x45, 0x00,
    0x45, 0x00, 0x45, 0x00, 0x45, 0x00, 0x45, 0x00, 0x45, 0x00, 0x45, 0x00,
    0x45, 0x00, 0x45, 0x00, 0x04, 0x00, 0xd2, 0xfe, 0x71, 0xf6, 0x71, 0xf6,
    0x71, 0xf6, 0x71, 0xf6, 0x71, 0xf6, 0x71, 0xf6, 0x71, 0xf6, 0x71, 0xf6,
    0x71, 0xf6, 0x71, 0xf6, 0x71, 0xf6, 0x71, 0xf6, 0x71, 0xf6, 0x71, 0xf6,
    0x71, 0xf6, 0x71, 0xf6, 0x71, 0xf6, 0x71, 0xf6, 0x71, 0xf6, 0x71, 0xf6,
    0x71, 0xf6, 0x71, 0xf6, 0x71, 0xf6, 0x71, 0xf6, 0x71, 0xf6, 0x92, 0xf6,
    0x50, 0xf6, 0x16, 0xff, 0xff, 0xff, 0xff, 0xff, 0xff, 0xff, 0xff, 0xff,
    0xff, 0xff, 0xff, 0xff, 0xff, 0xff, 0xff, 0xff, 0xff, 0xff, 0xff, 0xff,
    0xff, 0xff, 0xff, 0xff, 0xff, 0xff, 0xff, 0xff, 0xff, 0xff, 0xff, 0xff,
    0xff, 0xff, 0xff, 0xff, 0xff, 0xff, 0xff, 0xff, 0xff, 0xff, 0xff, 0xff,
    0xff, 0xff, 0xff, 0xff, 0xff, 0xff, 0xff, 0xff, 0x58, 0xff, 0x30, 0xf6,
    0x92, 0xf6, 0x71, 0xf6, 0x71, 0xf6, 0x71, 0xf6, 0x71, 0xf6, 0x71, 0xf6,
    0x71, 0xf6, 0x71, 0xf6, 0x71, 0xf6, 0x71, 0xf6, 0x71, 0xf6, 0x71, 0xf6,
    0x71, 0xf6, 0x71, 0xf6, 0x71, 0xf6, 0x71, 0xf6, 0x71, 0xf6, 0x71, 0xf6,
    0x71, 0xf6, 0x71, 0xf6, 0x71, 0xf6, 0x71, 0xf6, 0x71, 0xf6, 0x71, 0xf6,
    0x71, 0xf6, 0x71, 0xf6, 0x71, 0xf6, 0x71, 0xf6, 0x71, 0xf6, 0x71, 0xf6,
    0x71, 0xf6, 0x71, 0xf6, 0x71, 0xf6, 0x71, 0xf6, 0x71, 0xf6, 0x71, 0xf6,
    0x72, 0xf6, 0x50, 0xf6, 0xbb, 0xff, 0xff, 0xff, 0xff, 0xff, 0xff, 0xff,
    0xff, 0xff, 0xff, 0xff, 0xff, 0xff, 0xff, 0xff, 0xff, 0xff, 0xff, 0xff,
    0xff, 0xff, 0xff, 0xff, 0xff, 0xff, 0xff, 0xff, 0xff, 0xff, 0xff, 0xff,
    0xff, 0xff, 0xff, 0xff, 0xff, 0xff, 0xff, 0xff, 0xff, 0xff, 0xff, 0xff,
    0xff, 0xff, 0xff, 0xff, 0xff, 0xff, 0xff, 0xff, 0xff, 0xff, 0xd4, 0xfe,
    0x50, 0xf6, 0x92, 0xf6, 0x71, 0xf6, 0x71, 0xf6, 0x71, 0xf6, 0x71, 0xf6,
    0x71, 0xf6, 0x71, 0xf6, 0x71, 0xf6, 0x71, 0xf6, 0x71, 0xf6, 0x71, 0xf6,
    0x71, 0xf6, 0x71, 0xf6, 0x71, 0xf6, 0x71, 0xf6, 0x71, 0xf6, 0x71, 0xf6,
    0x71, 0xf6, 0x71, 0xf6, 0x71, 0xf6, 0x71, 0xf6, 0x71, 0xf6, 0x71, 0xf6,
    0x71, 0xf6, 0x71, 0xf6, 0xd2, 0xfe, 0xf0, 0xdd, 0x03, 0x00, 0x65, 0x00,
    0x45, 0x00, 0x45, 0x00, 0x45, 0x00, 0x45, 0x00, 0x45, 0x00, 0x45, 0x00,
    0x45, 0x00, 0x45, 0x00, 0x45, 0x00, 0x45, 0x00, 0x45, 0x00, 0x45, 0x00,
    0x45, 0x00, 0x45, 0x00, 0x45, 0x00, 0x45, 0x00, 0x45, 0x00, 0x45, 0x00,
    0x45, 0x00, 0x45, 0x00, 0x45, 0x00, 0x45, 0x00, 0x45, 0x00, 0x45, 0x00,
    0x45, 0x00, 0x45, 0x00, 0x45, 0x00, 0x45, 0x00, 0x45, 0x00, 0x45, 0x00,
    0x45, 0x00, 0x45, 0x00, 0x45, 0x00, 0x45, 0x00, 0x45, 0x00, 0x45, 0x00,
    0x45, 0x00, 0x45, 0x00, 0x45, 0x00, 0x45, 0x00, 0x45, 0x00, 0x45, 0x00,
    0x45, 0x00, 0x45, 0x00, 0x65, 0x00, 0x04, 0x00, 0xec, 0x8b, 0x71, 0xf6,
    0x71, 0xf6, 0x71, 0xf6, 0x71, 0xf6, 0x71, 0xf6, 0x71, 0xf6, 0x71, 0xf6,
    0x71, 0xf6, 0x71, 0xf6, 0x71, 0xf6, 0x71, 0xf6, 0x71, 0xf6, 0x71, 0xf6,
    0x71, 0xf6, 0x71, 0xf6, 0x71, 0xf6, 0x71, 0xf6, 0x71, 0xf6, 0x71, 0xf6,
    0x71, 0xf6, 0x71, 0xf6, 0x71, 0xf6, 0x71, 0xf6, 0x71, 0xf6, 0x71, 0xf6,
    0x71, 0xf6, 0x2f, 0xf6, 0x16, 0xff, 0xff, 0xff, 0xff, 0xff, 0xff, 0xff,
    0xff, 0xff, 0xff, 0xff, 0xff, 0xff, 0xff, 0xff, 0xff, 0xff, 0xff, 0xff,
    0xff, 0xff, 0xff, 0xff, 0xff, 0xff, 0xff, 0xff, 0xff, 0xff, 0xff, 0xff,
    0xff, 0xff, 0xff, 0xff, 0xff, 0xff, 0xff, 0xff, 0xff, 0xff, 0xff, 0xff,
    0xff, 0xff, 0xff, 0xff, 0xff, 0xff, 0xff, 0xff, 0xff, 0xff, 0xff, 0xff,
    0xff, 0xff, 0x78, 0xff, 0x2f, 0xf6, 0x71, 0xf6, 0x71, 0xf6, 0x71, 0xf6,
    0x71, 0xf6, 0x71, 0xf6, 0x71, 0xf6, 0x71, 0xf6, 0x71, 0xf6, 0x71, 0xf6,
    0x71, 0xf6, 0x71, 0xf6, 0x71, 0xf6, 0x71, 0xf6, 0x71, 0xf6, 0x71, 0xf6,
    0x71, 0xf6, 0x71, 0xf6, 0x71, 0xf6, 0x71, 0xf6, 0x71, 0xf6, 0x71, 0xf6,
    0x71, 0xf6, 0x71, 0xf6, 0x71, 0xf6, 0x71, 0xf6, 0x71, 0xf6, 0x71, 0xf6,
    0x71, 0xf6, 0x71, 0xf6, 0x71, 0xf6, 0x71, 0xf6, 0x71, 0xf6, 0x71, 0xf6,
    0x71, 0xf6, 0x71, 0xf6, 0x2f, 0xf6, 0xbb, 0xff, 0xff, 0xff, 0xff, 0xff,
    0xff, 0xff, 0xff, 0xff, 0xff, 0xff, 0xff, 0xff, 0xff, 0xff, 0xff, 0xff,
    0xff, 0xff, 0xff, 0xff, 0xff, 0xff, 0xff, 0xff, 0xff, 0xff, 0xff, 0xff,
    0xff, 0xff, 0xff, 0xff, 0xff, 0xff, 0xff, 0xff, 0xff, 0xff, 0xff, 0xff,
    0xff, 0xff, 0xff, 0xff, 0xff, 0xff, 0xff, 0xff, 0xff, 0xff, 0xff, 0xff,
    0xff, 0xff, 0xff, 0xff, 0xd4, 0xfe, 0x30, 0xf6, 0x71, 0xf6, 0x71, 0xf6,
    0x71, 0xf6, 0x71, 0xf6, 0x71, 0xf6, 0x71, 0xf6, 0x71, 0xf6, 0x71, 0xf6,
    0x71, 0xf6, 0x71, 0xf6, 0x71, 0xf6, 0x71, 0xf6, 0x71, 0xf6, 0x71, 0xf6,
    0x71, 0xf6, 0x71, 0xf6, 0x71, 0xf6, 0x71, 0xf6, 0x71, 0xf6, 0x71, 0xf6,
    0x71, 0xf6, 0x71, 0xf6, 0x71, 0xf6, 0x71, 0xf6, 0x71, 0xf6, 0x71, 0xf6,
    0x0a, 0x63, 0x04, 0x00, 0x65, 0x00, 0x45, 0x00, 0x45, 0x00, 0x45, 0x00,
    0x45, 0x00, 0x45, 0x00, 0x45, 0x00, 0x45, 0x00, 0x45, 0x00, 0x45, 0x00,
    0x45, 0x00, 0x45, 0x00, 0x45, 0x00, 0x45, 0x00, 0x45, 0x00, 0x45, 0x00,
    0x45, 0x00, 0x45, 0x00, 0x45, 0x00, 0x45, 0x00, 0x45, 0x00, 0x45, 0x00,
    0x45, 0x00, 0x45, 0x00, 0x45, 0x00, 0x45, 0x00, 0x45, 0x00, 0x45, 0x00,
    0x45, 0x00, 0x45, 0x00, 0x45, 0x00, 0x45, 0x00, 0x45, 0x00, 0x45, 0x00,
    0x45, 0x00, 0x45, 0x00, 0x45, 0x00, 0x45, 0x00, 0x45, 0x00, 0x45, 0x00,
    0x45, 0x00, 0x45, 0x00, 0x45, 0x00, 0x45, 0x00, 0x65, 0x00, 0x04, 0x00,
    0xf0, 0xdd, 0xb2, 0xfe, 0x71, 0xf6, 0x71, 0xf6, 0x71, 0xf6, 0x71, 0xf6,
    0x71, 0xf6, 0x71, 0xf6, 0x71, 0xf6, 0x71, 0xf6, 0x71, 0xf6, 0x71, 0xf6,
    0x71, 0xf6, 0x71, 0xf6, 0x71, 0xf6, 0x71, 0xf6, 0x71, 0xf6, 0x71, 0xf6,
    0x71, 0xf6, 0x71, 0xf6, 0x71, 0xf6, 0x71, 0xf6, 0x71, 0xf6, 0x71, 0xf6,
    0x71, 0xf6, 0x70, 0xf6, 0xd4, 0xfe, 0xff, 0xff, 0xff, 0xff, 0xff, 0xff,
    0xff, 0xff, 0xff, 0xff, 0xff, 0xff, 0xff, 0xff, 0xff, 0xff, 0xff, 0xff,
    0xff, 0xff, 0xff, 0xff, 0xff, 0xff, 0xff, 0xff, 0xff, 0xff, 0xff, 0xff,
    0xff, 0xff, 0xff, 0xff, 0xff, 0xff, 0xff, 0xff, 0xff, 0xff, 0xff, 0xff,
    0xff, 0xff, 0xff, 0xff, 0xff, 0xff, 0xff, 0xff, 0xff, 0xff, 0xff, 0xff,
    0xff, 0xff, 0xff, 0xff, 0xff, 0xff, 0xff, 0xff, 0xff, 0xff, 0x36, 0xff,
    0x50, 0xf6, 0x91, 0xf6, 0x71, 0xf6, 0x71, 0xf6, 0x71, 0xf6, 0x71, 0xf6,
    0x71, 0xf6, 0x71, 0xf6, 0x71, 0xf6, 0x71, 0xf6, 0x71, 0xf6, 0x71, 0xf6,
    0x71, 0xf6, 0x71, 0xf6, 0x71, 0xf6, 0x71, 0xf6, 0x71, 0xf6, 0x71, 0xf6,
    0x71, 0xf6, 0x71, 0xf6, 0x71, 0xf6, 0x71, 0xf6, 0x71, 0xf6, 0x71, 0xf6,
    0x71, 0xf6, 0x71, 0xf6, 0x71, 0xf6, 0x71, 0xf6, 0x71, 0xf6, 0x71, 0xf6,
    0x71, 0xf6, 0x71, 0xf6, 0x50, 0xf6, 0x79, 0xff, 0xff, 0xff, 0xff, 0xff,
    0xff, 0xff, 0xff, 0xff, 0xff, 0xff, 0xff, 0xff, 0xff, 0xff, 0xff, 0xff,
    0xff, 0xff, 0xff, 0xff, 0xff, 0xff, 0xff, 0xff, 0xff, 0xff, 0xff, 0xff,
    0xff, 0xff, 0xff, 0xff, 0xff, 0xff, 0xff, 0xff, 0xff, 0xff, 0xff, 0xff,
    0xff, 0xff, 0xff, 0xff, 0xff, 0xff, 0xff, 0xff, 0xff, 0xff, 0xff, 0xff,
    0xff, 0xff, 0xff, 0xff, 0xff, 0xff, 0xff, 0xff, 0xff, 0xff, 0xff, 0xff,
    0x92, 0xf6, 0x71, 0xf6, 0x71, 0xf6, 0x71, 0xf6, 0x71, 0xf6, 0x71, 0xf6,
    0x71, 0xf6, 0x71, 0xf6, 0x71, 0xf6, 0x71, 0xf6, 0x71, 0xf6, 0x71, 0xf6,
    0x71, 0xf6, 0x71, 0xf6, 0x71, 0xf6, 0x71, 0xf6, 0x71, 0xf6, 0x71, 0xf6,
    0x71, 0xf6, 0x71, 0xf6, 0x71, 0xf6, 0x71, 0xf6, 0x71, 0xf6, 0x71, 0xf6,
    0x71, 0xf6, 0x12, 0xff, 0xee, 0xb4, 0x04, 0x00, 0x65, 0x00, 0x45, 0x00,
    0x45, 0x00, 0x45, 0x00, 0x45, 0x00, 0x45, 0x00, 0x45, 0x00, 0x45, 0x00,
    0x45, 0x00, 0x45, 0x00, 0x45, 0x00, 0x45, 0x00, 0x45, 0x00, 0x45, 0x00,
    0x45, 0x00, 0x45, 0x00, 0x45, 0x00, 0x45, 0x00, 0x45, 0x00, 0x45, 0x00,
    0x45, 0x00, 0x45, 0x00, 0x45, 0x00, 0x45, 0x00, 0x45, 0x00, 0x45, 0x00,
    0x45, 0x00, 0x45, 0x00, 0x45, 0x00, 0x45, 0x00, 0x45, 0x00, 0x45, 0x00,
    0x45, 0x00, 0x45, 0x00, 0x45, 0x00, 0x45, 0x00, 0x45, 0x00, 0x45, 0x00,
    0x45, 0x00, 0x45, 0x00, 0x45, 0x00, 0x45, 0x00, 0x45, 0x00, 0x65, 0x00,
    0x04, 0x00, 0x6d, 0xa4, 0xd2, 0xfe, 0x71, 0xf6, 0x71, 0xf6, 0x71, 0xf6,
    0x71, 0xf6, 0x71, 0xf6, 0x71, 0xf6, 0x71, 0xf6, 0x71, 0xf6, 0x71, 0xf6,
    0x71, 0xf6, 0x71, 0xf6, 0x71, 0xf6, 0x71, 0xf6, 0x71, 0xf6, 0x71, 0xf6,
    0x71, 0xf6, 0x71, 0xf6, 0x71, 0xf6, 0x71, 0xf6, 0x71, 0xf6, 0x71, 0xf6,
    0x71, 0xf6, 0x71, 0xf6, 0x71, 0xf6, 0xd4, 0xfe, 0xff, 0xff, 0xff, 0xff,
    0xff, 0xff, 0xff, 0xff, 0xff, 0xff, 0xff, 0xff, 0xff, 0xff, 0xff, 0xff,
    0xff, 0xff, 0xff, 0xff, 0xff, 0xff, 0xff, 0xff, 0xff, 0xff, 0xff, 0xff,
    0xff, 0xff, 0xff, 0xff, 0xff, 0xff, 0xff, 0xff, 0xff, 0xff, 0xff, 0xff,
    0xff, 0xff, 0xff, 0xff, 0xff, 0xff, 0xff, 0xff, 0xff, 0xff, 0xff, 0xff,
    0xff, 0xff, 0xff, 0xff, 0xff, 0xff, 0xff, 0xff, 0xff, 0xff, 0xff, 0xff,
    0xff, 0xff, 0xff, 0xff, 0x16, 0xff, 0x71, 0xf6, 0x71, 0xf6, 0x71, 0xf6,
    0x71, 0xf6, 0x71, 0xf6, 0x71, 0xf6, 0x71, 0xf6, 0x71, 0xf6, 0x71, 0xf6,
    0x71, 0xf6, 0x71, 0xf6, 0x71, 0xf6, 0x71, 0xf6, 0x71, 0xf6, 0x71, 0xf6,
    0x71, 0xf6, 0x71, 0xf6, 0x71, 0xf6, 0x71, 0xf6, 0x71, 0xf6, 0x71, 0xf6,
    0x71, 0xf6, 0x71, 0xf6, 0x71, 0xf6, 0x71, 0xf6, 0x71, 0xf6, 0x71, 0xf6,
    0x71, 0xf6, 0x71, 0xf6, 0x91, 0xf6, 0x71, 0xf6, 0x78, 0xff, 0xff, 0xff,
    0xff, 0xff, 0xff, 0xff, 0xff, 0xff, 0xff, 0xff, 0xff, 0xff, 0xff, 0xff,
    0xff, 0xff, 0xff, 0xff, 0xff, 0xff, 0xff, 0xff, 0xff, 0xff, 0xff, 0xff,
    0xff, 0xff, 0xff, 0xff, 0xff, 0xff, 0xff, 0xff, 0xff, 0xff, 0xff, 0xff,
    0xff, 0xff, 0xff, 0xff, 0xff, 0xff, 0xff, 0xff, 0xff, 0xff, 0xff, 0xff,
    0xff, 0xff, 0xff, 0xff, 0xff, 0xff, 0xff, 0xff, 0xff, 0xff, 0xff, 0xff,
    0xff, 0xff, 0xff, 0xff, 0xff, 0xff, 0xb2, 0xfe, 0x91, 0xf6, 0x71, 0xf6,
    0x71, 0xf6, 0x71, 0xf6, 0x71, 0xf6, 0x71, 0xf6, 0x71, 0xf6, 0x71, 0xf6,
    0x71, 0xf6, 0x71, 0xf6, 0x71, 0xf6, 0x71, 0xf6, 0x71, 0xf6, 0x71, 0xf6,
    0x71, 0xf6, 0x71, 0xf6, 0x71, 0xf6, 0x71, 0xf6, 0x71, 0xf6, 0x71, 0xf6,
    0x71, 0xf6, 0x71, 0xf6, 0x71, 0xf6, 0x51, 0xee, 0xf2, 0xfe, 0x6b, 0x73,
    0x04, 0x00, 0x65, 0x00, 0x45, 0x00, 0x45, 0x00, 0x45, 0x00, 0x45, 0x00,
    0x45, 0x00, 0x45, 0x00, 0x45, 0x00, 0x45, 0x00, 0x45, 0x00, 0x45, 0x00,
    0x45, 0x00, 0x45, 0x00, 0x45, 0x00, 0x45, 0x00, 0x45, 0x00, 0x45, 0x00,
    0x45, 0x00, 0x45, 0x00, 0x45, 0x00, 0x45, 0x00, 0x45, 0x00, 0x45, 0x00,
    0x45, 0x00, 0x45, 0x00, 0x45, 0x00, 0x45, 0x00, 0x45, 0x00, 0x45, 0x00,
    0x45, 0x00, 0x45, 0x00, 0x45, 0x00, 0x45, 0x00, 0x45, 0x00, 0x45, 0x00,
    0x45, 0x00, 0x45, 0x00, 0x45, 0x00, 0x45, 0x00, 0x45, 0x00, 0x45, 0x00,
    0x45, 0x00, 0x85, 0x00, 0x03, 0x00, 0x4d, 0x9c, 0x12, 0xff, 0x71, 0xf6,
    0x71, 0xf6, 0x71, 0xf6, 0x71, 0xf6, 0x71, 0xf6, 0x71, 0xf6, 0x71, 0xf6,
    0x71, 0xf6, 0x71, 0xf6, 0x71, 0xf6, 0x71, 0xf6, 0x71, 0xf6, 0x71, 0xf6,
    0x71, 0xf6, 0x71, 0xf6, 0x71, 0xf6, 0x71, 0xf6, 0x71, 0xf6, 0x71, 0xf6,
    0x71, 0xf6, 0x71, 0xf6, 0x71, 0xf6, 0x92, 0xf6, 0x2f, 0xf6, 0xff, 0xff,
    0xff, 0xff, 0xff, 0xff, 0xff, 0xff, 0xff, 0xff, 0xff, 0xff, 0xff, 0xff,
    0xff, 0xff, 0xff, 0xff, 0xff, 0xff, 0xff, 0xff, 0xff, 0xff, 0xff, 0xff,
    0xff, 0xff, 0xff, 0xff, 0xff, 0xff, 0xff, 0xff, 0xff, 0xff, 0xff, 0xff,
    0xff, 0xff, 0xff, 0xff, 0xff, 0xff, 0xff, 0xff, 0xff, 0xff, 0xff, 0xff,
    0xff, 0xff, 0xff, 0xff, 0xff, 0xff, 0xff, 0xff, 0xff, 0xff, 0xff, 0xff,
    0xff, 0xff, 0xff, 0xff, 0xff, 0xff, 0xff, 0xff, 0xff, 0xff, 0x70, 0xf6,
    0x71, 0xf6, 0x71, 0xf6, 0x71, 0xf6, 0x71, 0xf6, 0x71, 0xf6, 0x71, 0xf6,
    0x71, 0xf6, 0x71, 0xf6, 0x71, 0xf6, 0x71, 0xf6, 0x71, 0xf6, 0x71, 0xf6,
    0x71, 0xf6, 0x71, 0xf6, 0x71, 0xf6, 0x71, 0xf6, 0x71, 0xf6, 0x71, 0xf6,
    0x71, 0xf6, 0x71, 0xf6, 0x71, 0xf6, 0x71, 0xf6, 0x71, 0xf6, 0x71, 0xf6,
    0x71, 0xf6, 0x71, 0xf6, 0x71, 0xf6, 0x71, 0xf6, 0x71, 0xf6, 0xb3, 0xfe,
    0xff, 0xff, 0xff, 0xff, 0xff, 0xff, 0xff, 0xff, 0xff, 0xff, 0xff, 0xff,
    0xff, 0xff, 0xff, 0xff, 0xff, 0xff, 0xff, 0xff, 0xff, 0xff, 0xff, 0xff,
    0xff, 0xff, 0xff, 0xff, 0xff, 0xff, 0xff, 0xff, 0xff, 0xff, 0xff, 0xff,
    0xff, 0xff, 0xff, 0xff, 0xff, 0xff, 0xff, 0xff, 0xff, 0xff, 0xff, 0xff,
    0xff, 0xff, 0xff, 0xff, 0xff, 0xff, 0xff, 0xff, 0xff, 0xff, 0xff, 0xff,
    0xff, 0xff, 0xff, 0xff, 0xff, 0xff, 0xff, 0xff, 0xff, 0xff, 0xfd, 0xff,
    0x2f, 0xf6, 0x92, 0xfe, 0x71, 0xf6, 0x71, 0xf6, 0x71, 0xf6, 0x71, 0xf6,
    0x71, 0xf6, 0x71, 0xf6, 0x71, 0xf6, 0x71, 0xf6, 0x71, 0xf6, 0x71, 0xf6,
    0x71, 0xf6, 0x71, 0xf6, 0x71, 0xf6, 0x71, 0xf6, 0x71, 0xf6, 0x71, 0xf6,
    0x71, 0xf6, 0x71, 0xf6, 0x71, 0xf6, 0x71, 0xf6, 0x71, 0xf6, 0x51, 0xee,
    0x33, 0xff, 0x0a, 0x63, 0x03, 0x00, 0x85, 0x00, 0x45, 0x00, 0x45, 0x00,
    0x45, 0x00, 0x45, 0x00, 0x45, 0x00, 0x45, 0x00, 0x45, 0x00, 0x45, 0x00,
    0x45, 0x00, 0x45, 0x00, 0x45, 0x00, 0x45, 0x00, 0x45, 0x00, 0x45, 0x00,
    0x45, 0x00, 0x45, 0x00, 0x45, 0x00, 0x45, 0x00, 0x45, 0x00, 0x45, 0x00,
    0x45, 0x00, 0x45, 0x00, 0x45, 0x00, 0x45, 0x00, 0x45, 0x00, 0x45, 0x00,
    0x45, 0x00, 0x45, 0x00, 0x45, 0x00, 0x45, 0x00, 0x45, 0x00, 0x45, 0x00,
    0x45, 0x00, 0x45, 0x00, 0x45, 0x00, 0x45, 0x00, 0x45, 0x00, 0x45, 0x00,
    0x45, 0x00, 0x45, 0x00, 0x65, 0x00, 0x25, 0x00, 0x88, 0x21, 0xd0, 0xdd,
    0xb2, 0xfe, 0x71, 0xf6, 0x71, 0xf6, 0x71, 0xf6, 0x71, 0xf6, 0x71, 0xf6,
    0x71, 0xf6, 0x71, 0xf6, 0x71, 0xf6, 0x71, 0xf6, 0x71, 0xf6, 0x71, 0xf6,
    0x71, 0xf6, 0x71, 0xf6, 0x71, 0xf6, 0x71, 0xf6, 0x71, 0xf6, 0x71, 0xf6,
    0x71, 0xf6, 0x71, 0xf6, 0x71, 0xf6, 0x71, 0xf6, 0x92, 0xf6, 0x50, 0xf6,
    0x16, 0xff, 0xff, 0xff, 0xff, 0xff, 0xff, 0xff, 0xff, 0xff, 0xff, 0xff,
    0xff, 0xff, 0xff, 0xff, 0xff, 0xff, 0xff, 0xff, 0xff, 0xff, 0xff, 0xff,
    0xff, 0xff, 0xff, 0xff, 0xff, 0xff, 0xff, 0xff, 0xff, 0xff, 0xff, 0xff,
    0xff, 0xff, 0xff, 0xff, 0xff, 0xff, 0xff, 0xff, 0xff, 0xff, 0xff, 0xff,
    0xff, 0xff, 0xff, 0xff, 0xff, 0xff, 0xff, 0xff, 0xff, 0xff, 0xff, 0xff,
    0xff, 0xff, 0xff, 0xff, 0xff, 0xff, 0xff, 0xff, 0xff, 0xff, 0xff, 0xff,
    0xff, 0xff, 0x58, 0xff, 0x50, 0xf6, 0x92, 0xf6, 0x71, 0xf6, 0x71, 0xf6,
    0x71, 0xf6, 0x71, 0xf6, 0x71, 0xf6, 0x71, 0xf6, 0x71, 0xf6, 0x71, 0xf6,
    0x71, 0xf6, 0x71, 0xf6, 0x71, 0xf6, 0x71, 0xf6, 0x71, 0xf6, 0x71, 0xf6,
    0x71, 0xf6, 0x71, 0xf6, 0x71, 0xf6, 0x71, 0xf6, 0x71, 0xf6, 0x71, 0xf6,
    0x71, 0xf6, 0x71, 0xf6, 0x71, 0xf6, 0x71, 0xf6, 0x71, 0xf6, 0x71, 0xf6,
    0x50, 0xf6, 0xba, 0xff, 0xff, 0xff, 0xff, 0xff, 0xff, 0xff, 0xff, 0xff,
    0xff, 0xff, 0xff, 0xff, 0xff, 0xff, 0xff, 0xff, 0xff, 0xff, 0xff, 0xff,
    0xff, 0xff, 0xff, 0xff, 0xff, 0xff, 0xff, 0xff, 0xff, 0xff, 0xff, 0xff,
    0xff, 0xff, 0xff, 0xff, 0xff, 0xff, 0xff, 0xff, 0xff, 0xff, 0xff, 0xff,
    0xff, 0xff, 0xff, 0xff, 0xff, 0xff, 0xff, 0xff, 0xff, 0xff, 0xff, 0xff,
    0xff, 0xff, 0xff, 0xff, 0xff, 0xff, 0xff, 0xff, 0xff, 0xff, 0xff, 0xff,
    0xff, 0xff, 0xff, 0xff, 0xd4, 0xfe, 0x50, 0xf6, 0x92, 0xf6, 0x71, 0xf6,
    0x71, 0xf6, 0x71, 0xf6, 0x71, 0xf6, 0x71, 0xf6, 0x71, 0xf6, 0x71, 0xf6,
    0x71, 0xf6, 0x71, 0xf6, 0x71, 0xf6, 0x71, 0xf6, 0x71, 0xf6, 0x71, 0xf6,
    0x71, 0xf6, 0x71, 0xf6, 0x71, 0xf6, 0x71, 0xf6, 0x71, 0xf6, 0x71, 0xf6,
    0x71, 0xf6, 0x71, 0xf6, 0xb2, 0xfe, 0x2f, 0xc5, 0x06, 0x09, 0x25, 0x00,
    0x45, 0x00, 0x45, 0x00, 0x45, 0x00, 0x45, 0x00, 0x45, 0x00, 0x45, 0x00,
    0x45, 0x00, 0x45, 0x00, 0x45, 0x00, 0x45, 0x00, 0x45, 0x00, 0x45, 0x00,
    0x45, 0x00, 0x45, 0x00, 0x45, 0x00, 0x45, 0x00, 0x45, 0x00, 0x45, 0x00,
    0x45, 0x00, 0x45, 0x00, 0x45, 0x00, 0x45, 0x00, 0x45, 0x00, 0x45, 0x00,
    0x45, 0x00, 0x45, 0x00, 0x45, 0x00, 0x45, 0x00, 0x45, 0x00, 0x45, 0x00,
    0x45, 0x00, 0x45, 0x00, 0x45, 0x00, 0x45, 0x00, 0x45, 0x00, 0x45, 0x00,
    0x45, 0x00, 0x45, 0x00, 0x45, 0x00, 0x45, 0x00, 0x85, 0x00, 0x03, 0x00,
    0x8c, 0x73, 0x73, 0xff, 0x31, 0xee, 0x71, 0xf6, 0x71, 0xf6, 0x71, 0xf6,
    0x71, 0xf6, 0x71, 0xf6, 0x71, 0xf6, 0x71, 0xf6, 0x71, 0xf6, 0x71, 0xf6,
    0x71, 0xf6, 0x71, 0xf6, 0x71, 0xf6, 0x71, 0xf6, 0x71, 0xf6, 0x71, 0xf6,
    0x71, 0xf6, 0x71, 0xf6, 0x71, 0xf6, 0x71, 0xf6, 0x71, 0xf6, 0x92, 0xf6,
    0x50, 0xf6, 0x16, 0xff, 0xff, 0xff, 0xff, 0xff, 0xff, 0xff, 0xff, 0xff,
    0xff, 0xff, 0xff, 0xff, 0xff, 0xff, 0xff, 0xff, 0xff, 0xff, 0xff, 0xff,
    0xff, 0xff, 0xff, 0xff, 0xff, 0xff, 0xff, 0xff, 0xff, 0xff, 0xff, 0xff,
    0xff, 0xff, 0xff, 0xff, 0xff, 0xff, 0xff, 0xff, 0xff, 0xff, 0xff, 0xff,
    0xff, 0xff, 0xff, 0xff, 0xff, 0xff, 0xff, 0xff, 0xff, 0xff, 0xff, 0xff,
    0xff, 0xff, 0xff, 0xff, 0xff, 0xff, 0xff, 0xff, 0xff, 0xff, 0xff, 0xff,
    0xff, 0xff, 0xff, 0xff, 0xff, 0xff, 0xff, 0xff, 0x78, 0xff, 0x50, 0xf6,
    0x92, 0xf6, 0x71, 0xf6, 0x71, 0xf6, 0x71, 0xf6, 0x71, 0xf6, 0x71, 0xf6,
    0x71, 0xf6, 0x71, 0xf6, 0x71, 0xf6, 0x71, 0xf6, 0x71, 0xf6, 0x71, 0xf6,
    0x71, 0xf6, 0x71, 0xf6, 0x71, 0xf6, 0x71, 0xf6, 0x71, 0xf6, 0x71, 0xf6,
    0x71, 0xf6, 0x71, 0xf6, 0x71, 0xf6, 0x71, 0xf6, 0x71, 0xf6, 0x71, 0xf6,
    0x92, 0xf6, 0x50, 0xf6, 0xbb, 0xff, 0xff, 0xff, 0xff, 0xff, 0xff, 0xff,
    0xff, 0xff, 0xff, 0xff, 0xff, 0xff, 0xff, 0xff, 0xff, 0xff, 0xff, 0xff,
    0xff, 0xff, 0xff, 0xff, 0xff, 0xff, 0xff, 0xff, 0xff, 0xff, 0xff, 0xff,
    0xff, 0xff, 0xff, 0xff, 0xff, 0xff, 0xff, 0xff, 0xff, 0xff, 0xff, 0xff,
    0xff, 0xff, 0xff, 0xff, 0xff, 0xff, 0xff, 0xff, 0xff, 0xff, 0xff, 0xff,
    0xff, 0xff, 0xff, 0xff, 0xff, 0xff, 0xff, 0xff, 0xff, 0xff, 0xff, 0xff,
    0xff, 0xff, 0xff, 0xff, 0xff, 0xff, 0xff, 0xff, 0xff, 0xff, 0xd3, 0xfe,
    0x70, 0xf6, 0x91, 0xf6, 0x71, 0xf6, 0x71, 0xf6, 0x71, 0xf6, 0x71, 0xf6,
    0x71, 0xf6, 0x71, 0xf6, 0x71, 0xf6, 0x71, 0xf6, 0x71, 0xf6, 0x71, 0xf6,
    0x71, 0xf6, 0x71, 0xf6, 0x71, 0xf6, 0x71, 0xf6, 0x71, 0xf6, 0x71, 0xf6,
    0x71, 0xf6, 0x71, 0xf6, 0x71, 0xf6, 0x71, 0xf6, 0x31, 0xee, 0x93, 0xff,
    0x49, 0x3a, 0x04, 0x00, 0x65, 0x00, 0x45, 0x00, 0x45, 0x00, 0x45, 0x00,
    0x45, 0x00, 0x45, 0x00, 0x45, 0x00, 0x45, 0x00, 0x45, 0x00, 0x45, 0x00,
    0x45, 0x00, 0x45, 0x00, 0x45, 0x00, 0x45, 0x00, 0x45, 0x00, 0x45, 0x00,
    0x45, 0x00, 0x45, 0x00, 0x45, 0x00, 0x45, 0x00, 0x45, 0x00, 0x45, 0x00,
    0x45, 0x00, 0x45, 0x00, 0x45, 0x00, 0x45, 0x00, 0x45, 0x00, 0x45, 0x00,
    0x45, 0x00, 0x45, 0x00, 0x45, 0x00, 0x45, 0x00, 0x45, 0x00, 0x45, 0x00,
    0x45, 0x00, 0x45, 0x00, 0x45, 0x00, 0x45, 0x00, 0x45, 0x00, 0x65, 0x00,
    0x04, 0x00, 0xe8, 0x31, 0x71, 0xf6, 0x71, 0xf6, 0x71, 0xf6, 0x71, 0xf6,
    0x71, 0xf6, 0x71, 0xf6, 0x71, 0xf6, 0x71, 0xf6, 0x71, 0xf6, 0x71, 0xf6,
    0x71, 0xf6, 0x71, 0xf6, 0x71, 0xf6, 0x71, 0xf6, 0x71, 0xf6, 0x71, 0xf6,
    0x71, 0xf6, 0x71, 0xf6, 0x71, 0xf6, 0x71, 0xf6, 0x71, 0xf6, 0x71, 0xf6,
    0x91, 0xf6, 0x50, 0xf6, 0xf5, 0xfe, 0xff, 0xff, 0xff, 0xff, 0xff, 0xff,
    0xff, 0xff, 0xff, 0xff, 0xff, 0xff, 0xff, 0xff, 0xff, 0xff, 0xff, 0xff,
    0xff, 0xff, 0xff, 0xff, 0xff, 0xff, 0xff, 0xff, 0xff, 0xff, 0xff, 0xff,
    0xff, 0xff, 0xff, 0xff, 0xff, 0xff, 0xff, 0xff, 0xff, 0xff, 0xff, 0xff,
    0xff, 0xff, 0xff, 0xff, 0xff, 0xff, 0xff, 0xff, 0xff, 0xff, 0xff, 0xff,
    0xff, 0xff, 0xff, 0xff, 0xff, 0xff, 0xff, 0xff, 0xff, 0xff, 0xff, 0xff,
    0xff, 0xff, 0xff, 0xff, 0xff, 0xff, 0xff, 0xff, 0xff, 0xff, 0xff, 0xff,
    0xff, 0xff, 0x57, 0xff, 0x50, 0xf6, 0x92, 0xf6, 0x71, 0xf6, 0x71, 0xf6,
    0x71, 0xf6, 0x71, 0xf6, 0x71, 0xf6, 0x71, 0xf6, 0x71, 0xf6, 0x71, 0xf6,
    0x71, 0xf6, 0x71, 0xf6, 0x71, 0xf6, 0x71, 0xf6, 0x71, 0xf6, 0x71, 0xf6,
    0x71, 0xf6, 0x71, 0xf6, 0x71, 0xf6, 0x71, 0xf6, 0x71, 0xf6, 0x71, 0xf6,
    0x71, 0xf6, 0x92, 0xf6, 0x50, 0xf6, 0xba, 0xff, 0xff, 0xff, 0xff, 0xff,
    0xff, 0xff, 0xff, 0xff, 0xff, 0xff, 0xff, 0xff, 0xff, 0xff, 0xff, 0xff,
    0xff, 0xff, 0xff, 0xff, 0xff, 0xff, 0xff, 0xff, 0xff, 0xff, 0xff, 0xff,
    0xff, 0xff, 0xff, 0xff, 0xff, 0xff, 0xff, 0xff, 0xff, 0xff, 0xff, 0xff,
    0xff, 0xff, 0xff, 0xff, 0xff, 0xff, 0xff, 0xff, 0xff, 0xff, 0xff, 0xff,
    0xff, 0xff, 0xff, 0xff, 0xff, 0xff, 0xff, 0xff, 0xff, 0xff, 0xff, 0xff,
    0xff, 0xff, 0xff, 0xff, 0xff, 0xff, 0xff, 0xff, 0xff, 0xff, 0xff, 0xff,
    0xff, 0xff, 0xff, 0xff, 0xb3, 0xfe, 0x71, 0xf6, 0x71, 0xf6, 0x71, 0xf6,
    0x71, 0xf6, 0x71, 0xf6, 0x71, 0xf6, 0x71, 0xf6, 0x71, 0xf6, 0x71, 0xf6,
    0x71, 0xf6, 0x71, 0xf6, 0x71, 0xf6, 0x71, 0xf6, 0x71, 0xf6, 0x71, 0xf6,
    0x71, 0xf6, 0x71, 0xf6, 0x71, 0xf6, 0x71, 0xf6, 0x71, 0xf6, 0x71, 0xf6,
    0x71, 0xf6, 0x71, 0xf6, 0x30, 0xe6, 0x27, 0x11, 0x05, 0x00, 0x45, 0x00,
    0x45, 0x00, 0x45, 0x00, 0x45, 0x00, 0x45, 0x00, 0x45, 0x00, 0x45, 0x00,
    0x45, 0x00, 0x45, 0x00, 0x45, 0x00, 0x45, 0x00, 0x45, 0x00, 0x45, 0x00,
    0x45, 0x00, 0x45, 0x00, 0x45, 0x00, 0x45, 0x00, 0x45, 0x00, 0x45, 0x00,
    0x45, 0x00, 0x45, 0x00, 0x45, 0x00, 0x45, 0x00, 0x45, 0x00, 0x45, 0x00,
    0x45, 0x00, 0x45, 0x00, 0x45, 0x00, 0x45, 0x00, 0x45, 0x00, 0x45, 0x00,
    0x45, 0x00, 0x45, 0x00, 0x45, 0x00, 0x45, 0x00, 0x45, 0x00, 0x45, 0x00,
    0x45, 0x00, 0x65, 0x00, 0x04, 0x00, 0x08, 0x32, 0x53, 0xff, 0x51, 0xee,
    0x71, 0xf6, 0x71, 0xf6, 0x71, 0xf6, 0x71, 0xf6, 0x71, 0xf6, 0x71, 0xf6,
    0x71, 0xf6, 0x71, 0xf6, 0x71, 0xf6, 0x71, 0xf6, 0x71, 0xf6, 0x71, 0xf6,
    0x71, 0xf6, 0x71, 0xf6, 0x71, 0xf6, 0x71, 0xf6, 0x71, 0xf6, 0x71, 0xf6,
    0x71, 0xf6, 0x71, 0xf6, 0x91, 0xf6, 0x71, 0xf6, 0x79, 0xff, 0xff, 0xff,
    0xff, 0xff, 0xff, 0xff, 0xff, 0xff, 0xff, 0xff, 0xff, 0xff, 0xff, 0xff,
    0xff, 0xff, 0xff, 0xff, 0xff, 0xff, 0xff, 0xff, 0xff, 0xff, 0xff, 0xff,
    0xff, 0xff, 0xff, 0xff, 0xfb, 0xde, 0x9e, 0xef, 0xc3, 0x18, 0x00, 0x00,
    0x00, 0x00, 0x00, 0x00, 0x00, 0x00, 0x00, 0x00, 0x1c, 0xe7, 0x1c, 0xe7,
    0xff, 0xff, 0xff, 0xff, 0xff, 0xff, 0xff, 0xff, 0xff, 0xff, 0xff, 0xff,
    0xff, 0xff, 0xff, 0xff, 0xff, 0xff, 0xff, 0xff, 0xff, 0xff, 0xff, 0xff,
    0xff, 0xff, 0xff, 0xff, 0xff, 0xff, 0xdb, 0xff, 0x71, 0xf6, 0x91, 0xf6,
    0x71, 0xf6, 0x71, 0xf6, 0x71, 0xf6, 0x71, 0xf6, 0x71, 0xf6, 0x71, 0xf6,
    0x71, 0xf6, 0x71, 0xf6, 0x71, 0xf6, 0x71, 0xf6, 0x71, 0xf6, 0x71, 0xf6,
    0x71, 0xf6, 0x71, 0xf6, 0x71, 0xf6, 0x71, 0xf6, 0x71, 0xf6, 0x71, 0xf6,
    0x71, 0xf6, 0x71, 0xf6, 0x71, 0xf6, 0x91, 0xf6, 0x71, 0xf6, 0xfe, 0xff,
    0xff, 0xff, 0xff, 0xff, 0xff, 0xff, 0xff, 0xff, 0xff, 0xff, 0xff, 0xff,
    0xff, 0xff, 0xff, 0xff, 0xff, 0xff, 0xff, 0xff, 0xff, 0xff, 0xff, 0xff,
    0xff, 0xff, 0xff, 0xff, 0xff, 0xff, 0x5d, 0xe7, 0x18, 0xc6, 0x00, 0x00,
    0x00, 0x00, 0x00, 0x00, 0x00, 0x00, 0x00, 0x00, 0x08, 0x42, 0x9f, 0xef,
    0xfb, 0xde, 0xff, 0xff, 0xff, 0xff, 0xff, 0xff, 0xff, 0xff, 0xff, 0xff,
    0xff, 0xff, 0xff, 0xff, 0xff, 0xff, 0xff, 0xff, 0xff, 0xff, 0xff, 0xff,
    0xff, 0xff, 0xff, 0xff, 0xff, 0xff, 0xff, 0xff, 0x36, 0xff, 0x71, 0xf6,
    0x71, 0xf6, 0x71, 0xf6, 0x71, 0xf6, 0x71, 0xf6, 0x71, 0xf6, 0x71, 0xf6,
    0x71, 0xf6, 0x71, 0xf6, 0x71, 0xf6, 0x71, 0xf6, 0x71, 0xf6, 0x71, 0xf6,
    0x71, 0xf6, 0x71, 0xf6, 0x71, 0xf6, 0x71, 0xf6, 0x71, 0xf6, 0x71, 0xf6,
    0x71, 0xf6, 0x71, 0xf6, 0x71, 0xf6, 0x71, 0xf6, 0x12, 0xff, 0xe6, 0x00,
    0x04, 0x00, 0x45, 0x00, 0x45, 0x00, 0x45, 0x00, 0x45, 0x00, 0x45, 0x00,
    0x45, 0x00, 0x45, 0x00, 0x45, 0x00, 0x45, 0x00, 0x45, 0x00, 0x45, 0x00,
    0x45, 0x00, 0x45, 0x00, 0x45, 0x00, 0x45, 0x00, 0x45, 0x00, 0x45, 0x00,
    0x45, 0x00, 0x45, 0x00, 0x45, 0x00, 0x45, 0x00, 0x45, 0x00, 0x45, 0x00,
    0x45, 0x00, 0x45, 0x00, 0x45, 0x00, 0x45, 0x00, 0x45, 0x00, 0x45, 0x00,
    0x45, 0x00, 0x45, 0x00, 0x45, 0x00, 0x45, 0x00, 0x45, 0x00, 0x45, 0x00,
    0x45, 0x00, 0x45, 0x00, 0x45, 0x00, 0x45, 0x00, 0x45, 0x00, 0xac, 0x7b,
    0xf2, 0xfe, 0x71, 0xf6, 0x71, 0xf6, 0x71, 0xf6, 0x71, 0xf6, 0x71, 0xf6,
    0x71, 0xf6, 0x71, 0xf6, 0x71, 0xf6, 0x71, 0xf6, 0x71, 0xf6, 0x71, 0xf6,
    0x71, 0xf6, 0x71, 0xf6, 0x71, 0xf6, 0x71, 0xf6, 0x71, 0xf6, 0x71, 0xf6,
    0x71, 0xf6, 0x71, 0xf6, 0x71, 0xf6, 0x71, 0xf6, 0x70, 0xf6, 0xb3, 0xfe,
    0xff, 0xff, 0xff, 0xff, 0xff, 0xff, 0xff, 0xff, 0xff, 0xff, 0xff, 0xff,
    0xff, 0xff, 0xff, 0xff, 0xff, 0xff, 0xff, 0xff, 0xff, 0xff, 0xff, 0xff,
    0xff, 0xff, 0xff, 0xff, 0xff, 0xff, 0x4d, 0x6b, 0x00, 0x00, 0x00, 0x00,
    0x00, 0x00, 0x00, 0x00, 0x00, 0x00, 0x00, 0x00, 0x00, 0x00, 0x00, 0x00,
    0x00, 0x00, 0x00, 0x00, 0xc7, 0x41, 0xff, 0xff, 0xff, 0xff, 0xff, 0xff,
    0xff, 0xff, 0xff, 0xff, 0xff, 0xff, 0xff, 0xff, 0xff, 0xff, 0xff, 0xff,
    0xff, 0xff, 0xff, 0xff, 0xff, 0xff, 0xff, 0xff, 0xff, 0xff, 0xff, 0xff,
    0x16, 0xff, 0x50, 0xf6, 0x92, 0xf6, 0x71, 0xf6, 0x71, 0xf6, 0x71, 0xf6,
    0x71, 0xf6, 0x71, 0xf6, 0x71, 0xf6, 0x71, 0xf6, 0x71, 0xf6, 0x71, 0xf6,
    0x71, 0xf6, 0x71, 0xf6, 0x71, 0xf6, 0x71, 0xf6, 0x71, 0xf6, 0x71, 0xf6,
    0x71, 0xf6, 0x71, 0xf6, 0x71, 0xf6, 0x71, 0xf6, 0x92, 0xf6, 0x2f, 0xf6,
    0x79, 0xff, 0xff, 0xff, 0xff, 0xff, 0xff, 0xff, 0xff, 0xff, 0xff, 0xff,
    0xff, 0xff, 0xff, 0xff, 0xff, 0xff, 0xff, 0xff, 0xff, 0xff, 0xff, 0xff,
    0xff, 0xff, 0xff, 0xff, 0xff, 0xff, 0xdf, 0xf7, 0xa2, 0x18, 0x00, 0x00,
    0x00, 0x00, 0x00, 0x00, 0x00, 0x00, 0x00, 0x00, 0x00, 0x00, 0x00, 0x00,
    0x00, 0x00, 0x00, 0x00, 0x00, 0x00, 0xb3, 0x9c, 0xff, 0xff, 0xff, 0xff,
    0xff, 0xff, 0xff, 0xff, 0xff, 0xff, 0xff, 0xff, 0xff, 0xff, 0xff, 0xff,
    0xff, 0xff, 0xff, 0xff, 0xff, 0xff, 0xff, 0xff, 0xff, 0xff, 0xff, 0xff,
    0xff, 0xff, 0x70, 0xf6, 0x71, 0xf6, 0x71, 0xf6, 0x71, 0xf6, 0x71, 0xf6,
    0x71, 0xf6, 0x71, 0xf6, 0x71, 0xf6, 0x71, 0xf6, 0x71, 0xf6, 0x71, 0xf6,
    0x71, 0xf6, 0x71, 0xf6, 0x71, 0xf6, 0x71, 0xf6, 0x71, 0xf6, 0x71, 0xf6,
    0x71, 0xf6, 0x71, 0xf6, 0x71, 0xf6, 0x71, 0xf6, 0x71, 0xf6, 0x71, 0xf6,
    0xb2, 0xfe, 0xca, 0x5a, 0x25, 0x00, 0x45, 0x00, 0x45, 0x00, 0x45, 0x00,
    0x45, 0x00, 0x45, 0x00, 0x45, 0x00, 0x45, 0x00, 0x45, 0x00, 0x45, 0x00,
    0x45, 0x00, 0x45, 0x00, 0x45, 0x00, 0x45, 0x00, 0x45, 0x00, 0x45, 0x00,
    0x45, 0x00, 0x45, 0x00, 0x45, 0x00, 0x45, 0x00, 0x45, 0x00, 0x45, 0x00,
    0x45, 0x00, 0x45, 0x00, 0x45, 0x00, 0x45, 0x00, 0x45, 0x00, 0x45, 0x00,
    0x45, 0x00, 0x45, 0x00, 0x45, 0x00, 0x45, 0x00, 0x45, 0x00, 0x45, 0x00,
    0x45, 0x00, 0x45, 0x00, 0x45, 0x00, 0x45, 0x00, 0x45, 0x00, 0x04, 0x00,
    0x67, 0x19, 0x53, 0xff, 0x51, 0xee, 0x71, 0xf6, 0x71, 0xf6, 0x71, 0xf6,
    0x71, 0xf6, 0x71, 0xf6, 0x71, 0xf6, 0x71, 0xf6, 0x71, 0xf6, 0x71, 0xf6,
    0x71, 0xf6, 0x71, 0xf6, 0x71, 0xf6, 0x71, 0xf6, 0x71, 0xf6, 0x71, 0xf6,
    0x71, 0xf6, 0x71, 0xf6, 0x71, 0xf6, 0x71, 0xf6, 0x71, 0xf6, 0x71, 0xf6,
    0x71, 0xf6, 0xbb, 0xff, 0xff, 0xff, 0xff, 0xff, 0xff, 0xff, 0xff, 0xff,
    0xff, 0xff, 0xff, 0xff, 0xff, 0xff, 0xff, 0xff, 0xff, 0xff, 0xff, 0xff,
    0xff, 0xff, 0xff, 0xff, 0xff, 0xff, 0x34, 0xa5, 0xcb, 0x62, 0x00, 0x00,
    0x00, 0x00, 0x00, 0x00, 0x00, 0x00, 0x00, 0x00, 0x00, 0x00, 0x00, 0x00,
    0x00, 0x00, 0x00, 0x00, 0x00, 0x00, 0x00, 0x00, 0x00, 0x00, 0x28, 0x4a,
    0x72, 0x8c, 0xff, 0xff, 0xff, 0xff, 0xff, 0xff, 0xff, 0xff, 0xff, 0xff,
    0xff, 0xff, 0xff, 0xff, 0xff, 0xff, 0xff, 0xff, 0xff, 0xff, 0xff, 0xff,
    0xff, 0xff, 0xff, 0xff, 0xfd, 0xff, 0xb2, 0xf6, 0x71, 0xf6, 0x71, 0xf6,
    0x71, 0xf6, 0x71, 0xf6, 0x71, 0xf6, 0x71, 0xf6, 0x71, 0xf6, 0x71, 0xf6,
    0x71, 0xf6, 0x71, 0xf6, 0x71, 0xf6, 0x71, 0xf6, 0x71, 0xf6, 0x71, 0xf6,
    0x71, 0xf6, 0x71, 0xf6, 0x71, 0xf6, 0x71, 0xf6, 0x71, 0xf6, 0x71, 0xf6,
    0x71, 0xf6, 0xb3, 0xfe, 0xfe, 0xff, 0xff, 0xff, 0xff, 0xff, 0xff, 0xff,
    0xff, 0xff, 0xff, 0xff, 0xff, 0xff, 0xff, 0xff, 0xff, 0xff, 0xff, 0xff,
    0xff, 0xff, 0xff, 0xff, 0xff, 0xff, 0xff, 0xff, 0xf1, 0x7b, 0x45, 0x31,
    0x00, 0x00, 0x00, 0x00, 0x00, 0x00, 0x00, 0x00, 0x00, 0x00, 0x00, 0x00,
    0x00, 0x00, 0x00, 0x00, 0x00, 0x00, 0x00, 0x00, 0x00, 0x00, 0x00, 0x00,
    0x6d, 0x73, 0xf7, 0xbd, 0xff, 0xff, 0xff, 0xff, 0xff, 0xff, 0xff, 0xff,
    0xff, 0xff, 0xff, 0xff, 0xff, 0xff, 0xff, 0xff, 0xff, 0xff, 0xff, 0xff,
    0xff, 0xff, 0xff, 0xff, 0xff, 0xff, 0x79, 0xff, 0x71, 0xf6, 0x71, 0xf6,
    0x71, 0xf6, 0x71, 0xf6, 0x71, 0xf6, 0x71, 0xf6, 0x71, 0xf6, 0x71, 0xf6,
    0x71, 0xf6, 0x71, 0xf6, 0x71, 0xf6, 0x71, 0xf6, 0x71, 0xf6, 0x71, 0xf6,
    0x71, 0xf6, 0x71, 0xf6, 0x71, 0xf6, 0x71, 0xf6, 0x71, 0xf6, 0x71, 0xf6,
    0x71, 0xf6, 0x71, 0xf6, 0x71, 0xf6, 0xf2, 0xfe, 0x85, 0x00, 0x45, 0x00,
    0x45, 0x00, 0x45, 0x00, 0x45, 0x00, 0x45, 0x00, 0x45, 0x00, 0x45, 0x00,
    0x45, 0x00, 0x45, 0x00, 0x45, 0x00, 0x45, 0x00, 0x45, 0x00, 0x45, 0x00,
    0x45, 0x00, 0x45, 0x00, 0x45, 0x00, 0x45, 0x00, 0x45, 0x00, 0x45, 0x00,
    0x45, 0x00, 0x45, 0x00, 0x45, 0x00, 0x45, 0x00, 0x45, 0x00, 0x45, 0x00,
    0x45, 0x00, 0x45, 0x00, 0x45, 0x00, 0x45, 0x00, 0x45, 0x00, 0x45, 0x00,
    0x45, 0x00, 0x45, 0x00, 0x45, 0x00, 0x45, 0x00, 0x45, 0x00, 0x45, 0x00,
    0x45, 0x00, 0x04, 0x00, 0xe6, 0x00, 0xd2, 0xfe, 0x71, 0xf6, 0x71, 0xf6,
    0x71, 0xf6, 0x71, 0xf6, 0x71, 0xf6, 0x71, 0xf6, 0x71, 0xf6, 0x71, 0xf6,
    0x71, 0xf6, 0x71, 0xf6, 0x71, 0xf6, 0x71, 0xf6, 0x71, 0xf6, 0x71, 0xf6,
    0x71, 0xf6, 0x71, 0xf6, 0x71, 0xf6, 0x71, 0xf6, 0x71, 0xf6, 0x71, 0xf6,
    0x71, 0xf6, 0x71, 0xf6, 0x71, 0xf6, 0xff, 0xff, 0xff, 0xff, 0xff, 0xff,
    0xff, 0xff, 0xff, 0xff, 0xff, 0xff, 0xff, 0xff, 0xff, 0xff, 0xff, 0xff,
    0xff, 0xff, 0xff, 0xff, 0xff, 0xff, 0xff, 0xff, 0xb3, 0x94, 0x00, 0x00,
    0x00, 0x00, 0x00, 0x00, 0x00, 0x00, 0x00, 0x00, 0x00, 0x00, 0x00, 0x00,
    0x00, 0x00, 0x00, 0x00, 0x00, 0x00, 0x00, 0x00, 0x00, 0x00, 0x00, 0x00,
    0x00, 0x00, 0x00, 0x00, 0x00, 0x00, 0x4d, 0x6b, 0xff, 0xff, 0xff, 0xff,
    0xff, 0xff, 0xff, 0xff, 0xff, 0xff, 0xff, 0xff, 0xff, 0xff, 0xff, 0xff,
    0xff, 0xff, 0xff, 0xff, 0xff, 0xff, 0xff, 0xff, 0xff, 0xff, 0xd3, 0xfe,
    0x70, 0xf6, 0x71, 0xf6, 0x71, 0xf6, 0x71, 0xf6, 0x71, 0xf6, 0x71, 0xf6,
    0x71, 0xf6, 0x71, 0xf6, 0x71, 0xf6, 0x71, 0xf6, 0x71, 0xf6, 0x71, 0xf6,
    0x71, 0xf6, 0x71, 0xf6, 0x71, 0xf6, 0x71, 0xf6, 0x71, 0xf6, 0x71, 0xf6,
    0x71, 0xf6, 0x91, 0xf6, 0x50, 0xf6, 0x37, 0xff, 0xff, 0xff, 0xff, 0xff,
    0xff, 0xff, 0xff, 0xff, 0xff, 0xff, 0xff, 0xff, 0xff, 0xff, 0xff, 0xff,
    0xff, 0xff, 0xff, 0xff, 0xff, 0xff, 0xff, 0xff, 0xff, 0xff, 0xe8, 0x41,
    0x00, 0x00, 0x00, 0x00, 0x00, 0x00, 0x00, 0x00, 0x00, 0x00, 0x00, 0x00,
    0x00, 0x00, 0x00, 0x00, 0x00, 0x00, 0x00, 0x00, 0x00, 0x00, 0x00, 0x00,
    0x00, 0x00, 0x00, 0x00, 0x00, 0x00, 0x00, 0x00, 0xf8, 0xbd, 0xff, 0xff,
    0xff, 0xff, 0xff, 0xff, 0xff, 0xff, 0xff, 0xff, 0xff, 0xff, 0xff, 0xff,
    0xff, 0xff, 0xff, 0xff, 0xff, 0xff, 0xff, 0xff, 0xff, 0xff, 0xff, 0xff,
    0x4f, 0xf6, 0x92, 0xf6, 0x71, 0xf6, 0x71, 0xf6, 0x71, 0xf6, 0x71, 0xf6,
    0x71, 0xf6, 0x71, 0xf6, 0x71, 0xf6, 0x71, 0xf6, 0x71, 0xf6, 0x71, 0xf6,
    0x71, 0xf6, 0x71, 0xf6, 0x71, 0xf6, 0x71, 0xf6, 0x71, 0xf6, 0x71, 0xf6,
    0x71, 0xf6, 0x71, 0xf6, 0x71, 0xf6, 0x71, 0xf6, 0x91, 0xfe, 0x31, 0xee,
    0x05, 0x00, 0x45, 0x00, 0x45, 0x00, 0x45, 0x00, 0x45, 0x00, 0x45, 0x00,
    0x45, 0x00, 0x45, 0x00, 0x45, 0x00, 0x45, 0x00, 0x45, 0x00, 0x45, 0x00,
    0x45, 0x00, 0x45, 0x00, 0x45, 0x00, 0x45, 0x00, 0x45, 0x00, 0x45, 0x00,
    0x45, 0x00, 0x45, 0x00, 0x45, 0x00, 0x45, 0x00, 0x45, 0x00, 0x45, 0x00,
    0x45, 0x00, 0x45, 0x00, 0x45, 0x00, 0x45, 0x00, 0x45, 0x00, 0x45, 0x00,
    0x45, 0x00, 0x45, 0x00, 0x45, 0x00, 0x45, 0x00, 0x45, 0x00, 0x45, 0x00,
    0x45, 0x00, 0x45, 0x00, 0x45, 0x00, 0x65, 0x00, 0xaf, 0xcd, 0x91, 0xfe,
    0x71, 0xf6, 0x71, 0xf6, 0x71, 0xf6, 0x71, 0xf6, 0x71, 0xf6, 0x71, 0xf6,
    0x71, 0xf6, 0x71, 0xf6, 0x71, 0xf6, 0x71, 0xf6, 0x71, 0xf6, 0x71, 0xf6,
    0x71, 0xf6, 0x71, 0xf6, 0x71, 0xf6, 0x71, 0xf6, 0x71, 0xf6, 0x71, 0xf6,
    0x71, 0xf6, 0x71, 0xf6, 0x91, 0xf6, 0x70, 0xf6, 0xfd, 0xff, 0xff, 0xff,
    0xff, 0xff, 0xff, 0xff, 0xff, 0xff, 0xff, 0xff, 0xff, 0xff, 0xff, 0xff,
    0xff, 0xff, 0xff, 0xff, 0xff, 0xff, 0xff, 0xff, 0xff, 0xff, 0x14, 0xa5,
    0x00, 0x00, 0x00, 0x00, 0x00, 0x00, 0x00, 0x00, 0x00, 0x00, 0x00, 0x00,
    0x00, 0x00, 0x00, 0x00, 0x00, 0x00, 0x00, 0x00, 0x00, 0x00, 0x00, 0x00,
    0x00, 0x00, 0x00, 0x00, 0x00, 0x00, 0x00, 0x00, 0x00, 0x00, 0x00, 0x00,
    0x8e, 0x73, 0xff, 0xff, 0xff, 0xff, 0xff, 0xff, 0xff, 0xff, 0xff, 0xff,
    0xff, 0xff, 0xff, 0xff, 0xff, 0xff, 0xff, 0xff, 0xff, 0xff, 0xff, 0xff,
    0xff, 0xff, 0xff, 0xff, 0x91, 0xf6, 0x71, 0xf6, 0x71, 0xf6, 0x71, 0xf6,
    0x71, 0xf6, 0x71, 0xf6, 0x71, 0xf6, 0x71, 0xf6, 0x71, 0xf6, 0x71, 0xf6,
    0x71, 0xf6, 0x71, 0xf6, 0x71, 0xf6, 0x71, 0xf6, 0x71, 0xf6, 0x71, 0xf6,
    0x71, 0xf6, 0x71, 0xf6, 0x71, 0xf6, 0x71, 0xf6, 0xb3, 0xfe, 0xff, 0xff,
    0xff, 0xff, 0xff, 0xff, 0xff, 0xff, 0xff, 0xff, 0xff, 0xff, 0xff, 0xff,
    0xff, 0xff, 0xff, 0xff, 0xff, 0xff, 0xff, 0xff, 0xff, 0xff, 0xff, 0xff,
    0x08, 0x4a, 0x00, 0x00, 0x00, 0x00, 0x00, 0x00, 0x00, 0x00, 0x00, 0x00,
    0x00, 0x00, 0x00, 0x00, 0x00, 0x00, 0x00, 0x00, 0x00, 0x00, 0x00, 0x00,
    0x00, 0x00, 0x00, 0x00, 0x00, 0x00, 0x00, 0x00, 0x00, 0x00, 0x00, 0x00,
    0x00, 0x00, 0x7a, 0xce, 0xff, 0xff, 0xff, 0xff, 0xff, 0xff, 0xff, 0xff,
    0xff, 0xff, 0xff, 0xff, 0xff, 0xff, 0xff, 0xff, 0xff, 0xff, 0xff, 0xff,
    0xff, 0xff, 0xff, 0xff, 0xbb, 0xff, 0x50, 0xf6, 0x92, 0xf6, 0x71, 0xf6,
    0x71, 0xf6, 0x71, 0xf6, 0x71, 0xf6, 0x71, 0xf6, 0x71, 0xf6, 0x71, 0xf6,
    0x71, 0xf6, 0x71, 0xf6, 0x71, 0xf6, 0x71, 0xf6, 0x71, 0xf6, 0x71, 0xf6,
    0x71, 0xf6, 0x71, 0xf6, 0x71, 0xf6, 0x71, 0xf6, 0x71, 0xf6, 0x71, 0xf6,
    0x71, 0xf6, 0xb2, 0xfe, 0xce, 0xac, 0x04, 0x00, 0x45, 0x00, 0x45, 0x00,
    0x45, 0x00, 0x45, 0x00, 0x45, 0x00, 0x45, 0x00, 0x45, 0x00, 0x45, 0x00,
    0x45, 0x00, 0x45, 0x00, 0x45, 0x00, 0x45, 0x00, 0x45, 0x00, 0x45, 0x00,
    0x45, 0x00, 0x45, 0x00, 0x45, 0x00, 0x45, 0x00, 0x45, 0x00, 0x45, 0x00,
    0x45, 0x00, 0x45, 0x00, 0x45, 0x00, 0x45, 0x00, 0x45, 0x00, 0x45, 0x00,
    0x45, 0x00, 0x45, 0x00, 0x45, 0x00, 0x45, 0x00, 0x45, 0x00, 0x45, 0x00,
    0x45, 0x00, 0x45, 0x00, 0x45, 0x00, 0x45, 0x00, 0x45, 0x00, 0x05, 0x00,
    0x91, 0xf6, 0x91, 0xfe, 0x71, 0xf6, 0x71, 0xf6, 0x71, 0xf6, 0x71, 0xf6,
    0x71, 0xf6, 0x71, 0xf6, 0x71, 0xf6, 0x71, 0xf6, 0x71, 0xf6, 0x71, 0xf6,
    0x71, 0xf6, 0x71, 0xf6, 0x71, 0xf6, 0x71, 0xf6, 0x71, 0xf6, 0x71, 0xf6,
    0x71, 0xf6, 0x71, 0xf6, 0x71, 0xf6, 0x71, 0xf6, 0x91, 0xf6, 0x70, 0xf6,
    0xff, 0xff, 0xff, 0xff, 0xff, 0xff, 0xff, 0xff, 0xff, 0xff, 0xff, 0xff,
    0xff, 0xff, 0xff, 0xff, 0xff, 0xff, 0xff, 0xff, 0xff, 0xff, 0xff, 0xff,
    0xff, 0xff, 0xcb, 0x62, 0x00, 0x00, 0x00, 0x00, 0x00, 0x00, 0x00, 0x00,
    0x00, 0x00, 0x00, 0x00, 0x00, 0x00, 0x00, 0x00, 0x00, 0x00, 0x00, 0x00,
    0x00, 0x00, 0x00, 0x00, 0x00, 0x00, 0x00, 0x00, 0x00, 0x00, 0x00, 0x00,
    0x00, 0x00, 0x00, 0x00, 0x65, 0x31, 0xff, 0xff, 0xff, 0xff, 0xff, 0xff,
    0xff, 0xff, 0xff, 0xff, 0xff, 0xff, 0xff, 0xff, 0xff, 0xff, 0xff, 0xff,
    0xff, 0xff, 0xff, 0xff, 0xff, 0xff, 0xff, 0xff, 0x92, 0xfe, 0x71, 0xf6,
    0x71, 0xf6, 0x71, 0xf6, 0x71, 0xf6, 0x71, 0xf6, 0x71, 0xf6, 0x71, 0xf6,
    0x71, 0xf6, 0x71, 0xf6, 0x71, 0xf6, 0x71, 0xf6, 0x71, 0xf6, 0x71, 0xf6,
    0x71, 0xf6, 0x71, 0xf6, 0x71, 0xf6, 0x71, 0xf6, 0x71, 0xf6, 0x71, 0xf6,
    0xf4, 0xfe, 0xff, 0xff, 0xff, 0xff, 0xff, 0xff, 0xff, 0xff, 0xff, 0xff,
    0xff, 0xff, 0xff, 0xff, 0xff, 0xff, 0xff, 0xff, 0xff, 0xff, 0xff, 0xff,
    0xff, 0xff, 0xff, 0xff, 0x20, 0x08, 0x00, 0x00, 0x00, 0x00, 0x00, 0x00,
    0x00, 0x00, 0x00, 0x00, 0x00, 0x00, 0x00, 0x00, 0x00, 0x00, 0x00, 0x00,
    0x00, 0x00, 0x00, 0x00, 0x00, 0x00, 0x00, 0x00, 0x00, 0x00, 0x00, 0x00,
    0x00, 0x00, 0x00, 0x00, 0x00, 0x00, 0x71, 0x94, 0xff, 0xff, 0xff, 0xff,
    0xff, 0xff, 0xff, 0xff, 0xff, 0xff, 0xff, 0xff, 0xff, 0xff, 0xff, 0xff,
    0xff, 0xff, 0xff, 0xff, 0xff, 0xff, 0xff, 0xff, 0xfd, 0xff, 0x50, 0xf6,
    0x92, 0xf6, 0x71, 0xf6, 0x71, 0xf6, 0x71, 0xf6, 0x71, 0xf6, 0x71, 0xf6,
    0x71, 0xf6, 0x71, 0xf6, 0x71, 0xf6, 0x71, 0xf6, 0x71, 0xf6, 0x71, 0xf6,
    0x71, 0xf6, 0x71, 0xf6, 0x71, 0xf6, 0x71, 0xf6, 0x71, 0xf6, 0x71, 0xf6,
    0x71, 0xf6, 0x71, 0xf6, 0x71, 0xf6, 0xd2, 0xfe, 0xb0, 0xd5, 0x04, 0x00,
    0x65, 0x00, 0x45, 0x00, 0x45, 0x00, 0x45, 0x00, 0x45, 0x00, 0x45, 0x00,
    0x45, 0x00, 0x45, 0x00, 0x45, 0x00, 0x45, 0x00, 0x45, 0x00, 0x45, 0x00,
    0x45, 0x00, 0x45, 0x00, 0x45, 0x00, 0x45, 0x00, 0x45, 0x00, 0x45, 0x00,
    0x45, 0x00, 0x45, 0x00, 0x45, 0x00, 0x45, 0x00, 0x45, 0x00, 0x45, 0x00,
    0x45, 0x00, 0x45, 0x00, 0x45, 0x00, 0x45, 0x00, 0x45, 0x00, 0x45, 0x00,
    0x45, 0x00, 0x45, 0x00, 0x45, 0x00, 0x45, 0x00, 0x45, 0x00, 0x45, 0x00,
    0x25, 0x00, 0x09, 0x3a, 0x71, 0xf6, 0x71, 0xf6, 0x71, 0xf6, 0x71, 0xf6,
    0x71, 0xf6, 0x71, 0xf6, 0x71, 0xf6, 0x71, 0xf6, 0x71, 0xf6, 0x71, 0xf6,
    0x71, 0xf6, 0x71, 0xf6, 0x71, 0xf6, 0x71, 0xf6, 0x71, 0xf6, 0x71, 0xf6,
    0x71, 0xf6, 0x71, 0xf6, 0x71, 0xf6, 0x71, 0xf6, 0x71, 0xf6, 0x71, 0xf6,
    0x92, 0xf6, 0x2f, 0xf6, 0xff, 0xff, 0xff, 0xff, 0xff, 0xff, 0xff, 0xff,
    0xff, 0xff, 0xff, 0xff, 0xff, 0xff, 0xff, 0xff, 0xff, 0xff, 0xff, 0xff,
    0xff, 0xff, 0xff, 0xff, 0x4d, 0x6b, 0x00, 0x00, 0x00, 0x00, 0x00, 0x00,
    0x00, 0x00, 0x00, 0x00, 0x00, 0x00, 0x00, 0x00, 0x00, 0x00, 0x00, 0x00,
    0x00, 0x00, 0x00, 0x00, 0x00, 0x00, 0x00, 0x00, 0x00, 0x00, 0x00, 0x00,
    0x00, 0x00, 0x00, 0x00, 0x00, 0x00, 0x00, 0x00, 0x00, 0x00, 0xe7, 0x41,
    0xff, 0xf7, 0xff, 0xff, 0xff, 0xff, 0xff, 0xff, 0xff, 0xff, 0xff, 0xff,
    0xff, 0xff, 0xff, 0xff, 0xff, 0xff, 0xff, 0xff, 0xff, 0xff, 0xff, 0xff,
    0x70, 0xf6, 0x71, 0xf6, 0x71, 0xf6, 0x71, 0xf6, 0x71, 0xf6, 0x71, 0xf6,
    0x71, 0xf6, 0x71, 0xf6, 0x71, 0xf6, 0x71, 0xf6, 0x71, 0xf6, 0x71, 0xf6,
    0x71, 0xf6, 0x71, 0xf6, 0x71, 0xf6, 0x71, 0xf6, 0x71, 0xf6, 0x71, 0xf6,
    0x71, 0xf6, 0x70, 0xf6, 0xb2, 0xfe, 0xff, 0xff, 0xff, 0xff, 0xff, 0xff,
    0xff, 0xff, 0xff, 0xff, 0xff, 0xff, 0xff, 0xff, 0xff, 0xff, 0xff, 0xff,
    0xff, 0xff, 0xff, 0xff, 0x7f, 0xe7, 0xa3, 0x18, 0x00, 0x00, 0x00, 0x00,
    0x00, 0x00, 0x00, 0x00, 0x00, 0x00, 0x00, 0x00, 0x00, 0x00, 0x00, 0x00,
    0x00, 0x00, 0x00, 0x00, 0x00, 0x00, 0x00, 0x00, 0x00, 0x00, 0x00, 0x00,
    0x00, 0x00, 0x00, 0x00, 0x00, 0x00, 0x00, 0x00, 0x00, 0x00, 0x00, 0x00,
    0xb2, 0x9c, 0xff, 0xff, 0xff, 0xff, 0xff, 0xff, 0xff, 0xff, 0xff, 0xff,
    0xff, 0xff, 0xff, 0xff, 0xff, 0xff, 0xff, 0xff, 0xff, 0xff, 0xff, 0xff,
    0xdc, 0xff, 0x2f, 0xf6, 0x92, 0xf6, 0x71, 0xf6, 0x71, 0xf6, 0x71, 0xf6,
    0x71, 0xf6, 0x71, 0xf6, 0x71, 0xf6, 0x71, 0xf6, 0x71, 0xf6, 0x71, 0xf6,
    0x71, 0xf6, 0x71, 0xf6, 0x71, 0xf6, 0x71, 0xf6, 0x71, 0xf6, 0x71, 0xf6,
    0x71, 0xf6, 0x71, 0xf6, 0x71, 0xf6, 0x71, 0xf6, 0x71, 0xf6, 0xb2, 0xfe,
    0xf0, 0xdd, 0x67, 0x19, 0x25, 0x00, 0x45, 0x00, 0x45, 0x00, 0x45, 0x00,
    0x45, 0x00, 0x45, 0x00, 0x45, 0x00, 0x45, 0x00, 0x45, 0x00, 0x45, 0x00,
    0x45, 0x00, 0x45, 0x00, 0x45, 0x00, 0x45, 0x00, 0x45, 0x00, 0x45, 0x00,
    0x45, 0x00, 0x45, 0x00, 0x45, 0x00, 0x45, 0x00, 0x45, 0x00, 0x45, 0x00,
    0x45, 0x00, 0x45, 0x00, 0x45, 0x00, 0x45, 0x00, 0x45, 0x00, 0x45, 0x00,
    0x45, 0x00, 0x45, 0x00, 0x45, 0x00, 0x45, 0x00, 0x45, 0x00, 0x45, 0x00,
    0x45, 0x00, 0x65, 0x00, 0x04, 0x00, 0x10, 0xe6, 0xd2, 0xfe, 0x71, 0xf6,
    0x71, 0xf6, 0x71, 0xf6, 0x71, 0xf6, 0x71, 0xf6, 0x71, 0xf6, 0x71, 0xf6,
    0x71, 0xf6, 0x71, 0xf6, 0x71, 0xf6, 0x71, 0xf6, 0x71, 0xf6, 0x71, 0xf6,
    0x71, 0xf6, 0x71, 0xf6, 0x71, 0xf6, 0x71, 0xf6, 0x71, 0xf6, 0x71, 0xf6,
    0x71, 0xf6, 0x91, 0xf6, 0x71, 0xf6, 0x36, 0xff, 0xff, 0xff, 0xff, 0xff,
    0xff, 0xff, 0xff, 0xff, 0xff, 0xff, 0xff, 0xff, 0xff, 0xff, 0xff, 0xff,
    0xff, 0xff, 0xff, 0xff, 0xff, 0xff, 0xfb, 0xde, 0x00, 0x00, 0x00, 0x00,
    0x00, 0x00, 0x00, 0x00, 0x00, 0x00, 0x00, 0x00, 0x00, 0x00, 0x00, 0x00,
    0x00, 0x00, 0x00, 0x00, 0x00, 0x00, 0x00, 0x00, 0x00, 0x00, 0x00, 0x00,
    0x00, 0x00, 0x00, 0x00, 0x00, 0x00, 0x00, 0x00, 0x00, 0x00, 0x00, 0x00,
    0x00, 0x00, 0x00, 0x00, 0x34, 0xad, 0xff, 0xff, 0xff, 0xff, 0xff, 0xff,
    0xff, 0xff, 0xff, 0xff, 0xff, 0xff, 0xff, 0xff, 0xff, 0xff, 0xff, 0xff,
    0xff, 0xff, 0xff, 0xff, 0x79, 0xff, 0x71, 0xf6, 0x91, 0xf6, 0x71, 0xf6,
    0x71, 0xf6, 0x71, 0xf6, 0x71, 0xf6, 0x71, 0xf6, 0x71, 0xf6, 0x71, 0xf6,
    0x71, 0xf6, 0x71, 0xf6, 0x71, 0xf6, 0x71, 0xf6, 0x71, 0xf6, 0x71, 0xf6,
    0x71, 0xf6, 0x71, 0xf6, 0x71, 0xf6, 0x71, 0xf6, 0xbb, 0xff, 0xff, 0xff,
    0xff, 0xff, 0xff, 0xff, 0xff, 0xff, 0xff, 0xff, 0xff, 0xff, 0xff, 0xff,
    0xff, 0xff, 0xff, 0xff, 0xff, 0xff, 0xff, 0xff, 0x6d, 0x73, 0x00, 0x00,
    0x00, 0x00, 0x00, 0x00, 0x00, 0x00, 0x00, 0x00, 0x00, 0x00, 0x00, 0x00,
    0x00, 0x00, 0x00, 0x00, 0x00, 0x00, 0x00, 0x00, 0x00, 0x00, 0x00, 0x00,
    0x00, 0x00, 0x00, 0x00, 0x00, 0x00, 0x00, 0x00, 0x00, 0x00, 0x00, 0x00,
    0x00, 0x00, 0x00, 0x00, 0x00, 0x00, 0xff, 0xff, 0xff, 0xff, 0xff, 0xff,
    0xff, 0xff, 0xff, 0xff, 0xff, 0xff, 0xff, 0xff, 0xff, 0xff, 0xff, 0xff,
    0xff, 0xff, 0xff, 0xff, 0xff, 0xff, 0xf5, 0xfe, 0x71, 0xf6, 0x91, 0xf6,
    0x71, 0xf6, 0x71, 0xf6, 0x71, 0xf6, 0x71, 0xf6, 0x71, 0xf6, 0x71, 0xf6,
    0x71, 0xf6, 0x71, 0xf6, 0x71, 0xf6, 0x71, 0xf6, 0x71, 0xf6, 0x71, 0xf6,
    0x71, 0xf6, 0x71, 0xf6, 0x71, 0xf6, 0x71, 0xf6, 0x71, 0xf6, 0x71, 0xf6,
    0x71, 0xf6, 0x71, 0xf6, 0x13, 0xff, 0xee, 0xb4, 0x04, 0x00, 0x65, 0x00,
    0x45, 0x00, 0x45, 0x00, 0x45, 0x00, 0x45, 0x00, 0x45, 0x00, 0x45, 0x00,
    0x45, 0x00, 0x45, 0x00, 0x45, 0x00, 0x45, 0x00, 0x45, 0x00, 0x45, 0x00,
    0x45, 0x00, 0x45, 0x00, 0x45, 0x00, 0x45, 0x00, 0x45, 0x00, 0x45, 0x00,
    0x45, 0x00, 0x45, 0x00, 0x45, 0x00, 0x45, 0x00, 0x45, 0x00, 0x45, 0x00,
    0x45, 0x00, 0x45, 0x00, 0x45, 0x00, 0x45, 0x00, 0x45, 0x00, 0x45, 0x00,
    0x45, 0x00, 0x45, 0x00, 0x45, 0x00, 0x65, 0x00, 0x04, 0x00, 0x6f, 0xc5,
    0xb2, 0xfe, 0x71, 0xf6, 0x71, 0xf6, 0x71, 0xf6, 0x71, 0xf6, 0x71, 0xf6,
    0x71, 0xf6, 0x71, 0xf6, 0x71, 0xf6, 0x71, 0xf6, 0x71, 0xf6, 0x71, 0xf6,
    0x71, 0xf6, 0x71, 0xf6, 0x71, 0xf6, 0x71, 0xf6, 0x71, 0xf6, 0x71, 0xf6,
    0x71, 0xf6, 0x71, 0xf6, 0x71, 0xf6, 0x92, 0xf6, 0x30, 0xf6, 0xfe, 0xff,
    0xff, 0xff, 0xff, 0xff, 0xff, 0xff, 0xff, 0xff, 0xff, 0xff, 0xff, 0xff,
    0xff, 0xff, 0xff, 0xff, 0xff, 0xff, 0xff, 0xff, 0xff, 0xff, 0xbe, 0xf7,
    0x00, 0x00, 0x00, 0x00, 0x00, 0x00, 0x00, 0x00, 0x00, 0x00, 0x00, 0x00,
    0x00, 0x00, 0x00, 0x00, 0x00, 0x00, 0x00, 0x00, 0x00, 0x00, 0x00, 0x00,
    0x00, 0x00, 0x00, 0x00, 0x00, 0x00, 0x00, 0x00, 0x00, 0x00, 0x00, 0x00,
    0x00, 0x00, 0x00, 0x00, 0x00, 0x00, 0x00, 0x00, 0x39, 0xc6, 0xff, 0xff,
    0xff, 0xff, 0xff, 0xff, 0xff, 0xff, 0xff, 0xff, 0xff, 0xff, 0xff, 0xff,
    0xff, 0xff, 0xff, 0xff, 0xff, 0xff, 0xff, 0xff, 0xff, 0xff, 0x70, 0xf6,
    0x91, 0xf6, 0x71, 0xf6, 0x71, 0xf6, 0x71, 0xf6, 0x71, 0xf6, 0x71, 0xf6,
    0x71, 0xf6, 0x71, 0xf6, 0x71, 0xf6, 0x71, 0xf6, 0x71, 0xf6, 0x71, 0xf6,
    0x71, 0xf6, 0x71, 0xf6, 0x71, 0xf6, 0x71, 0xf6, 0x71, 0xf6, 0x92, 0xf6,
    0xff, 0xff, 0xff, 0xff, 0xff, 0xff, 0xff, 0xff, 0xff, 0xff, 0xff, 0xff,
    0xff, 0xff, 0xff, 0xff, 0xff, 0xff, 0xff, 0xff, 0xff, 0xff, 0xff, 0xff,
    0x72, 0x94, 0x00, 0x00, 0x00, 0x00, 0x00, 0x00, 0x00, 0x00, 0x00, 0x00,
    0x00, 0x00, 0x00, 0x00, 0x00, 0x00, 0x00, 0x00, 0x00, 0x00, 0x00, 0x00,
    0x00, 0x00, 0x00, 0x00, 0x00, 0x00, 0x00, 0x00, 0x00, 0x00, 0x00, 0x00,
    0x00, 0x00, 0x00, 0x00, 0x00, 0x00, 0x00, 0x00, 0x00, 0x00, 0xff, 0xff,
    0xff, 0xff, 0xff, 0xff, 0xff, 0xff, 0xff, 0xff, 0xff, 0xff, 0xff, 0xff,
    0xff, 0xff, 0xff, 0xff, 0xff, 0xff, 0xff, 0xff, 0xff, 0xff, 0xba, 0xff,
    0x30, 0xf6, 0x92, 0xf6, 0x71, 0xf6, 0x71, 0xf6, 0x71, 0xf6, 0x71, 0xf6,
    0x71, 0xf6, 0x71, 0xf6, 0x71, 0xf6, 0x71, 0xf6, 0x71, 0xf6, 0x71, 0xf6,
    0x71, 0xf6, 0x71, 0xf6, 0x71, 0xf6, 0x71, 0xf6, 0x71, 0xf6, 0x71, 0xf6,
    0x71, 0xf6, 0x71, 0xf6, 0x71, 0xf6, 0x71, 0xf6, 0xf2, 0xfe, 0x6d, 0x9c,
    0x04, 0x00, 0x65, 0x00, 0x45, 0x00, 0x45, 0x00, 0x45, 0x00, 0x45, 0x00,
    0x45, 0x00, 0x45, 0x00, 0x45, 0x00, 0x45, 0x00, 0x45, 0x00, 0x45, 0x00,
    0x45, 0x00, 0x45, 0x00, 0x45, 0x00, 0x45, 0x00, 0x45, 0x00, 0x45, 0x00,
    0x45, 0x00, 0x45, 0x00, 0x45, 0x00, 0x45, 0x00, 0x45, 0x00, 0x45, 0x00,
    0x45, 0x00, 0x45, 0x00, 0x45, 0x00, 0x45, 0x00, 0x45, 0x00, 0x45, 0x00,
    0x45, 0x00, 0x45, 0x00, 0x45, 0x00, 0x45, 0x00, 0x45, 0x00, 0x65, 0x00,
    0x04, 0x00, 0x8f, 0xcd, 0xb2, 0xfe, 0x71, 0xf6, 0x71, 0xf6, 0x71, 0xf6,
    0x71, 0xf6, 0x71, 0xf6, 0x71, 0xf6, 0x71, 0xf6, 0x71, 0xf6, 0x71, 0xf6,
    0x71, 0xf6, 0x71, 0xf6, 0x71, 0xf6, 0x71, 0xf6, 0x71, 0xf6, 0x71, 0xf6,
    0x71, 0xf6, 0x71, 0xf6, 0x71, 0xf6, 0x71, 0xf6, 0x71, 0xf6, 0x92, 0xf6,
    0x50, 0xf6, 0xfc, 0xff, 0xff, 0xff, 0xff, 0xff, 0xff, 0xff, 0xff, 0xff,
    0xff, 0xff, 0xff, 0xff, 0xff, 0xff, 0xff, 0xff, 0xff, 0xff, 0xff, 0xff,
    0xff, 0xff, 0xc3, 0x18, 0x00, 0x00, 0x00, 0x00, 0x00, 0x00, 0x00, 0x00,
    0x00, 0x00, 0x00, 0x00, 0x00, 0x00, 0x00, 0x00, 0x00, 0x00, 0x00, 0x00,
    0x00, 0x00, 0x00, 0x00, 0x00, 0x00, 0x00, 0x00, 0x00, 0x00, 0x00, 0x00,
    0x00, 0x00, 0x00, 0x00, 0x00, 0x00, 0x00, 0x00, 0x00, 0x00, 0x00, 0x00,
    0x00, 0x00, 0x7e, 0xef, 0xff, 0xff, 0xff, 0xff, 0xff, 0xff, 0xff, 0xff,
    0xff, 0xff, 0xff, 0xff, 0xff, 0xff, 0xff, 0xff, 0xff, 0xff, 0xff, 0xff,
    0xff, 0xff, 0x70, 0xf6, 0x91, 0xf6, 0x71, 0xf6, 0x71, 0xf6, 0x71, 0xf6,
    0x71, 0xf6, 0x71, 0xf6, 0x71, 0xf6, 0x71, 0xf6, 0x71, 0xf6, 0x71, 0xf6,
    0x71, 0xf6, 0x71, 0xf6, 0x71, 0xf6, 0x71, 0xf6, 0x71, 0xf6, 0x71, 0xf6,
    0x71, 0xf6, 0x92, 0xf6, 0xff, 0xff, 0xff, 0xff, 0xff, 0xff, 0xff, 0xff,
    0xff, 0xff, 0xff, 0xff, 0xff, 0xff, 0xff, 0xff, 0xff, 0xff, 0xff, 0xff,
    0xff, 0xff, 0x39, 0xc6, 0x00, 0x00, 0x00, 0x00, 0x00, 0x00, 0x00, 0x00,
    0x00, 0x00, 0x00, 0x00, 0x00, 0x00, 0x00, 0x00, 0x00, 0x00, 0x00, 0x00,
    0x00, 0x00, 0x00, 0x00, 0x00, 0x00, 0x00, 0x00, 0x00, 0x00, 0x00, 0x00,
    0x00, 0x00, 0x00, 0x00, 0x00, 0x00, 0x00, 0x00, 0x00, 0x00, 0x00, 0x00,
    0x00, 0x00, 0xe8, 0x41, 0xff, 0xff, 0xff, 0xff, 0xff, 0xff, 0xff, 0xff,
    0xff, 0xff, 0xff, 0xff, 0xff, 0xff, 0xff, 0xff, 0xff, 0xff, 0xff, 0xff,
    0xff, 0xff, 0x79, 0xff, 0x50, 0xf6, 0x92, 0xf6, 0x71, 0xf6, 0x71, 0xf6,
    0x71, 0xf6, 0x71, 0xf6, 0x71, 0xf6, 0x71, 0xf6, 0x71, 0xf6, 0x71, 0xf6,
    0x71, 0xf6, 0x71, 0xf6, 0x71, 0xf6, 0x71, 0xf6, 0x71, 0xf6, 0x71, 0xf6,
    0x71, 0xf6, 0x71, 0xf6, 0x71, 0xf6, 0x71, 0xf6, 0x71, 0xf6, 0x71, 0xf6,
    0xf2, 0xfe, 0x8e, 0xa4, 0x04, 0x00, 0x65, 0x00, 0x45, 0x00, 0x45, 0x00,
    0x45, 0x00, 0x45, 0x00, 0x45, 0x00, 0x45, 0x00, 0x45, 0x00, 0x45, 0x00,
    0x45, 0x00, 0x45, 0x00, 0x45, 0x00, 0x45, 0x00, 0x45, 0x00, 0x45, 0x00,
    0x45, 0x00, 0x45, 0x00, 0x45, 0x00, 0x45, 0x00, 0x45, 0x00, 0x45, 0x00,
    0x45, 0x00, 0x45, 0x00, 0x45, 0x00, 0x45, 0x00, 0x45, 0x00, 0x45, 0x00,
    0x45, 0x00, 0x45, 0x00, 0x45, 0x00, 0x45, 0x00, 0x45, 0x00, 0x45, 0x00,
    0x65, 0x00, 0x04, 0x00, 0x6d, 0x9c, 0xf2, 0xfe, 0x71, 0xf6, 0x71, 0xf6,
    0x71, 0xf6, 0x71, 0xf6, 0x71, 0xf6, 0x71, 0xf6, 0x71, 0xf6, 0x71, 0xf6,
    0x71, 0xf6, 0x71, 0xf6, 0x71, 0xf6, 0x71, 0xf6, 0x71, 0xf6, 0x71, 0xf6,
    0x71, 0xf6, 0x71, 0xf6, 0x71, 0xf6, 0x71, 0xf6, 0x71, 0xf6, 0x71, 0xf6,
    0x71, 0xf6, 0x92, 0xf6, 0x50, 0xf6, 0xfd, 0xff, 0xff, 0xff, 0xff, 0xff,
    0xff, 0xff, 0xff, 0xff, 0xff, 0xff, 0xff, 0xff, 0xff, 0xff, 0xff, 0xff,
    0xff, 0xff, 0xff, 0xff, 0xff, 0xff, 0x00, 0x00, 0x00, 0x00, 0x00, 0x00,
    0x00, 0x00, 0x00, 0x00, 0x00, 0x00, 0x00, 0x00, 0x00, 0x00, 0x00, 0x00,
    0x00, 0x00, 0x00, 0x00, 0x00, 0x00, 0x00, 0x00, 0x00, 0x00, 0x00, 0x00,
    0x00, 0x00, 0x00, 0x00, 0x00, 0x00, 0x00, 0x00, 0x00, 0x00, 0x00, 0x00,
    0x00, 0x00, 0x00, 0x00, 0x00, 0x00, 0x1c, 0xe7, 0xff, 0xff, 0xff, 0xff,
    0xff, 0xff, 0xff, 0xff, 0xff, 0xff, 0xff, 0xff, 0xff, 0xff, 0xff, 0xff,
    0xff, 0xff, 0xff, 0xff, 0xff, 0xff, 0x70, 0xf6, 0x91, 0xf6, 0x71, 0xf6,
    0x71, 0xf6, 0x71, 0xf6, 0x71, 0xf6, 0x71, 0xf6, 0x71, 0xf6, 0x71, 0xf6,
    0x71, 0xf6, 0x71, 0xf6, 0x71, 0xf6, 0x71, 0xf6, 0x71, 0xf6, 0x71, 0xf6,
    0x71, 0xf6, 0x71, 0xf6, 0x71, 0xf6, 0x92, 0xf6, 0xff, 0xff, 0xff, 0xff,
    0xff, 0xff, 0xff, 0xff, 0xff, 0xff, 0xff, 0xff, 0xff, 0xff, 0xff, 0xff,
    0xff, 0xff, 0xff, 0xff, 0xff, 0xff, 0x96, 0xb5, 0x00, 0x00, 0x00, 0x00,
    0x00, 0x00, 0x00, 0x00, 0x00, 0x00, 0x00, 0x00, 0x00, 0x00, 0x00, 0x00,
    0x00, 0x00, 0x00, 0x00, 0x00, 0x00, 0x00, 0x00, 0x00, 0x00, 0x00, 0x00,
    0x00, 0x00, 0x00, 0x00, 0x00, 0x00, 0x00, 0x00, 0x00, 0x00, 0x00, 0x00,
    0x00, 0x00, 0x00, 0x00, 0x00, 0x00, 0x82, 0x10, 0xff, 0xff, 0xff, 0xff,
    0xff, 0xff, 0xff, 0xff, 0xff, 0xff, 0xff, 0xff, 0xff, 0xff, 0xff, 0xff,
    0xff, 0xff, 0xff, 0xff, 0xff, 0xff, 0x9a, 0xff, 0x50, 0xf6, 0x92, 0xf6,
    0x71, 0xf6, 0x71, 0xf6, 0x71, 0xf6, 0x71, 0xf6, 0x71, 0xf6, 0x71, 0xf6,
    0x71, 0xf6, 0x71, 0xf6, 0x71, 0xf6, 0x71, 0xf6, 0x71, 0xf6, 0x71, 0xf6,
    0x71, 0xf6, 0x71, 0xf6, 0x71, 0xf6, 0x71, 0xf6, 0x71, 0xf6, 0x71, 0xf6,
    0x71, 0xf6, 0x71, 0xf6, 0x51, 0xee, 0x12, 0xff, 0x4b, 0x6b, 0x04, 0x00,
    0x65, 0x00, 0x45, 0x00, 0x45, 0x00, 0x45, 0x00, 0x45, 0x00, 0x45, 0x00,
    0x45, 0x00, 0x45, 0x00, 0x45, 0x00, 0x45, 0x00, 0x45, 0x00, 0x45, 0x00,
    0x45, 0x00, 0x45, 0x00, 0x45, 0x00, 0x45, 0x00, 0x45, 0x00, 0x45, 0x00,
    0x45, 0x00, 0x45, 0x00, 0x45, 0x00, 0x45, 0x00, 0x45, 0x00, 0x45, 0x00,
    0x45, 0x00, 0x45, 0x00, 0x45, 0x00, 0x45, 0x00, 0x45, 0x00, 0x45, 0x00,
    0x45, 0x00, 0x45, 0x00, 0x65, 0x00, 0x04, 0x00, 0x8e, 0xa4, 0xf2, 0xfe,
    0x71, 0xf6, 0x71, 0xf6, 0x71, 0xf6, 0x71, 0xf6, 0x71, 0xf6, 0x71, 0xf6,
    0x71, 0xf6, 0x71, 0xf6, 0x71, 0xf6, 0x71, 0xf6, 0x71, 0xf6, 0x71, 0xf6,
    0x71, 0xf6, 0x71, 0xf6, 0x71, 0xf6, 0x71, 0xf6, 0x71, 0xf6, 0x71, 0xf6,
    0x71, 0xf6, 0x71, 0xf6, 0x71, 0xf6, 0x92, 0xf6, 0x50, 0xf6, 0xfd, 0xff,
    0xff, 0xff, 0xff, 0xff, 0xff, 0xff, 0xff, 0xff, 0xff, 0xff, 0xff, 0xff,
    0xff, 0xff, 0xff, 0xff, 0xff, 0xff, 0xff, 0xff, 0xff, 0xff, 0x00, 0x00,
    0x00, 0x00, 0x00, 0x00, 0x00, 0x00, 0x00, 0x00, 0x00, 0x00, 0x00, 0x00,
    0x00, 0x00, 0x00, 0x00, 0x00, 0x00, 0x00, 0x00, 0x00, 0x00, 0x00, 0x00,
    0x00, 0x00, 0x00, 0x00, 0x00, 0x00, 0x00, 0x00, 0x00, 0x00, 0x00, 0x00,
    0x00, 0x00, 0x00, 0x00, 0x00, 0x00, 0x00, 0x00, 0x00, 0x00, 0x3c, 0xe7,
    0xff, 0xff, 0xff, 0xff, 0xff, 0xff, 0xff, 0xff, 0xff, 0xff, 0xff, 0xff,
    0xff, 0xff, 0xff, 0xff, 0xff, 0xff, 0xff, 0xff, 0xff, 0xff, 0x70, 0xf6,
    0x91, 0xf6, 0x71, 0xf6, 0x71, 0xf6, 0x71, 0xf6, 0x71, 0xf6, 0x71, 0xf6,
    0x71, 0xf6, 0x71, 0xf6, 0x71, 0xf6, 0x71, 0xf6, 0x71, 0xf6, 0x71, 0xf6,
    0x71, 0xf6, 0x71, 0xf6, 0x71, 0xf6, 0x71, 0xf6, 0x71, 0xf6, 0x92, 0xf6,
    0xff, 0xff, 0xff, 0xff, 0xff, 0xff, 0xff, 0xff, 0xff, 0xff, 0xff, 0xff,
    0xff, 0xff, 0xff, 0xff, 0xff, 0xff, 0xff, 0xff, 0xff, 0xff, 0xb7, 0xb5,
    0x00, 0x00, 0x00, 0x00, 0x00, 0x00, 0x00, 0x00, 0x00, 0x00, 0x00, 0x00,
    0x00, 0x00, 0x00, 0x00, 0x00, 0x00, 0x00, 0x00, 0x00, 0x00, 0x00, 0x00,
    0x00, 0x00, 0x00, 0x00, 0x00, 0x00, 0x00, 0x00, 0x00, 0x00, 0x00, 0x00,
    0x00, 0x00, 0x00, 0x00, 0x00, 0x00, 0x00, 0x00, 0x00, 0x00, 0xc3, 0x20,
    0xff, 0xff, 0xff, 0xff, 0xff, 0xff, 0xff, 0xff, 0xff, 0xff, 0xff, 0xff,
    0xff, 0xff, 0xff, 0xff, 0xff, 0xff, 0xff, 0xff, 0xff, 0xff, 0x9a, 0xff,
    0x50, 0xf6, 0x92, 0xf6, 0x71, 0xf6, 0x71, 0xf6, 0x71, 0xf6, 0x71, 0xf6,
    0x71, 0xf6, 0x71, 0xf6, 0x71, 0xf6, 0x71, 0xf6, 0x71, 0xf6, 0x71, 0xf6,
    0x71, 0xf6, 0x71, 0xf6, 0x71, 0xf6, 0x71, 0xf6, 0x71, 0xf6, 0x71, 0xf6,
    0x71, 0xf6, 0x71, 0xf6, 0x71, 0xf6, 0x71, 0xf6, 0x51, 0xee, 0x33, 0xff,
    0x6b, 0x73, 0x04, 0x00, 0x65, 0x00, 0x45, 0x00, 0x45, 0x00, 0x45, 0x00,
    0x45, 0x00, 0x45, 0x00, 0x45, 0x00, 0x45, 0x00, 0x45, 0x00, 0x45, 0x00,
    0x45, 0x00, 0x45, 0x00, 0x45, 0x00, 0x45, 0x00, 0x45, 0x00, 0x45, 0x00,
    0x45, 0x00, 0x45, 0x00, 0x45, 0x00, 0x45, 0x00, 0x45, 0x00, 0x45, 0x00,
    0x45, 0x00, 0x45, 0x00, 0x45, 0x00, 0x45, 0x00, 0x45, 0x00, 0x45, 0x00,
    0x45, 0x00, 0x45, 0x00, 0x45, 0x00, 0x45, 0x00, 0x65, 0x00, 0x04, 0x00,
    0x8d, 0xa4, 0xf2, 0xfe, 0x71, 0xf6, 0x71, 0xf6, 0x71, 0xf6, 0x71, 0xf6,
    0x71, 0xf6, 0x71, 0xf6, 0x71, 0xf6, 0x71, 0xf6, 0x71, 0xf6, 0x71, 0xf6,
    0x71, 0xf6, 0x71, 0xf6, 0x71, 0xf6, 0x71, 0xf6, 0x71, 0xf6, 0x71, 0xf6,
    0x71, 0xf6, 0x71, 0xf6, 0x71, 0xf6, 0x71, 0xf6, 0x71, 0xf6, 0x92, 0xf6,
    0x50, 0xf6, 0xfd, 0xff, 0xff, 0xff, 0xff, 0xff, 0xff, 0xff, 0xff, 0xff,
    0xff, 0xff, 0xff, 0xff, 0xff, 0xff, 0xff, 0xff, 0xff, 0xff, 0xff, 0xff,
    0xff, 0xff, 0x00, 0x00, 0x00, 0x00, 0x00, 0x00, 0x00, 0x00, 0x00, 0x00,
    0x00, 0x00, 0x00, 0x00, 0x00, 0x00, 0x00, 0x00, 0x00, 0x00, 0x00, 0x00,
    0x00, 0x00, 0x00, 0x00, 0x00, 0x00, 0x00, 0x00, 0x00, 0x00, 0x00, 0x00,
    0x00, 0x00, 0x00, 0x00, 0x00, 0x00, 0x00, 0x00, 0x00, 0x00, 0x00, 0x00,
    0x00, 0x00, 0x3c, 0xe7, 0xff, 0xff, 0xff, 0xff, 0xff, 0xff, 0xff, 0xff,
    0xff, 0xff, 0xff, 0xff, 0xff, 0xff, 0xff, 0xff, 0xff, 0xff, 0xff, 0xff,
    0xff, 0xff, 0x70, 0xf6, 0x91, 0xf6, 0x71, 0xf6, 0x71, 0xf6, 0x71, 0xf6,
    0x71, 0xf6, 0x71, 0xf6, 0x71, 0xf6, 0x71, 0xf6, 0x71, 0xf6, 0x71, 0xf6,
    0x71, 0xf6, 0x71, 0xf6, 0x71, 0xf6, 0x71, 0xf6, 0x71, 0xf6, 0x71, 0xf6,
    0x71, 0xf6, 0x92, 0xf6, 0xff, 0xff, 0xff, 0xff, 0xff, 0xff, 0xff, 0xff,
    0xff, 0xff, 0xff, 0xff, 0xff, 0xff, 0xff, 0xff, 0xff, 0xff, 0xff, 0xff,
    0xff, 0xff, 0xb6, 0xb5, 0x00, 0x00, 0x00, 0x00, 0x00, 0x00, 0x00, 0x00,
    0x00, 0x00, 0x00, 0x00, 0x00, 0x00, 0x00, 0x00, 0x00, 0x00, 0x00, 0x00,
    0x00, 0x00, 0x00, 0x00, 0x00, 0x00, 0x00, 0x00, 0x00, 0x00, 0x00, 0x00,
    0x00, 0x00, 0x00, 0x00, 0x00, 0x00, 0x00, 0x00, 0x00, 0x00, 0x00, 0x00,
    0x00, 0x00, 0xc3, 0x20, 0xff, 0xff, 0xff, 0xff, 0xff, 0xff, 0xff, 0xff,
    0xff, 0xff, 0xff, 0xff, 0xff, 0xff, 0xff, 0xff, 0xff, 0xff, 0xff, 0xff,
    0xff, 0xff, 0x9a, 0xff, 0x50, 0xf6, 0x92, 0xf6, 0x71, 0xf6, 0x71, 0xf6,
    0x71, 0xf6, 0x71, 0xf6, 0x71, 0xf6, 0x71, 0xf6, 0x71, 0xf6, 0x71, 0xf6,
    0x71, 0xf6, 0x71, 0xf6, 0x71, 0xf6, 0x71, 0xf6, 0x71, 0xf6, 0x71, 0xf6,
    0x71, 0xf6, 0x71, 0xf6, 0x71, 0xf6, 0x71, 0xf6, 0x71, 0xf6, 0x71, 0xf6,
    0x51, 0xee, 0x13, 0xff, 0x6b, 0x73, 0x04, 0x00, 0x65, 0x00, 0x45, 0x00,
    0x45, 0x00, 0x45, 0x00, 0x45, 0x00, 0x45, 0x00, 0x45, 0x00, 0x45, 0x00,
    0x45, 0x00, 0x45, 0x00, 0x45, 0x00, 0x45, 0x00, 0x45, 0x00, 0x45, 0x00,
    0x45, 0x00, 0x45, 0x00, 0x45, 0x00, 0x45, 0x00, 0x45, 0x00, 0x45, 0x00,
    0x45, 0x00, 0x45, 0x00, 0x45, 0x00, 0x45, 0x00, 0x45, 0x00, 0x45, 0x00,
    0x45, 0x00, 0x45, 0x00, 0x45, 0x00, 0x45, 0x00, 0x45, 0x00, 0x45, 0x00,
    0x85, 0x00, 0x03, 0x00, 0x4d, 0x9c, 0xf2, 0xfe, 0x71, 0xf6, 0x71, 0xf6,
    0x71, 0xf6, 0x71, 0xf6, 0x71, 0xf6, 0x71, 0xf6, 0x71, 0xf6, 0x71, 0xf6,
    0x71, 0xf6, 0x71, 0xf6, 0x71, 0xf6, 0x71, 0xf6, 0x71, 0xf6, 0x71, 0xf6,
    0x71, 0xf6, 0x71, 0xf6, 0x71, 0xf6, 0x71, 0xf6, 0x71, 0xf6, 0x71, 0xf6,
    0x71, 0xf6, 0x92, 0xf6, 0x50, 0xf6, 0xfd, 0xff, 0xff, 0xff, 0xff, 0xff,
    0xff, 0xff, 0xff, 0xff, 0xff, 0xff, 0xff, 0xff, 0xff, 0xff, 0xff, 0xff,
    0xff, 0xff, 0xff, 0xff, 0xff, 0xff, 0x00, 0x00, 0x00, 0x00, 0x00, 0x00,
    0x00, 0x00, 0x00, 0x00, 0x00, 0x00, 0x00, 0x00, 0x00, 0x00, 0x00, 0x00,
    0x00, 0x00, 0x00, 0x00, 0x00, 0x00, 0x00, 0x00, 0x00, 0x00, 0x00, 0x00,
    0x00, 0x00, 0x00, 0x00, 0x00, 0x00, 0x00, 0x00, 0x00, 0x00, 0x00, 0x00,
    0x00, 0x00, 0x00, 0x00, 0x00, 0x00, 0x3c, 0xe7, 0xff, 0xff, 0xff, 0xff,
    0xff, 0xff, 0xff, 0xff, 0xff, 0xff, 0xff, 0xff, 0xff, 0xff, 0xff, 0xff,
    0xff, 0xff, 0xff, 0xff, 0xff, 0xff, 0x70, 0xf6, 0x91, 0xf6, 0x71, 0xf6,
    0x71, 0xf6, 0x71, 0xf6, 0x71, 0xf6, 0x71, 0xf6, 0x71, 0xf6, 0x71, 0xf6,
    0x71, 0xf6, 0x71, 0xf6, 0x71, 0xf6, 0x71, 0xf6, 0x71, 0xf6, 0x71, 0xf6,
    0x71, 0xf6, 0x71, 0xf6, 0x71, 0xf6, 0x92, 0xf6, 0xff, 0xff, 0xff, 0xff,
    0xff, 0xff, 0xff, 0xff, 0xff, 0xff, 0xff, 0xff, 0xff, 0xff, 0xff, 0xff,
    0xff, 0xff, 0xff, 0xff, 0xff, 0xff, 0xb6, 0xb5, 0x00, 0x00, 0x00, 0x00,
    0x00, 0x00, 0x00, 0x00, 0x00, 0x00, 0x00, 0x00, 0x00, 0x00, 0x00, 0x00,
    0x00, 0x00, 0x00, 0x00, 0x00, 0x00, 0x00, 0x00, 0x00, 0x00, 0x00, 0x00,
    0x00, 0x00, 0x00, 0x00, 0x00, 0x00, 0x00, 0x00, 0x00, 0x00, 0x00, 0x00,
    0x00, 0x00, 0x00, 0x00, 0x00, 0x00, 0xa3, 0x18, 0xff, 0xff, 0xff, 0xff,
    0xff, 0xff, 0xff, 0xff, 0xff, 0xff, 0xff, 0xff, 0xff, 0xff, 0xff, 0xff,
    0xff, 0xff, 0xff, 0xff, 0xff, 0xff, 0x9a, 0xff, 0x50, 0xf6, 0x92, 0xf6,
    0x71, 0xf6, 0x71, 0xf6, 0x71, 0xf6, 0x71, 0xf6, 0x71, 0xf6, 0x71, 0xf6,
    0x71, 0xf6, 0x71, 0xf6, 0x71, 0xf6, 0x71, 0xf6, 0x71, 0xf6, 0x71, 0xf6,
    0x71, 0xf6, 0x71, 0xf6, 0x71, 0xf6, 0x71, 0xf6, 0x71, 0xf6, 0x71, 0xf6,
    0x71, 0xf6, 0x71, 0xf6, 0x51, 0xee, 0x33, 0xff, 0x2b, 0x6b, 0x03, 0x00,
    0x85, 0x00, 0x45, 0x00, 0x45, 0x00, 0x45, 0x00, 0x45, 0x00, 0x45, 0x00,
    0x45, 0x00, 0x45, 0x00, 0x45, 0x00, 0x45, 0x00, 0x45, 0x00, 0x45, 0x00,
    0x45, 0x00, 0x45, 0x00, 0x45, 0x00, 0x45, 0x00, 0x45, 0x00, 0x45, 0x00,
    0x45, 0x00, 0x45, 0x00, 0x45, 0x00, 0x45, 0x00, 0x45, 0x00, 0x45, 0x00,
    0x45, 0x00, 0x45, 0x00, 0x45, 0x00, 0x45, 0x00, 0x45, 0x00, 0x45, 0x00,
    0x45, 0x00, 0x65, 0x00, 0x04, 0x00, 0xca, 0x5a, 0xb2, 0xfe, 0x71, 0xf6,
    0x71, 0xf6, 0x71, 0xf6, 0x71, 0xf6, 0x71, 0xf6, 0x71, 0xf6, 0x71, 0xf6,
    0x71, 0xf6, 0x71, 0xf6, 0x71, 0xf6, 0x71, 0xf6, 0x71, 0xf6, 0x71, 0xf6,
    0x71, 0xf6, 0x71, 0xf6, 0x71, 0xf6, 0x71, 0xf6, 0x71, 0xf6, 0x71, 0xf6,
    0x71, 0xf6, 0x71, 0xf6, 0x71, 0xf6, 0x92, 0xf6, 0x50, 0xf6, 0xfc, 0xff,
    0xff, 0xff, 0xff, 0xff, 0xff, 0xff, 0xff, 0xff, 0xff, 0xff, 0xff, 0xff,
    0xff, 0xff, 0xff, 0xff, 0xff, 0xff, 0xff, 0xff, 0xff, 0xff, 0x00, 0x00,
    0x00, 0x00, 0x00, 0x00, 0x00, 0x00, 0x00, 0x00, 0x00, 0x00, 0x00, 0x00,
    0x00, 0x00, 0x00, 0x00, 0x00, 0x00, 0x00, 0x00, 0x00, 0x00, 0x00, 0x00,
    0x00, 0x00, 0x00, 0x00, 0x00, 0x00, 0x00, 0x00, 0x00, 0x00, 0x00, 0x00,
    0x00, 0x00, 0x00, 0x00, 0x00, 0x00, 0x00, 0x00, 0x00, 0x00, 0x3d, 0xef,
    0xff, 0xff, 0xff, 0xff, 0xff, 0xff, 0xff, 0xff, 0xff, 0xff, 0xff, 0xff,
    0xff, 0xff, 0xff, 0xff, 0xff, 0xff, 0xff, 0xff, 0xff, 0xff, 0x70, 0xf6,
    0x91, 0xf6, 0x71, 0xf6, 0x71, 0xf6, 0x71, 0xf6, 0x71, 0xf6, 0x71, 0xf6,
    0x71, 0xf6, 0x71, 0xf6, 0x71, 0xf6, 0x71, 0xf6, 0x71, 0xf6, 0x71, 0xf6,
    0x71, 0xf6, 0x71, 0xf6, 0x71, 0xf6, 0x71, 0xf6, 0x71, 0xf6, 0x92, 0xf6,
    0xff, 0xff, 0xff, 0xff, 0xff, 0xff, 0xff, 0xff, 0xff, 0xff, 0xff, 0xff,
    0xff, 0xff, 0xff, 0xff, 0xff, 0xff, 0xff, 0xff, 0xff, 0xff, 0xb7, 0xbd,
    0x00, 0x00, 0x00, 0x00, 0x00, 0x00, 0x00, 0x00, 0x00, 0x00, 0x00, 0x00,
    0x00, 0x00, 0x00, 0x00, 0x00, 0x00, 0x00, 0x00, 0x00, 0x00, 0x00, 0x00,
    0x00, 0x00, 0x00, 0x00, 0x00, 0x00, 0x00, 0x00, 0x00, 0x00, 0x00, 0x00,
    0x00, 0x00, 0x00, 0x00, 0x00, 0x00, 0x00, 0x00, 0x00, 0x00, 0xe4, 0x20,
    0xff, 0xff, 0xff, 0xff, 0xff, 0xff, 0xff, 0xff, 0xff, 0xff, 0xff, 0xff,
    0xff, 0xff, 0xff, 0xff, 0xff, 0xff, 0xff, 0xff, 0xff, 0xff, 0x99, 0xff,
    0x50, 0xf6, 0x92, 0xf6, 0x71, 0xf6, 0x71, 0xf6, 0x71, 0xf6, 0x71, 0xf6,
    0x71, 0xf6, 0x71, 0xf6, 0x71, 0xf6, 0x71, 0xf6, 0x71, 0xf6, 0x71, 0xf6,
    0x71, 0xf6, 0x71, 0xf6, 0x71, 0xf6, 0x71, 0xf6, 0x71, 0xf6, 0x71, 0xf6,
    0x71, 0xf6, 0x71, 0xf6, 0x71, 0xf6, 0x71, 0xf6, 0x71, 0xf6, 0x71, 0xf6,
    0x91, 0xfe, 0xe8, 0x31, 0x04, 0x00, 0x65, 0x00, 0x45, 0x00, 0x45, 0x00,
    0x45, 0x00, 0x45, 0x00, 0x45, 0x00, 0x45, 0x00, 0x45, 0x00, 0x45, 0x00,
    0x45, 0x00, 0x45, 0x00, 0x45, 0x00, 0x45, 0x00, 0x45, 0x00, 0x45, 0x00,
    0x45, 0x00, 0x45, 0x00, 0x45, 0x00, 0x45, 0x00, 0x45, 0x00, 0x45, 0x00,
    0x45, 0x00, 0x45, 0x00, 0x45, 0x00, 0x45, 0x00, 0x45, 0x00, 0x45, 0x00,
    0x45, 0x00, 0x45, 0x00, 0x45, 0x00, 0x65, 0x00, 0x04, 0x00, 0x8c, 0x7b,
    0x33, 0xff, 0x51, 0xee, 0x71, 0xf6, 0x71, 0xf6, 0x71, 0xf6, 0x71, 0xf6,
    0x71, 0xf6, 0x71, 0xf6, 0x71, 0xf6, 0x71, 0xf6, 0x71, 0xf6, 0x71, 0xf6,
    0x71, 0xf6, 0x71, 0xf6, 0x71, 0xf6, 0x71, 0xf6, 0x71, 0xf6, 0x71, 0xf6,
    0x71, 0xf6, 0x71, 0xf6, 0x71, 0xf6, 0x71, 0xf6, 0x71, 0xf6, 0x92, 0xf6,
    0x50, 0xf6, 0xfd, 0xff, 0xff, 0xff, 0xff, 0xff, 0xff, 0xff, 0xff, 0xff,
    0xff, 0xff, 0xff, 0xff, 0xff, 0xff, 0xff, 0xff, 0xff, 0xff, 0xff, 0xff,
    0xff, 0xff, 0x1c, 0xe7, 0x00, 0x00, 0x00, 0x00, 0x00, 0x00, 0x00, 0x00,
    0x00, 0x00, 0x00, 0x00, 0x00, 0x00, 0x00, 0x00, 0x00, 0x00, 0x00, 0x00,
    0x00, 0x00, 0x00, 0x00, 0x00, 0x00, 0x00, 0x00, 0x00, 0x00, 0x00, 0x00,
    0x00, 0x00, 0x00, 0x00, 0x00, 0x00, 0x00, 0x00, 0x00, 0x00, 0x00, 0x00,
    0x96, 0xb5, 0xff, 0xff, 0xff, 0xff, 0xff, 0xff, 0xff, 0xff, 0xff, 0xff,
    0xff, 0xff, 0xff, 0xff, 0xff, 0xff, 0xff, 0xff, 0xff, 0xff, 0xff, 0xff,
    0xff, 0xff, 0x70, 0xf6, 0x91, 0xf6, 0x71, 0xf6, 0x71, 0xf6, 0x71, 0xf6,
    0x71, 0xf6, 0x71, 0xf6, 0x71, 0xf6, 0x71, 0xf6, 0x71, 0xf6, 0x71, 0xf6,
    0x71, 0xf6, 0x71, 0xf6, 0x71, 0xf6, 0x71, 0xf6, 0x71, 0xf6, 0x71, 0xf6,
    0x71, 0xf6, 0x92, 0xf6, 0xff, 0xff, 0xff, 0xff, 0xff, 0xff, 0xff, 0xff,
    0xff, 0xff, 0xff, 0xff, 0xff, 0xff, 0xff, 0xff, 0xff, 0xff, 0xff, 0xff,
    0xff, 0xff, 0xff, 0xff, 0xf0, 0x83, 0x00, 0x00, 0x00, 0x00, 0x00, 0x00,
    0x00, 0x00, 0x00, 0x00, 0x00, 0x00, 0x00, 0x00, 0x00, 0x00, 0x00, 0x00,
    0x00, 0x00, 0x00, 0x00, 0x00, 0x00, 0x00, 0x00, 0x00, 0x00, 0x00, 0x00,
    0x00, 0x00, 0x00, 0x00, 0x00, 0x00, 0x00, 0x00, 0x00, 0x00, 0x00, 0x00,
    0x00, 0x00, 0xff, 0xff, 0xff, 0xff, 0xff, 0xff, 0xff, 0xff, 0xff, 0xff,
    0xff, 0xff, 0xff, 0xff, 0xff, 0xff, 0xff, 0xff, 0xff, 0xff, 0xff, 0xff,
    0xff, 0xff, 0xba, 0xff, 0x50, 0xf6, 0x92, 0xf6, 0x71, 0xf6, 0x71, 0xf6,
    0x71, 0xf6, 0x71, 0xf6, 0x71, 0xf6, 0x71, 0xf6, 0x71, 0xf6, 0x71, 0xf6,
    0x71, 0xf6, 0x71, 0xf6, 0x71, 0xf6, 0x71, 0xf6, 0x71, 0xf6, 0x71, 0xf6,
    0x71, 0xf6, 0x71, 0xf6, 0x71, 0xf6, 0x71, 0xf6, 0x71, 0xf6, 0x71, 0xf6,
    0x71, 0xf6, 0x51, 0xee, 0x53, 0xff, 0x69, 0x42, 0x04, 0x00, 0x65, 0x00,
    0x45, 0x00, 0x45, 0x00, 0x45, 0x00, 0x45, 0x00, 0x45, 0x00, 0x45, 0x00,
    0x45, 0x00, 0x45, 0x00, 0x45, 0x00, 0x45, 0x00, 0x45, 0x00, 0x45, 0x00,
    0x45, 0x00, 0x45, 0x00, 0x45, 0x00, 0x45, 0x00, 0x45, 0x00, 0x45, 0x00,
    0x45, 0x00, 0x45, 0x00, 0x45, 0x00, 0x45, 0x00, 0x45, 0x00, 0x45, 0x00,
    0x45, 0x00, 0x45, 0x00, 0x45, 0x00, 0x45, 0x00, 0x45, 0x00, 0x65, 0x00,
    0x04, 0x00, 0x4b, 0x73, 0x13, 0xff, 0x51, 0xee, 0x71, 0xf6, 0x71, 0xf6,
    0x71, 0xf6, 0x71, 0xf6, 0x71, 0xf6, 0x71, 0xf6, 0x71, 0xf6, 0x71, 0xf6,
    0x71, 0xf6, 0x71, 0xf6, 0x71, 0xf6, 0x71, 0xf6, 0x71, 0xf6, 0x71, 0xf6,
    0x71, 0xf6, 0x71, 0xf6, 0x71, 0xf6, 0x71, 0xf6, 0x71, 0xf6, 0x71, 0xf6,
    0x71, 0xf6, 0x91, 0xf6, 0x70, 0xf6, 0x79, 0xff, 0xff, 0xff, 0xff, 0xff,
    0xff, 0xff, 0xff, 0xff, 0xff, 0xff, 0xff, 0xff, 0xff, 0xff, 0xff, 0xff,
    0xff, 0xff, 0xff, 0xff, 0xff, 0xff, 0x1c, 0xe7, 0x00, 0x00, 0x00, 0x00,
    0x00, 0x00, 0x00, 0x00, 0x00, 0x00, 0x00, 0x00, 0x00, 0x00, 0x00, 0x00,
    0x00, 0x00, 0x00, 0x00, 0x00, 0x00, 0x00, 0x00, 0x00, 0x00, 0x00, 0x00,
    0x00, 0x00, 0x00, 0x00, 0x00, 0x00, 0x00, 0x00, 0x00, 0x00, 0x00, 0x00,
    0x00, 0x00, 0x00, 0x00, 0x75, 0xb5, 0xff, 0xff, 0xff, 0xff, 0xff, 0xff,
    0xff, 0xff, 0xff, 0xff, 0xff, 0xff, 0xff, 0xff, 0xff, 0xff, 0xff, 0xff,
    0xff, 0xff, 0xff, 0xff, 0xbb, 0xff, 0x71, 0xf6, 0x91, 0xf6, 0x71, 0xf6,
    0x71, 0xf6, 0x71, 0xf6, 0x71, 0xf6, 0x71, 0xf6, 0x71, 0xf6, 0x71, 0xf6,
    0x71, 0xf6, 0x71, 0xf6, 0x71, 0xf6, 0x71, 0xf6, 0x71, 0xf6, 0x71, 0xf6,
    0x71, 0xf6, 0x71, 0xf6, 0x71, 0xf6, 0x71, 0xf6, 0xfd, 0xff, 0xff, 0xff,
    0xff, 0xff, 0xff, 0xff, 0xff, 0xff, 0xff, 0xff, 0xff, 0xff, 0xff, 0xff,
    0xff, 0xff, 0xff, 0xff, 0xff, 0xff, 0xff, 0xff, 0x8e, 0x7b, 0x00, 0x00,
    0x00, 0x00, 0x00, 0x00, 0x00, 0x00, 0x00, 0x00, 0x00, 0x00, 0x00, 0x00,
    0x00, 0x00, 0x00, 0x00, 0x00, 0x00, 0x00, 0x00, 0x00, 0x00, 0x00, 0x00,
    0x00, 0x00, 0x00, 0x00, 0x00, 0x00, 0x00, 0x00, 0x00, 0x00, 0x00, 0x00,
    0x00, 0x00, 0x00, 0x00, 0x00, 0x00, 0xff, 0xff, 0xff, 0xff, 0xff, 0xff,
    0xff, 0xff, 0xff, 0xff, 0xff, 0xff, 0xff, 0xff, 0xff, 0xff, 0xff, 0xff,
    0xff, 0xff, 0xff, 0xff, 0xff, 0xff, 0x36, 0xff, 0x70, 0xf6, 0x91, 0xf6,
    0x71, 0xf6, 0x71, 0xf6, 0x71, 0xf6, 0x71, 0xf6, 0x71, 0xf6, 0x71, 0xf6,
    0x71, 0xf6, 0x71, 0xf6, 0x71, 0xf6, 0x71, 0xf6, 0x71, 0xf6, 0x71, 0xf6,
    0x71, 0xf6, 0x71, 0xf6, 0x71, 0xf6, 0x71, 0xf6, 0x71, 0xf6, 0x71, 0xf6,
    0x71, 0xf6, 0x71, 0xf6, 0x71, 0xf6, 0x51, 0xee, 0x13, 0xff, 0x49, 0x3a,
    0x04, 0x00, 0x65, 0x00, 0x45, 0x00, 0x45, 0x00, 0x45, 0x00, 0x45, 0x00,
    0x45, 0x00, 0x45, 0x00, 0x45, 0x00, 0x45, 0x00, 0x45, 0x00, 0x45, 0x00,
    0x45, 0x00, 0x45, 0x00, 0x45, 0x00, 0x45, 0x00, 0x45, 0x00, 0x45, 0x00,
    0x45, 0x00, 0x45, 0x00, 0x45, 0x00, 0x45, 0x00, 0x45, 0x00, 0x45, 0x00,
    0x45, 0x00, 0x45, 0x00, 0x45, 0x00, 0x45, 0x00, 0x45, 0x00, 0x45, 0x00,
    0x45, 0x00, 0x65, 0x00, 0x04, 0x00, 0x6b, 0x73, 0x13, 0xff, 0x51, 0xee,
    0x71, 0xf6, 0x71, 0xf6, 0x71, 0xf6, 0x71, 0xf6, 0x71, 0xf6, 0x71, 0xf6,
    0x71, 0xf6, 0x71, 0xf6, 0x71, 0xf6, 0x71, 0xf6, 0x71, 0xf6, 0x71, 0xf6,
    0x71, 0xf6, 0x71, 0xf6, 0x71, 0xf6, 0x71, 0xf6, 0x71, 0xf6, 0x71, 0xf6,
    0x71, 0xf6, 0x71, 0xf6, 0x71, 0xf6, 0x71, 0xf6, 0x92, 0xf6, 0x2f, 0xf6,
    0xff, 0xff, 0xff, 0xff, 0xff, 0xff, 0xff, 0xff, 0xff, 0xff, 0xff, 0xff,
    0xff, 0xff, 0xff, 0xff, 0xff, 0xff, 0xff, 0xff, 0xff, 0xff, 0xff, 0xff,
    0xe7, 0x41, 0x00, 0x00, 0x00, 0x00, 0x00, 0x00, 0x00, 0x00, 0x00, 0x00,
    0x00, 0x00, 0x00, 0x00, 0x00, 0x00, 0x00, 0x00, 0x00, 0x00, 0x00, 0x00,
    0x00, 0x00, 0x00, 0x00, 0x00, 0x00, 0x00, 0x00, 0x00, 0x00, 0x00, 0x00,
    0x00, 0x00, 0x00, 0x00, 0x00, 0x00, 0xa3, 0x20, 0x7e, 0xe7, 0xff, 0xff,
    0xff, 0xff, 0xff, 0xff, 0xff, 0xff, 0xff, 0xff, 0xff, 0xff, 0xff, 0xff,
    0xff, 0xff, 0xff, 0xff, 0xff, 0xff, 0xff, 0xff, 0x70, 0xf6, 0x71, 0xf6,
    0x71, 0xf6, 0x71, 0xf6, 0x71, 0xf6, 0x71, 0xf6, 0x71, 0xf6, 0x71, 0xf6,
    0x71, 0xf6, 0x71, 0xf6, 0x71, 0xf6, 0x71, 0xf6, 0x71, 0xf6, 0x71, 0xf6,
    0x71, 0xf6, 0x71, 0xf6, 0x71, 0xf6, 0x71, 0xf6, 0x71, 0xf6, 0x70, 0xf6,
    0xb2, 0xfe, 0xff, 0xff, 0xff, 0xff, 0xff, 0xff, 0xff, 0xff, 0xff, 0xff,
    0xff, 0xff, 0xff, 0xff, 0xff, 0xff, 0xff, 0xff, 0xff, 0xff, 0xff, 0xff,
    0x9b, 0xce, 0x00, 0x00, 0x00, 0x00, 0x00, 0x00, 0x00, 0x00, 0x00, 0x00,
    0x00, 0x00, 0x00, 0x00, 0x00, 0x00, 0x00, 0x00, 0x00, 0x00, 0x00, 0x00,
    0x00, 0x00, 0x00, 0x00, 0x00, 0x00, 0x00, 0x00, 0x00, 0x00, 0x00, 0x00,
    0x00, 0x00, 0x00, 0x00, 0x00, 0x00, 0x00, 0x00, 0x2d, 0x6b, 0xff, 0xff,
    0xff, 0xff, 0xff, 0xff, 0xff, 0xff, 0xff, 0xff, 0xff, 0xff, 0xff, 0xff,
    0xff, 0xff, 0xff, 0xff, 0xff, 0xff, 0xff, 0xff, 0xdc, 0xff, 0x2f, 0xf6,
    0x92, 0xf6, 0x71, 0xf6, 0x71, 0xf6, 0x71, 0xf6, 0x71, 0xf6, 0x71, 0xf6,
    0x71, 0xf6, 0x71, 0xf6, 0x71, 0xf6, 0x71, 0xf6, 0x71, 0xf6, 0x71, 0xf6,
    0x71, 0xf6, 0x71, 0xf6, 0x71, 0xf6, 0x71, 0xf6, 0x71, 0xf6, 0x71, 0xf6,
    0x71, 0xf6, 0x71, 0xf6, 0x71, 0xf6, 0x71, 0xf6, 0x71, 0xf6, 0x51, 0xee,
    0x33, 0xff, 0x49, 0x42, 0x04, 0x00, 0x65, 0x00, 0x45, 0x00, 0x45, 0x00,
    0x45, 0x00, 0x45, 0x00, 0x45, 0x00, 0x45, 0x00, 0x45, 0x00, 0x45, 0x00,
    0x45, 0x00, 0x45, 0x00, 0x45, 0x00, 0x45, 0x00, 0x45, 0x00, 0x45, 0x00,
    0x45, 0x00, 0x45, 0x00, 0x45, 0x00, 0x45, 0x00, 0x45, 0x00, 0x45, 0x00,
    0x45, 0x00, 0x45, 0x00, 0x45, 0x00, 0x45, 0x00, 0x45, 0x00, 0x45, 0x00,
    0x45, 0x00, 0x45, 0x00, 0x45, 0x00, 0x65, 0x00, 0x04, 0x00, 0x6b, 0x73,
    0x13, 0xff, 0x51, 0xee, 0x71, 0xf6, 0x71, 0xf6, 0x71, 0xf6, 0x71, 0xf6,
    0x71, 0xf6, 0x71, 0xf6, 0x71, 0xf6, 0x71, 0xf6, 0x71, 0xf6, 0x71, 0xf6,
    0x71, 0xf6, 0x71, 0xf6, 0x71, 0xf6, 0x71, 0xf6, 0x71, 0xf6, 0x71, 0xf6,
    0x71, 0xf6, 0x71, 0xf6, 0x71, 0xf6, 0x71, 0xf6, 0x71, 0xf6, 0x71, 0xf6,
    0x91, 0xf6, 0x71, 0xf6, 0xff, 0xff, 0xff, 0xff, 0xff, 0xff, 0xff, 0xff,
    0xff, 0xff, 0xff, 0xff, 0xff, 0xff, 0xff, 0xff, 0xff, 0xff, 0xff, 0xff,
    0xff, 0xff, 0xff, 0xff, 0xff, 0xff, 0x08, 0x4a, 0x00, 0x00, 0x00, 0x00,
    0x00, 0x00, 0x00, 0x00, 0x00, 0x00, 0x00, 0x00, 0x00, 0x00, 0x00, 0x00,
    0x00, 0x00, 0x00, 0x00, 0x00, 0x00, 0x00, 0x00, 0x00, 0x00, 0x00, 0x00,
    0x00, 0x00, 0x00, 0x00, 0x00, 0x00, 0x00, 0x00, 0xe4, 0x20, 0xff, 0xf7,
    0xff, 0xff, 0xff, 0xff, 0xff, 0xff, 0xff, 0xff, 0xff, 0xff, 0xff, 0xff,
    0xff, 0xff, 0xff, 0xff, 0xff, 0xff, 0xff, 0xff, 0xff, 0xff, 0xff, 0xff,
    0x92, 0xf6, 0x71, 0xf6, 0x71, 0xf6, 0x71, 0xf6, 0x71, 0xf6, 0x71, 0xf6,
    0x71, 0xf6, 0x71, 0xf6, 0x71, 0xf6, 0x71, 0xf6, 0x71, 0xf6, 0x71, 0xf6,
    0x71, 0xf6, 0x71, 0xf6, 0x71, 0xf6, 0x71, 0xf6, 0x71, 0xf6, 0x71, 0xf6,
    0x71, 0xf6, 0x71, 0xf6, 0xf4, 0xfe, 0xff, 0xff, 0xff, 0xff, 0xff, 0xff,
    0xff, 0xff, 0xff, 0xff, 0xff, 0xff, 0xff, 0xff, 0xff, 0xff, 0xff, 0xff,
    0xff, 0xff, 0xff, 0xff, 0xff, 0xff, 0x3d, 0xe7, 0x00, 0x00, 0x00, 0x00,
    0x00, 0x00, 0x00, 0x00, 0x00, 0x00, 0x00, 0x00, 0x00, 0x00, 0x00, 0x00,
    0x00, 0x00, 0x00, 0x00, 0x00, 0x00, 0x00, 0x00, 0x00, 0x00, 0x00, 0x00,
    0x00, 0x00, 0x00, 0x00, 0x00, 0x00, 0x00, 0x00, 0x00, 0x00, 0x6d, 0x73,
    0xff, 0xff, 0xff, 0xff, 0xff, 0xff, 0xff, 0xff, 0xff, 0xff, 0xff, 0xff,
    0xff, 0xff, 0xff, 0xff, 0xff, 0xff, 0xff, 0xff, 0xff, 0xff, 0xff, 0xff,
    0xfd, 0xff, 0x50, 0xf6, 0x92, 0xf6, 0x71, 0xf6, 0x71, 0xf6, 0x71, 0xf6,
    0x71, 0xf6, 0x71, 0xf6, 0x71, 0xf6, 0x71, 0xf6, 0x71, 0xf6, 0x71, 0xf6,
    0x71, 0xf6, 0x71, 0xf6, 0x71, 0xf6, 0x71, 0xf6, 0x71, 0xf6, 0x71, 0xf6,
    0x71, 0xf6, 0x71, 0xf6, 0x71, 0xf6, 0x71, 0xf6, 0x71, 0xf6, 0x71, 0xf6,
    0x71, 0xf6, 0x51, 0xee, 0x33, 0xff, 0x49, 0x42, 0x04, 0x00, 0x65, 0x00,
    0x45, 0x00, 0x45, 0x00, 0x45, 0x00, 0x45, 0x00, 0x45, 0x00, 0x45, 0x00,
    0x45, 0x00, 0x45, 0x00, 0x45, 0x00, 0x45, 0x00, 0x45, 0x00, 0x45, 0x00,
    0x45, 0x00, 0x45, 0x00, 0x45, 0x00, 0x45, 0x00, 0x45, 0x00, 0x45, 0x00,
    0x45, 0x00, 0x45, 0x00, 0x45, 0x00, 0x45, 0x00, 0x45, 0x00, 0x45, 0x00,
    0x45, 0x00, 0x45, 0x00, 0x45, 0x00, 0x45, 0x00, 0x45, 0x00, 0x85, 0x00,
    0x04, 0x00, 0x2b, 0x6b, 0x33, 0xff, 0x51, 0xee, 0x71, 0xf6, 0x71, 0xf6,
    0x71, 0xf6, 0x71, 0xf6, 0x71, 0xf6, 0x71, 0xf6, 0x71, 0xf6, 0x71, 0xf6,
    0x71, 0xf6, 0x71, 0xf6, 0x71, 0xf6, 0x71, 0xf6, 0x71, 0xf6, 0x71, 0xf6,
    0x71, 0xf6, 0x71, 0xf6, 0x71, 0xf6, 0x71, 0xf6, 0x71, 0xf6, 0x71, 0xf6,
    0x71, 0xf6, 0x71, 0xf6, 0x91, 0xf6, 0x70, 0xf6, 0xff, 0xff, 0xff, 0xff,
    0xff, 0xff, 0xff, 0xff, 0xff, 0xff, 0xff, 0xff, 0xff, 0xff, 0xff, 0xff,
    0xff, 0xff, 0xff, 0xff, 0xff, 0xff, 0xff, 0xff, 0xff, 0xff, 0x92, 0x94,
    0x00, 0x00, 0x00, 0x00, 0x00, 0x00, 0x00, 0x00, 0x00, 0x00, 0x00, 0x00,
    0x00, 0x00, 0x00, 0x00, 0x00, 0x00, 0x00, 0x00, 0x00, 0x00, 0x00, 0x00,
    0x00, 0x00, 0x00, 0x00, 0x00, 0x00, 0x00, 0x00, 0x00, 0x00, 0x00, 0x00,
    0xcb, 0x5a, 0xff, 0xff, 0xff, 0xff, 0xff, 0xff, 0xff, 0xff, 0xff, 0xff,
    0xff, 0xff, 0xff, 0xff, 0xff, 0xff, 0xff, 0xff, 0xff, 0xff, 0xff, 0xff,
    0xff, 0xff, 0xff, 0xff, 0x92, 0xf6, 0x71, 0xf6, 0x71, 0xf6, 0x71, 0xf6,
    0x71, 0xf6, 0x71, 0xf6, 0x71, 0xf6, 0x71, 0xf6, 0x71, 0xf6, 0x71, 0xf6,
    0x71, 0xf6, 0x71, 0xf6, 0x71, 0xf6, 0x71, 0xf6, 0x71, 0xf6, 0x71, 0xf6,
    0x71, 0xf6, 0x71, 0xf6, 0x71, 0xf6, 0x71, 0xf6, 0xd4, 0xfe, 0xff, 0xff,
    0xff, 0xff, 0xff, 0xff, 0xff, 0xff, 0xff, 0xff, 0xff, 0xff, 0xff, 0xff,
    0xff, 0xff, 0xff, 0xff, 0xff, 0xff, 0xff, 0xff, 0xff, 0xff, 0xff, 0xff,
    0x24, 0x29, 0x00, 0x00, 0x00, 0x00, 0x00, 0x00, 0x00, 0x00, 0x00, 0x00,
    0x00, 0x00, 0x00, 0x00, 0x00, 0x00, 0x00, 0x00, 0x00, 0x00, 0x00, 0x00,
    0x00, 0x00, 0x00, 0x00, 0x00, 0x00, 0x00, 0x00, 0x00, 0x00, 0x00, 0x00,
    0x00, 0x00, 0x59, 0xce, 0xff, 0xff, 0xff, 0xff, 0xff, 0xff, 0xff, 0xff,
    0xff, 0xff, 0xff, 0xff, 0xff, 0xff, 0xff, 0xff, 0xff, 0xff, 0xff, 0xff,
    0xff, 0xff, 0xff, 0xff, 0xfc, 0xff, 0x50, 0xf6, 0x92, 0xf6, 0x71, 0xf6,
    0x71, 0xf6, 0x71, 0xf6, 0x71, 0xf6, 0x71, 0xf6, 0x71, 0xf6, 0x71, 0xf6,
    0x71, 0xf6, 0x71, 0xf6, 0x71, 0xf6, 0x71, 0xf6, 0x71, 0xf6, 0x71, 0xf6,
    0x71, 0xf6, 0x71, 0xf6, 0x71, 0xf6, 0x71, 0xf6, 0x71, 0xf6, 0x71, 0xf6,
    0x71, 0xf6, 0x71, 0xf6, 0x71, 0xf6, 0x51, 0xee, 0x33, 0xff, 0x09, 0x3a,
    0x04, 0x00, 0x65, 0x00, 0x45, 0x00, 0x45, 0x00, 0x45, 0x00, 0x45, 0x00,
    0x45, 0x00, 0x45, 0x00, 0x45, 0x00, 0x45, 0x00, 0x45, 0x00, 0x45, 0x00,
    0x45, 0x00, 0x45, 0x00, 0x45, 0x00, 0x45, 0x00, 0x45, 0x00, 0x45, 0x00,
    0x45, 0x00, 0x45, 0x00, 0x45, 0x00, 0x45, 0x00, 0x45, 0x00, 0x45, 0x00,
    0x45, 0x00, 0x45, 0x00, 0x45, 0x00, 0x45, 0x00, 0x45, 0x00, 0x45, 0x00,
    0x45, 0x00, 0x65, 0x00, 0x04, 0x00, 0xec, 0x8b, 0xf2, 0xfe, 0x71, 0xf6,
    0x71, 0xf6, 0x71, 0xf6, 0x71, 0xf6, 0x71, 0xf6, 0x71, 0xf6, 0x71, 0xf6,
    0x71, 0xf6, 0x71, 0xf6, 0x71, 0xf6, 0x71, 0xf6, 0x71, 0xf6, 0x71, 0xf6,
    0x71, 0xf6, 0x71, 0xf6, 0x71, 0xf6, 0x71, 0xf6, 0x71, 0xf6, 0x71, 0xf6,
    0x71, 0xf6, 0x71, 0xf6, 0x71, 0xf6, 0x71, 0xf6, 0x71, 0xf6, 0x71, 0xf6,
    0x92, 0xfe, 0xff, 0xff, 0xff, 0xff, 0xff, 0xff, 0xff, 0xff, 0xff, 0xff,
    0xff, 0xff, 0xff, 0xff, 0xff, 0xff, 0xff, 0xff, 0xff, 0xff, 0xff, 0xff,
    0xff, 0xff, 0xff, 0xff, 0x4d, 0x6b, 0x00, 0x00, 0x00, 0x00, 0x00, 0x00,
    0x00, 0x00, 0x00, 0x00, 0x00, 0x00, 0x00, 0x00, 0x00, 0x00, 0x00, 0x00,
    0x00, 0x00, 0x00, 0x00, 0x00, 0x00, 0x00, 0x00, 0x00, 0x00, 0x00, 0x00,
    0x00, 0x00, 0xe7, 0x41, 0xff, 0xff, 0xff, 0xff, 0xff, 0xff, 0xff, 0xff,
    0xff, 0xff, 0xff, 0xff, 0xff, 0xff, 0xff, 0xff, 0xff, 0xff, 0xff, 0xff,
    0xff, 0xff, 0xff, 0xff, 0xff, 0xff, 0xf4, 0xfe, 0x71, 0xf6, 0x71, 0xf6,
    0x71, 0xf6, 0x71, 0xf6, 0x71, 0xf6, 0x71, 0xf6, 0x71, 0xf6, 0x71, 0xf6,
    0x71, 0xf6, 0x71, 0xf6, 0x71, 0xf6, 0x71, 0xf6, 0x71, 0xf6, 0x71, 0xf6,
    0x71, 0xf6, 0x71, 0xf6, 0x71, 0xf6, 0x71, 0xf6, 0x71, 0xf6, 0x91, 0xf6,
    0x50, 0xf6, 0x37, 0xff, 0xff, 0xff, 0xff, 0xff, 0xff, 0xff, 0xff, 0xff,
    0xff, 0xff, 0xff, 0xff, 0xff, 0xff, 0xff, 0xff, 0xff, 0xff, 0xff, 0xff,
    0xff, 0xff, 0xff, 0xff, 0xff, 0xff, 0xa3, 0x18, 0x00, 0x00, 0x00, 0x00,
    0x00, 0x00, 0x00, 0x00, 0x00, 0x00, 0x00, 0x00, 0x00, 0x00, 0x00, 0x00,
    0x00, 0x00, 0x00, 0x00, 0x00, 0x00, 0x00, 0x00, 0x00, 0x00, 0x00, 0x00,
    0x00, 0x00, 0x00, 0x00, 0xb3, 0x94, 0xff, 0xff, 0xff, 0xff, 0xff, 0xff,
    0xff, 0xff, 0xff, 0xff, 0xff, 0xff, 0xff, 0xff, 0xff, 0xff, 0xff, 0xff,
    0xff, 0xff, 0xff, 0xff, 0xff, 0xff, 0xff, 0xff, 0x70, 0xf6, 0x91, 0xf6,
    0x71, 0xf6, 0x71, 0xf6, 0x71, 0xf6, 0x71, 0xf6, 0x71, 0xf6, 0x71, 0xf6,
    0x71, 0xf6, 0x71, 0xf6, 0x71, 0xf6, 0x71, 0xf6, 0x71, 0xf6, 0x71, 0xf6,
    0x71, 0xf6, 0x71, 0xf6, 0x71, 0xf6, 0x71, 0xf6, 0x71, 0xf6, 0x71, 0xf6,
    0x71, 0xf6, 0x71, 0xf6, 0x71, 0xf6, 0x71, 0xf6, 0x71, 0xf6, 0x71, 0xf6,
    0xf2, 0xfe, 0xea, 0x5a, 0x04, 0x00, 0x45, 0x00, 0x45, 0x00, 0x45, 0x00,
    0x45, 0x00, 0x45, 0x00, 0x45, 0x00, 0x45, 0x00, 0x45, 0x00, 0x45, 0x00,
    0x45, 0x00, 0x45, 0x00, 0x45, 0x00, 0x45, 0x00, 0x45, 0x00, 0x45, 0x00,
    0x45, 0x00, 0x45, 0x00, 0x45, 0x00, 0x45, 0x00, 0x45, 0x00, 0x45, 0x00,
    0x45, 0x00, 0x45, 0x00, 0x45, 0x00, 0x45, 0x00, 0x45, 0x00, 0x45, 0x00,
    0x45, 0x00, 0x45, 0x00, 0x65, 0x00, 0x04, 0x00, 0x69, 0x4a, 0x53, 0xff,
    0x51, 0xee, 0x71, 0xf6, 0x71, 0xf6, 0x71, 0xf6, 0x71, 0xf6, 0x71, 0xf6,
    0x71, 0xf6, 0x71, 0xf6, 0x71, 0xf6, 0x71, 0xf6, 0x71, 0xf6, 0x71, 0xf6,
    0x71, 0xf6, 0x71, 0xf6, 0x71, 0xf6, 0x71, 0xf6, 0x71, 0xf6, 0x71, 0xf6,
    0x71, 0xf6, 0x71, 0xf6, 0x71, 0xf6, 0x71, 0xf6, 0x71, 0xf6, 0x71, 0xf6,
    0x71, 0xf6, 0x71, 0xf6, 0x71, 0xf6, 0xfd, 0xff, 0xff, 0xff, 0xff, 0xff,
    0xff, 0xff, 0xff, 0xff, 0xff, 0xff, 0xff, 0xff, 0xff, 0xff, 0xff, 0xff,
    0xff, 0xff, 0xff, 0xff, 0xff, 0xff, 0xff, 0xff, 0xff, 0xff, 0x8e, 0x73,
    0x65, 0x31, 0x00, 0x00, 0x00, 0x00, 0x00, 0x00, 0x00, 0x00, 0x00, 0x00,
    0x00, 0x00, 0x00, 0x00, 0x00, 0x00, 0x00, 0x00, 0x00, 0x00, 0x00, 0x00,
    0x00, 0x00, 0xe4, 0x20, 0xab, 0x52, 0xff, 0xff, 0xff, 0xff, 0xff, 0xff,
    0xff, 0xff, 0xff, 0xff, 0xff, 0xff, 0xff, 0xff, 0xff, 0xff, 0xff, 0xff,
    0xff, 0xff, 0xff, 0xff, 0xff, 0xff, 0xff, 0xff, 0xff, 0xff, 0xb3, 0xfe,
    0x71, 0xf6, 0x71, 0xf6, 0x71, 0xf6, 0x71, 0xf6, 0x71, 0xf6, 0x71, 0xf6,
    0x71, 0xf6, 0x71, 0xf6, 0x71, 0xf6, 0x71, 0xf6, 0x71, 0xf6, 0x71, 0xf6,
    0x71, 0xf6, 0x71, 0xf6, 0x71, 0xf6, 0x71, 0xf6, 0x71, 0xf6, 0x71, 0xf6,
    0x71, 0xf6, 0x91, 0xf6, 0x71, 0xf6, 0xf4, 0xfe, 0xff, 0xff, 0xff, 0xff,
    0xff, 0xff, 0xff, 0xff, 0xff, 0xff, 0xff, 0xff, 0xff, 0xff, 0xff, 0xff,
    0xff, 0xff, 0xff, 0xff, 0xff, 0xff, 0xff, 0xff, 0xff, 0xff, 0xff, 0xff,
    0x09, 0x42, 0x61, 0x10, 0x00, 0x00, 0x00, 0x00, 0x00, 0x00, 0x00, 0x00,
    0x00, 0x00, 0x00, 0x00, 0x00, 0x00, 0x00, 0x00, 0x00, 0x00, 0x00, 0x00,
    0x00, 0x00, 0x00, 0x00, 0xa6, 0x39, 0x92, 0x94, 0xff, 0xff, 0xff, 0xff,
    0xff, 0xff, 0xff, 0xff, 0xff, 0xff, 0xff, 0xff, 0xff, 0xff, 0xff, 0xff,
    0xff, 0xff, 0xff, 0xff, 0xff, 0xff, 0xff, 0xff, 0xff, 0xff, 0xbb, 0xff,
    0x70, 0xf6, 0x91, 0xf6, 0x71, 0xf6, 0x71, 0xf6, 0x71, 0xf6, 0x71, 0xf6,
    0x71, 0xf6, 0x71, 0xf6, 0x71, 0xf6, 0x71, 0xf6, 0x71, 0xf6, 0x71, 0xf6,
    0x71, 0xf6, 0x71, 0xf6, 0x71, 0xf6, 0x71, 0xf6, 0x71, 0xf6, 0x71, 0xf6,
    0x71, 0xf6, 0x71, 0xf6, 0x71, 0xf6, 0x71, 0xf6, 0x71, 0xf6, 0x71, 0xf6,
    0x71, 0xf6, 0x71, 0xf6, 0x71, 0xf6, 0x33, 0xff, 0x47, 0x19, 0x04, 0x00,
    0x45, 0x00, 0x45, 0x00, 0x45, 0x00, 0x45, 0x00, 0x45, 0x00, 0x45, 0x00,
    0x45, 0x00, 0x45, 0x00, 0x45, 0x00, 0x45, 0x00, 0x45, 0x00, 0x45, 0x00,
    0x45, 0x00, 0x45, 0x00, 0x45, 0x00, 0x45, 0x00, 0x45, 0x00, 0x45, 0x00,
    0x45, 0x00, 0x45, 0x00, 0x45, 0x00, 0x45, 0x00, 0x45, 0x00, 0x45, 0x00,
    0x45, 0x00, 0x45, 0x00, 0x45, 0x00, 0x45, 0x00, 0x65, 0x00, 0x04, 0x00,
    0x49, 0x3a, 0x12, 0xff, 0x51, 0xee, 0x71, 0xf6, 0x71, 0xf6, 0x71, 0xf6,
    0x71, 0xf6, 0x71, 0xf6, 0x71, 0xf6, 0x71, 0xf6, 0x71, 0xf6, 0x71, 0xf6,
    0x71, 0xf6, 0x71, 0xf6, 0x71, 0xf6, 0x71, 0xf6, 0x71, 0xf6, 0x71, 0xf6,
    0x71, 0xf6, 0x71, 0xf6, 0x71, 0xf6, 0x71, 0xf6, 0x71, 0xf6, 0x71, 0xf6,
    0x71, 0xf6, 0x71, 0xf6, 0x71, 0xf6, 0x71, 0xf6, 0x70, 0xf6, 0xb3, 0xfe,
    0xff, 0xff, 0xff, 0xff, 0xff, 0xff, 0xff, 0xff, 0xff, 0xff, 0xff, 0xff,
    0xff, 0xff, 0xff, 0xff, 0xff, 0xff, 0xff, 0xff, 0xff, 0xff, 0xff, 0xff,
    0xff, 0xff, 0xff, 0xff, 0xff, 0xff, 0xe7, 0x41, 0x00, 0x00, 0x00, 0x00,
    0x00, 0x00, 0x00, 0x00, 0x00, 0x00, 0x00, 0x00, 0x00, 0x00, 0x00, 0x00,
    0x00, 0x00, 0x00, 0x00, 0xa3, 0x18, 0xff, 0xff, 0xff, 0xff, 0xff, 0xff,
    0xff, 0xff, 0xff, 0xff, 0xff, 0xff, 0xff, 0xff, 0xff, 0xff, 0xff, 0xff,
    0xff, 0xff, 0xff, 0xff, 0xff, 0xff, 0xff, 0xff, 0xff, 0xff, 0xff, 0xff,
    0x16, 0xff, 0x30, 0xf6, 0x92, 0xf6, 0x71, 0xf6, 0x71, 0xf6, 0x71, 0xf6,
    0x71, 0xf6, 0x71, 0xf6, 0x71, 0xf6, 0x71, 0xf6, 0x71, 0xf6, 0x71, 0xf6,
    0x71, 0xf6, 0x71, 0xf6, 0x71, 0xf6, 0x71, 0xf6, 0x71, 0xf6, 0x71, 0xf6,
    0x71, 0xf6, 0x71, 0xf6, 0x71, 0xf6, 0x71, 0xf6, 0x92, 0xf6, 0x2f, 0xf6,
    0x9a, 0xff, 0xff, 0xff, 0xff, 0xff, 0xff, 0xff, 0xff, 0xff, 0xff, 0xff,
    0xff, 0xff, 0xff, 0xff, 0xff, 0xff, 0xff, 0xff, 0xff, 0xff, 0xff, 0xff,
    0xff, 0xff, 0xff, 0xff, 0xff, 0xff, 0xfd, 0xde, 0x00, 0x00, 0x00, 0x00,
    0x00, 0x00, 0x00, 0x00, 0x00, 0x00, 0x00, 0x00, 0x00, 0x00, 0x00, 0x00,
    0x00, 0x00, 0x00, 0x00, 0x00, 0x00, 0x2d, 0x6b, 0xff, 0xff, 0xff, 0xff,
    0xff, 0xff, 0xff, 0xff, 0xff, 0xff, 0xff, 0xff, 0xff, 0xff, 0xff, 0xff,
    0xff, 0xff, 0xff, 0xff, 0xff, 0xff, 0xff, 0xff, 0xff, 0xff, 0xff, 0xff,
    0xff, 0xff, 0x70, 0xf6, 0x71, 0xf6, 0x71, 0xf6, 0x71, 0xf6, 0x71, 0xf6,
    0x71, 0xf6, 0x71, 0xf6, 0x71, 0xf6, 0x71, 0xf6, 0x71, 0xf6, 0x71, 0xf6,
    0x71, 0xf6, 0x71, 0xf6, 0x71, 0xf6, 0x71, 0xf6, 0x71, 0xf6, 0x71, 0xf6,
    0x71, 0xf6, 0x71, 0xf6, 0x71, 0xf6, 0x71, 0xf6, 0x71, 0xf6, 0x71, 0xf6,
    0x71, 0xf6, 0x71, 0xf6, 0x71, 0xf6, 0x71, 0xf6, 0x71, 0xf6, 0xd2, 0xfe,
    0x47, 0x11, 0x04, 0x00, 0x45, 0x00, 0x45, 0x00, 0x45, 0x00, 0x45, 0x00,
    0x45, 0x00, 0x45, 0x00, 0x45, 0x00, 0x45, 0x00, 0x45, 0x00, 0x45, 0x00,
    0x45, 0x00, 0x45, 0x00, 0x45, 0x00, 0x45, 0x00, 0x45, 0x00, 0x45, 0x00,
    0x45, 0x00, 0x45, 0x00, 0x45, 0x00, 0x45, 0x00, 0x45, 0x00, 0x45, 0x00,
    0x45, 0x00, 0x45, 0x00, 0x45, 0x00, 0x45, 0x00, 0x45, 0x00, 0x45, 0x00,
    0x65, 0x00, 0x04, 0x00, 0x49, 0x42, 0x33, 0xff, 0x51, 0xee, 0x71, 0xf6,
    0x71, 0xf6, 0x71, 0xf6, 0x71, 0xf6, 0x71, 0xf6, 0x71, 0xf6, 0x71, 0xf6,
    0x71, 0xf6, 0x71, 0xf6, 0x71, 0xf6, 0x71, 0xf6, 0x71, 0xf6, 0x71, 0xf6,
    0x71, 0xf6, 0x71, 0xf6, 0x71, 0xf6, 0x71, 0xf6, 0x71, 0xf6, 0x71, 0xf6,
    0x71, 0xf6, 0x71, 0xf6, 0x71, 0xf6, 0x71, 0xf6, 0x71, 0xf6, 0x71, 0xf6,
    0x71, 0xf6, 0x92, 0xf6, 0xbb, 0xff, 0xff, 0xff, 0xff, 0xff, 0xff, 0xff,
    0xff, 0xff, 0xff, 0xff, 0xff, 0xff, 0xff, 0xff, 0xff, 0xff, 0xff, 0xff,
    0xff, 0xff, 0xff, 0xff, 0xff, 0xff, 0xff, 0xff, 0xff, 0xff, 0xff, 0xff,
    0x34, 0xad, 0x18, 0xbe, 0x00, 0x00, 0x00, 0x00, 0x00, 0x00, 0x00, 0x00,
    0x00, 0x00, 0x00, 0x00, 0xb6, 0xb5, 0x55, 0xad, 0xbe, 0xf7, 0xff, 0xff,
    0xff, 0xff, 0xff, 0xff, 0xff, 0xff, 0xff, 0xff, 0xff, 0xff, 0xff, 0xff,
    0xff, 0xff, 0xff, 0xff, 0xff, 0xff, 0xff, 0xff, 0xff, 0xff, 0xff, 0xff,
    0xff, 0xff, 0xfd, 0xff, 0xb2, 0xf6, 0x71, 0xf6, 0x71, 0xf6, 0x71, 0xf6,
    0x71, 0xf6, 0x71, 0xf6, 0x71, 0xf6, 0x71, 0xf6, 0x71, 0xf6, 0x71, 0xf6,
    0x71, 0xf6, 0x71, 0xf6, 0x71, 0xf6, 0x71, 0xf6, 0x71, 0xf6, 0x71, 0xf6,
    0x71, 0xf6, 0x71, 0xf6, 0x71, 0xf6, 0x71, 0xf6, 0x71, 0xf6, 0x71, 0xf6,
    0x71, 0xf6, 0x71, 0xf6, 0xb3, 0xfe, 0xff, 0xff, 0xff, 0xff, 0xff, 0xff,
    0xff, 0xff, 0xff, 0xff, 0xff, 0xff, 0xff, 0xff, 0xff, 0xff, 0xff, 0xff,
    0xff, 0xff, 0xff, 0xff, 0xff, 0xff, 0xff, 0xff, 0xff, 0xff, 0xff, 0xff,
    0xfb, 0xe6, 0xb6, 0xad, 0xb3, 0x9c, 0x00, 0x00, 0x00, 0x00, 0x00, 0x00,
    0x00, 0x00, 0x00, 0x00, 0x04, 0x21, 0xf9, 0xbd, 0x55, 0xad, 0xff, 0xff,
    0xff, 0xff, 0xff, 0xff, 0xff, 0xff, 0xff, 0xff, 0xff, 0xff, 0xff, 0xff,
    0xff, 0xff, 0xff, 0xff, 0xff, 0xff, 0xff, 0xff, 0xff, 0xff, 0xff, 0xff,
    0xff, 0xff, 0xff, 0xff, 0x78, 0xff, 0x71, 0xf6, 0x71, 0xf6, 0x71, 0xf6,
    0x71, 0xf6, 0x71, 0xf6, 0x71, 0xf6, 0x71, 0xf6, 0x71, 0xf6, 0x71, 0xf6,
    0x71, 0xf6, 0x71, 0xf6, 0x71, 0xf6, 0x71, 0xf6, 0x71, 0xf6, 0x71, 0xf6,
    0x71, 0xf6, 0x71, 0xf6, 0x71, 0xf6, 0x71, 0xf6, 0x71, 0xf6, 0x71, 0xf6,
    0x71, 0xf6, 0x71, 0xf6, 0x71, 0xf6, 0x71, 0xf6, 0x71, 0xf6, 0x71, 0xf6,
    0x71, 0xf6, 0xf2, 0xfe, 0x47, 0x11, 0x04, 0x00, 0x45, 0x00, 0x45, 0x00,
    0x45, 0x00, 0x45, 0x00, 0x45, 0x00, 0x45, 0x00, 0x45, 0x00, 0x45, 0x00,
    0x45, 0x00, 0x45, 0x00, 0x45, 0x00, 0x45, 0x00, 0x45, 0x00, 0x45, 0x00,
    0x45, 0x00, 0x45, 0x00, 0x45, 0x00, 0x45, 0x00, 0x45, 0x00, 0x45, 0x00,
    0x45, 0x00, 0x45, 0x00, 0x45, 0x00, 0x45, 0x00, 0x45, 0x00, 0x45, 0x00,
    0x45, 0x00, 0x45, 0x00, 0x65, 0x00, 0x04, 0x00, 0x49, 0x42, 0x33, 0xff,
    0x51, 0xee, 0x71, 0xf6, 0x71, 0xf6, 0x71, 0xf6, 0x71, 0xf6, 0x71, 0xf6,
    0x71, 0xf6, 0x71, 0xf6, 0x71, 0xf6, 0x71, 0xf6, 0x71, 0xf6, 0x71, 0xf6,
    0x71, 0xf6, 0x71, 0xf6, 0x71, 0xf6, 0x71, 0xf6, 0x71, 0xf6, 0x71, 0xf6,
    0x71, 0xf6, 0x71, 0xf6, 0x71, 0xf6, 0x71, 0xf6, 0x71, 0xf6, 0x71, 0xf6,
    0x71, 0xf6, 0x71, 0xf6, 0x91, 0xf6, 0x50, 0xf6, 0x15, 0xff, 0xff, 0xff,
    0xff, 0xff, 0xff, 0xff, 0xff, 0xff, 0xff, 0xff, 0xff, 0xff, 0xff, 0xff,
    0xff, 0xff, 0xff, 0xff, 0xff, 0xff, 0xff, 0xff, 0xff, 0xff, 0xff, 0xff,
    0xff, 0xff, 0xff, 0xff, 0xff, 0xff, 0xff, 0xff, 0x7e, 0xf7, 0x1c, 0xe7,
    0x3c, 0xe7, 0x3c, 0xe7, 0x3c, 0xe7, 0x3d, 0xef, 0xff, 0xff, 0xff, 0xff,
    0xff, 0xff, 0xff, 0xff, 0xff, 0xff, 0xff, 0xff, 0xff, 0xff, 0xff, 0xff,
    0xff, 0xff, 0xff, 0xff, 0xff, 0xff, 0xff, 0xff, 0xff, 0xff, 0xff, 0xff,
    0xff, 0xff, 0xff, 0xff, 0xff, 0xff, 0x79, 0xff, 0x2f, 0xf6, 0x92, 0xf6,
    0x71, 0xf6, 0x71, 0xf6, 0x71, 0xf6, 0x71, 0xf6, 0x71, 0xf6, 0x71, 0xf6,
    0x71, 0xf6, 0x71, 0xf6, 0x71, 0xf6, 0x71, 0xf6, 0x71, 0xf6, 0x71, 0xf6,
    0x71, 0xf6, 0x71, 0xf6, 0x71, 0xf6, 0x71, 0xf6, 0x71, 0xf6, 0x71, 0xf6,
    0x71, 0xf6, 0x71, 0xf6, 0x71, 0xf6, 0x92, 0xf6, 0x2f, 0xf6, 0xdc, 0xff,
    0xff, 0xff, 0xff, 0xff, 0xff, 0xff, 0xff, 0xff, 0xff, 0xff, 0xff, 0xff,
    0xff, 0xff, 0xff, 0xff, 0xff, 0xff, 0xff, 0xff, 0xff, 0xff, 0xff, 0xff,
    0xff, 0xff, 0xff, 0xff, 0xff, 0xff, 0xff, 0xff, 0xff, 0xff, 0x1c, 0xe7,
    0x3c, 0xef, 0x3c, 0xe7, 0x3c, 0xef, 0x1c, 0xe7, 0xdf, 0xff, 0xff, 0xff,
    0xff, 0xff, 0xff, 0xff, 0xff, 0xff, 0xff, 0xff, 0xff, 0xff, 0xff, 0xff,
    0xff, 0xff, 0xff, 0xff, 0xff, 0xff, 0xff, 0xff, 0xff, 0xff, 0xff, 0xff,
    0xff, 0xff, 0xff, 0xff, 0xff, 0xff, 0xff, 0xff, 0xb3, 0xfe, 0x71, 0xf6,
    0x71, 0xf6, 0x71, 0xf6, 0x71, 0xf6, 0x71, 0xf6, 0x71, 0xf6, 0x71, 0xf6,
    0x71, 0xf6, 0x71, 0xf6, 0x71, 0xf6, 0x71, 0xf6, 0x71, 0xf6, 0x71, 0xf6,
    0x71, 0xf6, 0x71, 0xf6, 0x71, 0xf6, 0x71, 0xf6, 0x71, 0xf6, 0x71, 0xf6,
    0x71, 0xf6, 0x71, 0xf6, 0x71, 0xf6, 0x71, 0xf6, 0x71, 0xf6, 0x71, 0xf6,
    0x71, 0xf6, 0x71, 0xf6, 0x71, 0xf6, 0xf2, 0xfe, 0x47, 0x11, 0x04, 0x00,
    0x45, 0x00, 0x45, 0x00, 0x45, 0x00, 0x45, 0x00, 0x45, 0x00, 0x45, 0x00,
    0x45, 0x00, 0x45, 0x00, 0x45, 0x00, 0x45, 0x00, 0x45, 0x00, 0x45, 0x00,
    0x45, 0x00, 0x45, 0x00, 0x45, 0x00, 0x45, 0x00, 0x45, 0x00, 0x45, 0x00,
    0x45, 0x00, 0x45, 0x00, 0x45, 0x00, 0x45, 0x00, 0x45, 0x00, 0x45, 0x00,
    0x45, 0x00, 0x45, 0x00, 0x45, 0x00, 0x45, 0x00, 0x65, 0x00, 0x04, 0x00,
    0x49, 0x42, 0x33, 0xff, 0x51, 0xee, 0x71, 0xf6, 0x71, 0xf6, 0x71, 0xf6,
    0x71, 0xf6, 0x71, 0xf6, 0x71, 0xf6, 0x71, 0xf6, 0x71, 0xf6, 0x71, 0xf6,
    0x71, 0xf6, 0x71, 0xf6, 0x71, 0xf6, 0x71, 0xf6, 0x71, 0xf6, 0x71, 0xf6,
    0x71, 0xf6, 0x71, 0xf6, 0x71, 0xf6, 0x71, 0xf6, 0x71, 0xf6, 0x71, 0xf6,
    0x71, 0xf6, 0x71, 0xf6, 0x71, 0xf6, 0x71, 0xf6, 0x71, 0xf6, 0x92, 0xf6,
    0x70, 0xf6, 0x78, 0xff, 0xff, 0xff, 0xff, 0xff, 0xff, 0xff, 0xff, 0xff,
    0xff, 0xff, 0xff, 0xff, 0xff, 0xff, 0xff, 0xff, 0xff, 0xff, 0xff, 0xff,
    0xff, 0xff, 0xff, 0xff, 0xff, 0xff, 0xff, 0xff, 0xff, 0xff, 0xff, 0xff,
    0xff, 0xff, 0xff, 0xff, 0xff, 0xff, 0xff, 0xff, 0xff, 0xff, 0xff, 0xff,
    0xff, 0xff, 0xff, 0xff, 0xff, 0xff, 0xff, 0xff, 0xff, 0xff, 0xff, 0xff,
    0xff, 0xff, 0xff, 0xff, 0xff, 0xff, 0xff, 0xff, 0xff, 0xff, 0xff, 0xff,
    0xff, 0xff, 0xff, 0xff, 0xff, 0xff, 0xff, 0xff, 0xbb, 0xff, 0x70, 0xf6,
    0x92, 0xf6, 0x71, 0xf6, 0x71, 0xf6, 0x71, 0xf6, 0x71, 0xf6, 0x71, 0xf6,
    0x71, 0xf6, 0x71, 0xf6, 0x71, 0xf6, 0x71, 0xf6, 0x71, 0xf6, 0x71, 0xf6,
    0x71, 0xf6, 0x71, 0xf6, 0x71, 0xf6, 0x71, 0xf6, 0x71, 0xf6, 0x71, 0xf6,
    0x71, 0xf6, 0x71, 0xf6, 0x71, 0xf6, 0x71, 0xf6, 0x71, 0xf6, 0x71, 0xf6,
    0x91, 0xf6, 0x71, 0xf6, 0xfd, 0xff, 0xff, 0xff, 0xff, 0xff, 0xff, 0xff,
    0xff, 0xff, 0xff, 0xff, 0xff, 0xff, 0xff, 0xff, 0xff, 0xff, 0xff, 0xff,
    0xff, 0xff, 0xff, 0xff, 0xff, 0xff, 0xff, 0xff, 0xff, 0xff, 0xff, 0xff,
    0xff, 0xff, 0xff, 0xff, 0xff, 0xff, 0xff, 0xff, 0xff, 0xff, 0xff, 0xff,
    0xff, 0xff, 0xff, 0xff, 0xff, 0xff, 0xff, 0xff, 0xff, 0xff, 0xff, 0xff,
    0xff, 0xff, 0xff, 0xff, 0xff, 0xff, 0xff, 0xff, 0xff, 0xff, 0xff, 0xff,
    0xff, 0xff, 0xff, 0xff, 0xff, 0xff, 0xff, 0xff, 0xff, 0xff, 0x16, 0xff,
    0x71, 0xf6, 0x91, 0xf6, 0x71, 0xf6, 0x71, 0xf6, 0x71, 0xf6, 0x71, 0xf6,
    0x71, 0xf6, 0x71, 0xf6, 0x71, 0xf6, 0x71, 0xf6, 0x71, 0xf6, 0x71, 0xf6,
    0x71, 0xf6, 0x71, 0xf6, 0x71, 0xf6, 0x71, 0xf6, 0x71, 0xf6, 0x71, 0xf6,
    0x71, 0xf6, 0x71, 0xf6, 0x71, 0xf6, 0x71, 0xf6, 0x71, 0xf6, 0x71, 0xf6,
    0x71, 0xf6, 0x71, 0xf6, 0x71, 0xf6, 0x71, 0xf6, 0x71, 0xf6, 0xf2, 0xfe,
    0x47, 0x11, 0x04, 0x00, 0x45, 0x00, 0x45, 0x00, 0x45, 0x00, 0x45, 0x00,
    0x45, 0x00, 0x45, 0x00, 0x45, 0x00, 0x45, 0x00, 0x45, 0x00, 0x45, 0x00,
    0x45, 0x00, 0x45, 0x00, 0x45, 0x00, 0x45, 0x00, 0x45, 0x00, 0x45, 0x00,
    0x45, 0x00, 0x45, 0x00, 0x45, 0x00, 0x45, 0x00, 0x45, 0x00, 0x45, 0x00,
    0x45, 0x00, 0x45, 0x00, 0x45, 0x00, 0x45, 0x00, 0x45, 0x00, 0x45, 0x00,
    0x65, 0x00, 0x04, 0x00, 0x49, 0x42, 0x33, 0xff, 0x51, 0xee, 0x71, 0xf6,
    0x71, 0xf6, 0x71, 0xf6, 0x71, 0xf6, 0x71, 0xf6, 0x71, 0xf6, 0x71, 0xf6,
    0x71, 0xf6, 0x71, 0xf6, 0x71, 0xf6, 0x71, 0xf6, 0x71, 0xf6, 0x71, 0xf6,
    0x71, 0xf6, 0x71, 0xf6, 0x71, 0xf6, 0x71, 0xf6, 0x71, 0xf6, 0x71, 0xf6,
    0x71, 0xf6, 0x71, 0xf6, 0x71, 0xf6, 0x71, 0xf6, 0x71, 0xf6, 0x71, 0xf6,
    0x71, 0xf6, 0x71, 0xf6, 0x92, 0xf6, 0x50, 0xf6, 0x78, 0xff, 0xff, 0xff,
    0xff, 0xff, 0xff, 0xff, 0xff, 0xff, 0xff, 0xff, 0xff, 0xff, 0xff, 0xff,
    0xff, 0xff, 0xff, 0xff, 0xff, 0xff, 0xff, 0xff, 0xff, 0xff, 0xff, 0xff,
    0xff, 0xff, 0xff, 0xff, 0xff, 0xff, 0xff, 0xff, 0xff, 0xff, 0xff, 0xff,
    0xff, 0xff, 0xff, 0xff, 0xff, 0xff, 0xff, 0xff, 0xff, 0xff, 0xff, 0xff,
    0xff, 0xff, 0xff, 0xff, 0xff, 0xff, 0xff, 0xff, 0xff, 0xff, 0xff, 0xff,
    0xff, 0xff, 0xff, 0xff, 0xff, 0xff, 0xff, 0xff, 0xff, 0xff, 0xbb, 0xff,
    0x50, 0xf6, 0x91, 0xf6, 0x71, 0xf6, 0x71, 0xf6, 0x71, 0xf6, 0x71, 0xf6,
    0x71, 0xf6, 0x71, 0xf6, 0x71, 0xf6, 0x71, 0xf6, 0x71, 0xf6, 0x71, 0xf6,
    0x71, 0xf6, 0x71, 0xf6, 0x71, 0xf6, 0x71, 0xf6, 0x71, 0xf6, 0x71, 0xf6,
    0x71, 0xf6, 0x71, 0xf6, 0x71, 0xf6, 0x71, 0xf6, 0x71, 0xf6, 0x71, 0xf6,
    0x71, 0xf6, 0x71, 0xf6, 0x71, 0xf6, 0x71, 0xf6, 0x70, 0xf6, 0xfd, 0xff,
    0xff, 0xff, 0xff, 0xff, 0xff, 0xff, 0xff, 0xff, 0xff, 0xff, 0xff, 0xff,
    0xff, 0xff, 0xff, 0xff, 0xff, 0xff, 0xff, 0xff, 0xff, 0xff, 0xff, 0xff,
    0xff, 0xff, 0xff, 0xff, 0xff, 0xff, 0xff, 0xff, 0xff, 0xff, 0xff, 0xff,
    0xff, 0xff, 0xff, 0xff, 0xff, 0xff, 0xff, 0xff, 0xff, 0xff, 0xff, 0xff,
    0xff, 0xff, 0xff, 0xff, 0xff, 0xff, 0xff, 0xff, 0xff, 0xff, 0xff, 0xff,
    0xff, 0xff, 0xff, 0xff, 0xff, 0xff, 0xff, 0xff, 0xff, 0xff, 0xff, 0xff,
    0x16, 0xff, 0x50, 0xf6, 0x92, 0xf6, 0x71, 0xf6, 0x71, 0xf6, 0x71, 0xf6,
    0x71, 0xf6, 0x71, 0xf6, 0x71, 0xf6, 0x71, 0xf6, 0x71, 0xf6, 0x71, 0xf6,
    0x71, 0xf6, 0x71, 0xf6, 0x71, 0xf6, 0x71, 0xf6, 0x71, 0xf6, 0x71, 0xf6,
    0x71, 0xf6, 0x71, 0xf6, 0x71, 0xf6, 0x71, 0xf6, 0x71, 0xf6, 0x71, 0xf6,
    0x71, 0xf6, 0x71, 0xf6, 0x71, 0xf6, 0x71, 0xf6, 0x71, 0xf6, 0x71, 0xf6,
    0x71, 0xf6, 0xf2, 0xfe, 0x47, 0x11, 0x04, 0x00, 0x45, 0x00, 0x45, 0x00,
    0x45, 0x00, 0x45, 0x00, 0x45, 0x00, 0x45, 0x00, 0x45, 0x00, 0x45, 0x00,
    0x45, 0x00, 0x45, 0x00, 0x45, 0x00, 0x45, 0x00, 0x45, 0x00, 0x45, 0x00,
    0x45, 0x00, 0x45, 0x00, 0x45, 0x00, 0x45, 0x00, 0x45, 0x00, 0x45, 0x00,
    0x45, 0x00, 0x45, 0x00, 0x45, 0x00, 0x45, 0x00, 0x45, 0x00, 0x45, 0x00,
    0x45, 0x00, 0x45, 0x00, 0x65, 0x00, 0x04, 0x00, 0x49, 0x42, 0x33, 0xff,
    0x51, 0xee, 0x71, 0xf6, 0x71, 0xf6, 0x71, 0xf6, 0x71, 0xf6, 0x71, 0xf6,
    0x71, 0xf6, 0x71, 0xf6, 0x71, 0xf6, 0x71, 0xf6, 0x71, 0xf6, 0x71, 0xf6,
    0x71, 0xf6, 0x71, 0xf6, 0x71, 0xf6, 0x71, 0xf6, 0x71, 0xf6, 0x71, 0xf6,
    0x71, 0xf6, 0x71, 0xf6, 0x71, 0xf6, 0x71, 0xf6, 0x71, 0xf6, 0x71, 0xf6,
    0x71, 0xf6, 0x71, 0xf6, 0x71, 0xf6, 0x71, 0xf6, 0x71, 0xf6, 0x92, 0xf6,
    0x2f, 0xf6, 0xff, 0xff, 0xff, 0xff, 0xff, 0xff, 0xff, 0xff, 0xff, 0xff,
    0xff, 0xff, 0xff, 0xff, 0xff, 0xff, 0xff, 0xff, 0xff, 0xff, 0xff, 0xff,
    0xff, 0xff, 0xff, 0xff, 0xff, 0xff, 0xff, 0xff, 0xff, 0xff, 0xff, 0xff,
    0xff, 0xff, 0xff, 0xff, 0xff, 0xff, 0xff, 0xff, 0xff, 0xff, 0xff, 0xff,
    0xff, 0xff, 0xff, 0xff, 0xff, 0xff, 0xff, 0xff, 0xff, 0xff, 0xff, 0xff,
    0xff, 0xff, 0xff, 0xff, 0xff, 0xff, 0xff, 0xff, 0xff, 0xff, 0xff, 0xff,
    0xff, 0xff, 0x70, 0xf6, 0x71, 0xf6, 0x71, 0xf6, 0x71, 0xf6, 0x71, 0xf6,
    0x71, 0xf6, 0x71, 0xf6, 0x71, 0xf6, 0x71, 0xf6, 0x71, 0xf6, 0x71, 0xf6,
    0x71, 0xf6, 0x71, 0xf6, 0x71, 0xf6, 0x71, 0xf6, 0x71, 0xf6, 0x71, 0xf6,
    0x71, 0xf6, 0x71, 0xf6, 0x71, 0xf6, 0x71, 0xf6, 0x71, 0xf6, 0x71, 0xf6,
    0x71, 0xf6, 0x71, 0xf6, 0x71, 0xf6, 0x71, 0xf6, 0x71, 0xf6, 0x71, 0xf6,
    0x71, 0xf6, 0xb3, 0xfe, 0xff, 0xff, 0xff, 0xff, 0xff, 0xff, 0xff, 0xff,
    0xff, 0xff, 0xff, 0xff, 0xff, 0xff, 0xff, 0xff, 0xff, 0xff, 0xff, 0xff,
    0xff, 0xff, 0xff, 0xff, 0xff, 0xff, 0xff, 0xff, 0xff, 0xff, 0xff, 0xff,
    0xff, 0xff, 0xff, 0xff, 0xff, 0xff, 0xff, 0xff, 0xff, 0xff, 0xff, 0xff,
    0xff, 0xff, 0xff, 0xff, 0xff, 0xff, 0xff, 0xff, 0xff, 0xff, 0xff, 0xff,
    0xff, 0xff, 0xff, 0xff, 0xff, 0xff, 0xff, 0xff, 0xff, 0xff, 0xff, 0xff,
    0xff, 0xff, 0xfd, 0xff, 0x2f, 0xf6, 0x92, 0xfe, 0x71, 0xf6, 0x71, 0xf6,
    0x71, 0xf6, 0x71, 0xf6, 0x71, 0xf6, 0x71, 0xf6, 0x71, 0xf6, 0x71, 0xf6,
    0x71, 0xf6, 0x71, 0xf6, 0x71, 0xf6, 0x71, 0xf6, 0x71, 0xf6, 0x71, 0xf6,
    0x71, 0xf6, 0x71, 0xf6, 0x71, 0xf6, 0x71, 0xf6, 0x71, 0xf6, 0x71, 0xf6,
    0x71, 0xf6, 0x71, 0xf6, 0x71, 0xf6, 0x71, 0xf6, 0x71, 0xf6, 0x71, 0xf6,
    0x71, 0xf6, 0x71, 0xf6, 0x71, 0xf6, 0xf2, 0xfe, 0x47, 0x11, 0x04, 0x00,
    0x45, 0x00, 0x45, 0x00, 0x45, 0x00, 0x45, 0x00, 0x45, 0x00, 0x45, 0x00,
    0x45, 0x00, 0x45, 0x00, 0x45, 0x00, 0x45, 0x00, 0x45, 0x00, 0x45, 0x00,
    0x45, 0x00, 0x45, 0x00, 0x45, 0x00, 0x45, 0x00, 0x45, 0x00, 0x45, 0x00,
    0x45, 0x00, 0x45, 0x00, 0x45, 0x00, 0x45, 0x00, 0x45, 0x00, 0x45, 0x00,
    0x45, 0x00, 0x45, 0x00, 0x45, 0x00, 0x45, 0x00, 0x65, 0x00, 0x04, 0x00,
    0x49, 0x42, 0x33, 0xff, 0x51, 0xee, 0x71, 0xf6, 0x71, 0xf6, 0x71, 0xf6,
    0x71, 0xf6, 0x71, 0xf6, 0x71, 0xf6, 0x71, 0xf6, 0x71, 0xf6, 0x71, 0xf6,
    0x71, 0xf6, 0x71, 0xf6, 0x71, 0xf6, 0x71, 0xf6, 0x71, 0xf6, 0x71, 0xf6,
    0x71, 0xf6, 0x71, 0xf6, 0x71, 0xf6, 0x71, 0xf6, 0x71, 0xf6, 0x71, 0xf6,
    0x71, 0xf6, 0x71, 0xf6, 0x71, 0xf6, 0x71, 0xf6, 0x71, 0xf6, 0x71, 0xf6,
    0x71, 0xf6, 0x71, 0xf6, 0x71, 0xf6, 0x16, 0xff, 0xff, 0xff, 0xff, 0xff,
    0xff, 0xff, 0xff, 0xff, 0xff, 0xff, 0xff, 0xff, 0xff, 0xff, 0xff, 0xff,
    0xff, 0xff, 0xff, 0xff, 0xff, 0xff, 0xff, 0xff, 0xff, 0xff, 0xff, 0xff,
    0xff, 0xff, 0xff, 0xff, 0xff, 0xff, 0xff, 0xff, 0xff, 0xff, 0xff, 0xff,
    0xff, 0xff, 0xff, 0xff, 0xff, 0xff, 0xff, 0xff, 0xff, 0xff, 0xff, 0xff,
    0xff, 0xff, 0xff, 0xff, 0xff, 0xff, 0xff, 0xff, 0xff, 0xff, 0xff, 0xff,
    0xff, 0xff, 0xff, 0xff, 0x78, 0xff, 0x71, 0xf6, 0x71, 0xf6, 0x71, 0xf6,
    0x71, 0xf6, 0x71, 0xf6, 0x71, 0xf6, 0x71, 0xf6, 0x71, 0xf6, 0x71, 0xf6,
    0x71, 0xf6, 0x71, 0xf6, 0x71, 0xf6, 0x71, 0xf6, 0x71, 0xf6, 0x71, 0xf6,
    0x71, 0xf6, 0x71, 0xf6, 0x71, 0xf6, 0x71, 0xf6, 0x71, 0xf6, 0x71, 0xf6,
    0x71, 0xf6, 0x71, 0xf6, 0x71, 0xf6, 0x71, 0xf6, 0x71, 0xf6, 0x71, 0xf6,
    0x71, 0xf6, 0x71, 0xf6, 0x71, 0xf6, 0x91, 0xf6, 0xbb, 0xff, 0xff, 0xff,
    0xff, 0xff, 0xff, 0xff, 0xff, 0xff, 0xff, 0xff, 0xff, 0xff, 0xff, 0xff,
    0xff, 0xff, 0xff, 0xff, 0xff, 0xff, 0xff, 0xff, 0xff, 0xff, 0xff, 0xff,
    0xff, 0xff, 0xff, 0xff, 0xff, 0xff, 0xff, 0xff, 0xff, 0xff, 0xff, 0xff,
    0xff, 0xff, 0xff, 0xff, 0xff, 0xff, 0xff, 0xff, 0xff, 0xff, 0xff, 0xff,
    0xff, 0xff, 0xff, 0xff, 0xff, 0xff, 0xff, 0xff, 0xff, 0xff, 0xff, 0xff,
    0xff, 0xff, 0xff, 0xff, 0xff, 0xff, 0xf4, 0xfe, 0x71, 0xf6, 0x71, 0xf6,
    0x71, 0xf6, 0x71, 0xf6, 0x71, 0xf6, 0x71, 0xf6, 0x71, 0xf6, 0x71, 0xf6,
    0x71, 0xf6, 0x71, 0xf6, 0x71, 0xf6, 0x71, 0xf6, 0x71, 0xf6, 0x71, 0xf6,
    0x71, 0xf6, 0x71, 0xf6, 0x71, 0xf6, 0x71, 0xf6, 0x71, 0xf6, 0x71, 0xf6,
    0x71, 0xf6, 0x71, 0xf6, 0x71, 0xf6, 0x71, 0xf6, 0x71, 0xf6, 0x71, 0xf6,
    0x71, 0xf6, 0x71, 0xf6, 0x71, 0xf6, 0x71, 0xf6, 0x71, 0xf6, 0xf2, 0xfe,
    0x47, 0x11, 0x04, 0x00, 0x45, 0x00, 0x45, 0x00, 0x45, 0x00, 0x45, 0x00,
    0x45, 0x00, 0x45, 0x00, 0x45, 0x00, 0x45, 0x00, 0x45, 0x00, 0x45, 0x00,
    0x45, 0x00, 0x45, 0x00, 0x45, 0x00, 0x45, 0x00, 0x45, 0x00, 0x45, 0x00,
    0x45, 0x00, 0x45, 0x00, 0x45, 0x00, 0x45, 0x00, 0x45, 0x00, 0x45, 0x00,
    0x45, 0x00, 0x45, 0x00, 0x45, 0x00, 0x45, 0x00, 0x45, 0x00, 0x45, 0x00,
    0x65, 0x00, 0x04, 0x00, 0x49, 0x42, 0x33, 0xff, 0x51, 0xee, 0x71, 0xf6,
    0x71, 0xf6, 0x71, 0xf6, 0x71, 0xf6, 0x71, 0xf6, 0x71, 0xf6, 0x71, 0xf6,
    0x71, 0xf6, 0x71, 0xf6, 0x71, 0xf6, 0x71, 0xf6, 0x71, 0xf6, 0x71, 0xf6,
    0x71, 0xf6, 0x71, 0xf6, 0x71, 0xf6, 0x71, 0xf6, 0x71, 0xf6, 0x71, 0xf6,
    0x71, 0xf6, 0x71, 0xf6, 0x71, 0xf6, 0x71, 0xf6, 0x71, 0xf6, 0x71, 0xf6,
    0x71, 0xf6, 0x71, 0xf6, 0x71, 0xf6, 0x71, 0xf6, 0x71, 0xf6, 0x50, 0xf6,
    0x16, 0xff, 0xff, 0xff, 0xff, 0xff, 0xff, 0xff, 0xff, 0xff, 0xff, 0xff,
    0xff, 0xff, 0xff, 0xff, 0xff, 0xff, 0xff, 0xff, 0xff, 0xff, 0xff, 0xff,
    0xff, 0xff, 0xff, 0xff, 0xff, 0xff, 0xff, 0xff, 0xff, 0xff, 0xff, 0xff,
    0xff, 0xff, 0xff, 0xff, 0xff, 0xff, 0xff, 0xff, 0xff, 0xff, 0xff, 0xff,
    0xff, 0xff, 0xff, 0xff, 0xff, 0xff, 0xff, 0xff, 0xff, 0xff, 0xff, 0xff,
    0xff, 0xff, 0xff, 0xff, 0xff, 0xff, 0x78, 0xff, 0x50, 0xf6, 0x71, 0xf6,
    0x71, 0xf6, 0x71, 0xf6, 0x71, 0xf6, 0x71, 0xf6, 0x71, 0xf6, 0x71, 0xf6,
    0x71, 0xf6, 0x71, 0xf6, 0x71, 0xf6, 0x71, 0xf6, 0x71, 0xf6, 0x71, 0xf6,
    0x71, 0xf6, 0x71, 0xf6, 0x71, 0xf6, 0x71, 0xf6, 0x71, 0xf6, 0x71, 0xf6,
    0x71, 0xf6, 0x71, 0xf6, 0x71, 0xf6, 0x71, 0xf6, 0x71, 0xf6, 0x71, 0xf6,
    0x71, 0xf6, 0x71, 0xf6, 0x71, 0xf6, 0x71, 0xf6, 0x71, 0xf6, 0x71, 0xf6,
    0x50, 0xf6, 0xbb, 0xff, 0xff, 0xff, 0xff, 0xff, 0xff, 0xff, 0xff, 0xff,
    0xff, 0xff, 0xff, 0xff, 0xff, 0xff, 0xff, 0xff, 0xff, 0xff, 0xff, 0xff,
    0xff, 0xff, 0xff, 0xff, 0xff, 0xff, 0xff, 0xff, 0xff, 0xff, 0xff, 0xff,
    0xff, 0xff, 0xff, 0xff, 0xff, 0xff, 0xff, 0xff, 0xff, 0xff, 0xff, 0xff,
    0xff, 0xff, 0xff, 0xff, 0xff, 0xff, 0xff, 0xff, 0xff, 0xff, 0xff, 0xff,
    0xff, 0xff, 0xff, 0xff, 0xff, 0xff, 0xff, 0xff, 0xb3, 0xfe, 0x50, 0xf6,
    0x91, 0xf6, 0x71, 0xf6, 0x71, 0xf6, 0x71, 0xf6, 0x71, 0xf6, 0x71, 0xf6,
    0x71, 0xf6, 0x71, 0xf6, 0x71, 0xf6, 0x71, 0xf6, 0x71, 0xf6, 0x71, 0xf6,
    0x71, 0xf6, 0x71, 0xf6, 0x71, 0xf6, 0x71, 0xf6, 0x71, 0xf6, 0x71, 0xf6,
    0x71, 0xf6, 0x71, 0xf6, 0x71, 0xf6, 0x71, 0xf6, 0x71, 0xf6, 0x71, 0xf6,
    0x71, 0xf6, 0x71, 0xf6, 0x71, 0xf6, 0x71, 0xf6, 0x71, 0xf6, 0x71, 0xf6,
    0x71, 0xf6, 0xf2, 0xfe, 0x47, 0x11, 0x04, 0x00, 0x45, 0x00, 0x45, 0x00,
    0x45, 0x00, 0x45, 0x00, 0x45, 0x00, 0x45, 0x00, 0x45, 0x00, 0x45, 0x00,
    0x45, 0x00, 0x45, 0x00, 0x45, 0x00, 0x45, 0x00, 0x45, 0x00, 0x45, 0x00,
    0x45, 0x00, 0x45, 0x00, 0x45, 0x00, 0x45, 0x00, 0x45, 0x00, 0x45, 0x00,
    0x45, 0x00, 0x45, 0x00, 0x45, 0x00, 0x45, 0x00, 0x45, 0x00, 0x45, 0x00,
    0x45, 0x00, 0x45, 0x00, 0x65, 0x00, 0x04, 0x00, 0x49, 0x42, 0x33, 0xff,
    0x51, 0xee, 0x71, 0xf6, 0x71, 0xf6, 0x71, 0xf6, 0x71, 0xf6, 0x71, 0xf6,
    0x71, 0xf6, 0x71, 0xf6, 0x71, 0xf6, 0x71, 0xf6, 0x71, 0xf6, 0x71, 0xf6,
    0x71, 0xf6, 0x71, 0xf6, 0x71, 0xf6, 0x71, 0xf6, 0x71, 0xf6, 0x71, 0xf6,
    0x71, 0xf6, 0x71, 0xf6, 0x71, 0xf6, 0x71, 0xf6, 0x71, 0xf6, 0x71, 0xf6,
    0x71, 0xf6, 0x71, 0xf6, 0x71, 0xf6, 0x71, 0xf6, 0x71, 0xf6, 0x71, 0xf6,
    0x71, 0xf6, 0x71, 0xf6, 0x71, 0xf6, 0x70, 0xf6, 0x58, 0xff, 0xff, 0xff,
    0xff, 0xff, 0xff, 0xff, 0xff, 0xff, 0xff, 0xff, 0xff, 0xff, 0xff, 0xff,
    0xff, 0xff, 0xff, 0xff, 0xff, 0xff, 0xff, 0xff, 0xff, 0xff, 0xff, 0xff,
    0xff, 0xff, 0xff, 0xff, 0xff, 0xff, 0xff, 0xff, 0xff, 0xff, 0xff, 0xff,
    0xff, 0xff, 0xff, 0xff, 0xff, 0xff, 0xff, 0xff, 0xff, 0xff, 0xff, 0xff,
    0xff, 0xff, 0xff, 0xff, 0xff, 0xff, 0xbb, 0xff, 0x71, 0xf6, 0x71, 0xf6,
    0x71, 0xf6, 0x71, 0xf6, 0x71, 0xf6, 0x71, 0xf6, 0x71, 0xf6, 0x71, 0xf6,
    0x71, 0xf6, 0x71, 0xf6, 0x71, 0xf6, 0x71, 0xf6, 0x71, 0xf6, 0x71, 0xf6,
    0x71, 0xf6, 0x71, 0xf6, 0x71, 0xf6, 0x71, 0xf6, 0x71, 0xf6, 0x71, 0xf6,
    0x71, 0xf6, 0x71, 0xf6, 0x71, 0xf6, 0x71, 0xf6, 0x71, 0xf6, 0x71, 0xf6,
    0x71, 0xf6, 0x71, 0xf6, 0x71, 0xf6, 0x71, 0xf6, 0x71, 0xf6, 0x71, 0xf6,
    0x71, 0xf6, 0x71, 0xf6, 0x71, 0xf6, 0x71, 0xf6, 0x71, 0xf6, 0xfd, 0xff,
    0xff, 0xff, 0xff, 0xff, 0xff, 0xff, 0xff, 0xff, 0xff, 0xff, 0xff, 0xff,
    0xff, 0xff, 0xff, 0xff, 0xff, 0xff, 0xff, 0xff, 0xff, 0xff, 0xff, 0xff,
    0xff, 0xff, 0xff, 0xff, 0xff, 0xff, 0xff, 0xff, 0xff, 0xff, 0xff, 0xff,
    0xff, 0xff, 0xff, 0xff, 0xff, 0xff, 0xff, 0xff, 0xff, 0xff, 0xff, 0xff,
    0xff, 0xff, 0xff, 0xff, 0xff, 0xff, 0xff, 0xff, 0x16, 0xff, 0x71, 0xf6,
    0x71, 0xf6, 0x91, 0xf6, 0x71, 0xf6, 0x71, 0xf6, 0x71, 0xf6, 0x71, 0xf6,
    0x71, 0xf6, 0x71, 0xf6, 0x71, 0xf6, 0x71, 0xf6, 0x71, 0xf6, 0x71, 0xf6,
    0x71, 0xf6, 0x71, 0xf6, 0x71, 0xf6, 0x71, 0xf6, 0x71, 0xf6, 0x71, 0xf6,
    0x71, 0xf6, 0x71, 0xf6, 0x71, 0xf6, 0x71, 0xf6, 0x71, 0xf6, 0x71, 0xf6,
    0x71, 0xf6, 0x71, 0xf6, 0x71, 0xf6, 0x71, 0xf6, 0x71, 0xf6, 0x71, 0xf6,
    0x71, 0xf6, 0x71, 0xf6, 0x71, 0xf6, 0xf2, 0xfe, 0x47, 0x11, 0x04, 0x00,
    0x45, 0x00, 0x45, 0x00, 0x45, 0x00, 0x45, 0x00, 0x45, 0x00, 0x45, 0x00,
    0x45, 0x00, 0x45, 0x00, 0x45, 0x00, 0x45, 0x00, 0x45, 0x00, 0x45, 0x00,
    0x45, 0x00, 0x45, 0x00, 0x45, 0x00, 0x45, 0x00, 0x45, 0x00, 0x45, 0x00,
    0x45, 0x00, 0x45, 0x00, 0x45, 0x00, 0x45, 0x00, 0x45, 0x00, 0x45, 0x00,
    0x45, 0x00, 0x45, 0x00, 0x45, 0x00, 0x45, 0x00, 0x65, 0x00, 0x04, 0x00,
    0x49, 0x42, 0x33, 0xff, 0x51, 0xee, 0x71, 0xf6, 0x71, 0xf6, 0x71, 0xf6,
    0x71, 0xf6, 0x71, 0xf6, 0x71, 0xf6, 0x71, 0xf6, 0x71, 0xf6, 0x71, 0xf6,
    0x71, 0xf6, 0x71, 0xf6, 0x71, 0xf6, 0x71, 0xf6, 0x71, 0xf6, 0x71, 0xf6,
    0x71, 0xf6, 0x71, 0xf6, 0x71, 0xf6, 0x71, 0xf6, 0x71, 0xf6, 0x71, 0xf6,
    0x71, 0xf6, 0x71, 0xf6, 0x71, 0xf6, 0x71, 0xf6, 0x71, 0xf6, 0x71, 0xf6,
    0x71, 0xf6, 0x71, 0xf6, 0x71, 0xf6, 0x71, 0xf6, 0x71, 0xf6, 0x71, 0xf6,
    0x50, 0xf6, 0x78, 0xff, 0xff, 0xff, 0xff, 0xff, 0xff, 0xff, 0xff, 0xff,
    0xff, 0xff, 0xff, 0xff, 0xff, 0xff, 0xff, 0xff, 0xff, 0xff, 0xff, 0xff,
    0xff, 0xff, 0xff, 0xff, 0xff, 0xff, 0xff, 0xff, 0xff, 0xff, 0xff, 0xff,
    0xff, 0xff, 0xff, 0xff, 0xff, 0xff, 0xff, 0xff, 0xff, 0xff, 0xff, 0xff,
    0xff, 0xff, 0xff, 0xff, 0xff, 0xff, 0xff, 0xff, 0xbb, 0xff, 0x50, 0xf6,
    0x71, 0xf6, 0x71, 0xf6, 0x71, 0xf6, 0x71, 0xf6, 0x71, 0xf6, 0x71, 0xf6,
    0x71, 0xf6, 0x71, 0xf6, 0x71, 0xf6, 0x71, 0xf6, 0x71, 0xf6, 0x71, 0xf6,
    0x71, 0xf6, 0x71, 0xf6, 0x71, 0xf6, 0x71, 0xf6, 0x71, 0xf6, 0x71, 0xf6,
    0x71, 0xf6, 0x71, 0xf6, 0x71, 0xf6, 0x71, 0xf6, 0x71, 0xf6, 0x71, 0xf6,
    0x71, 0xf6, 0x71, 0xf6, 0x71, 0xf6, 0x71, 0xf6, 0x71, 0xf6, 0x71, 0xf6,
    0x71, 0xf6, 0x71, 0xf6, 0x71, 0xf6, 0x71, 0xf6, 0x71, 0xf6, 0x71, 0xf6,
    0x71, 0xf6, 0x70, 0xf6, 0xfd, 0xff, 0xff, 0xff, 0xff, 0xff, 0xff, 0xff,
    0xff, 0xff, 0xff, 0xff, 0xff, 0xff, 0xff, 0xff, 0xff, 0xff, 0xff, 0xff,
    0xff, 0xff, 0xff, 0xff, 0xff, 0xff, 0xff, 0xff, 0xff, 0xff, 0xff, 0xff,
    0xff, 0xff, 0xff, 0xff, 0xff, 0xff, 0xff, 0xff, 0xff, 0xff, 0xff, 0xff,
    0xff, 0xff, 0xff, 0xff, 0xff, 0xff, 0xff, 0xff, 0xff, 0xff, 0x16, 0xff,
    0x50, 0xf6, 0x71, 0xf6, 0x71, 0xf6, 0x71, 0xf6, 0x71, 0xf6, 0x71, 0xf6,
    0x71, 0xf6, 0x71, 0xf6, 0x71, 0xf6, 0x71, 0xf6, 0x71, 0xf6, 0x71, 0xf6,
    0x71, 0xf6, 0x71, 0xf6, 0x71, 0xf6, 0x71, 0xf6, 0x71, 0xf6, 0x71, 0xf6,
    0x71, 0xf6, 0x71, 0xf6, 0x71, 0xf6, 0x71, 0xf6, 0x71, 0xf6, 0x71, 0xf6,
    0x71, 0xf6, 0x71, 0xf6, 0x71, 0xf6, 0x71, 0xf6, 0x71, 0xf6, 0x71, 0xf6,
    0x71, 0xf6, 0x71, 0xf6, 0x71, 0xf6, 0x71, 0xf6, 0x71, 0xf6, 0xf2, 0xfe,
    0x47, 0x11, 0x04, 0x00, 0x45, 0x00, 0x45, 0x00, 0x45, 0x00, 0x45, 0x00,
    0x45, 0x00, 0x45, 0x00, 0x45, 0x00, 0x45, 0x00, 0x45, 0x00, 0x45, 0x00,
    0x45, 0x00, 0x45, 0x00, 0x45, 0x00, 0x45, 0x00, 0x45, 0x00, 0x45, 0x00,
    0x45, 0x00, 0x45, 0x00, 0x45, 0x00, 0x45, 0x00, 0x45, 0x00, 0x45, 0x00,
    0x45, 0x00, 0x45, 0x00, 0x45, 0x00, 0x45, 0x00, 0x45, 0x00, 0x45, 0x00,
    0x65, 0x00, 0x04, 0x00, 0x49, 0x42, 0x33, 0xff, 0x51, 0xee, 0x71, 0xf6,
    0x71, 0xf6, 0x71, 0xf6, 0x71, 0xf6, 0x71, 0xf6, 0x71, 0xf6, 0x71, 0xf6,
    0x71, 0xf6, 0x71, 0xf6, 0x71, 0xf6, 0x71, 0xf6, 0x71, 0xf6, 0x71, 0xf6,
    0x71, 0xf6, 0x71, 0xf6, 0x71, 0xf6, 0x71, 0xf6, 0x71, 0xf6, 0x71, 0xf6,
    0x71, 0xf6, 0x71, 0xf6, 0x71, 0xf6, 0x71, 0xf6, 0x71, 0xf6, 0x71, 0xf6,
    0x71, 0xf6, 0x71, 0xf6, 0x71, 0xf6, 0x71, 0xf6, 0x71, 0xf6, 0x71, 0xf6,
    0x71, 0xf6, 0x71, 0xf6, 0x92, 0xf6, 0x50, 0xf6, 0x57, 0xff, 0xdb, 0xff,
    0xff, 0xff, 0xff, 0xff, 0xff, 0xff, 0xff, 0xff, 0xff, 0xff, 0xff, 0xff,
    0xff, 0xff, 0xff, 0xff, 0xff, 0xff, 0xff, 0xff, 0xff, 0xff, 0xff, 0xff,
    0xff, 0xff, 0xff, 0xff, 0xff, 0xff, 0xff, 0xff, 0xff, 0xff, 0xff, 0xff,
    0xff, 0xff, 0xff, 0xff, 0xff, 0xff, 0xff, 0xff, 0xfd, 0xff, 0x79, 0xff,
    0x70, 0xf6, 0x71, 0xf6, 0x71, 0xf6, 0x71, 0xf6, 0x71, 0xf6, 0x71, 0xf6,
    0x71, 0xf6, 0x71, 0xf6, 0x71, 0xf6, 0x71, 0xf6, 0x71, 0xf6, 0x71, 0xf6,
    0x71, 0xf6, 0x71, 0xf6, 0x71, 0xf6, 0x71, 0xf6, 0x71, 0xf6, 0x71, 0xf6,
    0x71, 0xf6, 0x71, 0xf6, 0x71, 0xf6, 0x71, 0xf6, 0x71, 0xf6, 0x71, 0xf6,
    0x71, 0xf6, 0x71, 0xf6, 0x71, 0xf6, 0x71, 0xf6, 0x71, 0xf6, 0x71, 0xf6,
    0x71, 0xf6, 0x71, 0xf6, 0x71, 0xf6, 0x71, 0xf6, 0x71, 0xf6, 0x71, 0xf6,
    0x71, 0xf6, 0x71, 0xf6, 0x71, 0xf6, 0x71, 0xf6, 0x91, 0xf6, 0x79, 0xff,
    0xfe, 0xff, 0xff, 0xff, 0xff, 0xff, 0xff, 0xff, 0xff, 0xff, 0xff, 0xff,
    0xff, 0xff, 0xff, 0xff, 0xff, 0xff, 0xff, 0xff, 0xff, 0xff, 0xff, 0xff,
    0xff, 0xff, 0xff, 0xff, 0xff, 0xff, 0xff, 0xff, 0xff, 0xff, 0xff, 0xff,
    0xff, 0xff, 0xff, 0xff, 0xff, 0xff, 0xff, 0xff, 0xff, 0xff, 0xba, 0xff,
    0x16, 0xff, 0x50, 0xf6, 0x92, 0xf6, 0x71, 0xf6, 0x71, 0xf6, 0x71, 0xf6,
    0x71, 0xf6, 0x71, 0xf6, 0x71, 0xf6, 0x71, 0xf6, 0x71, 0xf6, 0x71, 0xf6,
    0x71, 0xf6, 0x71, 0xf6, 0x71, 0xf6, 0x71, 0xf6, 0x71, 0xf6, 0x71, 0xf6,
    0x71, 0xf6, 0x71, 0xf6, 0x71, 0xf6, 0x71, 0xf6, 0x71, 0xf6, 0x71, 0xf6,
    0x71, 0xf6, 0x71, 0xf6, 0x71, 0xf6, 0x71, 0xf6, 0x71, 0xf6, 0x71, 0xf6,
    0x71, 0xf6, 0x71, 0xf6, 0x71, 0xf6, 0x71, 0xf6, 0x71, 0xf6, 0x71, 0xf6,
    0x71, 0xf6, 0xf2, 0xfe, 0x47, 0x11, 0x04, 0x00, 0x45, 0x00, 0x45, 0x00,
    0x45, 0x00, 0x45, 0x00, 0x45, 0x00, 0x45, 0x00, 0x45, 0x00, 0x45, 0x00,
    0x45, 0x00, 0x45, 0x00, 0x45, 0x00, 0x45, 0x00, 0x45, 0x00, 0x45, 0x00,
    0x45, 0x00, 0x45, 0x00, 0x45, 0x00, 0x45, 0x00, 0x45, 0x00, 0x45, 0x00,
    0x45, 0x00, 0x45, 0x00, 0x45, 0x00, 0x45, 0x00, 0x45, 0x00, 0x45, 0x00,
    0x45, 0x00, 0x45, 0x00, 0x65, 0x00, 0x04, 0x00, 0x49, 0x42, 0x33, 0xff,
    0x51, 0xee, 0x71, 0xf6, 0x71, 0xf6, 0x71, 0xf6, 0x71, 0xf6, 0x71, 0xf6,
    0x71, 0xf6, 0x71, 0xf6, 0x71, 0xf6, 0x71, 0xf6, 0x71, 0xf6, 0x71, 0xf6,
    0x71, 0xf6, 0x71, 0xf6, 0x71, 0xf6, 0x71, 0xf6, 0x71, 0xf6, 0x71, 0xf6,
    0x71, 0xf6, 0x71, 0xf6, 0x71, 0xf6, 0x71, 0xf6, 0x71, 0xf6, 0x71, 0xf6,
    0x71, 0xf6, 0x71, 0xf6, 0x71, 0xf6, 0x71, 0xf6, 0x71, 0xf6, 0x71, 0xf6,
    0x71, 0xf6, 0x71, 0xf6, 0x71, 0xf6, 0x71, 0xf6, 0x71, 0xf6, 0x92, 0xf6,
    0x50, 0xf6, 0x71, 0xf6, 0x16, 0xff, 0xfd, 0xff, 0xff, 0xff, 0xff, 0xff,
    0xff, 0xff, 0xff, 0xff, 0xff, 0xff, 0xff, 0xff, 0xff, 0xff, 0xff, 0xff,
    0xff, 0xff, 0xff, 0xff, 0xff, 0xff, 0xff, 0xff, 0xff, 0xff, 0xff, 0xff,
    0xff, 0xff, 0xff, 0xff, 0xff, 0xff, 0xff, 0xff, 0xff, 0xff, 0x16, 0xff,
    0x92, 0xf6, 0x2f, 0xf6, 0x92, 0xf6, 0x71, 0xf6, 0x71, 0xf6, 0x71, 0xf6,
    0x71, 0xf6, 0x71, 0xf6, 0x71, 0xf6, 0x71, 0xf6, 0x71, 0xf6, 0x71, 0xf6,
    0x71, 0xf6, 0x71, 0xf6, 0x71, 0xf6, 0x71, 0xf6, 0x71, 0xf6, 0x71, 0xf6,
    0x71, 0xf6, 0x71, 0xf6, 0x71, 0xf6, 0x71, 0xf6, 0x71, 0xf6, 0x71, 0xf6,
    0x71, 0xf6, 0x71, 0xf6, 0x71, 0xf6, 0x71, 0xf6, 0x71, 0xf6, 0x71, 0xf6,
    0x71, 0xf6, 0x71, 0xf6, 0x71, 0xf6, 0x71, 0xf6, 0x71, 0xf6, 0x71, 0xf6,
    0x71, 0xf6, 0x71, 0xf6, 0x71, 0xf6, 0x71, 0xf6, 0x71, 0xf6, 0x71, 0xf6,
    0x91, 0xf6, 0x2f, 0xf6, 0xb3, 0xfe, 0x36, 0xff, 0xff, 0xff, 0xff, 0xff,
    0xff, 0xff, 0xff, 0xff, 0xff, 0xff, 0xff, 0xff, 0xff, 0xff, 0xff, 0xff,
    0xff, 0xff, 0xff, 0xff, 0xff, 0xff, 0xff, 0xff, 0xff, 0xff, 0xff, 0xff,
    0xff, 0xff, 0xff, 0xff, 0xff, 0xff, 0xff, 0xff, 0xff, 0xff, 0xba, 0xff,
    0x16, 0xff, 0x50, 0xf6, 0x70, 0xf6, 0x92, 0xf6, 0x71, 0xf6, 0x71, 0xf6,
    0x71, 0xf6, 0x71, 0xf6, 0x71, 0xf6, 0x71, 0xf6, 0x71, 0xf6, 0x71, 0xf6,
    0x71, 0xf6, 0x71, 0xf6, 0x71, 0xf6, 0x71, 0xf6, 0x71, 0xf6, 0x71, 0xf6,
    0x71, 0xf6, 0x71, 0xf6, 0x71, 0xf6, 0x71, 0xf6, 0x71, 0xf6, 0x71, 0xf6,
    0x71, 0xf6, 0x71, 0xf6, 0x71, 0xf6, 0x71, 0xf6, 0x71, 0xf6, 0x71, 0xf6,
    0x71, 0xf6, 0x71, 0xf6, 0x71, 0xf6, 0x71, 0xf6, 0x71, 0xf6, 0x71, 0xf6,
    0x71, 0xf6, 0x71, 0xf6, 0x71, 0xf6, 0xf2, 0xfe, 0x47, 0x11, 0x04, 0x00,
    0x45, 0x00, 0x45, 0x00, 0x45, 0x00, 0x45, 0x00, 0x45, 0x00, 0x45, 0x00,
    0x45, 0x00, 0x45, 0x00, 0x45, 0x00, 0x45, 0x00, 0x45, 0x00, 0x45, 0x00,
    0x45, 0x00, 0x45, 0x00, 0x45, 0x00, 0x45, 0x00, 0x45, 0x00, 0x45, 0x00,
    0x45, 0x00, 0x45, 0x00, 0x45, 0x00, 0x45, 0x00, 0x45, 0x00, 0x45, 0x00,
    0x45, 0x00, 0x45, 0x00, 0x45, 0x00, 0x45, 0x00, 0x65, 0x00, 0x04, 0x00,
    0x49, 0x3a, 0x12, 0xff, 0x51, 0xee, 0x71, 0xf6, 0x71, 0xf6, 0x71, 0xf6,
    0x71, 0xf6, 0x71, 0xf6, 0x71, 0xf6, 0x71, 0xf6, 0x71, 0xf6, 0x71, 0xf6,
    0x71, 0xf6, 0x71, 0xf6, 0x71, 0xf6, 0x71, 0xf6, 0x71, 0xf6, 0x71, 0xf6,
    0x71, 0xf6, 0x71, 0xf6, 0x71, 0xf6, 0x71, 0xf6, 0x71, 0xf6, 0x71, 0xf6,
    0x71, 0xf6, 0x71, 0xf6, 0x71, 0xf6, 0x71, 0xf6, 0x71, 0xf6, 0x71, 0xf6,
    0x71, 0xf6, 0x71, 0xf6, 0x71, 0xf6, 0x71, 0xf6, 0x71, 0xf6, 0x71, 0xf6,
    0x71, 0xf6, 0x71, 0xf6, 0x92, 0xf6, 0x91, 0xf6, 0x50, 0xf6, 0xb2, 0xf6,
    0xb3, 0xfe, 0xff, 0xff, 0xff, 0xff, 0xff, 0xff, 0xff, 0xff, 0xff, 0xff,
    0xff, 0xff, 0xff, 0xff, 0xff, 0xff, 0xff, 0xff, 0xff, 0xff, 0xff, 0xff,
    0xff, 0xff, 0xff, 0xff, 0xff, 0xff, 0xff, 0xff, 0xff, 0xff, 0xf4, 0xfe,
    0xb3, 0xfe, 0x50, 0xf6, 0x71, 0xf6, 0x92, 0xf6, 0x71, 0xf6, 0x71, 0xf6,
    0x71, 0xf6, 0x71, 0xf6, 0x71, 0xf6, 0x71, 0xf6, 0x71, 0xf6, 0x71, 0xf6,
    0x71, 0xf6, 0x71, 0xf6, 0x71, 0xf6, 0x71, 0xf6, 0x71, 0xf6, 0x71, 0xf6,
    0x71, 0xf6, 0x71, 0xf6, 0x71, 0xf6, 0x71, 0xf6, 0x71, 0xf6, 0x71, 0xf6,
    0x71, 0xf6, 0x71, 0xf6, 0x71, 0xf6, 0x71, 0xf6, 0x71, 0xf6, 0x71, 0xf6,
    0x71, 0xf6, 0x71, 0xf6, 0x71, 0xf6, 0x71, 0xf6, 0x71, 0xf6, 0x71, 0xf6,
    0x71, 0xf6, 0x71, 0xf6, 0x71, 0xf6, 0x71, 0xf6, 0x71, 0xf6, 0x71, 0xf6,
    0x71, 0xf6, 0x71, 0xf6, 0x71, 0xf6, 0x92, 0xf6, 0x71, 0xf6, 0x50, 0xf6,
    0xb3, 0xfe, 0x36, 0xff, 0xff, 0xff, 0xff, 0xff, 0xff, 0xff, 0xff, 0xff,
    0xff, 0xff, 0xff, 0xff, 0xff, 0xff, 0xff, 0xff, 0xff, 0xff, 0xff, 0xff,
    0xff, 0xff, 0xff, 0xff, 0xff, 0xff, 0xff, 0xff, 0xff, 0xff, 0xfd, 0xff,
    0xb3, 0xfe, 0x91, 0xf6, 0x50, 0xf6, 0x92, 0xf6, 0x92, 0xf6, 0x71, 0xf6,
    0x71, 0xf6, 0x71, 0xf6, 0x71, 0xf6, 0x71, 0xf6, 0x71, 0xf6, 0x71, 0xf6,
    0x71, 0xf6, 0x71, 0xf6, 0x71, 0xf6, 0x71, 0xf6, 0x71, 0xf6, 0x71, 0xf6,
    0x71, 0xf6, 0x71, 0xf6, 0x71, 0xf6, 0x71, 0xf6, 0x71, 0xf6, 0x71, 0xf6,
    0x71, 0xf6, 0x71, 0xf6, 0x71, 0xf6, 0x71, 0xf6, 0x71, 0xf6, 0x71, 0xf6,
    0x71, 0xf6, 0x71, 0xf6, 0x71, 0xf6, 0x71, 0xf6, 0x71, 0xf6, 0x71, 0xf6,
    0x71, 0xf6, 0x71, 0xf6, 0x71, 0xf6, 0x71, 0xf6, 0x71, 0xf6, 0xd2, 0xfe,
    0x27, 0x11, 0x04, 0x00, 0x45, 0x00, 0x45, 0x00, 0x45, 0x00, 0x45, 0x00,
    0x45, 0x00, 0x45, 0x00, 0x45, 0x00, 0x45, 0x00, 0x45, 0x00, 0x45, 0x00,
    0x45, 0x00, 0x45, 0x00, 0x45, 0x00, 0x45, 0x00, 0x45, 0x00, 0x45, 0x00,
    0x45, 0x00, 0x45, 0x00, 0x45, 0x00, 0x45, 0x00, 0x45, 0x00, 0x45, 0x00,
    0x45, 0x00, 0x45, 0x00, 0x45, 0x00, 0x45, 0x00, 0x45, 0x00, 0x45, 0x00,
    0x65, 0x00, 0x04, 0x00, 0x69, 0x4a, 0x73, 0xff, 0x51, 0xee, 0x71, 0xf6,
    0x71, 0xf6, 0x71, 0xf6, 0x71, 0xf6, 0x71, 0xf6, 0x71, 0xf6, 0x71, 0xf6,
    0x71, 0xf6, 0x71, 0xf6, 0x71, 0xf6, 0x71, 0xf6, 0x71, 0xf6, 0x71, 0xf6,
    0x71, 0xf6, 0x71, 0xf6, 0x71, 0xf6, 0x71, 0xf6, 0x71, 0xf6, 0x71, 0xf6,
    0x71, 0xf6, 0x71, 0xf6, 0x71, 0xf6, 0x71, 0xf6, 0x71, 0xf6, 0x71, 0xf6,
    0x71, 0xf6, 0x71, 0xf6, 0x71, 0xf6, 0x71, 0xf6, 0x71, 0xf6, 0x71, 0xf6,
    0x71, 0xf6, 0x71, 0xf6, 0x71, 0xf6, 0x71, 0xf6, 0x71, 0xf6, 0x71, 0xf6,
    0x92, 0xf6, 0x71, 0xf6, 0x70, 0xf6, 0x91, 0xf6, 0x92, 0xf6, 0x70, 0xf6,
    0x79, 0xff, 0xff, 0xff, 0xff, 0xff, 0xff, 0xff, 0xff, 0xff, 0xff, 0xff,
    0xff, 0xff, 0xff, 0xff, 0xff, 0xff, 0xbb, 0xff, 0x70, 0xf6, 0x92, 0xf6,
    0x92, 0xf6, 0x71, 0xf6, 0x71, 0xf6, 0x92, 0xf6, 0x71, 0xf6, 0x71, 0xf6,
    0x71, 0xf6, 0x71, 0xf6, 0x71, 0xf6, 0x71, 0xf6, 0x71, 0xf6, 0x71, 0xf6,
    0x71, 0xf6, 0x71, 0xf6, 0x71, 0xf6, 0x71, 0xf6, 0x71, 0xf6, 0x71, 0xf6,
    0x71, 0xf6, 0x71, 0xf6, 0x71, 0xf6, 0x71, 0xf6, 0x71, 0xf6, 0x71, 0xf6,
    0x71, 0xf6, 0x71, 0xf6, 0x71, 0xf6, 0x71, 0xf6, 0x71, 0xf6, 0x71, 0xf6,
    0x71, 0xf6, 0x71, 0xf6, 0x71, 0xf6, 0x71, 0xf6, 0x71, 0xf6, 0x71, 0xf6,
    0x71, 0xf6, 0x71, 0xf6, 0x71, 0xf6, 0x71, 0xf6, 0x71, 0xf6, 0x71, 0xf6,
    0x71, 0xf6, 0x71, 0xf6, 0x71, 0xf6, 0x71, 0xf6, 0x71, 0xf6, 0x71, 0xf6,
    0x71, 0xf6, 0x92, 0xf6, 0x71, 0xf6, 0x71, 0xf6, 0x92, 0xf6, 0x92, 0xf6,
    0x71, 0xf6, 0xfd, 0xff, 0xff, 0xff, 0xff, 0xff, 0xff, 0xff, 0xff, 0xff,
    0xff, 0xff, 0xff, 0xff, 0xff, 0xff, 0xff, 0xff, 0x16, 0xff, 0x71, 0xf6,
    0x92, 0xf6, 0x71, 0xf6, 0x70, 0xf6, 0x71, 0xf6, 0x92, 0xf6, 0x71, 0xf6,
    0x71, 0xf6, 0x71, 0xf6, 0x71, 0xf6, 0x71, 0xf6, 0x71, 0xf6, 0x71, 0xf6,
    0x71, 0xf6, 0x71, 0xf6, 0x71, 0xf6, 0x71, 0xf6, 0x71, 0xf6, 0x71, 0xf6,
    0x71, 0xf6, 0x71, 0xf6, 0x71, 0xf6, 0x71, 0xf6, 0x71, 0xf6, 0x71, 0xf6,
    0x71, 0xf6, 0x71, 0xf6, 0x71, 0xf6, 0x71, 0xf6, 0x71, 0xf6, 0x71, 0xf6,
    0x71, 0xf6, 0x71, 0xf6, 0x71, 0xf6, 0x71, 0xf6, 0x71, 0xf6, 0x71, 0xf6,
    0x71, 0xf6, 0x71, 0xf6, 0x71, 0xf6, 0x71, 0xf6, 0x71, 0xf6, 0x71, 0xf6,
    0x71, 0xee, 0x33, 0xff, 0x47, 0x19, 0x04, 0x00, 0x45, 0x00, 0x45, 0x00,
    0x45, 0x00, 0x45, 0x00, 0x45, 0x00, 0x45, 0x00, 0x45, 0x00, 0x45, 0x00,
    0x45, 0x00, 0x45, 0x00, 0x45, 0x00, 0x45, 0x00, 0x45, 0x00, 0x45, 0x00,
    0x45, 0x00, 0x45, 0x00, 0x45, 0x00, 0x45, 0x00, 0x45, 0x00, 0x45, 0x00,
    0x45, 0x00, 0x45, 0x00, 0x45, 0x00, 0x45, 0x00, 0x45, 0x00, 0x45, 0x00,
    0x45, 0x00, 0x45, 0x00, 0x45, 0x00, 0x04, 0x00, 0x67, 0x19, 0xf0, 0xdd,
    0x91, 0xfe, 0x71, 0xf6, 0x71, 0xf6, 0x71, 0xf6, 0x71, 0xf6, 0x71, 0xf6,
    0x71, 0xf6, 0x71, 0xf6, 0x71, 0xf6, 0x71, 0xf6, 0x71, 0xf6, 0x71, 0xf6,
    0x71, 0xf6, 0x71, 0xf6, 0x71, 0xf6, 0x71, 0xf6, 0x71, 0xf6, 0x71, 0xf6,
    0x71, 0xf6, 0x71, 0xf6, 0x71, 0xf6, 0x71, 0xf6, 0x71, 0xf6, 0x71, 0xf6,
    0x71, 0xf6, 0x71, 0xf6, 0x71, 0xf6, 0x71, 0xf6, 0x71, 0xf6, 0x71, 0xf6,
    0x71, 0xf6, 0x71, 0xf6, 0x71, 0xf6, 0x71, 0xf6, 0x71, 0xf6, 0x71, 0xf6,
    0x71, 0xf6, 0x71, 0xf6, 0x71, 0xf6, 0x71, 0xf6, 0x71, 0xf6, 0x71, 0xf6,
    0x71, 0xf6, 0x71, 0xf6, 0x71, 0xf6, 0x70, 0xf6, 0x70, 0xf6, 0x70, 0xf6,
    0x70, 0xf6, 0x70, 0xf6, 0x70, 0xf6, 0x70, 0xf6, 0x70, 0xf6, 0x71, 0xf6,
    0x71, 0xf6, 0x71, 0xf6, 0x71, 0xf6, 0x71, 0xf6, 0x71, 0xf6, 0x71, 0xf6,
    0x71, 0xf6, 0x71, 0xf6, 0x71, 0xf6, 0x71, 0xf6, 0x71, 0xf6, 0x71, 0xf6,
    0x71, 0xf6, 0x71, 0xf6, 0x71, 0xf6, 0x71, 0xf6, 0x71, 0xf6, 0x71, 0xf6,
    0x71, 0xf6, 0x71, 0xf6, 0x71, 0xf6, 0x71, 0xf6, 0x71, 0xf6, 0x71, 0xf6,
    0x71, 0xf6, 0x71, 0xf6, 0x71, 0xf6, 0x71, 0xf6, 0x71, 0xf6, 0x71, 0xf6,
    0x71, 0xf6, 0x71, 0xf6, 0x71, 0xf6, 0x71, 0xf6, 0x71, 0xf6, 0x71, 0xf6,
    0x71, 0xf6, 0x71, 0xf6, 0x71, 0xf6, 0x71, 0xf6, 0x71, 0xf6, 0x71, 0xf6,
    0x71, 0xf6, 0x71, 0xf6, 0x71, 0xf6, 0x71, 0xf6, 0x71, 0xf6, 0x71, 0xf6,
    0x71, 0xf6, 0x71, 0xf6, 0x71, 0xf6, 0x71, 0xf6, 0x71, 0xf6, 0x71, 0xf6,
    0x71, 0xf6, 0x71, 0xf6, 0x71, 0xf6, 0x70, 0xf6, 0x70, 0xf6, 0x70, 0xf6,
    0x70, 0xf6, 0x70, 0xf6, 0x70, 0xf6, 0x70, 0xf6, 0x70, 0xf6, 0x70, 0xf6,
    0x71, 0xf6, 0x71, 0xf6, 0x71, 0xf6, 0x71, 0xf6, 0x71, 0xf6, 0x71, 0xf6,
    0x71, 0xf6, 0x71, 0xf6, 0x71, 0xf6, 0x71, 0xf6, 0x71, 0xf6, 0x71, 0xf6,
    0x71, 0xf6, 0x71, 0xf6, 0x71, 0xf6, 0x71, 0xf6, 0x71, 0xf6, 0x71, 0xf6,
    0x71, 0xf6, 0x71, 0xf6, 0x71, 0xf6, 0x71, 0xf6, 0x71, 0xf6, 0x71, 0xf6,
    0x71, 0xf6, 0x71, 0xf6, 0x71, 0xf6, 0x71, 0xf6, 0x71, 0xf6, 0x71, 0xf6,
    0x71, 0xf6, 0x71, 0xf6, 0x71, 0xf6, 0x71, 0xf6, 0x71, 0xf6, 0x71, 0xf6,
    0x71, 0xf6, 0x71, 0xf6, 0x71, 0xf6, 0x71, 0xf6, 0x71, 0xf6, 0x71, 0xf6,
    0x71, 0xf6, 0x71, 0xf6, 0xb2, 0xfe, 0x6f, 0xc5, 0xc6, 0x00, 0x25, 0x00,
    0x45, 0x00, 0x45, 0x00, 0x45, 0x00, 0x45, 0x00, 0x45, 0x00, 0x45, 0x00,
    0x45, 0x00, 0x45, 0x00, 0x45, 0x00, 0x45, 0x00, 0x45, 0x00, 0x45, 0x00,
    0x45, 0x00, 0x45, 0x00, 0x45, 0x00, 0x45, 0x00, 0x45, 0x00, 0x45, 0x00,
    0x45, 0x00, 0x45, 0x00, 0x45, 0x00, 0x45, 0x00, 0x45, 0x00, 0x45, 0x00,
    0x45, 0x00, 0x45, 0x00, 0x45, 0x00, 0x45, 0x00, 0x45, 0x00, 0x85, 0x00,
    0x03, 0x00, 0x0a, 0x63, 0x33, 0xff, 0x51, 0xee, 0x71, 0xf6, 0x71, 0xf6,
    0x71, 0xf6, 0x71, 0xf6, 0x71, 0xf6, 0x71, 0xf6, 0x71, 0xf6, 0x71, 0xf6,
    0x71, 0xf6, 0x71, 0xf6, 0x71, 0xf6, 0x71, 0xf6, 0x71, 0xf6, 0x71, 0xf6,
    0x71, 0xf6, 0x71, 0xf6, 0x71, 0xf6, 0x71, 0xf6, 0x71, 0xf6, 0x71, 0xf6,
    0x71, 0xf6, 0x71, 0xf6, 0x71, 0xf6, 0x71, 0xf6, 0x71, 0xf6, 0x71, 0xf6,
    0x71, 0xf6, 0x71, 0xf6, 0x71, 0xf6, 0x71, 0xf6, 0x71, 0xf6, 0x71, 0xf6,
    0x71, 0xf6, 0x71, 0xf6, 0x71, 0xf6, 0x71, 0xf6, 0x71, 0xf6, 0x71, 0xf6,
    0x71, 0xf6, 0x71, 0xf6, 0x71, 0xf6, 0x71, 0xf6, 0x71, 0xf6, 0x91, 0xf6,
    0x91, 0xf6, 0x91, 0xf6, 0x91, 0xf6, 0x91, 0xf6, 0x91, 0xf6, 0x91, 0xf6,
    0x91, 0xf6, 0x71, 0xf6, 0x71, 0xf6, 0x71, 0xf6, 0x71, 0xf6, 0x71, 0xf6,
    0x71, 0xf6, 0x71, 0xf6, 0x71, 0xf6, 0x71, 0xf6, 0x71, 0xf6, 0x71, 0xf6,
    0x71, 0xf6, 0x71, 0xf6, 0x71, 0xf6, 0x71, 0xf6, 0x71, 0xf6, 0x71, 0xf6,
    0x71, 0xf6, 0x71, 0xf6, 0x71, 0xf6, 0x71, 0xf6, 0x71, 0xf6, 0x71, 0xf6,
    0x71, 0xf6, 0x71, 0xf6, 0x71, 0xf6, 0x71, 0xf6, 0x71, 0xf6, 0x71, 0xf6,
    0x71, 0xf6, 0x71, 0xf6, 0x71, 0xf6, 0x71, 0xf6, 0x71, 0xf6, 0x71, 0xf6,
    0x71, 0xf6, 0x71, 0xf6, 0x71, 0xf6, 0x71, 0xf6, 0x71, 0xf6, 0x71, 0xf6,
    0x71, 0xf6, 0x71, 0xf6, 0x71, 0xf6, 0x71, 0xf6, 0x71, 0xf6, 0x71, 0xf6,
    0x71, 0xf6, 0x71, 0xf6, 0x71, 0xf6, 0x71, 0xf6, 0x71, 0xf6, 0x71, 0xf6,
    0x71, 0xf6, 0x71, 0xf6, 0x71, 0xf6, 0x71, 0xf6, 0x71, 0xf6, 0x91, 0xf6,
    0x91, 0xf6, 0x91, 0xf6, 0x91, 0xf6, 0x91, 0xf6, 0x91, 0xf6, 0x91, 0xf6,
    0x91, 0xf6, 0x91, 0xf6, 0x71, 0xf6, 0x71, 0xf6, 0x71, 0xf6, 0x71, 0xf6,
    0x71, 0xf6, 0x71, 0xf6, 0x71, 0xf6, 0x71, 0xf6, 0x71, 0xf6, 0x71, 0xf6,
    0x71, 0xf6, 0x71, 0xf6, 0x71, 0xf6, 0x71, 0xf6, 0x71, 0xf6, 0x71, 0xf6,
    0x71, 0xf6, 0x71, 0xf6, 0x71, 0xf6, 0x71, 0xf6, 0x71, 0xf6, 0x71, 0xf6,
    0x71, 0xf6, 0x71, 0xf6, 0x71, 0xf6, 0x71, 0xf6, 0x71, 0xf6, 0x71, 0xf6,
    0x71, 0xf6, 0x71, 0xf6, 0x71, 0xf6, 0x71, 0xf6, 0x71, 0xf6, 0x71, 0xf6,
    0x71, 0xf6, 0x71, 0xf6, 0x71, 0xf6, 0x71, 0xf6, 0x71, 0xf6, 0x71, 0xf6,
    0x71, 0xf6, 0x71, 0xf6, 0x71, 0xf6, 0x51, 0xee, 0x33, 0xff, 0xc8, 0x29,
    0x04, 0x00, 0x65, 0x00, 0x45, 0x00, 0x45, 0x00, 0x45, 0x00, 0x45, 0x00,
    0x45, 0x00, 0x45, 0x00, 0x45, 0x00, 0x45, 0x00, 0x45, 0x00, 0x45, 0x00,
    0x45, 0x00, 0x45, 0x00, 0x45, 0x00, 0x45, 0x00, 0x45, 0x00, 0x45, 0x00,
    0x45, 0x00, 0x45, 0x00, 0x45, 0x00, 0x45, 0x00, 0x45, 0x00, 0x45, 0x00,
    0x45, 0x00, 0x45, 0x00, 0x45, 0x00, 0x45, 0x00, 0x45, 0x00, 0x45, 0x00,
    0x45, 0x00, 0x65, 0x00, 0x04, 0x00, 0x6b, 0x73, 0x13, 0xff, 0x51, 0xee,
    0x71, 0xf6, 0x71, 0xf6, 0x71, 0xf6, 0x71, 0xf6, 0x71, 0xf6, 0x71, 0xf6,
    0x71, 0xf6, 0x71, 0xf6, 0x71, 0xf6, 0x71, 0xf6, 0x71, 0xf6, 0x71, 0xf6,
    0x71, 0xf6, 0x71, 0xf6, 0x71, 0xf6, 0x71, 0xf6, 0x71, 0xf6, 0x71, 0xf6,
    0x71, 0xf6, 0x71, 0xf6, 0x71, 0xf6, 0x71, 0xf6, 0x71, 0xf6, 0x71, 0xf6,
    0x71, 0xf6, 0x71, 0xf6, 0x71, 0xf6, 0x71, 0xf6, 0x71, 0xf6, 0x71, 0xf6,
    0x71, 0xf6, 0x71, 0xf6, 0x71, 0xf6, 0x71, 0xf6, 0x71, 0xf6, 0x71, 0xf6,
    0x71, 0xf6, 0x71, 0xf6, 0x71, 0xf6, 0x71, 0xf6, 0x71, 0xf6, 0x71, 0xf6,
    0x71, 0xf6, 0x71, 0xf6, 0x71, 0xf6, 0x71, 0xf6, 0x71, 0xf6, 0x71, 0xf6,
    0x71, 0xf6, 0x71, 0xf6, 0x71, 0xf6, 0x71, 0xf6, 0x71, 0xf6, 0x71, 0xf6,
    0x71, 0xf6, 0x71, 0xf6, 0x71, 0xf6, 0x71, 0xf6, 0x71, 0xf6, 0x71, 0xf6,
    0x71, 0xf6, 0x71, 0xf6, 0x71, 0xf6, 0x71, 0xf6, 0x71, 0xf6, 0x71, 0xf6,
    0x71, 0xf6, 0x71, 0xf6, 0x71, 0xf6, 0x71, 0xf6, 0x71, 0xf6, 0x71, 0xf6,
    0x71, 0xf6, 0x71, 0xf6, 0x71, 0xf6, 0x71, 0xf6, 0x71, 0xf6, 0x71, 0xf6,
    0x71, 0xf6, 0x71, 0xf6, 0x71, 0xf6, 0x71, 0xf6, 0x71, 0xf6, 0x71, 0xf6,
    0x71, 0xf6, 0x71, 0xf6, 0x71, 0xf6, 0x71, 0xf6, 0x71, 0xf6, 0x71, 0xf6,
    0x71, 0xf6, 0x71, 0xf6, 0x71, 0xf6, 0x71, 0xf6, 0x71, 0xf6, 0x71, 0xf6,
    0x71, 0xf6, 0x71, 0xf6, 0x71, 0xf6, 0x71, 0xf6, 0x71, 0xf6, 0x71, 0xf6,
    0x71, 0xf6, 0x71, 0xf6, 0x71, 0xf6, 0x71, 0xf6, 0x71, 0xf6, 0x71, 0xf6,
    0x71, 0xf6, 0x71, 0xf6, 0x71, 0xf6, 0x71, 0xf6, 0x71, 0xf6, 0x71, 0xf6,
    0x71, 0xf6, 0x71, 0xf6, 0x71, 0xf6, 0x71, 0xf6, 0x71, 0xf6, 0x71, 0xf6,
    0x71, 0xf6, 0x71, 0xf6, 0x71, 0xf6, 0x71, 0xf6, 0x71, 0xf6, 0x71, 0xf6,
    0x71, 0xf6, 0x71, 0xf6, 0x71, 0xf6, 0x71, 0xf6, 0x71, 0xf6, 0x71, 0xf6,
    0x71, 0xf6, 0x71, 0xf6, 0x71, 0xf6, 0x71, 0xf6, 0x71, 0xf6, 0x71, 0xf6,
    0x71, 0xf6, 0x71, 0xf6, 0x71, 0xf6, 0x71, 0xf6, 0x71, 0xf6, 0x71, 0xf6,
    0x71, 0xf6, 0x71, 0xf6, 0x71, 0xf6, 0x71, 0xf6, 0x71, 0xf6, 0x71, 0xf6,
    0x71, 0xf6, 0x71, 0xf6, 0x71, 0xf6, 0x71, 0xf6, 0x71, 0xf6, 0x71, 0xf6,
    0x71, 0xf6, 0x71, 0xf6, 0x71, 0xf6, 0x71, 0xf6, 0x71, 0xf6, 0x51, 0xee,
    0x33, 0xff, 0x69, 0x42, 0x04, 0x00, 0x65, 0x00, 0x45, 0x00, 0x45, 0x00,
    0x45, 0x00, 0x45, 0x00, 0x45, 0x00, 0x45, 0x00, 0x45, 0x00, 0x45, 0x00,
    0x45, 0x00, 0x45, 0x00, 0x45, 0x00, 0x45, 0x00, 0x45, 0x00, 0x45, 0x00,
    0x45, 0x00, 0x45, 0x00, 0x45, 0x00, 0x45, 0x00, 0x45, 0x00, 0x45, 0x00,
    0x45, 0x00, 0x45, 0x00, 0x45, 0x00, 0x45, 0x00, 0x45, 0x00, 0x45, 0x00,
    0x45, 0x00, 0x45, 0x00, 0x45, 0x00, 0x65, 0x00, 0x04, 0x00, 0x6b, 0x73,
    0x13, 0xff, 0x51, 0xee, 0x71, 0xf6, 0x71, 0xf6, 0x71, 0xf6, 0x71, 0xf6,
    0x71, 0xf6, 0x71, 0xf6, 0x71, 0xf6, 0x71, 0xf6, 0x71, 0xf6, 0x71, 0xf6,
    0x71, 0xf6, 0x71, 0xf6, 0x71, 0xf6, 0x71, 0xf6, 0x71, 0xf6, 0x71, 0xf6,
    0x71, 0xf6, 0x71, 0xf6, 0x71, 0xf6, 0x71, 0xf6, 0x71, 0xf6, 0x71, 0xf6,
    0x71, 0xf6, 0x71, 0xf6, 0x71, 0xf6, 0x71, 0xf6, 0x71, 0xf6, 0x71, 0xf6,
    0x71, 0xf6, 0x71, 0xf6, 0x71, 0xf6, 0x71, 0xf6, 0x71, 0xf6, 0x71, 0xf6,
    0x71, 0xf6, 0x71, 0xf6, 0x71, 0xf6, 0x71, 0xf6, 0x71, 0xf6, 0x71, 0xf6,
    0x71, 0xf6, 0x71, 0xf6, 0x71, 0xf6, 0x71, 0xf6, 0x71, 0xf6, 0x71, 0xf6,
    0x71, 0xf6, 0x71, 0xf6, 0x71, 0xf6, 0x71, 0xf6, 0x71, 0xf6, 0x71, 0xf6,
    0x71, 0xf6, 0x71, 0xf6, 0x71, 0xf6, 0x71, 0xf6, 0x71, 0xf6, 0x71, 0xf6,
    0x71, 0xf6, 0x71, 0xf6, 0x71, 0xf6, 0x71, 0xf6, 0x71, 0xf6, 0x71, 0xf6,
    0x71, 0xf6, 0x71, 0xf6, 0x71, 0xf6, 0x71, 0xf6, 0x71, 0xf6, 0x71, 0xf6,
    0x71, 0xf6, 0x71, 0xf6, 0x71, 0xf6, 0x71, 0xf6, 0x71, 0xf6, 0x71, 0xf6,
    0x71, 0xf6, 0x71, 0xf6, 0x71, 0xf6, 0x71, 0xf6, 0x71, 0xf6, 0x71, 0xf6,
    0x71, 0xf6, 0x71, 0xf6, 0x71, 0xf6, 0x71, 0xf6, 0x71, 0xf6, 0x71, 0xf6,
    0x71, 0xf6, 0x71, 0xf6, 0x71, 0xf6, 0x71, 0xf6, 0x71, 0xf6, 0x71, 0xf6,
    0x71, 0xf6, 0x71, 0xf6, 0x71, 0xf6, 0x71, 0xf6, 0x71, 0xf6, 0x71, 0xf6,
    0x71, 0xf6, 0x71, 0xf6, 0x71, 0xf6, 0x71, 0xf6, 0x71, 0xf6, 0x71, 0xf6,
    0x71, 0xf6, 0x71, 0xf6, 0x71, 0xf6, 0x71, 0xf6, 0x71, 0xf6, 0x71, 0xf6,
    0x71, 0xf6, 0x71, 0xf6, 0x71, 0xf6, 0x71, 0xf6, 0x71, 0xf6, 0x71, 0xf6,
    0x71, 0xf6, 0x71, 0xf6, 0x71, 0xf6, 0x71, 0xf6, 0x71, 0xf6, 0x71, 0xf6,
    0x71, 0xf6, 0x71, 0xf6, 0x71, 0xf6, 0x71, 0xf6, 0x71, 0xf6, 0x71, 0xf6,
    0x71, 0xf6, 0x71, 0xf6, 0x71, 0xf6, 0x71, 0xf6, 0x71, 0xf6, 0x71, 0xf6,
    0x71, 0xf6, 0x71, 0xf6, 0x71, 0xf6, 0x71, 0xf6, 0x71, 0xf6, 0x71, 0xf6,
    0x71, 0xf6, 0x71, 0xf6, 0x71, 0xf6, 0x71, 0xf6, 0x71, 0xf6, 0x71, 0xf6,
    0x71, 0xf6, 0x71, 0xf6, 0x71, 0xf6, 0x71, 0xf6, 0x71, 0xf6, 0x71, 0xf6,
    0x71, 0xf6, 0x71, 0xf6, 0x71, 0xf6, 0x71, 0xf6, 0x71, 0xf6, 0x71, 0xf6,
    0x71, 0xf6, 0x51, 0xee, 0x33, 0xff, 0x49, 0x42, 0x04, 0x00, 0x65, 0x00,
    0x45, 0x00, 0x45, 0x00, 0x45, 0x00, 0x45, 0x00, 0x45, 0x00, 0x45, 0x00,
    0x45, 0x00, 0x45, 0x00, 0x45, 0x00, 0x45, 0x00, 0x45, 0x00, 0x45, 0x00,
    0x45, 0x00, 0x45, 0x00, 0x45, 0x00, 0x45, 0x00, 0x45, 0x00, 0x45, 0x00,
    0x45, 0x00, 0x45, 0x00, 0x45, 0x00, 0x45, 0x00, 0x45, 0x00, 0x45, 0x00,
    0x45, 0x00, 0x45, 0x00, 0x45, 0x00, 0x45, 0x00, 0x45, 0x00, 0x65, 0x00,
    0x04, 0x00, 0x6b, 0x73, 0x13, 0xff, 0x51, 0xee, 0x71, 0xf6, 0x71, 0xf6,
    0x71, 0xf6, 0x71, 0xf6, 0x71, 0xf6, 0x71, 0xf6, 0x71, 0xf6, 0x71, 0xf6,
    0x71, 0xf6, 0x71, 0xf6, 0x71, 0xf6, 0x71, 0xf6, 0x71, 0xf6, 0x71, 0xf6,
    0x71, 0xf6, 0x71, 0xf6, 0x71, 0xf6, 0x71, 0xf6, 0x71, 0xf6, 0x71, 0xf6,
    0x71, 0xf6, 0x71, 0xf6, 0x71, 0xf6, 0x71, 0xf6, 0x71, 0xf6, 0x71, 0xf6,
    0x71, 0xf6, 0x71, 0xf6, 0x71, 0xf6, 0x71, 0xf6, 0x71, 0xf6, 0x71, 0xf6,
    0x71, 0xf6, 0x71, 0xf6, 0x71, 0xf6, 0x71, 0xf6, 0x71, 0xf6, 0x71, 0xf6,
    0x71, 0xf6, 0x71, 0xf6, 0x71, 0xf6, 0x71, 0xf6, 0x71, 0xf6, 0x71, 0xf6,
    0x71, 0xf6, 0x71, 0xf6, 0x71, 0xf6, 0x71, 0xf6, 0x71, 0xf6, 0x71, 0xf6,
    0x71, 0xf6, 0x71, 0xf6, 0x71, 0xf6, 0x71, 0xf6, 0x71, 0xf6, 0x71, 0xf6,
    0x71, 0xf6, 0x71, 0xf6, 0x71, 0xf6, 0x71, 0xf6, 0x71, 0xf6, 0x71, 0xf6,
    0x71, 0xf6, 0x71, 0xf6, 0x71, 0xf6, 0x71, 0xf6, 0x71, 0xf6, 0x71, 0xf6,
    0x71, 0xf6, 0x71, 0xf6, 0x71, 0xf6, 0x71, 0xf6, 0x71, 0xf6, 0x71, 0xf6,
    0x71, 0xf6, 0x71, 0xf6, 0x71, 0xf6, 0x71, 0xf6, 0x71, 0xf6, 0x71, 0xf6,
    0x71, 0xf6, 0x71, 0xf6, 0x71, 0xf6, 0x71, 0xf6, 0x71, 0xf6, 0x71, 0xf6,
    0x71, 0xf6, 0x71, 0xf6, 0x71, 0xf6, 0x71, 0xf6, 0x71, 0xf6, 0x71, 0xf6,
    0x71, 0xf6, 0x71, 0xf6, 0x71, 0xf6, 0x71, 0xf6, 0x71, 0xf6, 0x71, 0xf6,
    0x71, 0xf6, 0x71, 0xf6, 0x71, 0xf6, 0x71, 0xf6, 0x71, 0xf6, 0x71, 0xf6,
    0x71, 0xf6, 0x71, 0xf6, 0x71, 0xf6, 0x71, 0xf6, 0x71, 0xf6, 0x71, 0xf6,
    0x71, 0xf6, 0x71, 0xf6, 0x71, 0xf6, 0x71, 0xf6, 0x71, 0xf6, 0x71, 0xf6,
    0x71, 0xf6, 0x71, 0xf6, 0x71, 0xf6, 0x71, 0xf6, 0x71, 0xf6, 0x71, 0xf6,
    0x71, 0xf6, 0x71, 0xf6, 0x71, 0xf6, 0x71, 0xf6, 0x71, 0xf6, 0x71, 0xf6,
    0x71, 0xf6, 0x71, 0xf6, 0x71, 0xf6, 0x71, 0xf6, 0x71, 0xf6, 0x71, 0xf6,
    0x71, 0xf6, 0x71, 0xf6, 0x71, 0xf6, 0x71, 0xf6, 0x71, 0xf6, 0x71, 0xf6,
    0x71, 0xf6, 0x71, 0xf6, 0x71, 0xf6, 0x71, 0xf6, 0x71, 0xf6, 0x71, 0xf6,
    0x71, 0xf6, 0x71, 0xf6, 0x71, 0xf6, 0x71, 0xf6, 0x71, 0xf6, 0x71, 0xf6,
    0x71, 0xf6, 0x71, 0xf6, 0x71, 0xf6, 0x71, 0xf6, 0x71, 0xf6, 0x71, 0xf6,
    0x71, 0xf6, 0x71, 0xf6, 0x71, 0xf6, 0x51, 0xee, 0x33, 0xff, 0x49, 0x42,
    0x04, 0x00, 0x65, 0x00, 0x45, 0x00, 0x45, 0x00, 0x45, 0x00, 0x45, 0x00,
    0x45, 0x00, 0x45, 0x00, 0x45, 0x00, 0x45, 0x00, 0x45, 0x00, 0x45, 0x00,
    0x45, 0x00, 0x45, 0x00, 0x45, 0x00, 0x45, 0x00, 0x45, 0x00, 0x45, 0x00,
    0x45, 0x00, 0x45, 0x00, 0x45, 0x00, 0x45, 0x00, 0x45, 0x00, 0x45, 0x00,
    0x45, 0x00, 0x45, 0x00, 0x45, 0x00, 0x45, 0x00, 0x45, 0x00, 0x45, 0x00,
    0x45, 0x00, 0x65, 0x00, 0x04, 0x00, 0x4b, 0x6b, 0xf2, 0xfe, 0x51, 0xf6,
    0x71, 0xf6, 0x71, 0xf6, 0x71, 0xf6, 0x71, 0xf6, 0x71, 0xf6, 0x71, 0xf6,
    0x71, 0xf6, 0x71, 0xf6, 0x71, 0xf6, 0x71, 0xf6, 0x71, 0xf6, 0x71, 0xf6,
    0x71, 0xf6, 0x71, 0xf6, 0x71, 0xf6, 0x71, 0xf6, 0x71, 0xf6, 0x71, 0xf6,
    0x71, 0xf6, 0x71, 0xf6, 0x71, 0xf6, 0x71, 0xf6, 0x71, 0xf6, 0x71, 0xf6,
    0x71, 0xf6, 0x71, 0xf6, 0x71, 0xf6, 0x71, 0xf6, 0x71, 0xf6, 0x71, 0xf6,
    0x71, 0xf6, 0x71, 0xf6, 0x71, 0xf6, 0x71, 0xf6, 0x71, 0xf6, 0x71, 0xf6,
    0x71, 0xf6, 0x71, 0xf6, 0x71, 0xf6, 0x71, 0xf6, 0x71, 0xf6, 0x71, 0xf6,
    0x71, 0xf6, 0x71, 0xf6, 0x71, 0xf6, 0x71, 0xf6, 0x71, 0xf6, 0x71, 0xf6,
    0x71, 0xf6, 0x71, 0xf6, 0x71, 0xf6, 0x71, 0xf6, 0x71, 0xf6, 0x71, 0xf6,
    0x71, 0xf6, 0x71, 0xf6, 0x71, 0xf6, 0x71, 0xf6, 0x71, 0xf6, 0x71, 0xf6,
    0x71, 0xf6, 0x71, 0xf6, 0x71, 0xf6, 0x71, 0xf6, 0x71, 0xf6, 0x71, 0xf6,
    0x71, 0xf6, 0x71, 0xf6, 0x71, 0xf6, 0x71, 0xf6, 0x71, 0xf6, 0x71, 0xf6,
    0x71, 0xf6, 0x71, 0xf6, 0x71, 0xf6, 0x71, 0xf6, 0x71, 0xf6, 0x71, 0xf6,
    0x71, 0xf6, 0x71, 0xf6, 0x71, 0xf6, 0x71, 0xf6, 0x71, 0xf6, 0x71, 0xf6,
    0x71, 0xf6, 0x71, 0xf6, 0x71, 0xf6, 0x71, 0xf6, 0x71, 0xf6, 0x71, 0xf6,
    0x71, 0xf6, 0x71, 0xf6, 0x71, 0xf6, 0x71, 0xf6, 0x71, 0xf6, 0x71, 0xf6,
    0x71, 0xf6, 0x71, 0xf6, 0x71, 0xf6, 0x71, 0xf6, 0x71, 0xf6, 0x71, 0xf6,
    0x71, 0xf6, 0x71, 0xf6, 0x71, 0xf6, 0x71, 0xf6, 0x71, 0xf6, 0x71, 0xf6,
    0x71, 0xf6, 0x71, 0xf6, 0x71, 0xf6, 0x71, 0xf6, 0x71, 0xf6, 0x71, 0xf6,
    0x71, 0xf6, 0x71, 0xf6, 0x71, 0xf6, 0x71, 0xf6, 0x71, 0xf6, 0x71, 0xf6,
    0x71, 0xf6, 0x71, 0xf6, 0x71, 0xf6, 0x71, 0xf6, 0x71, 0xf6, 0x71, 0xf6,
    0x71, 0xf6, 0x71, 0xf6, 0x71, 0xf6, 0x71, 0xf6, 0x71, 0xf6, 0x71, 0xf6,
    0x71, 0xf6, 0x71, 0xf6, 0x71, 0xf6, 0x71, 0xf6, 0x71, 0xf6, 0x71, 0xf6,
    0x71, 0xf6, 0x71, 0xf6, 0x71, 0xf6, 0x71, 0xf6, 0x71, 0xf6, 0x71, 0xf6,
    0x71, 0xf6, 0x71, 0xf6, 0x71, 0xf6, 0x71, 0xf6, 0x71, 0xf6, 0x71, 0xf6,
    0x71, 0xf6, 0x71, 0xf6, 0x71, 0xf6, 0x71, 0xf6, 0x71, 0xf6, 0x71, 0xf6,
    0x71, 0xf6, 0x71, 0xf6, 0x71, 0xf6, 0x71, 0xf6, 0x71, 0xf6, 0x51, 0xf6,
    0x12, 0xff, 0x29, 0x3a, 0x04, 0x00, 0x65, 0x00, 0x45, 0x00, 0x45, 0x00,
    0x45, 0x00, 0x45, 0x00, 0x45, 0x00, 0x45, 0x00, 0x45, 0x00, 0x45, 0x00,
    0x45, 0x00, 0x45, 0x00, 0x45, 0x00, 0x45, 0x00, 0x45, 0x00, 0x45, 0x00,
    0x45, 0x00, 0x45, 0x00, 0x45, 0x00, 0x45, 0x00, 0x45, 0x00, 0x45, 0x00,
    0x45, 0x00, 0x45, 0x00, 0x45, 0x00, 0x45, 0x00, 0x45, 0x00, 0x45, 0x00,
    0x45, 0x00, 0x45, 0x00, 0x45, 0x00, 0x65, 0x00, 0x04, 0x00, 0xcc, 0x83,
    0x53, 0xff, 0x51, 0xee, 0x71, 0xf6, 0x71, 0xf6, 0x71, 0xf6, 0x71, 0xf6,
    0x71, 0xf6, 0x71, 0xf6, 0x71, 0xf6, 0x71, 0xf6, 0x71, 0xf6, 0x71, 0xf6,
    0x71, 0xf6, 0x71, 0xf6, 0x71, 0xf6, 0x71, 0xf6, 0x71, 0xf6, 0x71, 0xf6,
    0x71, 0xf6, 0x71, 0xf6, 0x71, 0xf6, 0x71, 0xf6, 0x71, 0xf6, 0x71, 0xf6,
    0x71, 0xf6, 0x71, 0xf6, 0x71, 0xf6, 0x71, 0xf6, 0x71, 0xf6, 0x71, 0xf6,
    0x71, 0xf6, 0x71, 0xf6, 0x71, 0xf6, 0x71, 0xf6, 0x71, 0xf6, 0x71, 0xf6,
    0x71, 0xf6, 0x71, 0xf6, 0x71, 0xf6, 0x71, 0xf6, 0x71, 0xf6, 0x71, 0xf6,
    0x71, 0xf6, 0x71, 0xf6, 0x71, 0xf6, 0x71, 0xf6, 0x71, 0xf6, 0x71, 0xf6,
    0x71, 0xf6, 0x71, 0xf6, 0x71, 0xf6, 0x71, 0xf6, 0x71, 0xf6, 0x71, 0xf6,
    0x71, 0xf6, 0x71, 0xf6, 0x71, 0xf6, 0x71, 0xf6, 0x71, 0xf6, 0x71, 0xf6,
    0x71, 0xf6, 0x71, 0xf6, 0x71, 0xf6, 0x71, 0xf6, 0x71, 0xf6, 0x71, 0xf6,
    0x71, 0xf6, 0x71, 0xf6, 0x71, 0xf6, 0x71, 0xf6, 0x71, 0xf6, 0x71, 0xf6,
    0x71, 0xf6, 0x71, 0xf6, 0x71, 0xf6, 0x71, 0xf6, 0x71, 0xf6, 0x71, 0xf6,
    0x71, 0xf6, 0x71, 0xf6, 0x71, 0xf6, 0x71, 0xf6, 0x71, 0xf6, 0x71, 0xf6,
    0x71, 0xf6, 0x71, 0xf6, 0x71, 0xf6, 0x71, 0xf6, 0x71, 0xf6, 0x71, 0xf6,
    0x71, 0xf6, 0x71, 0xf6, 0x71, 0xf6, 0x71, 0xf6, 0x71, 0xf6, 0x71, 0xf6,
    0x71, 0xf6, 0x71, 0xf6, 0x71, 0xf6, 0x71, 0xf6, 0x71, 0xf6, 0x71, 0xf6,
    0x71, 0xf6, 0x71, 0xf6, 0x71, 0xf6, 0x71, 0xf6, 0x71, 0xf6, 0x71, 0xf6,
    0x71, 0xf6, 0x71, 0xf6, 0x71, 0xf6, 0x71, 0xf6, 0x71, 0xf6, 0x71, 0xf6,
    0x71, 0xf6, 0x71, 0xf6, 0x71, 0xf6, 0x71, 0xf6, 0x71, 0xf6, 0x71, 0xf6,
    0x71, 0xf6, 0x71, 0xf6, 0x71, 0xf6, 0x71, 0xf6, 0x71, 0xf6, 0x71, 0xf6,
    0x71, 0xf6, 0x71, 0xf6, 0x71, 0xf6, 0x71, 0xf6, 0x71, 0xf6, 0x71, 0xf6,
    0x71, 0xf6, 0x71, 0xf6, 0x71, 0xf6, 0x71, 0xf6, 0x71, 0xf6, 0x71, 0xf6,
    0x71, 0xf6, 0x71, 0xf6, 0x71, 0xf6, 0x71, 0xf6, 0x71, 0xf6, 0x71, 0xf6,
    0x71, 0xf6, 0x71, 0xf6, 0x71, 0xf6, 0x71, 0xf6, 0x71, 0xf6, 0x71, 0xf6,
    0x71, 0xf6, 0x71, 0xf6, 0x71, 0xf6, 0x71, 0xf6, 0x71, 0xf6, 0x71, 0xf6,
    0x71, 0xf6, 0x71, 0xf6, 0x71, 0xf6, 0x71, 0xf6, 0x71, 0xf6, 0x71, 0xf6,
    0x71, 0xf6, 0x31, 0xee, 0x73, 0xff, 0x89, 0x4a, 0x04, 0x00, 0x65, 0x00,
    0x45, 0x00, 0x45, 0x00, 0x45, 0x00, 0x45, 0x00, 0x45, 0x00, 0x45, 0x00,
    0x45, 0x00, 0x45, 0x00, 0x45, 0x00, 0x45, 0x00, 0x45, 0x00, 0x45, 0x00,
    0x45, 0x00, 0x45, 0x00, 0x45, 0x00, 0x45, 0x00, 0x45, 0x00, 0x45, 0x00,
    0x45, 0x00, 0x45, 0x00, 0x45, 0x00, 0x45, 0x00, 0x45, 0x00, 0x45, 0x00,
    0x45, 0x00, 0x45, 0x00, 0x45, 0x00, 0x45, 0x00, 0x45, 0x00, 0x45, 0x00,
    0x25, 0x00, 0xc6, 0x00, 0x4f, 0xc5, 0xb2, 0xfe, 0x71, 0xf6, 0x71, 0xf6,
    0x71, 0xf6, 0x71, 0xf6, 0x71, 0xf6, 0x71, 0xf6, 0x71, 0xf6, 0x71, 0xf6,
    0x71, 0xf6, 0x71, 0xf6, 0x71, 0xf6, 0x71, 0xf6, 0x71, 0xf6, 0x71, 0xf6,
    0x71, 0xf6, 0x71, 0xf6, 0x71, 0xf6, 0x71, 0xf6, 0x71, 0xf6, 0x71, 0xf6,
    0x71, 0xf6, 0x71, 0xf6, 0x71, 0xf6, 0x71, 0xf6, 0x71, 0xf6, 0x71, 0xf6,
    0x71, 0xf6, 0x71, 0xf6, 0x71, 0xf6, 0x71, 0xf6, 0x71, 0xf6, 0x71, 0xf6,
    0x71, 0xf6, 0x71, 0xf6, 0x71, 0xf6, 0x71, 0xf6, 0x71, 0xf6, 0x71, 0xf6,
    0x71, 0xf6, 0x71, 0xf6, 0x71, 0xf6, 0x71, 0xf6, 0x71, 0xf6, 0x71, 0xf6,
    0x71, 0xf6, 0x71, 0xf6, 0x71, 0xf6, 0x71, 0xf6, 0x71, 0xf6, 0x71, 0xf6,
    0x71, 0xf6, 0x71, 0xf6, 0x71, 0xf6, 0x71, 0xf6, 0x71, 0xf6, 0x71, 0xf6,
    0x71, 0xf6, 0x71, 0xf6, 0x71, 0xf6, 0x71, 0xf6, 0x71, 0xf6, 0x71, 0xf6,
    0x71, 0xf6, 0x71, 0xf6, 0x71, 0xf6, 0x71, 0xf6, 0x71, 0xf6, 0x71, 0xf6,
    0x71, 0xf6, 0x71, 0xf6, 0x71, 0xf6, 0x71, 0xf6, 0x71, 0xf6, 0x71, 0xf6,
    0x71, 0xf6, 0x71, 0xf6, 0x71, 0xf6, 0x71, 0xf6, 0x71, 0xf6, 0x71, 0xf6,
    0x71, 0xf6, 0x71, 0xf6, 0x71, 0xf6, 0x71, 0xf6, 0x71, 0xf6, 0x71, 0xf6,
    0x71, 0xf6, 0x71, 0xf6, 0x71, 0xf6, 0x71, 0xf6, 0x71, 0xf6, 0x71, 0xf6,
    0x71, 0xf6, 0x71, 0xf6, 0x71, 0xf6, 0x71, 0xf6, 0x71, 0xf6, 0x71, 0xf6,
    0x71, 0xf6, 0x71, 0xf6, 0x71, 0xf6, 0x71, 0xf6, 0x71, 0xf6, 0x71, 0xf6,
    0x71, 0xf6, 0x71, 0xf6, 0x71, 0xf6, 0x71, 0xf6, 0x71, 0xf6, 0x71, 0xf6,
    0x71, 0xf6, 0x71, 0xf6, 0x71, 0xf6, 0x71, 0xf6, 0x71, 0xf6, 0x71, 0xf6,
    0x71, 0xf6, 0x71, 0xf6, 0x71, 0xf6, 0x71, 0xf6, 0x71, 0xf6, 0x71, 0xf6,
    0x71, 0xf6, 0x71, 0xf6, 0x71, 0xf6, 0x71, 0xf6, 0x71, 0xf6, 0x71, 0xf6,
    0x71, 0xf6, 0x71, 0xf6, 0x71, 0xf6, 0x71, 0xf6, 0x71, 0xf6, 0x71, 0xf6,
    0x71, 0xf6, 0x71, 0xf6, 0x71, 0xf6, 0x71, 0xf6, 0x71, 0xf6, 0x71, 0xf6,
    0x71, 0xf6, 0x71, 0xf6, 0x71, 0xf6, 0x71, 0xf6, 0x71, 0xf6, 0x71, 0xf6,
    0x71, 0xf6, 0x71, 0xf6, 0x71, 0xf6, 0x71, 0xf6, 0x71, 0xf6, 0x71, 0xf6,
    0x71, 0xf6, 0x71, 0xf6, 0x71, 0xf6, 0x71, 0xf6, 0x71, 0xf6, 0x71, 0xf6,
    0x71, 0xf6, 0x71, 0xf6, 0x71, 0xf6, 0xd2, 0xfe, 0x8d, 0xa4, 0x85, 0x00,
    0x45, 0x00, 0x45, 0x00, 0x45, 0x00, 0x45, 0x00, 0x45, 0x00, 0x45, 0x00,
    0x45, 0x00, 0x45, 0x00, 0x45, 0x00, 0x45, 0x00, 0x45, 0x00, 0x45, 0x00,
    0x45, 0x00, 0x45, 0x00, 0x45, 0x00, 0x45, 0x00, 0x45, 0x00, 0x45, 0x00,
    0x45, 0x00, 0x45, 0x00, 0x45, 0x00, 0x45, 0x00, 0x45, 0x00, 0x45, 0x00,
    0x45, 0x00, 0x45, 0x00, 0x45, 0x00, 0x45, 0x00, 0x45, 0x00, 0x45, 0x00,
    0x45, 0x00, 0x45, 0x00, 0x85, 0x00, 0x03, 0x00, 0x4d, 0x9c, 0xf2, 0xfe,
    0x71, 0xf6, 0x71, 0xf6, 0x71, 0xf6, 0x71, 0xf6, 0x71, 0xf6, 0x71, 0xf6,
    0x71, 0xf6, 0x71, 0xf6, 0x71, 0xf6, 0x71, 0xf6, 0x71, 0xf6, 0x71, 0xf6,
    0x71, 0xf6, 0x71, 0xf6, 0x71, 0xf6, 0x71, 0xf6, 0x71, 0xf6, 0x71, 0xf6,
    0x71, 0xf6, 0x71, 0xf6, 0x71, 0xf6, 0x71, 0xf6, 0x71, 0xf6, 0x71, 0xf6,
    0x71, 0xf6, 0x71, 0xf6, 0x71, 0xf6, 0x71, 0xf6, 0x71, 0xf6, 0x71, 0xf6,
    0x71, 0xf6, 0x71, 0xf6, 0x71, 0xf6, 0x71, 0xf6, 0x71, 0xf6, 0x71, 0xf6,
    0x71, 0xf6, 0x71, 0xf6, 0x71, 0xf6, 0x71, 0xf6, 0x71, 0xf6, 0x71, 0xf6,
    0x71, 0xf6, 0x71, 0xf6, 0x71, 0xf6, 0x71, 0xf6, 0x71, 0xf6, 0x71, 0xf6,
    0x71, 0xf6, 0x71, 0xf6, 0x71, 0xf6, 0x71, 0xf6, 0x71, 0xf6, 0x71, 0xf6,
    0x71, 0xf6, 0x71, 0xf6, 0x71, 0xf6, 0x71, 0xf6, 0x71, 0xf6, 0x71, 0xf6,
    0x71, 0xf6, 0x71, 0xf6, 0x71, 0xf6, 0x71, 0xf6, 0x71, 0xf6, 0x71, 0xf6,
    0x71, 0xf6, 0x71, 0xf6, 0x71, 0xf6, 0x71, 0xf6, 0x71, 0xf6, 0x71, 0xf6,
    0x71, 0xf6, 0x71, 0xf6, 0x71, 0xf6, 0x71, 0xf6, 0x71, 0xf6, 0x71, 0xf6,
    0x71, 0xf6, 0x71, 0xf6, 0x71, 0xf6, 0x71, 0xf6, 0x71, 0xf6, 0x71, 0xf6,
    0x71, 0xf6, 0x71, 0xf6, 0x71, 0xf6, 0x71, 0xf6, 0x71, 0xf6, 0x71, 0xf6,
    0x71, 0xf6, 0x71, 0xf6, 0x71, 0xf6, 0x71, 0xf6, 0x71, 0xf6, 0x71, 0xf6,
    0x71, 0xf6, 0x71, 0xf6, 0x71, 0xf6, 0x71, 0xf6, 0x71, 0xf6, 0x71, 0xf6,
    0x71, 0xf6, 0x71, 0xf6, 0x71, 0xf6, 0x71, 0xf6, 0x71, 0xf6, 0x71, 0xf6,
    0x71, 0xf6, 0x71, 0xf6, 0x71, 0xf6, 0x71, 0xf6, 0x71, 0xf6, 0x71, 0xf6,
    0x71, 0xf6, 0x71, 0xf6, 0x71, 0xf6, 0x71, 0xf6, 0x71, 0xf6, 0x71, 0xf6,
    0x71, 0xf6, 0x71, 0xf6, 0x71, 0xf6, 0x71, 0xf6, 0x71, 0xf6, 0x71, 0xf6,
    0x71, 0xf6, 0x71, 0xf6, 0x71, 0xf6, 0x71, 0xf6, 0x71, 0xf6, 0x71, 0xf6,
    0x71, 0xf6, 0x71, 0xf6, 0x71, 0xf6, 0x71, 0xf6, 0x71, 0xf6, 0x71, 0xf6,
    0x71, 0xf6, 0x71, 0xf6, 0x71, 0xf6, 0x71, 0xf6, 0x71, 0xf6, 0x71, 0xf6,
    0x71, 0xf6, 0x71, 0xf6, 0x71, 0xf6, 0x71, 0xf6, 0x71, 0xf6, 0x71, 0xf6,
    0x71, 0xf6, 0x71, 0xf6, 0x71, 0xf6, 0x71, 0xf6, 0x71, 0xf6, 0x71, 0xf6,
    0x71, 0xf6, 0x71, 0xf6, 0x71, 0xf6, 0x71, 0xf6, 0x51, 0xee, 0x33, 0xff,
    0x0b, 0x63, 0x03, 0x00, 0x85, 0x00, 0x45, 0x00, 0x45, 0x00, 0x45, 0x00,
    0x45, 0x00, 0x45, 0x00, 0x45, 0x00, 0x45, 0x00, 0x45, 0x00, 0x45, 0x00,
    0x45, 0x00, 0x45, 0x00, 0x45, 0x00, 0x45, 0x00, 0x45, 0x00, 0x45, 0x00,
    0x45, 0x00, 0x45, 0x00, 0x45, 0x00, 0x45, 0x00, 0x45, 0x00, 0x45, 0x00,
    0x45, 0x00, 0x45, 0x00, 0x45, 0x00, 0x45, 0x00, 0x45, 0x00, 0x45, 0x00,
    0x45, 0x00, 0x45, 0x00, 0x45, 0x00, 0x45, 0x00, 0x65, 0x00, 0x04, 0x00,
    0x6d, 0xa4, 0xf2, 0xfe, 0x71, 0xf6, 0x71, 0xf6, 0x71, 0xf6, 0x71, 0xf6,
    0x71, 0xf6, 0x71, 0xf6, 0x71, 0xf6, 0x71, 0xf6, 0x71, 0xf6, 0x71, 0xf6,
    0x71, 0xf6, 0x71, 0xf6, 0x71, 0xf6, 0x71, 0xf6, 0x71, 0xf6, 0x71, 0xf6,
    0x71, 0xf6, 0x71, 0xf6, 0x71, 0xf6, 0x71, 0xf6, 0x71, 0xf6, 0x71, 0xf6,
    0x71, 0xf6, 0x71, 0xf6, 0x71, 0xf6, 0x71, 0xf6, 0x71, 0xf6, 0x71, 0xf6,
    0x71, 0xf6, 0x71, 0xf6, 0x71, 0xf6, 0x71, 0xf6, 0x71, 0xf6, 0x71, 0xf6,
    0x71, 0xf6, 0x71, 0xf6, 0x71, 0xf6, 0x71, 0xf6, 0x71, 0xf6, 0x71, 0xf6,
    0x71, 0xf6, 0x71, 0xf6, 0x71, 0xf6, 0x71, 0xf6, 0x71, 0xf6, 0x71, 0xf6,
    0x71, 0xf6, 0x71, 0xf6, 0x71, 0xf6, 0x71, 0xf6, 0x71, 0xf6, 0x71, 0xf6,
    0x71, 0xf6, 0x71, 0xf6, 0x71, 0xf6, 0x71, 0xf6, 0x71, 0xf6, 0x71, 0xf6,
    0x71, 0xf6, 0x71, 0xf6, 0x71, 0xf6, 0x71, 0xf6, 0x71, 0xf6, 0x71, 0xf6,
    0x71, 0xf6, 0x71, 0xf6, 0x71, 0xf6, 0x71, 0xf6, 0x71, 0xf6, 0x71, 0xf6,
    0x71, 0xf6, 0x71, 0xf6, 0x71, 0xf6, 0x71, 0xf6, 0x71, 0xf6, 0x71, 0xf6,
    0x71, 0xf6, 0x71, 0xf6, 0x71, 0xf6, 0x71, 0xf6, 0x71, 0xf6, 0x71, 0xf6,
    0x71, 0xf6, 0x71, 0xf6, 0x71, 0xf6, 0x71, 0xf6, 0x71, 0xf6, 0x71, 0xf6,
    0x71, 0xf6, 0x71, 0xf6, 0x71, 0xf6, 0x71, 0xf6, 0x71, 0xf6, 0x71, 0xf6,
    0x71, 0xf6, 0x71, 0xf6, 0x71, 0xf6, 0x71, 0xf6, 0x71, 0xf6, 0x71, 0xf6,
    0x71, 0xf6, 0x71, 0xf6, 0x71, 0xf6, 0x71, 0xf6, 0x71, 0xf6, 0x71, 0xf6,
    0x71, 0xf6, 0x71, 0xf6, 0x71, 0xf6, 0x71, 0xf6, 0x71, 0xf6, 0x71, 0xf6,
    0x71, 0xf6, 0x71, 0xf6, 0x71, 0xf6, 0x71, 0xf6, 0x71, 0xf6, 0x71, 0xf6,
    0x71, 0xf6, 0x71, 0xf6, 0x71, 0xf6, 0x71, 0xf6, 0x71, 0xf6, 0x71, 0xf6,
    0x71, 0xf6, 0x71, 0xf6, 0x71, 0xf6, 0x71, 0xf6, 0x71, 0xf6, 0x71, 0xf6,
    0x71, 0xf6, 0x71, 0xf6, 0x71, 0xf6, 0x71, 0xf6, 0x71, 0xf6, 0x71, 0xf6,
    0x71, 0xf6, 0x71, 0xf6, 0x71, 0xf6, 0x71, 0xf6, 0x71, 0xf6, 0x71, 0xf6,
    0x71, 0xf6, 0x71, 0xf6, 0x71, 0xf6, 0x71, 0xf6, 0x71, 0xf6, 0x71, 0xf6,
    0x71, 0xf6, 0x71, 0xf6, 0x71, 0xf6, 0x71, 0xf6, 0x71, 0xf6, 0x71, 0xf6,
    0x71, 0xf6, 0x71, 0xf6, 0x71, 0xf6, 0x71, 0xf6, 0x71, 0xf6, 0x71, 0xf6,
    0x51, 0xf6, 0xf2, 0xfe, 0x4b, 0x73, 0x04, 0x00, 0x65, 0x00, 0x45, 0x00,
    0x45, 0x00, 0x45, 0x00, 0x45, 0x00, 0x45, 0x00, 0x45, 0x00, 0x45, 0x00,
    0x45, 0x00, 0x45, 0x00, 0x45, 0x00, 0x45, 0x00, 0x45, 0x00, 0x45, 0x00,
    0x45, 0x00, 0x45, 0x00, 0x45, 0x00, 0x45, 0x00, 0x45, 0x00, 0x45, 0x00,
    0x45, 0x00, 0x45, 0x00, 0x45, 0x00, 0x45, 0x00, 0x45, 0x00, 0x45, 0x00,
    0x45, 0x00, 0x45, 0x00, 0x45, 0x00, 0x45, 0x00, 0x45, 0x00, 0x45, 0x00,
    0x65, 0x00, 0x04, 0x00, 0xee, 0xb4, 0x13, 0xff, 0x71, 0xf6, 0x71, 0xf6,
    0x71, 0xf6, 0x71, 0xf6, 0x71, 0xf6, 0x71, 0xf6, 0x71, 0xf6, 0x71, 0xf6,
    0x71, 0xf6, 0x71, 0xf6, 0x71, 0xf6, 0x71, 0xf6, 0x71, 0xf6, 0x71, 0xf6,
    0x71, 0xf6, 0x71, 0xf6, 0x71, 0xf6, 0x71, 0xf6, 0x71, 0xf6, 0x71, 0xf6,
    0x71, 0xf6, 0x71, 0xf6, 0x71, 0xf6, 0x71, 0xf6, 0x71, 0xf6, 0x71, 0xf6,
    0x71, 0xf6, 0x71, 0xf6, 0x71, 0xf6, 0x71, 0xf6, 0x71, 0xf6, 0x71, 0xf6,
    0x71, 0xf6, 0x71, 0xf6, 0x71, 0xf6, 0x71, 0xf6, 0x71, 0xf6, 0x71, 0xf6,
    0x71, 0xf6, 0x71, 0xf6, 0x71, 0xf6, 0x71, 0xf6, 0x71, 0xf6, 0x71, 0xf6,
    0x71, 0xf6, 0x71, 0xf6, 0x71, 0xf6, 0x71, 0xf6, 0x71, 0xf6, 0x71, 0xf6,
    0x71, 0xf6, 0x71, 0xf6, 0x71, 0xf6, 0x71, 0xf6, 0x71, 0xf6, 0x71, 0xf6,
    0x71, 0xf6, 0x71, 0xf6, 0x71, 0xf6, 0x71, 0xf6, 0x71, 0xf6, 0x71, 0xf6,
    0x71, 0xf6, 0x71, 0xf6, 0x71, 0xf6, 0x71, 0xf6, 0x71, 0xf6, 0x71, 0xf6,
    0x71, 0xf6, 0x71, 0xf6, 0x71, 0xf6, 0x71, 0xf6, 0x71, 0xf6, 0x71, 0xf6,
    0x71, 0xf6, 0x71, 0xf6, 0x71, 0xf6, 0x71, 0xf6, 0x71, 0xf6, 0x71, 0xf6,
    0x71, 0xf6, 0x71, 0xf6, 0x71, 0xf6, 0x71, 0xf6, 0x71, 0xf6, 0x71, 0xf6,
    0x71, 0xf6, 0x71, 0xf6, 0x71, 0xf6, 0x71, 0xf6, 0x71, 0xf6, 0x71, 0xf6,
    0x71, 0xf6, 0x71, 0xf6, 0x71, 0xf6, 0x71, 0xf6, 0x71, 0xf6, 0x71, 0xf6,
    0x71, 0xf6, 0x71, 0xf6, 0x71, 0xf6, 0x71, 0xf6, 0x71, 0xf6, 0x71, 0xf6,
    0x71, 0xf6, 0x71, 0xf6, 0x71, 0xf6, 0x71, 0xf6, 0x71, 0xf6, 0x71, 0xf6,
    0x71, 0xf6, 0x71, 0xf6, 0x71, 0xf6, 0x71, 0xf6, 0x71, 0xf6, 0x71, 0xf6,
    0x71, 0xf6, 0x71, 0xf6, 0x71, 0xf6, 0x71, 0xf6, 0x71, 0xf6, 0x71, 0xf6,
    0x71, 0xf6, 0x71, 0xf6, 0x71, 0xf6, 0x71, 0xf6, 0x71, 0xf6, 0x71, 0xf6,
    0x71, 0xf6, 0x71, 0xf6, 0x71, 0xf6, 0x71, 0xf6, 0x71, 0xf6, 0x71, 0xf6,
    0x71, 0xf6, 0x71, 0xf6, 0x71, 0xf6, 0x71, 0xf6, 0x71, 0xf6, 0x71, 0xf6,
    0x71, 0xf6, 0x71, 0xf6, 0x71, 0xf6, 0x71, 0xf6, 0x71, 0xf6, 0x71, 0xf6,
    0x71, 0xf6, 0x71, 0xf6, 0x71, 0xf6, 0x71, 0xf6, 0x71, 0xf6, 0x71, 0xf6,
    0x71, 0xf6, 0x71, 0xf6, 0x71, 0xf6, 0x71, 0xf6, 0x71, 0xf6, 0x71, 0xf6,
    0x71, 0xf6, 0x71, 0xf6, 0x51, 0xee, 0x53, 0xff, 0xcc, 0x83, 0x04, 0x00,
    0x65, 0x00, 0x45, 0x00, 0x45, 0x00, 0x45, 0x00, 0x45, 0x00, 0x45, 0x00,
    0x45, 0x00, 0x45, 0x00, 0x45, 0x00, 0x45, 0x00, 0x45, 0x00, 0x45, 0x00,
    0x45, 0x00, 0x45, 0x00, 0x45, 0x00, 0x45, 0x00, 0x45, 0x00, 0x45, 0x00,
    0x45, 0x00, 0x45, 0x00, 0x45, 0x00, 0x45, 0x00, 0x45, 0x00, 0x45, 0x00,
    0x45, 0x00, 0x45, 0x00, 0x45, 0x00, 0x45, 0x00, 0x45, 0x00, 0x45, 0x00,
    0x45, 0x00, 0x45, 0x00, 0x65, 0x00, 0x04, 0x00, 0x49, 0x3a, 0x31, 0xee,
    0x91, 0xfe, 0x71, 0xf6, 0x71, 0xf6, 0x71, 0xf6, 0x71, 0xf6, 0x71, 0xf6,
    0x71, 0xf6, 0x71, 0xf6, 0x71, 0xf6, 0x71, 0xf6, 0x71, 0xf6, 0x71, 0xf6,
    0x71, 0xf6, 0x71, 0xf6, 0x71, 0xf6, 0x71, 0xf6, 0x71, 0xf6, 0x71, 0xf6,
    0x71, 0xf6, 0x71, 0xf6, 0x71, 0xf6, 0x71, 0xf6, 0x71, 0xf6, 0x71, 0xf6,
    0x71, 0xf6, 0x71, 0xf6, 0x71, 0xf6, 0x71, 0xf6, 0x71, 0xf6, 0x71, 0xf6,
    0x71, 0xf6, 0x71, 0xf6, 0x71, 0xf6, 0x71, 0xf6, 0x71, 0xf6, 0x71, 0xf6,
    0x71, 0xf6, 0x71, 0xf6, 0x71, 0xf6, 0x71, 0xf6, 0x71, 0xf6, 0x71, 0xf6,
    0x71, 0xf6, 0x71, 0xf6, 0x71, 0xf6, 0x71, 0xf6, 0x71, 0xf6, 0x71, 0xf6,
    0x71, 0xf6, 0x71, 0xf6, 0x71, 0xf6, 0x71, 0xf6, 0x71, 0xf6, 0x71, 0xf6,
    0x71, 0xf6, 0x71, 0xf6, 0x71, 0xf6, 0x71, 0xf6, 0x71, 0xf6, 0x71, 0xf6,
    0x71, 0xf6, 0x71, 0xf6, 0x71, 0xf6, 0x71, 0xf6, 0x71, 0xf6, 0x71, 0xf6,
    0x71, 0xf6, 0x71, 0xf6, 0x71, 0xf6, 0x71, 0xf6, 0x71, 0xf6, 0x71, 0xf6,
    0x71, 0xf6, 0x71, 0xf6, 0x71, 0xf6, 0x71, 0xf6, 0x71, 0xf6, 0x71, 0xf6,
    0x71, 0xf6, 0x71, 0xf6, 0x71, 0xf6, 0x71, 0xf6, 0x71, 0xf6, 0x71, 0xf6,
    0x71, 0xf6, 0x71, 0xf6, 0x71, 0xf6, 0x71, 0xf6, 0x71, 0xf6, 0x71, 0xf6,
    0x71, 0xf6, 0x71, 0xf6, 0x71, 0xf6, 0x71, 0xf6, 0x71, 0xf6, 0x71, 0xf6,
    0x71, 0xf6, 0x71, 0xf6, 0x71, 0xf6, 0x71, 0xf6, 0x71, 0xf6, 0x71, 0xf6,
    0x71, 0xf6, 0x71, 0xf6, 0x71, 0xf6, 0x71, 0xf6, 0x71, 0xf6, 0x71, 0xf6,
    0x71, 0xf6, 0x71, 0xf6, 0x71, 0xf6, 0x71, 0xf6, 0x71, 0xf6, 0x71, 0xf6,
    0x71, 0xf6, 0x71, 0xf6, 0x71, 0xf6, 0x71, 0xf6, 0x71, 0xf6, 0x71, 0xf6,
    0x71, 0xf6, 0x71, 0xf6, 0x71, 0xf6, 0x71, 0xf6, 0x71, 0xf6, 0x71, 0xf6,
    0x71, 0xf6, 0x71, 0xf6, 0x71, 0xf6, 0x71, 0xf6, 0x71, 0xf6, 0x71, 0xf6,
    0x71, 0xf6, 0x71, 0xf6, 0x71, 0xf6, 0x71, 0xf6, 0x71, 0xf6, 0x71, 0xf6,
    0x71, 0xf6, 0x71, 0xf6, 0x71, 0xf6, 0x71, 0xf6, 0x71, 0xf6, 0x71, 0xf6,
    0x71, 0xf6, 0x71, 0xf6, 0x71, 0xf6, 0x71, 0xf6, 0x71, 0xf6, 0x71, 0xf6,
    0x71, 0xf6, 0x71, 0xf6, 0x71, 0xf6, 0x71, 0xf6, 0x71, 0xf6, 0x71, 0xf6,
    0x71, 0xf6, 0x71, 0xf6, 0x71, 0xf6, 0x71, 0xf6, 0xb2, 0xfe, 0xd0, 0xdd,
    0x87, 0x21, 0x05, 0x00, 0x65, 0x00, 0x45, 0x00, 0x45, 0x00, 0x45, 0x00,
    0x45, 0x00, 0x45, 0x00, 0x45, 0x00, 0x45, 0x00, 0x45, 0x00, 0x45, 0x00,
    0x45, 0x00, 0x45, 0x00, 0x45, 0x00, 0x45, 0x00, 0x45, 0x00, 0x45, 0x00,
    0x45, 0x00, 0x45, 0x00, 0x45, 0x00, 0x45, 0x00, 0x45, 0x00, 0x45, 0x00,
    0x45, 0x00, 0x45, 0x00, 0x45, 0x00, 0x45, 0x00, 0x45, 0x00, 0x45, 0x00,
    0x45, 0x00, 0x45, 0x00, 0x45, 0x00, 0x45, 0x00, 0x45, 0x00, 0x65, 0x00,
    0x03, 0x00, 0x6f, 0xc5, 0xd2, 0xfe, 0x71, 0xf6, 0x71, 0xf6, 0x71, 0xf6,
    0x71, 0xf6, 0x71, 0xf6, 0x71, 0xf6, 0x71, 0xf6, 0x71, 0xf6, 0x71, 0xf6,
    0x71, 0xf6, 0x71, 0xf6, 0x71, 0xf6, 0x71, 0xf6, 0x71, 0xf6, 0x71, 0xf6,
    0x71, 0xf6, 0x71, 0xf6, 0x71, 0xf6, 0x71, 0xf6, 0x71, 0xf6, 0x71, 0xf6,
    0x71, 0xf6, 0x71, 0xf6, 0x71, 0xf6, 0x71, 0xf6, 0x71, 0xf6, 0x71, 0xf6,
    0x71, 0xf6, 0x71, 0xf6, 0x71, 0xf6, 0x71, 0xf6, 0x71, 0xf6, 0x71, 0xf6,
    0x71, 0xf6, 0x71, 0xf6, 0x71, 0xf6, 0x71, 0xf6, 0x71, 0xf6, 0x71, 0xf6,
    0x71, 0xf6, 0x71, 0xf6, 0x71, 0xf6, 0x71, 0xf6, 0x71, 0xf6, 0x71, 0xf6,
    0x71, 0xf6, 0x71, 0xf6, 0x71, 0xf6, 0x71, 0xf6, 0x71, 0xf6, 0x71, 0xf6,
    0x71, 0xf6, 0x71, 0xf6, 0x71, 0xf6, 0x71, 0xf6, 0x71, 0xf6, 0x71, 0xf6,
    0x71, 0xf6, 0x71, 0xf6, 0x71, 0xf6, 0x71, 0xf6, 0x71, 0xf6, 0x71, 0xf6,
    0x71, 0xf6, 0x71, 0xf6, 0x71, 0xf6, 0x71, 0xf6, 0x71, 0xf6, 0x71, 0xf6,
    0x71, 0xf6, 0x71, 0xf6, 0x71, 0xf6, 0x71, 0xf6, 0x71, 0xf6, 0x71, 0xf6,
    0x71, 0xf6, 0x71, 0xf6, 0x71, 0xf6, 0x71, 0xf6, 0x71, 0xf6, 0x71, 0xf6,
    0x71, 0xf6, 0x71, 0xf6, 0x71, 0xf6, 0x71, 0xf6, 0x71, 0xf6, 0x71, 0xf6,
    0x71, 0xf6, 0x71, 0xf6, 0x71, 0xf6, 0x71, 0xf6, 0x71, 0xf6, 0x71, 0xf6,
    0x71, 0xf6, 0x71, 0xf6, 0x71, 0xf6, 0x71, 0xf6, 0x71, 0xf6, 0x71, 0xf6,
    0x71, 0xf6, 0x71, 0xf6, 0x71, 0xf6, 0x71, 0xf6, 0x71, 0xf6, 0x71, 0xf6,
    0x71, 0xf6, 0x71, 0xf6, 0x71, 0xf6, 0x71, 0xf6, 0x71, 0xf6, 0x71, 0xf6,
    0x71, 0xf6, 0x71, 0xf6, 0x71, 0xf6, 0x71, 0xf6, 0x71, 0xf6, 0x71, 0xf6,
    0x71, 0xf6, 0x71, 0xf6, 0x71, 0xf6, 0x71, 0xf6, 0x71, 0xf6, 0x71, 0xf6,
    0x71, 0xf6, 0x71, 0xf6, 0x71, 0xf6, 0x71, 0xf6, 0x71, 0xf6, 0x71, 0xf6,
    0x71, 0xf6, 0x71, 0xf6, 0x71, 0xf6, 0x71, 0xf6, 0x71, 0xf6, 0x71, 0xf6,
    0x71, 0xf6, 0x71, 0xf6, 0x71, 0xf6, 0x71, 0xf6, 0x71, 0xf6, 0x71, 0xf6,
    0x71, 0xf6, 0x71, 0xf6, 0x71, 0xf6, 0x71, 0xf6, 0x71, 0xf6, 0x71, 0xf6,
    0x71, 0xf6, 0x71, 0xf6, 0x71, 0xf6, 0x71, 0xf6, 0x71, 0xf6, 0x71, 0xf6,
    0x71, 0xf6, 0x71, 0xf6, 0x71, 0xf6, 0x71, 0xf6, 0x71, 0xf6, 0x71, 0xf6,
    0xf2, 0xfe, 0x2d, 0x94, 0x03, 0x00, 0x85, 0x00, 0x45, 0x00, 0x45, 0x00,
    0x45, 0x00, 0x45, 0x00, 0x45, 0x00, 0x45, 0x00, 0x45, 0x00, 0x45, 0x00,
    0x45, 0x00, 0x45, 0x00, 0x45, 0x00, 0x45, 0x00, 0x45, 0x00, 0x45, 0x00,
    0x45, 0x00, 0x45, 0x00, 0x45, 0x00, 0x45, 0x00, 0x45, 0x00, 0x45, 0x00,
    0x45, 0x00, 0x45, 0x00, 0x45, 0x00, 0x45, 0x00, 0x45, 0x00, 0x45, 0x00,
    0x45, 0x00, 0x45, 0x00, 0x45, 0x00, 0x45, 0x00, 0x45, 0x00, 0x45, 0x00,
    0x45, 0x00, 0x65, 0x00, 0x04, 0x00, 0xd0, 0xd5, 0xb2, 0xfe, 0x71, 0xf6,
    0x71, 0xf6, 0x71, 0xf6, 0x71, 0xf6, 0x71, 0xf6, 0x71, 0xf6, 0x71, 0xf6,
    0x71, 0xf6, 0x71, 0xf6, 0x71, 0xf6, 0x71, 0xf6, 0x71, 0xf6, 0x71, 0xf6,
    0x71, 0xf6, 0x71, 0xf6, 0x71, 0xf6, 0x71, 0xf6, 0x71, 0xf6, 0x71, 0xf6,
    0x71, 0xf6, 0x71, 0xf6, 0x71, 0xf6, 0x71, 0xf6, 0x71, 0xf6, 0x71, 0xf6,
    0x71, 0xf6, 0x71, 0xf6, 0x71, 0xf6, 0x71, 0xf6, 0x71, 0xf6, 0x71, 0xf6,
    0x71, 0xf6, 0x71, 0xf6, 0x71, 0xf6, 0x71, 0xf6, 0x71, 0xf6, 0x71, 0xf6,
    0x71, 0xf6, 0x71, 0xf6, 0x71, 0xf6, 0x71, 0xf6, 0x71, 0xf6, 0x71, 0xf6,
    0x71, 0xf6, 0x71, 0xf6, 0x71, 0xf6, 0x71, 0xf6, 0x71, 0xf6, 0x71, 0xf6,
    0x71, 0xf6, 0x71, 0xf6, 0x71, 0xf6, 0x71, 0xf6, 0x71, 0xf6, 0x71, 0xf6,
    0x71, 0xf6, 0x71, 0xf6, 0x71, 0xf6, 0x71, 0xf6, 0x71, 0xf6, 0x71, 0xf6,
    0x71, 0xf6, 0x71, 0xf6, 0x71, 0xf6, 0x71, 0xf6, 0x71, 0xf6, 0x71, 0xf6,
    0x71, 0xf6, 0x71, 0xf6, 0x71, 0xf6, 0x71, 0xf6, 0x71, 0xf6, 0x71, 0xf6,
    0x71, 0xf6, 0x71, 0xf6, 0x71, 0xf6, 0x71, 0xf6, 0x71, 0xf6, 0x71, 0xf6,
    0x71, 0xf6, 0x71, 0xf6, 0x71, 0xf6, 0x71, 0xf6, 0x71, 0xf6, 0x71, 0xf6,
    0x71, 0xf6, 0x71, 0xf6, 0x71, 0xf6, 0x71, 0xf6, 0x71, 0xf6, 0x71, 0xf6,
    0x71, 0xf6, 0x71, 0xf6, 0x71, 0xf6, 0x71, 0xf6, 0x71, 0xf6, 0x71, 0xf6,
    0x71, 0xf6, 0x71, 0xf6, 0x71, 0xf6, 0x71, 0xf6, 0x71, 0xf6, 0x71, 0xf6,
    0x71, 0xf6, 0x71, 0xf6, 0x71, 0xf6, 0x71, 0xf6, 0x71, 0xf6, 0x71, 0xf6,
    0x71, 0xf6, 0x71, 0xf6, 0x71, 0xf6, 0x71, 0xf6, 0x71, 0xf6, 0x71, 0xf6,
    0x71, 0xf6, 0x71, 0xf6, 0x71, 0xf6, 0x71, 0xf6, 0x71, 0xf6, 0x71, 0xf6,
    0x71, 0xf6, 0x71, 0xf6, 0x71, 0xf6, 0x71, 0xf6, 0x71, 0xf6, 0x71, 0xf6,
    0x71, 0xf6, 0x71, 0xf6, 0x71, 0xf6, 0x71, 0xf6, 0x71, 0xf6, 0x71, 0xf6,
    0x71, 0xf6, 0x71, 0xf6, 0x71, 0xf6, 0x71, 0xf6, 0x71, 0xf6, 0x71, 0xf6,
    0x71, 0xf6, 0x71, 0xf6, 0x71, 0xf6, 0x71, 0xf6, 0x71, 0xf6, 0x71, 0xf6,
    0x71, 0xf6, 0x71, 0xf6, 0x71, 0xf6, 0x71, 0xf6, 0x71, 0xf6, 0x71, 0xf6,
    0x71, 0xf6, 0x71, 0xf6, 0x71, 0xf6, 0x71, 0xf6, 0x71, 0xf6, 0x71, 0xf6,
    0x71, 0xf6, 0x71, 0xf6, 0xf2, 0xfe, 0xce, 0xac, 0x04, 0x00, 0x65, 0x00,
    0x45, 0x00, 0x45, 0x00, 0x45, 0x00, 0x45, 0x00, 0x45, 0x00, 0x45, 0x00,
    0x45, 0x00, 0x45, 0x00, 0x45, 0x00, 0x45, 0x00, 0x45, 0x00, 0x45, 0x00,
    0x45, 0x00, 0x45, 0x00, 0x45, 0x00, 0x45, 0x00, 0x45, 0x00, 0x45, 0x00,
    0x45, 0x00, 0x45, 0x00, 0x45, 0x00, 0x45, 0x00, 0x45, 0x00, 0x45, 0x00,
    0x45, 0x00, 0x45, 0x00, 0x45, 0x00, 0x45, 0x00, 0x45, 0x00, 0x45, 0x00,
    0x45, 0x00, 0x45, 0x00, 0x45, 0x00, 0x65, 0x00, 0x04, 0x00, 0xae, 0xac,
    0xb2, 0xfe, 0x71, 0xf6, 0x71, 0xf6, 0x71, 0xf6, 0x71, 0xf6, 0x71, 0xf6,
    0x71, 0xf6, 0x71, 0xf6, 0x71, 0xf6, 0x71, 0xf6, 0x71, 0xf6, 0x71, 0xf6,
    0x71, 0xf6, 0x71, 0xf6, 0x71, 0xf6, 0x71, 0xf6, 0x71, 0xf6, 0x71, 0xf6,
    0x71, 0xf6, 0x71, 0xf6, 0x71, 0xf6, 0x71, 0xf6, 0x71, 0xf6, 0x71, 0xf6,
    0x71, 0xf6, 0x71, 0xf6, 0x71, 0xf6, 0x71, 0xf6, 0x71, 0xf6, 0x71, 0xf6,
    0x71, 0xf6, 0x71, 0xf6, 0x71, 0xf6, 0x71, 0xf6, 0x71, 0xf6, 0x71, 0xf6,
    0x71, 0xf6, 0x71, 0xf6, 0x71, 0xf6, 0x71, 0xf6, 0x71, 0xf6, 0x71, 0xf6,
    0x71, 0xf6, 0x71, 0xf6, 0x71, 0xf6, 0x71, 0xf6, 0x71, 0xf6, 0x71, 0xf6,
    0x71, 0xf6, 0x71, 0xf6, 0x71, 0xf6, 0x71, 0xf6, 0x71, 0xf6, 0x71, 0xf6,
    0x71, 0xf6, 0x71, 0xf6, 0x71, 0xf6, 0x71, 0xf6, 0x71, 0xf6, 0x71, 0xf6,
    0x71, 0xf6, 0x71, 0xf6, 0x71, 0xf6, 0x71, 0xf6, 0x71, 0xf6, 0x71, 0xf6,
    0x71, 0xf6, 0x71, 0xf6, 0x71, 0xf6, 0x71, 0xf6, 0x71, 0xf6, 0x71, 0xf6,
    0x71, 0xf6, 0x71, 0xf6, 0x71, 0xf6, 0x71, 0xf6, 0x71, 0xf6, 0x71, 0xf6,
    0x71, 0xf6, 0x71, 0xf6, 0x71, 0xf6, 0x71, 0xf6, 0x71, 0xf6, 0x71, 0xf6,
    0x71, 0xf6, 0x71, 0xf6, 0x71, 0xf6, 0x71, 0xf6, 0x71, 0xf6, 0x71, 0xf6,
    0x71, 0xf6, 0x71, 0xf6, 0x71, 0xf6, 0x71, 0xf6, 0x71, 0xf6, 0x71, 0xf6,
    0x71, 0xf6, 0x71, 0xf6, 0x71, 0xf6, 0x71, 0xf6, 0x71, 0xf6, 0x71, 0xf6,
    0x71, 0xf6, 0x71, 0xf6, 0x71, 0xf6, 0x71, 0xf6, 0x71, 0xf6, 0x71, 0xf6,
    0x71, 0xf6, 0x71, 0xf6, 0x71, 0xf6, 0x71, 0xf6, 0x71, 0xf6, 0x71, 0xf6,
    0x71, 0xf6, 0x71, 0xf6, 0x71, 0xf6, 0x71, 0xf6, 0x71, 0xf6, 0x71, 0xf6,
    0x71, 0xf6, 0x71, 0xf6, 0x71, 0xf6, 0x71, 0xf6, 0x71, 0xf6, 0x71, 0xf6,
    0x71, 0xf6, 0x71, 0xf6, 0x71, 0xf6, 0x71, 0xf6, 0x71, 0xf6, 0x71, 0xf6,
    0x71, 0xf6, 0x71, 0xf6, 0x71, 0xf6, 0x71, 0xf6, 0x71, 0xf6, 0x71, 0xf6,
    0x71, 0xf6, 0x71, 0xf6, 0x71, 0xf6, 0x71, 0xf6, 0x71, 0xf6, 0x71, 0xf6,
    0x71, 0xf6, 0x71, 0xf6, 0x71, 0xf6, 0x71, 0xf6, 0x71, 0xf6, 0x71, 0xf6,
    0x71, 0xf6, 0x71, 0xf6, 0x71, 0xf6, 0x71, 0xf6, 0x71, 0xf6, 0x71, 0xf6,
    0x71, 0xf6, 0x71, 0xf6, 0x71, 0xf6, 0x71, 0xf6, 0xb2, 0xfe, 0xcc, 0x83,
    0x04, 0x00, 0x65, 0x00, 0x45, 0x00, 0x45, 0x00, 0x45, 0x00, 0x45, 0x00,
    0x45, 0x00, 0x45, 0x00, 0x45, 0x00, 0x45, 0x00, 0x45, 0x00, 0x45, 0x00,
    0x45, 0x00, 0x45, 0x00, 0x45, 0x00, 0x45, 0x00, 0x45, 0x00, 0x45, 0x00,
    0x45, 0x00, 0x45, 0x00, 0x45, 0x00, 0x45, 0x00, 0x45, 0x00, 0x45, 0x00,
    0x45, 0x00, 0x45, 0x00, 0x45, 0x00, 0x45, 0x00, 0x45, 0x00, 0x45, 0x00,
    0x45, 0x00, 0x45, 0x00, 0x45, 0x00, 0x45, 0x00, 0x45, 0x00, 0x45, 0x00,
    0x45, 0x00, 0x05, 0x00, 0x31, 0xee, 0x91, 0xfe, 0x71, 0xf6, 0x71, 0xf6,
    0x71, 0xf6, 0x71, 0xf6, 0x71, 0xf6, 0x71, 0xf6, 0x71, 0xf6, 0x71, 0xf6,
    0x71, 0xf6, 0x71, 0xf6, 0x71, 0xf6, 0x71, 0xf6, 0x71, 0xf6, 0x71, 0xf6,
    0x71, 0xf6, 0x71, 0xf6, 0x71, 0xf6, 0x71, 0xf6, 0x71, 0xf6, 0x71, 0xf6,
    0x71, 0xf6, 0x71, 0xf6, 0x71, 0xf6, 0x71, 0xf6, 0x71, 0xf6, 0x71, 0xf6,
    0x71, 0xf6, 0x71, 0xf6, 0x71, 0xf6, 0x71, 0xf6, 0x71, 0xf6, 0x71, 0xf6,
    0x71, 0xf6, 0x71, 0xf6, 0x71, 0xf6, 0x71, 0xf6, 0x71, 0xf6, 0x71, 0xf6,
    0x71, 0xf6, 0x71, 0xf6, 0x71, 0xf6, 0x71, 0xf6, 0x71, 0xf6, 0x71, 0xf6,
    0x71, 0xf6, 0x71, 0xf6, 0x71, 0xf6, 0x71, 0xf6, 0x71, 0xf6, 0x71, 0xf6,
    0x71, 0xf6, 0x71, 0xf6, 0x71, 0xf6, 0x71, 0xf6, 0x71, 0xf6, 0x71, 0xf6,
    0x71, 0xf6, 0x71, 0xf6, 0x71, 0xf6, 0x71, 0xf6, 0x71, 0xf6, 0x71, 0xf6,
    0x71, 0xf6, 0x71, 0xf6, 0x71, 0xf6, 0x71, 0xf6, 0x71, 0xf6, 0x71, 0xf6,
    0x71, 0xf6, 0x71, 0xf6, 0x71, 0xf6, 0x71, 0xf6, 0x71, 0xf6, 0x71, 0xf6,
    0x71, 0xf6, 0x71, 0xf6, 0x71, 0xf6, 0x71, 0xf6, 0x71, 0xf6, 0x71, 0xf6,
    0x71, 0xf6, 0x71, 0xf6, 0x71, 0xf6, 0x71, 0xf6, 0x71, 0xf6, 0x71, 0xf6,
    0x71, 0xf6, 0x71, 0xf6, 0x71, 0xf6, 0x71, 0xf6, 0x71, 0xf6, 0x71, 0xf6,
    0x71, 0xf6, 0x71, 0xf6, 0x71, 0xf6, 0x71, 0xf6, 0x71, 0xf6, 0x71, 0xf6,
    0x71, 0xf6, 0x71, 0xf6, 0x71, 0xf6, 0x71, 0xf6, 0x71, 0xf6, 0x71, 0xf6,
    0x71, 0xf6, 0x71, 0xf6, 0x71, 0xf6, 0x71, 0xf6, 0x71, 0xf6, 0x71, 0xf6,
    0x71, 0xf6, 0x71, 0xf6, 0x71, 0xf6, 0x71, 0xf6, 0x71, 0xf6, 0x71, 0xf6,
    0x71, 0xf6, 0x71, 0xf6, 0x71, 0xf6, 0x71, 0xf6, 0x71, 0xf6, 0x71, 0xf6,
    0x71, 0xf6, 0x71, 0xf6, 0x71, 0xf6, 0x71, 0xf6, 0x71, 0xf6, 0x71, 0xf6,
    0x71, 0xf6, 0x71, 0xf6, 0x71, 0xf6, 0x71, 0xf6, 0x71, 0xf6, 0x71, 0xf6,
    0x71, 0xf6, 0x71, 0xf6, 0x71, 0xf6, 0x71, 0xf6, 0x71, 0xf6, 0x71, 0xf6,
    0x71, 0xf6, 0x71, 0xf6, 0x71, 0xf6, 0x71, 0xf6, 0x71, 0xf6, 0x71, 0xf6,
    0x71, 0xf6, 0x71, 0xf6, 0x71, 0xf6, 0x71, 0xf6, 0x71, 0xf6, 0x71, 0xf6,
    0x71, 0xf6, 0x71, 0xf6, 0x71, 0xf6, 0x71, 0xf6, 0x71, 0xf6, 0xb2, 0xfe,
    0x4f, 0xc5, 0x04, 0x00, 0x65, 0x00, 0x45, 0x00, 0x45, 0x00, 0x45, 0x00,
    0x45, 0x00, 0x45, 0x00, 0x45, 0x00, 0x45, 0x00, 0x45, 0x00, 0x45, 0x00,
    0x45, 0x00, 0x45, 0x00, 0x45, 0x00, 0x45, 0x00, 0x45, 0x00, 0x45, 0x00,
    0x45, 0x00, 0x45, 0x00, 0x45, 0x00, 0x45, 0x00, 0x45, 0x00, 0x45, 0x00,
    0x45, 0x00, 0x45, 0x00, 0x45, 0x00, 0x45, 0x00, 0x45, 0x00, 0x45, 0x00,
    0x45, 0x00, 0x45, 0x00, 0x45, 0x00, 0x45, 0x00, 0x45, 0x00, 0x45, 0x00,
    0x45, 0x00, 0x45, 0x00, 0x45, 0x00, 0x85, 0x00, 0xf2, 0xfe, 0x71, 0xf6,
    0x71, 0xf6, 0x71, 0xf6, 0x71, 0xf6, 0x71, 0xf6, 0x71, 0xf6, 0x71, 0xf6,
    0x71, 0xf6, 0x71, 0xf6, 0x71, 0xf6, 0x71, 0xf6, 0x71, 0xf6, 0x71, 0xf6,
    0x71, 0xf6, 0x71, 0xf6, 0x71, 0xf6, 0x71, 0xf6, 0x71, 0xf6, 0x71, 0xf6,
    0x71, 0xf6, 0x71, 0xf6, 0x71, 0xf6, 0x71, 0xf6, 0x71, 0xf6, 0x71, 0xf6,
    0x71, 0xf6, 0x71, 0xf6, 0x71, 0xf6, 0x71, 0xf6, 0x71, 0xf6, 0x71, 0xf6,
    0x71, 0xf6, 0x71, 0xf6, 0x71, 0xf6, 0x71, 0xf6, 0x71, 0xf6, 0x71, 0xf6,
    0x71, 0xf6, 0x71, 0xf6, 0x71, 0xf6, 0x71, 0xf6, 0x71, 0xf6, 0x71, 0xf6,
    0x71, 0xf6, 0x71, 0xf6, 0x71, 0xf6, 0x71, 0xf6, 0x71, 0xf6, 0x71, 0xf6,
    0x71, 0xf6, 0x71, 0xf6, 0x71, 0xf6, 0x71, 0xf6, 0x71, 0xf6, 0x71, 0xf6,
    0x71, 0xf6, 0x71, 0xf6, 0x71, 0xf6, 0x71, 0xf6, 0x71, 0xf6, 0x71, 0xf6,
    0x71, 0xf6, 0x71, 0xf6, 0x71, 0xf6, 0x71, 0xf6, 0x71, 0xf6, 0x71, 0xf6,
    0x71, 0xf6, 0x71, 0xf6, 0x71, 0xf6, 0x71, 0xf6, 0x71, 0xf6, 0x71, 0xf6,
    0x71, 0xf6, 0x71, 0xf6, 0x71, 0xf6, 0x71, 0xf6, 0x71, 0xf6, 0x71, 0xf6,
    0x71, 0xf6, 0x71, 0xf6, 0x71, 0xf6, 0x71, 0xf6, 0x71, 0xf6, 0x71, 0xf6,
    0x71, 0xf6, 0x71, 0xf6, 0x71, 0xf6, 0x71, 0xf6, 0x71, 0xf6, 0x71, 0xf6,
    0x71, 0xf6, 0x71, 0xf6, 0x71, 0xf6, 0x71, 0xf6, 0x71, 0xf6, 0x71, 0xf6,
    0x71, 0xf6, 0x71, 0xf6, 0x71, 0xf6, 0x71, 0xf6, 0x71, 0xf6, 0x71, 0xf6,
    0x71, 0xf6, 0x71, 0xf6, 0x71, 0xf6, 0x71, 0xf6, 0x71, 0xf6, 0x71, 0xf6,
    0x71, 0xf6, 0x71, 0xf6, 0x71, 0xf6, 0x71, 0xf6, 0x71, 0xf6, 0x71, 0xf6,
    0x71, 0xf6, 0x71, 0xf6, 0x71, 0xf6, 0x71, 0xf6, 0x71, 0xf6, 0x71, 0xf6,
    0x71, 0xf6, 0x71, 0xf6, 0x71, 0xf6, 0x71, 0xf6, 0x71, 0xf6, 0x71, 0xf6,
    0x71, 0xf6, 0x71, 0xf6, 0x71, 0xf6, 0x71, 0xf6, 0x71, 0xf6, 0x71, 0xf6,
    0x71, 0xf6, 0x71, 0xf6, 0x71, 0xf6, 0x71, 0xf6, 0x71, 0xf6, 0x71, 0xf6,
    0x71, 0xf6, 0x71, 0xf6, 0x71, 0xf6, 0x71, 0xf6, 0x71, 0xf6, 0x71, 0xf6,
    0x71, 0xf6, 0x71, 0xf6, 0x71, 0xf6, 0x71, 0xf6, 0x71, 0xf6, 0x71, 0xf6,
    0x71, 0xf6, 0x71, 0xf6, 0x71, 0xf6, 0x71, 0xf6, 0x71, 0xf6, 0x71, 0xf6,
    0x71, 0xf6, 0xd2, 0xfe, 0x10, 0xe6, 0x04, 0x00, 0x65, 0x00, 0x45, 0x00,
    0x45, 0x00, 0x45, 0x00, 0x45, 0x00, 0x45, 0x00, 0x45, 0x00, 0x45, 0x00,
    0x45, 0x00, 0x45, 0x00, 0x45, 0x00, 0x45, 0x00, 0x45, 0x00, 0x45, 0x00,
    0x45, 0x00, 0x45, 0x00, 0x45, 0x00, 0x45, 0x00, 0x45, 0x00, 0x45, 0x00,
    0x45, 0x00, 0x45, 0x00, 0x45, 0x00, 0x45, 0x00, 0x45, 0x00, 0x45, 0x00,
    0x45, 0x00, 0x45, 0x00, 0x45, 0x00, 0x45, 0x00, 0x45, 0x00, 0x45, 0x00,
    0x45, 0x00, 0x45, 0x00, 0x45, 0x00, 0x45, 0x00, 0x45, 0x00, 0x25, 0x00,
    0xca, 0x5a, 0xb2, 0xfe, 0x71, 0xf6, 0x71, 0xf6, 0x71, 0xf6, 0x71, 0xf6,
    0x71, 0xf6, 0x71, 0xf6, 0x71, 0xf6, 0x71, 0xf6, 0x71, 0xf6, 0x71, 0xf6,
    0x71, 0xf6, 0x71, 0xf6, 0x71, 0xf6, 0x71, 0xf6, 0x71, 0xf6, 0x71, 0xf6,
    0x71, 0xf6, 0x71, 0xf6, 0x71, 0xf6, 0x71, 0xf6, 0x71, 0xf6, 0x71, 0xf6,
    0x71, 0xf6, 0x71, 0xf6, 0x71, 0xf6, 0x71, 0xf6, 0x71, 0xf6, 0x71, 0xf6,
    0x71, 0xf6, 0x71, 0xf6, 0x71, 0xf6, 0x71, 0xf6, 0x71, 0xf6, 0x71, 0xf6,
    0x71, 0xf6, 0x71, 0xf6, 0x91, 0xf6, 0x91, 0xf6, 0x91, 0xf6, 0x91, 0xf6,
    0x91, 0xf6, 0x91, 0xf6, 0x91, 0xf6, 0x91, 0xf6, 0x91, 0xf6, 0x91, 0xf6,
    0x91, 0xf6, 0x91, 0xf6, 0x91, 0xf6, 0x91, 0xf6, 0x91, 0xf6, 0x91, 0xf6,
    0x91, 0xf6, 0x91, 0xf6, 0x91, 0xf6, 0x91, 0xf6, 0x91, 0xf6, 0x91, 0xf6,
    0x91, 0xf6, 0x91, 0xf6, 0x91, 0xf6, 0x91, 0xf6, 0x91, 0xf6, 0x91, 0xf6,
    0x91, 0xf6, 0x91, 0xf6, 0x91, 0xf6, 0x91, 0xf6, 0x91, 0xf6, 0x91, 0xf6,
    0x91, 0xf6, 0x91, 0xf6, 0x91, 0xf6, 0x91, 0xf6, 0x91, 0xf6, 0x91, 0xf6,
    0x91, 0xf6, 0x91, 0xf6, 0x91, 0xf6, 0x91, 0xf6, 0x91, 0xf6, 0x91, 0xf6,
    0x91, 0xf6, 0x91, 0xf6, 0x91, 0xf6, 0x91, 0xf6, 0x91, 0xf6, 0x91, 0xf6,
    0x91, 0xf6, 0x91, 0xf6, 0x91, 0xf6, 0x91, 0xf6, 0x91, 0xf6, 0x91, 0xf6,
    0x91, 0xf6, 0x91, 0xf6, 0x91, 0xf6, 0x91, 0xf6, 0x91, 0xf6, 0x91, 0xf6,
    0x91, 0xf6, 0x91, 0xf6, 0x91, 0xf6, 0x91, 0xf6, 0x91, 0xf6, 0x91, 0xf6,
    0x91, 0xf6, 0x91, 0xf6, 0x91, 0xf6, 0x91, 0xf6, 0x91, 0xf6, 0x91, 0xf6,
    0x91, 0xf6, 0x91, 0xf6, 0x91, 0xf6, 0x91, 0xf6, 0x91, 0xf6, 0x91, 0xf6,
    0x91, 0xf6, 0x91, 0xf6, 0x91, 0xf6, 0x71, 0xf6, 0x71, 0xf6, 0x71, 0xf6,
    0x71, 0xf6, 0x71, 0xf6, 0x71, 0xf6, 0x71, 0xf6, 0x71, 0xf6, 0x71, 0xf6,
    0x71, 0xf6, 0x71, 0xf6, 0x71, 0xf6, 0x71, 0xf6, 0x71, 0xf6, 0x71, 0xf6,
    0x71, 0xf6, 0x71, 0xf6, 0x71, 0xf6, 0x71, 0xf6, 0x71, 0xf6, 0x71, 0xf6,
    0x71, 0xf6, 0x71, 0xf6, 0x71, 0xf6, 0x71, 0xf6, 0x71, 0xf6, 0x71, 0xf6,
    0x71, 0xf6, 0x71, 0xf6, 0x71, 0xf6, 0x71, 0xf6, 0x71, 0xf6, 0x71, 0xf6,
    0x71, 0xf6, 0x71, 0xf6, 0x71, 0xf6, 0x71, 0xf6, 0x09, 0x3a, 0x25, 0x00,
    0x45, 0x00, 0x45, 0x00, 0x45, 0x00, 0x45, 0x00, 0x45, 0x00, 0x45, 0x00,
    0x45, 0x00, 0x45, 0x00, 0x45, 0x00, 0x45, 0x00, 0x45, 0x00, 0x45, 0x00,
    0x45, 0x00, 0x45, 0x00, 0x45, 0x00, 0x45, 0x00, 0x45, 0x00, 0x45, 0x00,
    0x45, 0x00, 0x45, 0x00, 0x45, 0x00, 0x45, 0x00, 0x45, 0x00, 0x45, 0x00,
    0x45, 0x00, 0x45, 0x00, 0x45, 0x00, 0x45, 0x00, 0x45, 0x00, 0x45, 0x00,
    0x45, 0x00, 0x45, 0x00, 0x45, 0x00, 0x45, 0x00, 0x45, 0x00, 0x45, 0x00,
    0x45, 0x00, 0x04, 0x00, 0xe6, 0x00, 0x12, 0xff, 0x71, 0xf6, 0x71, 0xf6,
    0x71, 0xf6, 0x71, 0xf6, 0x71, 0xf6, 0x71, 0xf6, 0x71, 0xf6, 0x71, 0xf6,
    0x71, 0xf6, 0x71, 0xf6, 0x71, 0xf6, 0x71, 0xf6, 0x71, 0xf6, 0x71, 0xf6,
    0x71, 0xf6, 0x71, 0xf6, 0x71, 0xf6, 0x71, 0xf6, 0x71, 0xf6, 0x71, 0xf6,
    0x71, 0xf6, 0x71, 0xf6, 0x71, 0xf6, 0x71, 0xf6, 0x71, 0xf6, 0x71, 0xf6,
    0x71, 0xf6, 0x71, 0xf6, 0x71, 0xf6, 0x71, 0xf6, 0x71, 0xf6, 0x71, 0xf6,
    0x71, 0xf6, 0x71, 0xf6, 0xb2, 0xfe, 0x91, 0xf6, 0x51, 0xf6, 0x71, 0xf6,
    0x71, 0xf6, 0x71, 0xf6, 0x71, 0xf6, 0x71, 0xf6, 0x71, 0xf6, 0x71, 0xf6,
    0x71, 0xf6, 0x71, 0xf6, 0x71, 0xf6, 0x71, 0xf6, 0x71, 0xf6, 0x71, 0xf6,
    0x71, 0xf6, 0x71, 0xf6, 0x71, 0xf6, 0x71, 0xf6, 0x71, 0xf6, 0x71, 0xf6,
    0x71, 0xf6, 0x71, 0xf6, 0x71, 0xf6, 0x71, 0xf6, 0x71, 0xf6, 0x71, 0xf6,
    0x71, 0xf6, 0x71, 0xf6, 0x71, 0xf6, 0x71, 0xf6, 0x71, 0xf6, 0x71, 0xf6,
    0x71, 0xf6, 0x71, 0xf6, 0x71, 0xf6, 0x71, 0xf6, 0x71, 0xf6, 0x71, 0xf6,
    0x71, 0xf6, 0x71, 0xf6, 0x71, 0xf6, 0x71, 0xf6, 0x71, 0xf6, 0x71, 0xf6,
    0x71, 0xf6, 0x71, 0xf6, 0x71, 0xf6, 0x71, 0xf6, 0x71, 0xf6, 0x71, 0xf6,
    0x71, 0xf6, 0x71, 0xf6, 0x71, 0xf6, 0x71, 0xf6, 0x71, 0xf6, 0x71, 0xf6,
    0x71, 0xf6, 0x71, 0xf6, 0x71, 0xf6, 0x71, 0xf6, 0x71, 0xf6, 0x71, 0xf6,
    0x71, 0xf6, 0x71, 0xf6, 0x71, 0xf6, 0x71, 0xf6, 0x71, 0xf6, 0x71, 0xf6,
    0x71, 0xf6, 0x71, 0xf6, 0x71, 0xf6, 0x71, 0xf6, 0x71, 0xf6, 0x71, 0xf6,
    0x71, 0xf6, 0x71, 0xf6, 0x71, 0xf6, 0x71, 0xf6, 0x71, 0xf6, 0x71, 0xf6,
    0x71, 0xf6, 0x71, 0xf6, 0x71, 0xf6, 0x71, 0xf6, 0x51, 0xf6, 0xb2, 0xf6,
    0xb2, 0xfe, 0x71, 0xf6, 0x71, 0xf6, 0x71, 0xf6, 0x71, 0xf6, 0x71, 0xf6,
    0x71, 0xf6, 0x71, 0xf6, 0x71, 0xf6, 0x71, 0xf6, 0x71, 0xf6, 0x71, 0xf6,
    0x71, 0xf6, 0x71, 0xf6, 0x71, 0xf6, 0x71, 0xf6, 0x71, 0xf6, 0x71, 0xf6,
    0x71, 0xf6, 0x71, 0xf6, 0x71, 0xf6, 0x71, 0xf6, 0x71, 0xf6, 0x71, 0xf6,
    0x71, 0xf6, 0x71, 0xf6, 0x71, 0xf6, 0x71, 0xf6, 0x71, 0xf6, 0x71, 0xf6,
    0x71, 0xf6, 0x71, 0xf6, 0x71, 0xf6, 0x71, 0xf6, 0x91, 0xfe, 0x91, 0xf6,
    0x05, 0x00, 0x45, 0x00, 0x45, 0x00, 0x45, 0x00, 0x45, 0x00, 0x45, 0x00,
    0x45, 0x00, 0x45, 0x00, 0x45, 0x00, 0x45, 0x00, 0x45, 0x00, 0x45, 0x00,
    0x45, 0x00, 0x45, 0x00, 0x45, 0x00, 0x45, 0x00, 0x45, 0x00, 0x45, 0x00,
    0x45, 0x00, 0x45, 0x00, 0x45, 0x00, 0x45, 0x00, 0x45, 0x00, 0x45, 0x00,
    0x45, 0x00, 0x45, 0x00, 0x45, 0x00, 0x45, 0x00, 0x45, 0x00, 0x45, 0x00,
    0x45, 0x00, 0x45, 0x00, 0x45, 0x00, 0x45, 0x00, 0x45, 0x00, 0x45, 0x00,
    0x45, 0x00, 0x45, 0x00, 0x45, 0x00, 0x05, 0x00, 0x26, 0x09, 0x31, 0xee,
    0x91, 0xf6, 0x71, 0xf6, 0x71, 0xf6, 0x71, 0xf6, 0x71, 0xf6, 0x71, 0xf6,
    0x71, 0xf6, 0x71, 0xf6, 0x71, 0xf6, 0x71, 0xf6, 0x71, 0xf6, 0x71, 0xf6,
    0x71, 0xf6, 0x71, 0xf6, 0x71, 0xf6, 0x71, 0xf6, 0x71, 0xf6, 0x71, 0xf6,
    0x71, 0xf6, 0x71, 0xf6, 0x71, 0xf6, 0x71, 0xf6, 0x71, 0xf6, 0x71, 0xf6,
    0x71, 0xf6, 0x71, 0xf6, 0x71, 0xf6, 0x71, 0xf6, 0x71, 0xf6, 0x71, 0xf6,
    0x71, 0xf6, 0x71, 0xf6, 0xd2, 0xfe, 0xb2, 0xf6, 0x10, 0xf6, 0x8a, 0xdb,
    0xe3, 0xc0, 0x64, 0xc1, 0x44, 0xc1, 0x44, 0xc1, 0x44, 0xc1, 0x44, 0xc1,
    0x44, 0xc1, 0x44, 0xc1, 0x44, 0xc1, 0x44, 0xc1, 0x44, 0xc1, 0x44, 0xc1,
    0x44, 0xc1, 0x44, 0xc1, 0x44, 0xc1, 0x44, 0xc1, 0x44, 0xc1, 0x44, 0xc1,
    0x44, 0xc1, 0x44, 0xc1, 0x44, 0xc1, 0x44, 0xc1, 0x44, 0xc1, 0x44, 0xc1,
    0x44, 0xc1, 0x44, 0xc1, 0x44, 0xc1, 0x44, 0xc1, 0x44, 0xc1, 0x44, 0xc1,
    0x44, 0xc1, 0x44, 0xc1, 0x44, 0xc1, 0x44, 0xc1, 0x44, 0xc1, 0x44, 0xc1,
    0x44, 0xc1, 0x44, 0xc1, 0x44, 0xc1, 0x44, 0xc1, 0x44, 0xc1, 0x44, 0xc1,
    0x44, 0xc1, 0x44, 0xc1, 0x44, 0xc1, 0x44, 0xc1, 0x44, 0xc1, 0x44, 0xc1,
    0x44, 0xc1, 0x44, 0xc1, 0x44, 0xc1, 0x44, 0xc1, 0x44, 0xc1, 0x44, 0xc1,
    0x44, 0xc1, 0x44, 0xc1, 0x44, 0xc1, 0x44, 0xc1, 0x44, 0xc1, 0x44, 0xc1,
    0x44, 0xc1, 0x44, 0xc1, 0x44, 0xc1, 0x44, 0xc1, 0x44, 0xc1, 0x44, 0xc1,
    0x44, 0xc1, 0x44, 0xc1, 0x44, 0xc1, 0x44, 0xc1, 0x44, 0xc1, 0x44, 0xc1,
    0x44, 0xc1, 0x44, 0xc1, 0x44, 0xc1, 0x44, 0xc1, 0x44, 0xc1, 0x44, 0xc1,
    0x44, 0xc1, 0x44, 0xc1, 0x44, 0xc1, 0x44, 0xc1, 0x44, 0xc1, 0x64, 0xc1,
    0xe3, 0xc0, 0x4c, 0xe4, 0x10, 0xf6, 0xd2, 0xfe, 0xb2, 0xfe, 0x71, 0xf6,
    0x91, 0xf6, 0x71, 0xf6, 0x71, 0xf6, 0x71, 0xf6, 0x71, 0xf6, 0x71, 0xf6,
    0x71, 0xf6, 0x71, 0xf6, 0x71, 0xf6, 0x71, 0xf6, 0x71, 0xf6, 0x71, 0xf6,
    0x71, 0xf6, 0x71, 0xf6, 0x71, 0xf6, 0x71, 0xf6, 0x71, 0xf6, 0x71, 0xf6,
    0x71, 0xf6, 0x71, 0xf6, 0x71, 0xf6, 0x71, 0xf6, 0x71, 0xf6, 0x71, 0xf6,
    0x71, 0xf6, 0x71, 0xf6, 0x71, 0xf6, 0x71, 0xf6, 0x71, 0xf6, 0x71, 0xf6,
    0x91, 0xfe, 0xaf, 0xcd, 0x65, 0x00, 0x45, 0x00, 0x45, 0x00, 0x45, 0x00,
    0x45, 0x00, 0x45, 0x00, 0x45, 0x00, 0x45, 0x00, 0x45, 0x00, 0x45, 0x00,
    0x45, 0x00, 0x45, 0x00, 0x45, 0x00, 0x45, 0x00, 0x45, 0x00, 0x45, 0x00,
    0x45, 0x00, 0x45, 0x00, 0x45, 0x00, 0x45, 0x00, 0x45, 0x00, 0x45, 0x00,
    0x45, 0x00, 0x45, 0x00, 0x45, 0x00, 0x45, 0x00, 0x45, 0x00, 0x45, 0x00,
    0x45, 0x00, 0x45, 0x00, 0x45, 0x00, 0x45, 0x00, 0x45, 0x00, 0x45, 0x00,
    0x45, 0x00, 0x45, 0x00, 0x45, 0x00, 0x45, 0x00, 0x45, 0x00, 0x65, 0x00,
    0x04, 0x00, 0xe8, 0x31, 0x12, 0xff, 0x51, 0xee, 0x71, 0xf6, 0x71, 0xf6,
    0x71, 0xf6, 0x71, 0xf6, 0x71, 0xf6, 0x71, 0xf6, 0x71, 0xf6, 0x71, 0xf6,
    0x71, 0xf6, 0x71, 0xf6, 0x71, 0xf6, 0x71, 0xf6, 0x71, 0xf6, 0x71, 0xf6,
    0x71, 0xf6, 0x71, 0xf6, 0x71, 0xf6, 0x71, 0xf6, 0x71, 0xf6, 0x71, 0xf6,
    0x71, 0xf6, 0x71, 0xf6, 0x71, 0xf6, 0x71, 0xf6, 0x71, 0xf6, 0x71, 0xf6,
    0x71, 0xf6, 0x91, 0xf6, 0x51, 0xf6, 0xf2, 0xfe, 0x6e, 0xed, 0x0b, 0xdc,
    0x82, 0xb8, 0x03, 0xc1, 0x24, 0xc1, 0x23, 0xc1, 0x23, 0xc1, 0x23, 0xc1,
    0x23, 0xc1, 0x23, 0xc1, 0x23, 0xc1, 0x23, 0xc1, 0x23, 0xc1, 0x23, 0xc1,
    0x23, 0xc1, 0x23, 0xc1, 0x23, 0xc1, 0x23, 0xc1, 0x23, 0xc1, 0x23, 0xc1,
    0x23, 0xc1, 0x23, 0xc1, 0x23, 0xc1, 0x23, 0xc1, 0x23, 0xc1, 0x23, 0xc1,
    0x23, 0xc1, 0x23, 0xc1, 0x23, 0xc1, 0x23, 0xc1, 0x23, 0xc1, 0x23, 0xc1,
    0x23, 0xc1, 0x23, 0xc1, 0x23, 0xc1, 0x23, 0xc1, 0x23, 0xc1, 0x23, 0xc1,
    0x23, 0xc1, 0x23, 0xc1, 0x23, 0xc1, 0x23, 0xc1, 0x23, 0xc1, 0x23, 0xc1,
    0x23, 0xc1, 0x23, 0xc1, 0x23, 0xc1, 0x23, 0xc1, 0x23, 0xc1, 0x23, 0xc1,
    0x23, 0xc1, 0x23, 0xc1, 0x23, 0xc1, 0x23, 0xc1, 0x23, 0xc1, 0x23, 0xc1,
    0x23, 0xc1, 0x23, 0xc1, 0x23, 0xc1, 0x23, 0xc1, 0x23, 0xc1, 0x23, 0xc1,
    0x23, 0xc1, 0x23, 0xc1, 0x23, 0xc1, 0x23, 0xc1, 0x23, 0xc1, 0x23, 0xc1,
    0x23, 0xc1, 0x23, 0xc1, 0x23, 0xc1, 0x23, 0xc1, 0x23, 0xc1, 0x23, 0xc1,
    0x23, 0xc1, 0x23, 0xc1, 0x23, 0xc1, 0x23, 0xc1, 0x23, 0xc1, 0x23, 0xc1,
    0x23, 0xc1, 0x23, 0xc1, 0x23, 0xc1, 0x23, 0xc1, 0x23, 0xc1, 0x23, 0xc1,
    0x23, 0xc1, 0x23, 0xc1, 0x24, 0xc1, 0xe3, 0xc0, 0xe3, 0xc0, 0x8c, 0xe4,
    0xaf, 0xed, 0xf2, 0xfe, 0x51, 0xf6, 0x91, 0xf6, 0x71, 0xf6, 0x71, 0xf6,
    0x71, 0xf6, 0x71, 0xf6, 0x71, 0xf6, 0x71, 0xf6, 0x71, 0xf6, 0x71, 0xf6,
    0x71, 0xf6, 0x71, 0xf6, 0x71, 0xf6, 0x71, 0xf6, 0x71, 0xf6, 0x71, 0xf6,
    0x71, 0xf6, 0x71, 0xf6, 0x71, 0xf6, 0x71, 0xf6, 0x71, 0xf6, 0x71, 0xf6,
    0x71, 0xf6, 0x71, 0xf6, 0x71, 0xf6, 0x71, 0xf6, 0x71, 0xf6, 0x71, 0xf6,
    0x71, 0xf6, 0x71, 0xf6, 0xd2, 0xfe, 0xe6, 0x00, 0x04, 0x00, 0x45, 0x00,
    0x45, 0x00, 0x45, 0x00, 0x45, 0x00, 0x45, 0x00, 0x45, 0x00, 0x45, 0x00,
    0x45, 0x00, 0x45, 0x00, 0x45, 0x00, 0x45, 0x00, 0x45, 0x00, 0x45, 0x00,
    0x45, 0x00, 0x45, 0x00, 0x45, 0x00, 0x45, 0x00, 0x45, 0x00, 0x45, 0x00,
    0x45, 0x00, 0x45, 0x00, 0x45, 0x00, 0x45, 0x00, 0x45, 0x00, 0x45, 0x00,
    0x45, 0x00, 0x45, 0x00, 0x45, 0x00, 0x45, 0x00, 0x45, 0x00, 0x45, 0x00,
    0x45, 0x00, 0x45, 0x00, 0x45, 0x00, 0x45, 0x00, 0x45, 0x00, 0x45, 0x00,
    0x45, 0x00, 0x65, 0x00, 0x04, 0x00, 0x8a, 0x4a, 0x73, 0xff, 0x31, 0xee,
    0x71, 0xf6, 0x71, 0xf6, 0x71, 0xf6, 0x71, 0xf6, 0x71, 0xf6, 0x71, 0xf6,
    0x71, 0xf6, 0x71, 0xf6, 0x71, 0xf6, 0x71, 0xf6, 0x71, 0xf6, 0x71, 0xf6,
    0x71, 0xf6, 0x71, 0xf6, 0x71, 0xf6, 0x71, 0xf6, 0x71, 0xf6, 0x71, 0xf6,
    0x71, 0xf6, 0x71, 0xf6, 0x71, 0xf6, 0x71, 0xf6, 0x71, 0xf6, 0x71, 0xf6,
    0x71, 0xf6, 0x71, 0xf6, 0x71, 0xf6, 0x51, 0xf6, 0xf3, 0xfe, 0x2e, 0xed,
    0xe3, 0xc0, 0xa2, 0xb8, 0x44, 0xc1, 0x24, 0xc1, 0x24, 0xc1, 0x24, 0xc1,
    0x24, 0xc1, 0x24, 0xc1, 0x24, 0xc1, 0x24, 0xc1, 0x24, 0xc1, 0x24, 0xc1,
    0x24, 0xc1, 0x24, 0xc1, 0x24, 0xc1, 0x24, 0xc1, 0x24, 0xc1, 0x24, 0xc1,
    0x24, 0xc1, 0x24, 0xc1, 0x24, 0xc1, 0x24, 0xc1, 0x24, 0xc1, 0x24, 0xc1,
    0x24, 0xc1, 0x24, 0xc1, 0x24, 0xc1, 0x24, 0xc1, 0x24, 0xc1, 0x24, 0xc1,
    0x24, 0xc1, 0x24, 0xc1, 0x24, 0xc1, 0x24, 0xc1, 0x24, 0xc1, 0x24, 0xc1,
    0x24, 0xc1, 0x24, 0xc1, 0x24, 0xc1, 0x24, 0xc1, 0x24, 0xc1, 0x24, 0xc1,
    0x24, 0xc1, 0x24, 0xc1, 0x24, 0xc1, 0x24, 0xc1, 0x24, 0xc1, 0x24, 0xc1,
    0x24, 0xc1, 0x24, 0xc1, 0x24, 0xc1, 0x24, 0xc1, 0x24, 0xc1, 0x24, 0xc1,
    0x24, 0xc1, 0x24, 0xc1, 0x24, 0xc1, 0x24, 0xc1, 0x24, 0xc1, 0x24, 0xc1,
    0x24, 0xc1, 0x24, 0xc1, 0x24, 0xc1, 0x24, 0xc1, 0x24, 0xc1, 0x24, 0xc1,
    0x24, 0xc1, 0x24, 0xc1, 0x24, 0xc1, 0x24, 0xc1, 0x24, 0xc1, 0x24, 0xc1,
    0x24, 0xc1, 0x24, 0xc1, 0x24, 0xc1, 0x24, 0xc1, 0x24, 0xc1, 0x24, 0xc1,
    0x24, 0xc1, 0x24, 0xc1, 0x24, 0xc1, 0x24, 0xc1, 0x24, 0xc1, 0x24, 0xc1,
    0x24, 0xc1, 0x24, 0xc1, 0x24, 0xc1, 0x24, 0xc1, 0x24, 0xc1, 0x24, 0xc1,
    0x44, 0xc1, 0x82, 0xb8, 0x44, 0xc1, 0xd0, 0xed, 0xd2, 0xfe, 0x71, 0xf6,
    0x71, 0xf6, 0x71, 0xf6, 0x71, 0xf6, 0x71, 0xf6, 0x71, 0xf6, 0x71, 0xf6,
    0x71, 0xf6, 0x71, 0xf6, 0x71, 0xf6, 0x71, 0xf6, 0x71, 0xf6, 0x71, 0xf6,
    0x71, 0xf6, 0x71, 0xf6, 0x71, 0xf6, 0x71, 0xf6, 0x71, 0xf6, 0x71, 0xf6,
    0x71, 0xf6, 0x71, 0xf6, 0x71, 0xf6, 0x71, 0xf6, 0x71, 0xf6, 0x71, 0xf6,
    0x71, 0xf6, 0x71, 0xf6, 0x71, 0xf6, 0x51, 0xee, 0x53, 0xff, 0x67, 0x19,
    0x04, 0x00, 0x45, 0x00, 0x45, 0x00, 0x45, 0x00, 0x45, 0x00, 0x45, 0x00,
    0x45, 0x00, 0x45, 0x00, 0x45, 0x00, 0x45, 0x00, 0x45, 0x00, 0x45, 0x00,
    0x45, 0x00, 0x45, 0x00, 0x45, 0x00, 0x45, 0x00, 0x45, 0x00, 0x45, 0x00,
    0x45, 0x00, 0x45, 0x00, 0x45, 0x00, 0x45, 0x00, 0x45, 0x00, 0x45, 0x00,
    0x45, 0x00, 0x45, 0x00, 0x45, 0x00, 0x45, 0x00, 0x45, 0x00, 0x45, 0x00,
    0x45, 0x00, 0x45, 0x00, 0x45, 0x00, 0x45, 0x00, 0x45, 0x00, 0x45, 0x00,
    0x45, 0x00, 0x45, 0x00, 0x45, 0x00, 0x45, 0x00, 0x45, 0x00, 0x85, 0x00,
    0x8e, 0xa4, 0xf2, 0xfe, 0x71, 0xf6, 0x71, 0xf6, 0x71, 0xf6, 0x71, 0xf6,
    0x71, 0xf6, 0x71, 0xf6, 0x71, 0xf6, 0x71, 0xf6, 0x71, 0xf6, 0x71, 0xf6,
    0x71, 0xf6, 0x71, 0xf6, 0x71, 0xf6, 0x71, 0xf6, 0x71, 0xf6, 0x71, 0xf6,
    0x71, 0xf6, 0x71, 0xf6, 0x71, 0xf6, 0x71, 0xf6, 0x71, 0xf6, 0x71, 0xf6,
    0x71, 0xf6, 0x71, 0xf6, 0x71, 0xf6, 0x71, 0xf6, 0x71, 0xf6, 0xf2, 0xfe,
    0x2e, 0xed, 0xe3, 0xc0, 0x24, 0xc1, 0x44, 0xc1, 0x24, 0xc1, 0x24, 0xc1,
    0x24, 0xc1, 0x24, 0xc1, 0x24, 0xc1, 0x24, 0xc1, 0x24, 0xc1, 0x24, 0xc1,
    0x24, 0xc1, 0x24, 0xc1, 0x24, 0xc1, 0x24, 0xc1, 0x24, 0xc1, 0x24, 0xc1,
    0x24, 0xc1, 0x24, 0xc1, 0x24, 0xc1, 0x24, 0xc1, 0x24, 0xc1, 0x24, 0xc1,
    0x24, 0xc1, 0x24, 0xc1, 0x24, 0xc1, 0x24, 0xc1, 0x24, 0xc1, 0x24, 0xc1,
    0x24, 0xc1, 0x24, 0xc1, 0x24, 0xc1, 0x24, 0xc1, 0x24, 0xc1, 0x24, 0xc1,
    0x24, 0xc1, 0x24, 0xc1, 0x24, 0xc1, 0x24, 0xc1, 0x24, 0xc1, 0x24, 0xc1,
    0x24, 0xc1, 0x24, 0xc1, 0x24, 0xc1, 0x24, 0xc1, 0x24, 0xc1, 0x24, 0xc1,
    0x24, 0xc1, 0x24, 0xc1, 0x24, 0xc1, 0x24, 0xc1, 0x24, 0xc1, 0x24, 0xc1,
    0x24, 0xc1, 0x24, 0xc1, 0x24, 0xc1, 0x24, 0xc1, 0x24, 0xc1, 0x24, 0xc1,
    0x24, 0xc1, 0x24, 0xc1, 0x24, 0xc1, 0x24, 0xc1, 0x24, 0xc1, 0x24, 0xc1,
    0x24, 0xc1, 0x24, 0xc1, 0x24, 0xc1, 0x24, 0xc1, 0x24, 0xc1, 0x24, 0xc1,
    0x24, 0xc1, 0x24, 0xc1, 0x24, 0xc1, 0x24, 0xc1, 0x24, 0xc1, 0x24, 0xc1,
    0x24, 0xc1, 0x24, 0xc1, 0x24, 0xc1, 0x24, 0xc1, 0x24, 0xc1, 0x24, 0xc1,
    0x24, 0xc1, 0x24, 0xc1, 0x24, 0xc1, 0x24, 0xc1, 0x24, 0xc1, 0x24, 0xc1,
    0x24, 0xc1, 0x24, 0xc1, 0x24, 0xc1, 0x64, 0xc1, 0x03, 0xc1, 0x44, 0xc1,
    0xd0, 0xed, 0xb2, 0xfe, 0x71, 0xf6, 0x71, 0xf6, 0x71, 0xf6, 0x71, 0xf6,
    0x71, 0xf6, 0x71, 0xf6, 0x71, 0xf6, 0x71, 0xf6, 0x71, 0xf6, 0x71, 0xf6,
    0x71, 0xf6, 0x71, 0xf6, 0x71, 0xf6, 0x71, 0xf6, 0x71, 0xf6, 0x71, 0xf6,
    0x71, 0xf6, 0x71, 0xf6, 0x71, 0xf6, 0x71, 0xf6, 0x71, 0xf6, 0x71, 0xf6,
    0x71, 0xf6, 0x71, 0xf6, 0x71, 0xf6, 0x71, 0xf6, 0x71, 0xf6, 0xf2, 0xfe,
    0xac, 0x83, 0x45, 0x00, 0x45, 0x00, 0x45, 0x00, 0x45, 0x00, 0x45, 0x00,
    0x45, 0x00, 0x45, 0x00, 0x45, 0x00, 0x45, 0x00, 0x45, 0x00, 0x45, 0x00,
    0x45, 0x00, 0x45, 0x00, 0x45, 0x00, 0x45, 0x00, 0x45, 0x00, 0x45, 0x00,
    0x45, 0x00, 0x45, 0x00, 0x45, 0x00, 0x45, 0x00, 0x45, 0x00, 0x45, 0x00,
    0x45, 0x00, 0x45, 0x00, 0x45, 0x00, 0x45, 0x00, 0x45, 0x00, 0x45, 0x00,
    0x45, 0x00, 0x45, 0x00, 0x45, 0x00, 0x45, 0x00, 0x45, 0x00, 0x45, 0x00,
    0x45, 0x00, 0x45, 0x00, 0x45, 0x00, 0x45, 0x00, 0x45, 0x00, 0x45, 0x00,
    0x85, 0x00, 0x03, 0x00, 0x0a, 0x63, 0x13, 0xff, 0x51, 0xee, 0x71, 0xf6,
    0x71, 0xf6, 0x71, 0xf6, 0x71, 0xf6, 0x71, 0xf6, 0x71, 0xf6, 0x71, 0xf6,
    0x71, 0xf6, 0x71, 0xf6, 0x71, 0xf6, 0x71, 0xf6, 0x71, 0xf6, 0x71, 0xf6,
    0x71, 0xf6, 0x71, 0xf6, 0x71, 0xf6, 0x71, 0xf6, 0x71, 0xf6, 0x71, 0xf6,
    0x71, 0xf6, 0x71, 0xf6, 0x71, 0xf6, 0x71, 0xf6, 0x71, 0xf6, 0x71, 0xf6,
    0xd2, 0xfe, 0x6e, 0xed, 0xe3, 0xc0, 0x24, 0xc1, 0x44, 0xc1, 0x24, 0xc1,
    0x24, 0xc1, 0x24, 0xc1, 0x24, 0xc1, 0x24, 0xc1, 0x24, 0xc1, 0x24, 0xc1,
    0x24, 0xc1, 0x24, 0xc1, 0x24, 0xc1, 0x24, 0xc1, 0x24, 0xc1, 0x24, 0xc1,
    0x24, 0xc1, 0x24, 0xc1, 0x24, 0xc1, 0x24, 0xc1, 0x24, 0xc1, 0x24, 0xc1,
    0x24, 0xc1, 0x24, 0xc1, 0x24, 0xc1, 0x24, 0xc1, 0x24, 0xc1, 0x24, 0xc1,
    0x24, 0xc1, 0x24, 0xc1, 0x24, 0xc1, 0x24, 0xc1, 0x24, 0xc1, 0x24, 0xc1,
    0x24, 0xc1, 0x24, 0xc1, 0x24, 0xc1, 0x24, 0xc1, 0x24, 0xc1, 0x24, 0xc1,
    0x24, 0xc1, 0x24, 0xc1, 0x24, 0xc1, 0x24, 0xc1, 0x24, 0xc1, 0x24, 0xc1,
    0x24, 0xc1, 0x24, 0xc1, 0x24, 0xc1, 0x24, 0xc1, 0x24, 0xc1, 0x24, 0xc1,
    0x24, 0xc1, 0x24, 0xc1, 0x24, 0xc1, 0x24, 0xc1, 0x24, 0xc1, 0x24, 0xc1,
    0x24, 0xc1, 0x24, 0xc1, 0x24, 0xc1, 0x24, 0xc1, 0x24, 0xc1, 0x24, 0xc1,
    0x24, 0xc1, 0x24, 0xc1, 0x24, 0xc1, 0x24, 0xc1, 0x24, 0xc1, 0x24, 0xc1,
    0x24, 0xc1, 0x24, 0xc1, 0x24, 0xc1, 0x24, 0xc1, 0x24, 0xc1, 0x24, 0xc1,
    0x24, 0xc1, 0x24, 0xc1, 0x24, 0xc1, 0x24, 0xc1, 0x24, 0xc1, 0x24, 0xc1,
    0x24, 0xc1, 0x24, 0xc1, 0x24, 0xc1, 0x24, 0xc1, 0x24, 0xc1, 0x24, 0xc1,
    0x24, 0xc1, 0x24, 0xc1, 0x24, 0xc1, 0x24, 0xc1, 0x24, 0xc1, 0x24, 0xc1,
    0x44, 0xc1, 0x03, 0xc1, 0x44, 0xc1, 0x30, 0xf6, 0xb2, 0xfe, 0x71, 0xf6,
    0x71, 0xf6, 0x71, 0xf6, 0x71, 0xf6, 0x71, 0xf6, 0x71, 0xf6, 0x71, 0xf6,
    0x71, 0xf6, 0x71, 0xf6, 0x71, 0xf6, 0x71, 0xf6, 0x71, 0xf6, 0x71, 0xf6,
    0x71, 0xf6, 0x71, 0xf6, 0x71, 0xf6, 0x71, 0xf6, 0x71, 0xf6, 0x71, 0xf6,
    0x71, 0xf6, 0x71, 0xf6, 0x71, 0xf6, 0x71, 0xf6, 0x71, 0xf6, 0x71, 0xf6,
    0x51, 0xee, 0x13, 0xff, 0xe8, 0x29, 0x04, 0x00, 0x65, 0x00, 0x45, 0x00,
    0x45, 0x00, 0x45, 0x00, 0x45, 0x00, 0x45, 0x00, 0x45, 0x00, 0x45, 0x00,
    0x45, 0x00, 0x45, 0x00, 0x45, 0x00, 0x45, 0x00, 0x45, 0x00, 0x45, 0x00,
    0x45, 0x00, 0x45, 0x00, 0x45, 0x00, 0x45, 0x00, 0x45, 0x00, 0x45, 0x00,
    0x45, 0x00, 0x45, 0x00, 0x45, 0x00, 0x45, 0x00, 0x45, 0x00, 0x45, 0x00,
    0x45, 0x00, 0x45, 0x00, 0x45, 0x00, 0x45, 0x00, 0x45, 0x00, 0x45, 0x00,
    0x45, 0x00, 0x45, 0x00, 0x45, 0x00, 0x45, 0x00, 0x45, 0x00, 0x45, 0x00,
    0x45, 0x00, 0x45, 0x00, 0x45, 0x00, 0x65, 0x00, 0x04, 0x00, 0x6d, 0xa4,
    0xf2, 0xfe, 0x71, 0xf6, 0x71, 0xf6, 0x71, 0xf6, 0x71, 0xf6, 0x71, 0xf6,
    0x71, 0xf6, 0x71, 0xf6, 0x71, 0xf6, 0x71, 0xf6, 0x71, 0xf6, 0x71, 0xf6,
    0x71, 0xf6, 0x71, 0xf6, 0x71, 0xf6, 0x71, 0xf6, 0x71, 0xf6, 0x71, 0xf6,
    0x71, 0xf6, 0x71, 0xf6, 0x71, 0xf6, 0x71, 0xf6, 0x71, 0xf6, 0x71, 0xf6,
    0x71, 0xf6, 0x71, 0xf6, 0xb2, 0xf6, 0x0b, 0xdc, 0xa2, 0xb8, 0x44, 0xc1,
    0x24, 0xc1, 0x24, 0xc1, 0x24, 0xc1, 0x24, 0xc1, 0x24, 0xc1, 0x24, 0xc1,
    0x24, 0xc1, 0x24, 0xc1, 0x24, 0xc1, 0x24, 0xc1, 0x24, 0xc1, 0x24, 0xc1,
    0x24, 0xc1, 0x24, 0xc1, 0x24, 0xc1, 0x24, 0xc1, 0x24, 0xc1, 0x24, 0xc1,
    0x24, 0xc1, 0x24, 0xc1, 0x24, 0xc1, 0x24, 0xc1, 0x24, 0xc1, 0x24, 0xc1,
    0x24, 0xc1, 0x24, 0xc1, 0x24, 0xc1, 0x24, 0xc1, 0x24, 0xc1, 0x24, 0xc1,
    0x24, 0xc1, 0x24, 0xc1, 0x24, 0xc1, 0x24, 0xc1, 0x24, 0xc1, 0x24, 0xc1,
    0x24, 0xc1, 0x24, 0xc1, 0x24, 0xc1, 0x24, 0xc1, 0x24, 0xc1, 0x24, 0xc1,
    0x24, 0xc1, 0x24, 0xc1, 0x24, 0xc1, 0x24, 0xc1, 0x24, 0xc1, 0x24, 0xc1,
    0x24, 0xc1, 0x24, 0xc1, 0x24, 0xc1, 0x24, 0xc1, 0x24, 0xc1, 0x24, 0xc1,
    0x24, 0xc1, 0x24, 0xc1, 0x24, 0xc1, 0x24, 0xc1, 0x24, 0xc1, 0x24, 0xc1,
    0x24, 0xc1, 0x24, 0xc1, 0x24, 0xc1, 0x24, 0xc1, 0x24, 0xc1, 0x24, 0xc1,
    0x24, 0xc1, 0x24, 0xc1, 0x24, 0xc1, 0x24, 0xc1, 0x24, 0xc1, 0x24, 0xc1,
    0x24, 0xc1, 0x24, 0xc1, 0x24, 0xc1, 0x24, 0xc1, 0x24, 0xc1, 0x24, 0xc1,
    0x24, 0xc1, 0x24, 0xc1, 0x24, 0xc1, 0x24, 0xc1, 0x24, 0xc1, 0x24, 0xc1,
    0x24, 0xc1, 0x24, 0xc1, 0x24, 0xc1, 0x24, 0xc1, 0x24, 0xc1, 0x24, 0xc1,
    0x24, 0xc1, 0x24, 0xc1, 0x24, 0xc1, 0x44, 0xc1, 0xc2, 0xc0, 0xed, 0xe4,
    0x91, 0xf6, 0x71, 0xf6, 0x71, 0xf6, 0x71, 0xf6, 0x71, 0xf6, 0x71, 0xf6,
    0x71, 0xf6, 0x71, 0xf6, 0x71, 0xf6, 0x71, 0xf6, 0x71, 0xf6, 0x71, 0xf6,
    0x71, 0xf6, 0x71, 0xf6, 0x71, 0xf6, 0x71, 0xf6, 0x71, 0xf6, 0x71, 0xf6,
    0x71, 0xf6, 0x71, 0xf6, 0x71, 0xf6, 0x71, 0xf6, 0x71, 0xf6, 0x71, 0xf6,
    0x71, 0xf6, 0x51, 0xf6, 0xf2, 0xfe, 0x6b, 0x73, 0x04, 0x00, 0x65, 0x00,
    0x45, 0x00, 0x45, 0x00, 0x45, 0x00, 0x45, 0x00, 0x45, 0x00, 0x45, 0x00,
    0x45, 0x00, 0x45, 0x00, 0x45, 0x00, 0x45, 0x00, 0x45, 0x00, 0x45, 0x00,
    0x45, 0x00, 0x45, 0x00, 0x45, 0x00, 0x45, 0x00, 0x45, 0x00, 0x45, 0x00,
    0x45, 0x00, 0x45, 0x00, 0x45, 0x00, 0x45, 0x00, 0x45, 0x00, 0x45, 0x00,
    0x45, 0x00, 0x45, 0x00, 0x45, 0x00, 0x45, 0x00, 0x45, 0x00, 0x45, 0x00,
    0x45, 0x00, 0x45, 0x00, 0x45, 0x00, 0x45, 0x00, 0x45, 0x00, 0x45, 0x00,
    0x45, 0x00, 0x45, 0x00, 0x45, 0x00, 0x45, 0x00, 0x45, 0x00, 0x85, 0x00,
    0x04, 0x00, 0xee, 0xb4, 0x13, 0xff, 0x71, 0xf6, 0x71, 0xf6, 0x71, 0xf6,
    0x71, 0xf6, 0x71, 0xf6, 0x71, 0xf6, 0x71, 0xf6, 0x71, 0xf6, 0x71, 0xf6,
    0x71, 0xf6, 0x71, 0xf6, 0x71, 0xf6, 0x71, 0xf6, 0x71, 0xf6, 0x71, 0xf6,
    0x71, 0xf6, 0x71, 0xf6, 0x71, 0xf6, 0x71, 0xf6, 0x71, 0xf6, 0x71, 0xf6,
    0x71, 0xf6, 0x71, 0xf6, 0x71, 0xf6, 0xb2, 0xfe, 0x10, 0xf6, 0x82, 0xb8,
    0x44, 0xc1, 0x24, 0xc1, 0x24, 0xc1, 0x24, 0xc1, 0x24, 0xc1, 0x24, 0xc1,
    0x24, 0xc1, 0x24, 0xc1, 0x24, 0xc1, 0x24, 0xc1, 0x24, 0xc1, 0x24, 0xc1,
    0x24, 0xc1, 0x24, 0xc1, 0x24, 0xc1, 0x24, 0xc1, 0x24, 0xc1, 0x24, 0xc1,
    0x24, 0xc1, 0x24, 0xc1, 0x24, 0xc1, 0x24, 0xc1, 0x24, 0xc1, 0x24, 0xc1,
    0x24, 0xc1, 0x24, 0xc1, 0x24, 0xc1, 0x24, 0xc1, 0x24, 0xc1, 0x24, 0xc1,
    0x24, 0xc1, 0x24, 0xc1, 0x24, 0xc1, 0x24, 0xc1, 0x24, 0xc1, 0x24, 0xc1,
    0x24, 0xc1, 0x24, 0xc1, 0x24, 0xc1, 0x24, 0xc1, 0x24, 0xc1, 0x24, 0xc1,
    0x24, 0xc1, 0x24, 0xc1, 0x24, 0xc1, 0x24, 0xc1, 0x24, 0xc1, 0x24, 0xc1,
    0x24, 0xc1, 0x24, 0xc1, 0x24, 0xc1, 0x24, 0xc1, 0x24, 0xc1, 0x24, 0xc1,
    0x24, 0xc1, 0x24, 0xc1, 0x24, 0xc1, 0x24, 0xc1, 0x24, 0xc1, 0x24, 0xc1,
    0x24, 0xc1, 0x24, 0xc1, 0x24, 0xc1, 0x24, 0xc1, 0x24, 0xc1, 0x24, 0xc1,
    0x24, 0xc1, 0x24, 0xc1, 0x24, 0xc1, 0x24, 0xc1, 0x24, 0xc1, 0x24, 0xc1,
    0x24, 0xc1, 0x24, 0xc1, 0x24, 0xc1, 0x24, 0xc1, 0x24, 0xc1, 0x24, 0xc1,
    0x24, 0xc1, 0x24, 0xc1, 0x24, 0xc1, 0x24, 0xc1, 0x24, 0xc1, 0x24, 0xc1,
    0x24, 0xc1, 0x24, 0xc1, 0x24, 0xc1, 0x24, 0xc1, 0x24, 0xc1, 0x24, 0xc1,
    0x24, 0xc1, 0x24, 0xc1, 0x24, 0xc1, 0x24, 0xc1, 0x24, 0xc1, 0x24, 0xc1,
    0x24, 0xc1, 0x03, 0xc1, 0xd2, 0xfe, 0x71, 0xf6, 0x71, 0xf6, 0x71, 0xf6,
    0x71, 0xf6, 0x71, 0xf6, 0x71, 0xf6, 0x71, 0xf6, 0x71, 0xf6, 0x71, 0xf6,
    0x71, 0xf6, 0x71, 0xf6, 0x71, 0xf6, 0x71, 0xf6, 0x71, 0xf6, 0x71, 0xf6,
    0x71, 0xf6, 0x71, 0xf6, 0x71, 0xf6, 0x71, 0xf6, 0x71, 0xf6, 0x71, 0xf6,
    0x71, 0xf6, 0x71, 0xf6, 0x71, 0xf6, 0x51, 0xee, 0x53, 0xff, 0xac, 0x7b,
    0x04, 0x00, 0x85, 0x00, 0x45, 0x00, 0x45, 0x00, 0x45, 0x00, 0x45, 0x00,
    0x45, 0x00, 0x45, 0x00, 0x45, 0x00, 0x45, 0x00, 0x45, 0x00, 0x45, 0x00,
    0x45, 0x00, 0x45, 0x00, 0x45, 0x00, 0x45, 0x00, 0x45, 0x00, 0x45, 0x00,
    0x45, 0x00, 0x45, 0x00, 0x45, 0x00, 0x45, 0x00, 0x45, 0x00, 0x45, 0x00,
    0x45, 0x00, 0x45, 0x00, 0x45, 0x00, 0x45, 0x00, 0x45, 0x00, 0x45, 0x00,
    0x45, 0x00, 0x45, 0x00, 0x45, 0x00, 0x45, 0x00, 0x45, 0x00, 0x45, 0x00,
    0x45, 0x00, 0x45, 0x00, 0x45, 0x00, 0x45, 0x00, 0x45, 0x00, 0x45, 0x00,
    0x45, 0x00, 0x65, 0x00, 0x04, 0x00, 0x49, 0x3a, 0x31, 0xee, 0x91, 0xfe,
    0x71, 0xf6, 0x71, 0xf6, 0x71, 0xf6, 0x71, 0xf6, 0x71, 0xf6, 0x71, 0xf6,
    0x71, 0xf6, 0x71, 0xf6, 0x71, 0xf6, 0x71, 0xf6, 0x71, 0xf6, 0x71, 0xf6,
    0x71, 0xf6, 0x71, 0xf6, 0x71, 0xf6, 0x71, 0xf6, 0x71, 0xf6, 0x71, 0xf6,
    0x71, 0xf6, 0x71, 0xf6, 0x71, 0xf6, 0x71, 0xf6, 0x71, 0xf6, 0x91, 0xf6,
    0x8a, 0xdb, 0x03, 0xc1, 0x24, 0xc1, 0x24, 0xc1, 0x24, 0xc1, 0x24, 0xc1,
    0x24, 0xc1, 0x24, 0xc1, 0x24, 0xc1, 0x24, 0xc1, 0x24, 0xc1, 0x24, 0xc1,
    0x24, 0xc1, 0x24, 0xc1, 0x24, 0xc1, 0x24, 0xc1, 0x24, 0xc1, 0x24, 0xc1,
    0x24, 0xc1, 0x24, 0xc1, 0x24, 0xc1, 0x24, 0xc1, 0x24, 0xc1, 0x24, 0xc1,
    0x24, 0xc1, 0x24, 0xc1, 0x24, 0xc1, 0x24, 0xc1, 0x24, 0xc1, 0x24, 0xc1,
    0x24, 0xc1, 0x24, 0xc1, 0x24, 0xc1, 0x24, 0xc1, 0x24, 0xc1, 0x24, 0xc1,
    0x24, 0xc1, 0x24, 0xc1, 0x24, 0xc1, 0x24, 0xc1, 0x24, 0xc1, 0x24, 0xc1,
    0x24, 0xc1, 0x24, 0xc1, 0x24, 0xc1, 0x24, 0xc1, 0x24, 0xc1, 0x24, 0xc1,
    0x24, 0xc1, 0x24, 0xc1, 0x24, 0xc1, 0x24, 0xc1, 0x24, 0xc1, 0x24, 0xc1,
    0x24, 0xc1, 0x24, 0xc1, 0x24, 0xc1, 0x24, 0xc1, 0x24, 0xc1, 0x24, 0xc1,
    0x24, 0xc1, 0x24, 0xc1, 0x24, 0xc1, 0x24, 0xc1, 0x24, 0xc1, 0x24, 0xc1,
    0x24, 0xc1, 0x24, 0xc1, 0x24, 0xc1, 0x24, 0xc1, 0x24, 0xc1, 0x24, 0xc1,
    0x24, 0xc1, 0x24, 0xc1, 0x24, 0xc1, 0x24, 0xc1, 0x24, 0xc1, 0x24, 0xc1,
    0x24, 0xc1, 0x24, 0xc1, 0x24, 0xc1, 0x24, 0xc1, 0x24, 0xc1, 0x24, 0xc1,
    0x24, 0xc1, 0x24, 0xc1, 0x24, 0xc1, 0x24, 0xc1, 0x24, 0xc1, 0x24, 0xc1,
    0x24, 0xc1, 0x24, 0xc1, 0x24, 0xc1, 0x24, 0xc1, 0x24, 0xc1, 0x24, 0xc1,
    0x24, 0xc1, 0x24, 0xc1, 0x23, 0xc1, 0x24, 0xc1, 0x2b, 0xe4, 0xb2, 0xf6,
    0x71, 0xf6, 0x71, 0xf6, 0x71, 0xf6, 0x71, 0xf6, 0x71, 0xf6, 0x71, 0xf6,
    0x71, 0xf6, 0x71, 0xf6, 0x71, 0xf6, 0x71, 0xf6, 0x71, 0xf6, 0x71, 0xf6,
    0x71, 0xf6, 0x71, 0xf6, 0x71, 0xf6, 0x71, 0xf6, 0x71, 0xf6, 0x71, 0xf6,
    0x71, 0xf6, 0x71, 0xf6, 0x71, 0xf6, 0x71, 0xf6, 0x71, 0xf6, 0xb1, 0xfe,
    0xb0, 0xd5, 0x87, 0x21, 0x04, 0x00, 0x65, 0x00, 0x45, 0x00, 0x45, 0x00,
    0x45, 0x00, 0x45, 0x00, 0x45, 0x00, 0x45, 0x00, 0x45, 0x00, 0x45, 0x00,
    0x45, 0x00, 0x45, 0x00, 0x45, 0x00, 0x45, 0x00, 0x45, 0x00, 0x45, 0x00,
    0x45, 0x00, 0x45, 0x00, 0x45, 0x00, 0x45, 0x00, 0x45, 0x00, 0x45, 0x00,
    0x45, 0x00, 0x45, 0x00, 0x45, 0x00, 0x45, 0x00, 0x45, 0x00, 0x45, 0x00,
    0x45, 0x00, 0x45, 0x00, 0x45, 0x00, 0x45, 0x00, 0x45, 0x00, 0x45, 0x00,
    0x45, 0x00, 0x45, 0x00, 0x45, 0x00, 0x45, 0x00, 0x45, 0x00, 0x45, 0x00,
    0x45, 0x00, 0x45, 0x00, 0x45, 0x00, 0x45, 0x00, 0x65, 0x00, 0x03, 0x00,
    0xb0, 0xd5, 0xd2, 0xfe, 0x71, 0xf6, 0x71, 0xf6, 0x71, 0xf6, 0x71, 0xf6,
    0x71, 0xf6, 0x71, 0xf6, 0x71, 0xf6, 0x71, 0xf6, 0x71, 0xf6, 0x71, 0xf6,
    0x71, 0xf6, 0x71, 0xf6, 0x71, 0xf6, 0x71, 0xf6, 0x71, 0xf6, 0x71, 0xf6,
    0x71, 0xf6, 0x71, 0xf6, 0x71, 0xf6, 0x71, 0xf6, 0x71, 0xf6, 0x71, 0xf6,
    0x91, 0xf6, 0x51, 0xf6, 0xe3, 0xc0, 0x23, 0xc1, 0x24, 0xc1, 0x24, 0xc1,
    0x24, 0xc1, 0x24, 0xc1, 0x24, 0xc1, 0x24, 0xc1, 0x24, 0xc1, 0x24, 0xc1,
    0x24, 0xc1, 0x24, 0xc1, 0x24, 0xc1, 0x24, 0xc1, 0x24, 0xc1, 0x24, 0xc1,
    0x24, 0xc1, 0x24, 0xc1, 0x24, 0xc1, 0x24, 0xc1, 0x24, 0xc1, 0x24, 0xc1,
    0x24, 0xc1, 0x24, 0xc1, 0x24, 0xc1, 0x24, 0xc1, 0x24, 0xc1, 0x24, 0xc1,
    0x24, 0xc1, 0x24, 0xc1, 0x24, 0xc1, 0x24, 0xc1, 0x24, 0xc1, 0x24, 0xc1,
    0x24, 0xc1, 0x24, 0xc1, 0x24, 0xc1, 0x24, 0xc1, 0x24, 0xc1, 0x24, 0xc1,
    0x24, 0xc1, 0x24, 0xc1, 0x24, 0xc1, 0x24, 0xc1, 0x24, 0xc1, 0x24, 0xc1,
    0x24, 0xc1, 0x24, 0xc1, 0x24, 0xc1, 0x24, 0xc1, 0x24, 0xc1, 0x24, 0xc1,
    0x24, 0xc1, 0x24, 0xc1, 0x24, 0xc1, 0x24, 0xc1, 0x24, 0xc1, 0x24, 0xc1,
    0x24, 0xc1, 0x24, 0xc1, 0x24, 0xc1, 0x24, 0xc1, 0x24, 0xc1, 0x24, 0xc1,
    0x24, 0xc1, 0x24, 0xc1, 0x24, 0xc1, 0x24, 0xc1, 0x24, 0xc1, 0x24, 0xc1,
    0x24, 0xc1, 0x24, 0xc1, 0x24, 0xc1, 0x24, 0xc1, 0x24, 0xc1, 0x24, 0xc1,
    0x24, 0xc1, 0x24, 0xc1, 0x24, 0xc1, 0x24, 0xc1, 0x24, 0xc1, 0x24, 0xc1,
    0x24, 0xc1, 0x24, 0xc1, 0x24, 0xc1, 0x24, 0xc1, 0x24, 0xc1, 0x24, 0xc1,
    0x24, 0xc1, 0x24, 0xc1, 0x24, 0xc1, 0x24, 0xc1, 0x24, 0xc1, 0x24, 0xc1,
    0x24, 0xc1, 0x24, 0xc1, 0x24, 0xc1, 0x24, 0xc1, 0x24, 0xc1, 0xe3, 0xc0,
    0x85, 0xc1, 0xf2, 0xfe, 0x71, 0xf6, 0x71, 0xf6, 0x71, 0xf6, 0x71, 0xf6,
    0x71, 0xf6, 0x71, 0xf6, 0x71, 0xf6, 0x71, 0xf6, 0x71, 0xf6, 0x71, 0xf6,
    0x71, 0xf6, 0x71, 0xf6, 0x71, 0xf6, 0x71, 0xf6, 0x71, 0xf6, 0x71, 0xf6,
    0x71, 0xf6, 0x71, 0xf6, 0x71, 0xf6, 0x71, 0xf6, 0x71, 0xf6, 0x71, 0xf6,
    0x71, 0xf6, 0x12, 0xff, 0x8d, 0xa4, 0x03, 0x00, 0x85, 0x00, 0x45, 0x00,
    0x45, 0x00, 0x45, 0x00, 0x45, 0x00, 0x45, 0x00, 0x45, 0x00, 0x45, 0x00,
    0x45, 0x00, 0x45, 0x00, 0x45, 0x00, 0x45, 0x00, 0x45, 0x00, 0x45, 0x00,
    0x45, 0x00, 0x45, 0x00, 0x45, 0x00, 0x45, 0x00, 0x45, 0x00, 0x45, 0x00,
    0x45, 0x00, 0x45, 0x00, 0x45, 0x00, 0x45, 0x00, 0x45, 0x00, 0x45, 0x00,
    0x45, 0x00, 0x45, 0x00, 0x45, 0x00, 0x45, 0x00, 0x45, 0x00, 0x45, 0x00,
    0x45, 0x00, 0x45, 0x00, 0x45, 0x00, 0x45, 0x00, 0x45, 0x00, 0x45, 0x00,
    0x45, 0x00, 0x45, 0x00, 0x45, 0x00, 0x45, 0x00, 0x45, 0x00, 0x45, 0x00,
    0x45, 0x00, 0x45, 0x00, 0x47, 0x11, 0xb2, 0xfe, 0x71, 0xf6, 0x71, 0xf6,
    0x71, 0xf6, 0x71, 0xf6, 0x71, 0xf6, 0x71, 0xf6, 0x71, 0xf6, 0x71, 0xf6,
    0x71, 0xf6, 0x71, 0xf6, 0x71, 0xf6, 0x71, 0xf6, 0x71, 0xf6, 0x71, 0xf6,
    0x71, 0xf6, 0x71, 0xf6, 0x71, 0xf6, 0x71, 0xf6, 0x71, 0xf6, 0x71, 0xf6,
    0x71, 0xf6, 0x71, 0xf6, 0x91, 0xf6, 0x71, 0xf6, 0x64, 0xc1, 0x23, 0xc1,
    0x24, 0xc1, 0x24, 0xc1, 0x24, 0xc1, 0x24, 0xc1, 0x24, 0xc1, 0x24, 0xc1,
    0x24, 0xc1, 0x24, 0xc1, 0x24, 0xc1, 0x24, 0xc1, 0x24, 0xc1, 0x24, 0xc1,
    0x24, 0xc1, 0x24, 0xc1, 0x24, 0xc1, 0x24, 0xc1, 0x24, 0xc1, 0x24, 0xc1,
    0x24, 0xc1, 0x24, 0xc1, 0x24, 0xc1, 0x24, 0xc1, 0x24, 0xc1, 0x24, 0xc1,
    0x24, 0xc1, 0x24, 0xc1, 0x24, 0xc1, 0x24, 0xc1, 0x24, 0xc1, 0x24, 0xc1,
    0x24, 0xc1, 0x24, 0xc1, 0x24, 0xc1, 0x24, 0xc1, 0x24, 0xc1, 0x24, 0xc1,
    0x24, 0xc1, 0x24, 0xc1, 0x24, 0xc1, 0x24, 0xc1, 0x24, 0xc1, 0x24, 0xc1,
    0x24, 0xc1, 0x24, 0xc1, 0x24, 0xc1, 0x24, 0xc1, 0x24, 0xc1, 0x24, 0xc1,
    0x24, 0xc1, 0x24, 0xc1, 0x24, 0xc1, 0x24, 0xc1, 0x24, 0xc1, 0x24, 0xc1,
    0x24, 0xc1, 0x24, 0xc1, 0x24, 0xc1, 0x24, 0xc1, 0x24, 0xc1, 0x24, 0xc1,
    0x24, 0xc1, 0x24, 0xc1, 0x24, 0xc1, 0x24, 0xc1, 0x24, 0xc1, 0x24, 0xc1,
    0x24, 0xc1, 0x24, 0xc1, 0x24, 0xc1, 0x24, 0xc1, 0x24, 0xc1, 0x24, 0xc1,
    0x24, 0xc1, 0x24, 0xc1, 0x24, 0xc1, 0x24, 0xc1, 0x24, 0xc1, 0x24, 0xc1,
    0x24, 0xc1, 0x24, 0xc1, 0x24, 0xc1, 0x24, 0xc1, 0x24, 0xc1, 0x24, 0xc1,
    0x24, 0xc1, 0x24, 0xc1, 0x24, 0xc1, 0x24, 0xc1, 0x24, 0xc1, 0x24, 0xc1,
    0x24, 0xc1, 0x24, 0xc1, 0x24, 0xc1, 0x24, 0xc1, 0x24, 0xc1, 0x24, 0xc1,
    0x24, 0xc1, 0xe3, 0xc0, 0x06, 0xca, 0xd2, 0xfe, 0x71, 0xf6, 0x71, 0xf6,
    0x71, 0xf6, 0x71, 0xf6, 0x71, 0xf6, 0x71, 0xf6, 0x71, 0xf6, 0x71, 0xf6,
    0x71, 0xf6, 0x71, 0xf6, 0x71, 0xf6, 0x71, 0xf6, 0x71, 0xf6, 0x71, 0xf6,
    0x71, 0xf6, 0x71, 0xf6, 0x71, 0xf6, 0x71, 0xf6, 0x71, 0xf6, 0x71, 0xf6,
    0x71, 0xf6, 0x71, 0xf6, 0xb2, 0xfe, 0xf0, 0xdd, 0xa6, 0x00, 0x65, 0x00,
    0x45, 0x00, 0x45, 0x00, 0x45, 0x00, 0x45, 0x00, 0x45, 0x00, 0x45, 0x00,
    0x45, 0x00, 0x45, 0x00, 0x45, 0x00, 0x45, 0x00, 0x45, 0x00, 0x45, 0x00,
    0x45, 0x00, 0x45, 0x00, 0x45, 0x00, 0x45, 0x00, 0x45, 0x00, 0x45, 0x00,
    0x45, 0x00, 0x45, 0x00, 0x45, 0x00, 0x45, 0x00, 0x45, 0x00, 0x45, 0x00,
    0x45, 0x00, 0x45, 0x00, 0x45, 0x00, 0x45, 0x00, 0x45, 0x00, 0x45, 0x00,
    0x45, 0x00, 0x45, 0x00, 0x45, 0x00, 0x45, 0x00, 0x45, 0x00, 0x45, 0x00,
    0x45, 0x00, 0x45, 0x00, 0x45, 0x00, 0x45, 0x00, 0x45, 0x00, 0x45, 0x00,
    0x45, 0x00, 0x45, 0x00, 0x45, 0x00, 0x65, 0x00, 0x04, 0x00, 0x6f, 0xcd,
    0x91, 0xf6, 0x71, 0xf6, 0x71, 0xf6, 0x71, 0xf6, 0x71, 0xf6, 0x71, 0xf6,
    0x71, 0xf6, 0x71, 0xf6, 0x71, 0xf6, 0x71, 0xf6, 0x71, 0xf6, 0x71, 0xf6,
    0x71, 0xf6, 0x71, 0xf6, 0x71, 0xf6, 0x71, 0xf6, 0x71, 0xf6, 0x71, 0xf6,
    0x71, 0xf6, 0x71, 0xf6, 0x71, 0xf6, 0x71, 0xf6, 0x91, 0xf6, 0x71, 0xf6,
    0x44, 0xc1, 0x23, 0xc1, 0x24, 0xc1, 0x24, 0xc1, 0x24, 0xc1, 0x24, 0xc1,
    0x24, 0xc1, 0x24, 0xc1, 0x24, 0xc1, 0x24, 0xc1, 0x24, 0xc1, 0x24, 0xc1,
    0x24, 0xc1, 0x24, 0xc1, 0x24, 0xc1, 0x24, 0xc1, 0x24, 0xc1, 0x24, 0xc1,
    0x24, 0xc1, 0x24, 0xc1, 0x24, 0xc1, 0x24, 0xc1, 0x24, 0xc1, 0x24, 0xc1,
    0x24, 0xc1, 0x24, 0xc1, 0x24, 0xc1, 0x24, 0xc1, 0x24, 0xc1, 0x24, 0xc1,
    0x24, 0xc1, 0x24, 0xc1, 0x24, 0xc1, 0x24, 0xc1, 0x24, 0xc1, 0x24, 0xc1,
    0x24, 0xc1, 0x24, 0xc1, 0x24, 0xc1, 0x24, 0xc1, 0x24, 0xc1, 0x24, 0xc1,
    0x24, 0xc1, 0x24, 0xc1, 0x24, 0xc1, 0x24, 0xc1, 0x24, 0xc1, 0x24, 0xc1,
    0x24, 0xc1, 0x24, 0xc1, 0x24, 0xc1, 0x24, 0xc1, 0x24, 0xc1, 0x24, 0xc1,
    0x24, 0xc1, 0x24, 0xc1, 0x24, 0xc1, 0x24, 0xc1, 0x24, 0xc1, 0x24, 0xc1,
    0x24, 0xc1, 0x24, 0xc1, 0x24, 0xc1, 0x24, 0xc1, 0x24, 0xc1, 0x24, 0xc1,
    0x24, 0xc1, 0x24, 0xc1, 0x24, 0xc1, 0x24, 0xc1, 0x24, 0xc1, 0x24, 0xc1,
    0x24, 0xc1, 0x24, 0xc1, 0x24, 0xc1, 0x24, 0xc1, 0x24, 0xc1, 0x24, 0xc1,
    0x24, 0xc1, 0x24, 0xc1, 0x24, 0xc1, 0x24, 0xc1, 0x24, 0xc1, 0x24, 0xc1,
    0x24, 0xc1, 0x24, 0xc1, 0x24, 0xc1, 0x24, 0xc1, 0x24, 0xc1, 0x24, 0xc1,
    0x24, 0xc1, 0x24, 0xc1, 0x24, 0xc1, 0x24, 0xc1, 0x24, 0xc1, 0x24, 0xc1,
    0x24, 0xc1, 0x24, 0xc1, 0x24, 0xc1, 0xe3, 0xc0, 0xe6, 0xc9, 0xd2, 0xfe,
    0x71, 0xf6, 0x71, 0xf6, 0x71, 0xf6, 0x71, 0xf6, 0x71, 0xf6, 0x71, 0xf6,
    0x71, 0xf6, 0x71, 0xf6, 0x71, 0xf6, 0x71, 0xf6, 0x71, 0xf6, 0x71, 0xf6,
    0x71, 0xf6, 0x71, 0xf6, 0x71, 0xf6, 0x71, 0xf6, 0x71, 0xf6, 0x71, 0xf6,
    0x71, 0xf6, 0x71, 0xf6, 0x71, 0xf6, 0x71, 0xf6, 0xb2, 0xfe, 0x6d, 0xa4,
    0x04, 0x00, 0x85, 0x00, 0x45, 0x00, 0x45, 0x00, 0x45, 0x00, 0x45, 0x00,
    0x45, 0x00, 0x45, 0x00, 0x45, 0x00, 0x45, 0x00, 0x45, 0x00, 0x45, 0x00,
    0x45, 0x00, 0x45, 0x00, 0x45, 0x00, 0x45, 0x00, 0x45, 0x00, 0x45, 0x00,
    0x45, 0x00, 0x45, 0x00, 0x45, 0x00, 0x45, 0x00, 0x45, 0x00, 0x45, 0x00,
    0x45, 0x00, 0x45, 0x00, 0x45, 0x00, 0x45, 0x00, 0x45, 0x00, 0x45, 0x00,
    0x45, 0x00, 0x45, 0x00, 0x45, 0x00, 0x45, 0x00, 0x45, 0x00, 0x45, 0x00,
    0x45, 0x00, 0x45, 0x00, 0x45, 0x00, 0x45, 0x00, 0x45, 0x00, 0x45, 0x00,
    0x45, 0x00, 0x45, 0x00, 0x45, 0x00, 0x45, 0x00, 0x25, 0x00, 0x04, 0x00,
    0xa6, 0x00, 0xa9, 0x11, 0x32, 0xff, 0x71, 0xee, 0x71, 0xf6, 0x71, 0xf6,
    0x71, 0xf6, 0x71, 0xf6, 0x71, 0xf6, 0x71, 0xf6, 0x71, 0xf6, 0x71, 0xf6,
    0x71, 0xf6, 0x71, 0xf6, 0x71, 0xf6, 0x71, 0xf6, 0x71, 0xf6, 0x71, 0xf6,
    0x71, 0xf6, 0x71, 0xf6, 0x71, 0xf6, 0x71, 0xf6, 0x71, 0xf6, 0x71, 0xf6,
    0x91, 0xf6, 0x71, 0xf6, 0x44, 0xc1, 0x23, 0xc1, 0x24, 0xc1, 0x24, 0xc1,
    0x24, 0xc1, 0x24, 0xc1, 0x24, 0xc1, 0x24, 0xc1, 0x24, 0xc1, 0x24, 0xc1,
    0x24, 0xc1, 0x24, 0xc1, 0x24, 0xc1, 0x24, 0xc1, 0x24, 0xc1, 0x24, 0xc1,
    0x24, 0xc1, 0x24, 0xc1, 0x24, 0xc1, 0x24, 0xc1, 0x24, 0xc1, 0x24, 0xc1,
    0x24, 0xc1, 0x24, 0xc1, 0x24, 0xc1, 0x24, 0xc1, 0x24, 0xc1, 0x24, 0xc1,
    0x24, 0xc1, 0x24, 0xc1, 0x24, 0xc1, 0x24, 0xc1, 0x24, 0xc1, 0x24, 0xc1,
    0x24, 0xc1, 0x24, 0xc1, 0x24, 0xc1, 0x24, 0xc1, 0x24, 0xc1, 0x24, 0xc1,
    0x24, 0xc1, 0x24, 0xc1, 0x24, 0xc1, 0x24, 0xc1, 0x24, 0xc1, 0x24, 0xc1,
    0x24, 0xc1, 0x24, 0xc1, 0x24, 0xc1, 0x24, 0xc1, 0x24, 0xc1, 0x24, 0xc1,
    0x24, 0xc1, 0x24, 0xc1, 0x24, 0xc1, 0x24, 0xc1, 0x24, 0xc1, 0x24, 0xc1,
    0x24, 0xc1, 0x24, 0xc1, 0x24, 0xc1, 0x24, 0xc1, 0x24, 0xc1, 0x24, 0xc1,
    0x24, 0xc1, 0x24, 0xc1, 0x24, 0xc1, 0x24, 0xc1, 0x24, 0xc1, 0x24, 0xc1,
    0x24, 0xc1, 0x24, 0xc1, 0x24, 0xc1, 0x24, 0xc1, 0x24, 0xc1, 0x24, 0xc1,
    0x24, 0xc1, 0x24, 0xc1, 0x24, 0xc1, 0x24, 0xc1, 0x24, 0xc1, 0x24, 0xc1,
    0x24, 0xc1, 0x24, 0xc1, 0x24, 0xc1, 0x24, 0xc1, 0x24, 0xc1, 0x24, 0xc1,
    0x24, 0xc1, 0x24, 0xc1, 0x24, 0xc1, 0x24, 0xc1, 0x24, 0xc1, 0x24, 0xc1,
    0x24, 0xc1, 0x24, 0xc1, 0x24, 0xc1, 0x24, 0xc1, 0x24, 0xc1, 0xe3, 0xc0,
    0xe6, 0xc9, 0xd2, 0xfe, 0x71, 0xf6, 0x71, 0xf6, 0x71, 0xf6, 0x71, 0xf6,
    0x71, 0xf6, 0x71, 0xf6, 0x71, 0xf6, 0x71, 0xf6, 0x71, 0xf6, 0x71, 0xf6,
    0x71, 0xf6, 0x71, 0xf6, 0x71, 0xf6, 0x71, 0xf6, 0x71, 0xf6, 0x71, 0xf6,
    0x71, 0xf6, 0x71, 0xf6, 0x71, 0xf6, 0x71, 0xf6, 0x71, 0xf6, 0x91, 0xf6,
    0xb1, 0xfe, 0xe7, 0x00, 0xc6, 0x00, 0x04, 0x00, 0x45, 0x00, 0x45, 0x00,
    0x45, 0x00, 0x45, 0x00, 0x45, 0x00, 0x45, 0x00, 0x45, 0x00, 0x45, 0x00,
    0x45, 0x00, 0x45, 0x00, 0x45, 0x00, 0x45, 0x00, 0x45, 0x00, 0x45, 0x00,
    0x45, 0x00, 0x45, 0x00, 0x45, 0x00, 0x45, 0x00, 0x45, 0x00, 0x45, 0x00,
    0x45, 0x00, 0x45, 0x00, 0x45, 0x00, 0x45, 0x00, 0x45, 0x00, 0x45, 0x00,
    0x45, 0x00, 0x45, 0x00, 0x45, 0x00, 0x45, 0x00, 0x45, 0x00, 0x45, 0x00,
    0x45, 0x00, 0x45, 0x00, 0x45, 0x00, 0x45, 0x00, 0x45, 0x00, 0x45, 0x00,
    0x45, 0x00, 0x45, 0x00, 0x45, 0x00, 0x45, 0x00, 0x45, 0x00, 0x04, 0x00,
    0xc6, 0x00, 0x89, 0x01, 0xac, 0x02, 0x2d, 0x1b, 0x50, 0xad, 0xb1, 0xfe,
    0x71, 0xf6, 0x71, 0xf6, 0x71, 0xf6, 0x71, 0xf6, 0x71, 0xf6, 0x71, 0xf6,
    0x71, 0xf6, 0x71, 0xf6, 0x71, 0xf6, 0x71, 0xf6, 0x71, 0xf6, 0x71, 0xf6,
    0x71, 0xf6, 0x71, 0xf6, 0x71, 0xf6, 0x71, 0xf6, 0x71, 0xf6, 0x71, 0xf6,
    0x71, 0xf6, 0x71, 0xf6, 0x91, 0xf6, 0x71, 0xf6, 0x44, 0xc1, 0x23, 0xc1,
    0x24, 0xc1, 0x24, 0xc1, 0x24, 0xc1, 0x24, 0xc1, 0x24, 0xc1, 0x24, 0xc1,
    0x24, 0xc1, 0x24, 0xc1, 0x24, 0xc1, 0x24, 0xc1, 0x24, 0xc1, 0x24, 0xc1,
    0x24, 0xc1, 0x24, 0xc1, 0x24, 0xc1, 0x24, 0xc1, 0x24, 0xc1, 0x24, 0xc1,
    0x24, 0xc1, 0x24, 0xc1, 0x24, 0xc1, 0x24, 0xc1, 0x24, 0xc1, 0x24, 0xc1,
    0x24, 0xc1, 0x24, 0xc1, 0x24, 0xc1, 0x24, 0xc1, 0x24, 0xc1, 0x24, 0xc1,
    0x24, 0xc1, 0x24, 0xc1, 0x24, 0xc1, 0x24, 0xc1, 0x24, 0xc1, 0x24, 0xc1,
    0x24, 0xc1, 0x24, 0xc1, 0x24, 0xc1, 0x24, 0xc1, 0x24, 0xc1, 0x24, 0xc1,
    0x24, 0xc1, 0x24, 0xc1, 0x24, 0xc1, 0x24, 0xc1, 0x24, 0xc1, 0x24, 0xc1,
    0x24, 0xc1, 0x24, 0xc1, 0x24, 0xc1, 0x24, 0xc1, 0x24, 0xc1, 0x24, 0xc1,
    0x24, 0xc1, 0x24, 0xc1, 0x24, 0xc1, 0x24, 0xc1, 0x24, 0xc1, 0x24, 0xc1,
    0x24, 0xc1, 0x24, 0xc1, 0x24, 0xc1, 0x24, 0xc1, 0x24, 0xc1, 0x24, 0xc1,
    0x24, 0xc1, 0x24, 0xc1, 0x24, 0xc1, 0x24, 0xc1, 0x24, 0xc1, 0x24, 0xc1,
    0x24, 0xc1, 0x24, 0xc1, 0x24, 0xc1, 0x24, 0xc1, 0x24, 0xc1, 0x24, 0xc1,
    0x24, 0xc1, 0x24, 0xc1, 0x24, 0xc1, 0x24, 0xc1, 0x24, 0xc1, 0x24, 0xc1,
    0x24, 0xc1, 0x24, 0xc1, 0x24, 0xc1, 0x24, 0xc1, 0x24, 0xc1, 0x24, 0xc1,
    0x24, 0xc1, 0x24, 0xc1, 0x24, 0xc1, 0x24, 0xc1, 0x24, 0xc1, 0x24, 0xc1,
    0x24, 0xc1, 0xe3, 0xc0, 0xe6, 0xc9, 0xd2, 0xfe, 0x71, 0xf6, 0x71, 0xf6,
    0x71, 0xf6, 0x71, 0xf6, 0x71, 0xf6, 0x71, 0xf6, 0x71, 0xf6, 0x71, 0xf6,
    0x71, 0xf6, 0x71, 0xf6, 0x71, 0xf6, 0x71, 0xf6, 0x71, 0xf6, 0x71, 0xf6,
    0x71, 0xf6, 0x71, 0xf6, 0x71, 0xf6, 0x71, 0xf6, 0x71, 0xf6, 0x71, 0xf6,
    0x71, 0xf6, 0x91, 0xfe, 0xcf, 0x8c, 0x0e, 0x0b, 0x8c, 0x02, 0x89, 0x01,
    0x86, 0x00, 0x25, 0x00, 0x45, 0x00, 0x45, 0x00, 0x45, 0x00, 0x45, 0x00,
    0x45, 0x00, 0x45, 0x00, 0x45, 0x00, 0x45, 0x00, 0x45, 0x00, 0x45, 0x00,
    0x45, 0x00, 0x45, 0x00, 0x45, 0x00, 0x45, 0x00, 0x45, 0x00, 0x45, 0x00,
    0x45, 0x00, 0x45, 0x00, 0x45, 0x00, 0x45, 0x00, 0x45, 0x00, 0x45, 0x00,
    0x45, 0x00, 0x45, 0x00, 0x45, 0x00, 0x45, 0x00, 0x45, 0x00, 0x45, 0x00,
    0x45, 0x00, 0x45, 0x00, 0x45, 0x00, 0x45, 0x00, 0x45, 0x00, 0x45, 0x00,
    0x45, 0x00, 0x45, 0x00, 0x45, 0x00, 0x45, 0x00, 0x45, 0x00, 0x45, 0x00,
    0x24, 0x00, 0x86, 0x00, 0xac, 0x02, 0x0d, 0x0b, 0xcc, 0x0a, 0x4c, 0x02,
    0xce, 0x4b, 0x12, 0xff, 0x71, 0xee, 0x71, 0xf6, 0x71, 0xf6, 0x71, 0xf6,
    0x71, 0xf6, 0x71, 0xf6, 0x71, 0xf6, 0x71, 0xf6, 0x71, 0xf6, 0x71, 0xf6,
    0x71, 0xf6, 0x71, 0xf6, 0x71, 0xf6, 0x71, 0xf6, 0x71, 0xf6, 0x71, 0xf6,
    0x71, 0xf6, 0x71, 0xf6, 0x71, 0xf6, 0x71, 0xf6, 0x91, 0xf6, 0x71, 0xf6,
    0x44, 0xc1, 0x23, 0xc1, 0x24, 0xc1, 0x24, 0xc1, 0x24, 0xc1, 0x24, 0xc1,
    0x24, 0xc1, 0x24, 0xc1, 0x24, 0xc1, 0x24, 0xc1, 0x24, 0xc1, 0x24, 0xc1,
    0x24, 0xc1, 0x24, 0xc1, 0x24, 0xc1, 0x24, 0xc1, 0x24, 0xc1, 0x24, 0xc1,
    0x24, 0xc1, 0x24, 0xc1, 0x24, 0xc1, 0x24, 0xc1, 0x24, 0xc1, 0x24, 0xc1,
    0x24, 0xc1, 0x24, 0xc1, 0x24, 0xc1, 0x24, 0xc1, 0x24, 0xc1, 0x24, 0xc1,
    0x24, 0xc1, 0x24, 0xc1, 0x24, 0xc1, 0x24, 0xc1, 0x24, 0xc1, 0x24, 0xc1,
    0x24, 0xc1, 0x24, 0xc1, 0x24, 0xc1, 0x24, 0xc1, 0x24, 0xc1, 0x24, 0xc1,
    0x24, 0xc1, 0x24, 0xc1, 0x24, 0xc1, 0x24, 0xc1, 0x24, 0xc1, 0x24, 0xc1,
    0x24, 0xc1, 0x24, 0xc1, 0x24, 0xc1, 0x24, 0xc1, 0x24, 0xc1, 0x24, 0xc1,
    0x24, 0xc1, 0x24, 0xc1, 0x24, 0xc1, 0x24, 0xc1, 0x24, 0xc1, 0x24, 0xc1,
    0x24, 0xc1, 0x24, 0xc1, 0x24, 0xc1, 0x24, 0xc1, 0x24, 0xc1, 0x24, 0xc1,
    0x24, 0xc1, 0x24, 0xc1, 0x24, 0xc1, 0x24, 0xc1, 0x24, 0xc1, 0x24, 0xc1,
    0x24, 0xc1, 0x24, 0xc1, 0x24, 0xc1, 0x24, 0xc1, 0x24, 0xc1, 0x24, 0xc1,
    0x24, 0xc1, 0x24, 0xc1, 0x24, 0xc1, 0x24, 0xc1, 0x24, 0xc1, 0x24, 0xc1,
    0x24, 0xc1, 0x24, 0xc1, 0x24, 0xc1, 0x24, 0xc1, 0x24, 0xc1, 0x24, 0xc1,
    0x24, 0xc1, 0x24, 0xc1, 0x24, 0xc1, 0x24, 0xc1, 0x24, 0xc1, 0x24, 0xc1,
    0x24, 0xc1, 0x24, 0xc1, 0x24, 0xc1, 0xe3, 0xc0, 0xe6, 0xc9, 0xd2, 0xfe,
    0x71, 0xf6, 0x71, 0xf6, 0x71, 0xf6, 0x71, 0xf6, 0x71, 0xf6, 0x71, 0xf6,
    0x71, 0xf6, 0x71, 0xf6, 0x71, 0xf6, 0x71, 0xf6, 0x71, 0xf6, 0x71, 0xf6,
    0x71, 0xf6, 0x71, 0xf6, 0x71, 0xf6, 0x71, 0xf6, 0x71, 0xf6, 0x71, 0xf6,
    0x71, 0xf6, 0x71, 0xf6, 0x71, 0xf6, 0xf2, 0xfe, 0x0d, 0x1b, 0x6c, 0x02,
    0xcc, 0x0a, 0x0d, 0x0b, 0x6b, 0x02, 0x65, 0x00, 0x25, 0x00, 0x45, 0x00,
    0x45, 0x00, 0x45, 0x00, 0x45, 0x00, 0x45, 0x00, 0x45, 0x00, 0x45, 0x00,
    0x45, 0x00, 0x45, 0x00, 0x45, 0x00, 0x45, 0x00, 0x45, 0x00, 0x45, 0x00,
    0x45, 0x00, 0x45, 0x00, 0x45, 0x00, 0x45, 0x00, 0x45, 0x00, 0x45, 0x00,
    0x45, 0x00, 0x45, 0x00, 0x45, 0x00, 0x45, 0x00, 0x45, 0x00, 0x45, 0x00,
    0x45, 0x00, 0x45, 0x00, 0x45, 0x00, 0x45, 0x00, 0x45, 0x00, 0x45, 0x00,
    0x45, 0x00, 0x45, 0x00, 0x45, 0x00, 0x45, 0x00, 0x45, 0x00, 0x45, 0x00,
    0x25, 0x00, 0x45, 0x00, 0xa6, 0x00, 0xac, 0x02, 0xcd, 0x0a, 0xac, 0x02,
    0xac, 0x0a, 0xcd, 0x0a, 0xac, 0x02, 0x0f, 0x9d, 0xd2, 0xfe, 0x71, 0xee,
    0x71, 0xf6, 0x71, 0xf6, 0x71, 0xf6, 0x71, 0xf6, 0x71, 0xf6, 0x71, 0xf6,
    0x71, 0xf6, 0x71, 0xf6, 0x71, 0xf6, 0x71, 0xf6, 0x71, 0xf6, 0x71, 0xf6,
    0x71, 0xf6, 0x71, 0xf6, 0x71, 0xf6, 0x71, 0xf6, 0x71, 0xf6, 0x71, 0xf6,
    0x91, 0xf6, 0x71, 0xf6, 0x44, 0xc1, 0x23, 0xc1, 0x24, 0xc1, 0x24, 0xc1,
    0x24, 0xc1, 0x24, 0xc1, 0x24, 0xc1, 0x24, 0xc1, 0x24, 0xc1, 0x24, 0xc1,
    0x24, 0xc1, 0x24, 0xc1, 0x24, 0xc1, 0x24, 0xc1, 0x24, 0xc1, 0x24, 0xc1,
    0x24, 0xc1, 0x24, 0xc1, 0x24, 0xc1, 0x24, 0xc1, 0x24, 0xc1, 0x24, 0xc1,
    0x24, 0xc1, 0x24, 0xc1, 0x24, 0xc1, 0x24, 0xc1, 0x24, 0xc1, 0x24, 0xc1,
    0x24, 0xc1, 0x24, 0xc1, 0x24, 0xc1, 0x24, 0xc1, 0x24, 0xc1, 0x24, 0xc1,
    0x24, 0xc1, 0x24, 0xc1, 0x24, 0xc1, 0x24, 0xc1, 0x24, 0xc1, 0x24, 0xc1,
    0x24, 0xc1, 0x24, 0xc1, 0x24, 0xc1, 0x24, 0xc1, 0x24, 0xc1, 0x24, 0xc1,
    0x24, 0xc1, 0x24, 0xc1, 0x24, 0xc1, 0x24, 0xc1, 0x24, 0xc1, 0x24, 0xc1,
    0x24, 0xc1, 0x24, 0xc1, 0x24, 0xc1, 0x24, 0xc1, 0x24, 0xc1, 0x24, 0xc1,
    0x24, 0xc1, 0x24, 0xc1, 0x24, 0xc1, 0x24, 0xc1, 0x24, 0xc1, 0x24, 0xc1,
    0x24, 0xc1, 0x24, 0xc1, 0x24, 0xc1, 0x24, 0xc1, 0x24, 0xc1, 0x24, 0xc1,
    0x24, 0xc1, 0x24, 0xc1, 0x24, 0xc1, 0x24, 0xc1, 0x24, 0xc1, 0x24, 0xc1,
    0x24, 0xc1, 0x24, 0xc1, 0x24, 0xc1, 0x24, 0xc1, 0x24, 0xc1, 0x24, 0xc1,
    0x24, 0xc1, 0x24, 0xc1, 0x24, 0xc1, 0x24, 0xc1, 0x24, 0xc1, 0x24, 0xc1,
    0x24, 0xc1, 0x24, 0xc1, 0x24, 0xc1, 0x24, 0xc1, 0x24, 0xc1, 0x24, 0xc1,
    0x24, 0xc1, 0x24, 0xc1, 0x24, 0xc1, 0x24, 0xc1, 0x24, 0xc1, 0xe3, 0xc0,
    0xe6, 0xc9, 0xd2, 0xfe, 0x71, 0xf6, 0x71, 0xf6, 0x71, 0xf6, 0x71, 0xf6,
    0x71, 0xf6, 0x71, 0xf6, 0x71, 0xf6, 0x71, 0xf6, 0x71, 0xf6, 0x71, 0xf6,
    0x71, 0xf6, 0x71, 0xf6, 0x71, 0xf6, 0x71, 0xf6, 0x71, 0xf6, 0x71, 0xf6,
    0x71, 0xf6, 0x71, 0xf6, 0x71, 0xf6, 0x71, 0xee, 0xf2, 0xfe, 0x6f, 0x74,
    0xac, 0x02, 0xcc, 0x0a, 0xac, 0x0a, 0xac, 0x02, 0xed, 0x0a, 0x6b, 0x02,
    0x65, 0x00, 0x45, 0x00, 0x45, 0x00, 0x45, 0x00, 0x45, 0x00, 0x45, 0x00,
    0x45, 0x00, 0x45, 0x00, 0x45, 0x00, 0x45, 0x00, 0x45, 0x00, 0x45, 0x00,
    0x45, 0x00, 0x45, 0x00, 0x45, 0x00, 0x45, 0x00, 0x45, 0x00, 0x45, 0x00,
    0x45, 0x00, 0x45, 0x00, 0x45, 0x00, 0x45, 0x00, 0x45, 0x00, 0x45, 0x00,
    0x45, 0x00, 0x45, 0x00, 0x45, 0x00, 0x45, 0x00, 0x45, 0x00, 0x45, 0x00,
    0x45, 0x00, 0x45, 0x00, 0x45, 0x00, 0x45, 0x00, 0x45, 0x00, 0x45, 0x00,
    0x45, 0x00, 0x25, 0x00, 0x45, 0x00, 0x6c, 0x02, 0xcd, 0x0a, 0xcd, 0x0a,
    0xac, 0x0a, 0xac, 0x0a, 0xac, 0x0a, 0xcd, 0x0a, 0x4c, 0x02, 0x2e, 0x64,
    0xf2, 0xfe, 0x91, 0xf6, 0x71, 0xf6, 0x71, 0xf6, 0x71, 0xf6, 0x71, 0xf6,
    0x71, 0xf6, 0x71, 0xf6, 0x71, 0xf6, 0x71, 0xf6, 0x71, 0xf6, 0x71, 0xf6,
    0x71, 0xf6, 0x71, 0xf6, 0x71, 0xf6, 0x71, 0xf6, 0x71, 0xf6, 0x71, 0xf6,
    0x71, 0xf6, 0x71, 0xf6, 0x91, 0xf6, 0x71, 0xf6, 0x44, 0xc1, 0x23, 0xc1,
    0x24, 0xc1, 0x24, 0xc1, 0x24, 0xc1, 0x24, 0xc1, 0x24, 0xc1, 0x24, 0xc1,
    0x24, 0xc1, 0x24, 0xc1, 0x24, 0xc1, 0x24, 0xc1, 0x24, 0xc1, 0x24, 0xc1,
    0x24, 0xc1, 0x24, 0xc1, 0x24, 0xc1, 0x24, 0xc1, 0x24, 0xc1, 0x24, 0xc1,
    0x24, 0xc1, 0x24, 0xc1, 0x24, 0xc1, 0x24, 0xc1, 0x24, 0xc1, 0x24, 0xc1,
    0x24, 0xc1, 0x24, 0xc1, 0x24, 0xc1, 0x24, 0xc1, 0x24, 0xc1, 0x24, 0xc1,
    0x24, 0xc1, 0x24, 0xc1, 0x24, 0xc1, 0x24, 0xc1, 0x24, 0xc1, 0x24, 0xc1,
    0x24, 0xc1, 0x24, 0xc1, 0x24, 0xc1, 0x24, 0xc1, 0x24, 0xc1, 0x24, 0xc1,
    0x24, 0xc1, 0x24, 0xc1, 0x24, 0xc1, 0x24, 0xc1, 0x24, 0xc1, 0x24, 0xc1,
    0x24, 0xc1, 0x24, 0xc1, 0x24, 0xc1, 0x24, 0xc1, 0x24, 0xc1, 0x24, 0xc1,
    0x24, 0xc1, 0x24, 0xc1, 0x24, 0xc1, 0x24, 0xc1, 0x24, 0xc1, 0x24, 0xc1,
    0x24, 0xc1, 0x24, 0xc1, 0x24, 0xc1, 0x24, 0xc1, 0x24, 0xc1, 0x24, 0xc1,
    0x24, 0xc1, 0x24, 0xc1, 0x24, 0xc1, 0x24, 0xc1, 0x24, 0xc1, 0x24, 0xc1,
    0x24, 0xc1, 0x24, 0xc1, 0x24, 0xc1, 0x24, 0xc1, 0x24, 0xc1, 0x24, 0xc1,
    0x24, 0xc1, 0x24, 0xc1, 0x24, 0xc1, 0x24, 0xc1, 0x24, 0xc1, 0x24, 0xc1,
    0x24, 0xc1, 0x24, 0xc1, 0x24, 0xc1, 0x24, 0xc1, 0x24, 0xc1, 0x24, 0xc1,
    0x24, 0xc1, 0x24, 0xc1, 0x24, 0xc1, 0x24, 0xc1, 0x24, 0xc1, 0x24, 0xc1,
    0x24, 0xc1, 0xe3, 0xc0, 0xe6, 0xc9, 0xd2, 0xfe, 0x71, 0xf6, 0x71, 0xf6,
    0x71, 0xf6, 0x71, 0xf6, 0x71, 0xf6, 0x71, 0xf6, 0x71, 0xf6, 0x71, 0xf6,
    0x71, 0xf6, 0x71, 0xf6, 0x71, 0xf6, 0x71, 0xf6, 0x71, 0xf6, 0x71, 0xf6,
    0x71, 0xf6, 0x71, 0xf6, 0x71, 0xf6, 0x71, 0xf6, 0x71, 0xf6, 0x91, 0xfe,
    0xb2, 0xfe, 0x8d, 0x3b, 0x8c, 0x02, 0xcc, 0x0a, 0xac, 0x0a, 0xac, 0x0a,
    0xac, 0x0a, 0xcc, 0x0a, 0xcd, 0x0a, 0x0a, 0x02, 0x25, 0x00, 0x45, 0x00,
    0x45, 0x00, 0x45, 0x00, 0x45, 0x00, 0x45, 0x00, 0x45, 0x00, 0x45, 0x00,
    0x45, 0x00, 0x45, 0x00, 0x45, 0x00, 0x45, 0x00, 0x45, 0x00, 0x45, 0x00,
    0x45, 0x00, 0x45, 0x00, 0x45, 0x00, 0x45, 0x00, 0x45, 0x00, 0x45, 0x00,
    0x45, 0x00, 0x45, 0x00, 0x45, 0x00, 0x45, 0x00, 0x45, 0x00, 0x45, 0x00,
    0x45, 0x00, 0x45, 0x00, 0x45, 0x00, 0x45, 0x00, 0x45, 0x00, 0x45, 0x00,
    0x45, 0x00, 0x45, 0x00, 0x25, 0x00, 0x45, 0x00, 0x6c, 0x02, 0xed, 0x0a,
    0xac, 0x0a, 0xac, 0x0a, 0xac, 0x0a, 0xac, 0x0a, 0xac, 0x0a, 0xac, 0x0a,
    0xcd, 0x0a, 0x4c, 0x02, 0x4f, 0x6c, 0x71, 0xf6, 0x71, 0xf6, 0x71, 0xf6,
    0x71, 0xf6, 0x71, 0xf6, 0x71, 0xf6, 0x71, 0xf6, 0x71, 0xf6, 0x71, 0xf6,
    0x71, 0xf6, 0x71, 0xf6, 0x71, 0xf6, 0x71, 0xf6, 0x71, 0xf6, 0x71, 0xf6,
    0x71, 0xf6, 0x71, 0xf6, 0x71, 0xf6, 0x71, 0xf6, 0x91, 0xf6, 0x71, 0xf6,
    0x64, 0xc1, 0x23, 0xc1, 0x24, 0xc1, 0x24, 0xc1, 0x24, 0xc1, 0x24, 0xc1,
    0x24, 0xc1, 0x24, 0xc1, 0x24, 0xc1, 0x24, 0xc1, 0x24, 0xc1, 0x24, 0xc1,
    0x24, 0xc1, 0x24, 0xc1, 0x24, 0xc1, 0x24, 0xc1, 0x24, 0xc1, 0x24, 0xc1,
    0x24, 0xc1, 0x24, 0xc1, 0x24, 0xc1, 0x24, 0xc1, 0x24, 0xc1, 0x24, 0xc1,
    0x24, 0xc1, 0x24, 0xc1, 0x24, 0xc1, 0x24, 0xc1, 0x24, 0xc1, 0x24, 0xc1,
    0x24, 0xc1, 0x24, 0xc1, 0x24, 0xc1, 0x24, 0xc1, 0x24, 0xc1, 0x24, 0xc1,
    0x24, 0xc1, 0x24, 0xc1, 0x24, 0xc1, 0x24, 0xc1, 0x24, 0xc1, 0x24, 0xc1,
    0x24, 0xc1, 0x24, 0xc1, 0x24, 0xc1, 0x24, 0xc1, 0x24, 0xc1, 0x24, 0xc1,
    0x24, 0xc1, 0x24, 0xc1, 0x24, 0xc1, 0x24, 0xc1, 0x24, 0xc1, 0x24, 0xc1,
    0x24, 0xc1, 0x24, 0xc1, 0x24, 0xc1, 0x24, 0xc1, 0x24, 0xc1, 0x24, 0xc1,
    0x24, 0xc1, 0x24, 0xc1, 0x24, 0xc1, 0x24, 0xc1, 0x24, 0xc1, 0x24, 0xc1,
    0x24, 0xc1, 0x24, 0xc1, 0x24, 0xc1, 0x24, 0xc1, 0x24, 0xc1, 0x24, 0xc1,
    0x24, 0xc1, 0x24, 0xc1, 0x24, 0xc1, 0x24, 0xc1, 0x24, 0xc1, 0x24, 0xc1,
    0x24, 0xc1, 0x24, 0xc1, 0x24, 0xc1, 0x24, 0xc1, 0x24, 0xc1, 0x24, 0xc1,
    0x24, 0xc1, 0x24, 0xc1, 0x24, 0xc1, 0x24, 0xc1, 0x24, 0xc1, 0x24, 0xc1,
    0x24, 0xc1, 0x24, 0xc1, 0x24, 0xc1, 0x24, 0xc1, 0x24, 0xc1, 0x24, 0xc1,
    0x24, 0xc1, 0x24, 0xc1, 0x24, 0xc1, 0xe3, 0xc0, 0x06, 0xca, 0xd2, 0xfe,
    0x71, 0xf6, 0x71, 0xf6, 0x71, 0xf6, 0x71, 0xf6, 0x71, 0xf6, 0x71, 0xf6,
    0x71, 0xf6, 0x71, 0xf6, 0x71, 0xf6, 0x71, 0xf6, 0x71, 0xf6, 0x71, 0xf6,
    0x71, 0xf6, 0x71, 0xf6, 0x71, 0xf6, 0x71, 0xf6, 0x71, 0xf6, 0x71, 0xf6,
    0x71, 0xf6, 0x51, 0xee, 0xce, 0x4b, 0x6c, 0x02, 0xcd, 0x0a, 0xac, 0x0a,
    0xac, 0x0a, 0xac, 0x0a, 0xac, 0x0a, 0xac, 0x0a, 0xac, 0x02, 0xed, 0x0a,
    0x0a, 0x02, 0x25, 0x00, 0x45, 0x00, 0x45, 0x00, 0x45, 0x00, 0x45, 0x00,
    0x45, 0x00, 0x45, 0x00, 0x45, 0x00, 0x45, 0x00, 0x45, 0x00, 0x45, 0x00,
    0x45, 0x00, 0x45, 0x00, 0x45, 0x00, 0x45, 0x00, 0x45, 0x00, 0x45, 0x00,
    0x45, 0x00, 0x45, 0x00, 0x45, 0x00, 0x45, 0x00, 0x45, 0x00, 0x45, 0x00,
    0x45, 0x00, 0x45, 0x00, 0x45, 0x00, 0x45, 0x00, 0x45, 0x00, 0x45, 0x00,
    0x45, 0x00, 0x45, 0x00, 0x45, 0x00, 0x25, 0x00, 0x45, 0x00, 0x6c, 0x02,
    0xed, 0x0a, 0xac, 0x02, 0xac, 0x0a, 0xac, 0x0a, 0xac, 0x0a, 0xac, 0x0a,
    0xac, 0x0a, 0xac, 0x0a, 0xac, 0x02, 0xcd, 0x12, 0x4c, 0x02, 0x31, 0xde,
    0xb1, 0xfe, 0x71, 0xf6, 0x71, 0xf6, 0x71, 0xf6, 0x71, 0xf6, 0x71, 0xf6,
    0x71, 0xf6, 0x71, 0xf6, 0x71, 0xf6, 0x71, 0xf6, 0x71, 0xf6, 0x71, 0xf6,
    0x71, 0xf6, 0x71, 0xf6, 0x71, 0xf6, 0x71, 0xf6, 0x71, 0xf6, 0x71, 0xf6,
    0x91, 0xf6, 0x51, 0xf6, 0xe3, 0xc0, 0x23, 0xc1, 0x24, 0xc1, 0x24, 0xc1,
    0x24, 0xc1, 0x24, 0xc1, 0x24, 0xc1, 0x24, 0xc1, 0x24, 0xc1, 0x24, 0xc1,
    0x24, 0xc1, 0x24, 0xc1, 0x24, 0xc1, 0x24, 0xc1, 0x24, 0xc1, 0x24, 0xc1,
    0x24, 0xc1, 0x24, 0xc1, 0x24, 0xc1, 0x24, 0xc1, 0x24, 0xc1, 0x24, 0xc1,
    0x24, 0xc1, 0x24, 0xc1, 0x24, 0xc1, 0x24, 0xc1, 0x24, 0xc1, 0x24, 0xc1,
    0x24, 0xc1, 0x24, 0xc1, 0x24, 0xc1, 0x24, 0xc1, 0x24, 0xc1, 0x24, 0xc1,
    0x24, 0xc1, 0x24, 0xc1, 0x24, 0xc1, 0x24, 0xc1, 0x24, 0xc1, 0x24, 0xc1,
    0x24, 0xc1, 0x24, 0xc1, 0x24, 0xc1, 0x24, 0xc1, 0x24, 0xc1, 0x24, 0xc1,
    0x24, 0xc1, 0x24, 0xc1, 0x24, 0xc1, 0x24, 0xc1, 0x24, 0xc1, 0x24, 0xc1,
    0x24, 0xc1, 0x24, 0xc1, 0x24, 0xc1, 0x24, 0xc1, 0x24, 0xc1, 0x24, 0xc1,
    0x24, 0xc1, 0x24, 0xc1, 0x24, 0xc1, 0x24, 0xc1, 0x24, 0xc1, 0x24, 0xc1,
    0x24, 0xc1, 0x24, 0xc1, 0x24, 0xc1, 0x24, 0xc1, 0x24, 0xc1, 0x24, 0xc1,
    0x24, 0xc1, 0x24, 0xc1, 0x24, 0xc1, 0x24, 0xc1, 0x24, 0xc1, 0x24, 0xc1,
    0x24, 0xc1, 0x24, 0xc1, 0x24, 0xc1, 0x24, 0xc1, 0x24, 0xc1, 0x24, 0xc1,
    0x24, 0xc1, 0x24, 0xc1, 0x24, 0xc1, 0x24, 0xc1, 0x24, 0xc1, 0x24, 0xc1,
    0x24, 0xc1, 0x24, 0xc1, 0x24, 0xc1, 0x24, 0xc1, 0x24, 0xc1, 0x24, 0xc1,
    0x24, 0xc1, 0x24, 0xc1, 0x24, 0xc1, 0x24, 0xc1, 0x24, 0xc1, 0xe3, 0xc0,
    0x85, 0xc1, 0xf2, 0xfe, 0x71, 0xf6, 0x71, 0xf6, 0x71, 0xf6, 0x71, 0xf6,
    0x71, 0xf6, 0x71, 0xf6, 0x71, 0xf6, 0x71, 0xf6, 0x71, 0xf6, 0x71, 0xf6,
    0x71, 0xf6, 0x71, 0xf6, 0x71, 0xf6, 0x71, 0xf6, 0x71, 0xf6, 0x71, 0xf6,
    0x71, 0xf6, 0x71, 0xf6, 0xf2, 0xfe, 0x70, 0xb5, 0x0c, 0x02, 0xed, 0x12,
    0xac, 0x02, 0xac, 0x0a, 0xac, 0x0a, 0xac, 0x0a, 0xac, 0x0a, 0xac, 0x0a,
    0xac, 0x0a, 0xac, 0x02, 0xed, 0x0a, 0x0a, 0x02, 0x25, 0x00, 0x45, 0x00,
    0x45, 0x00, 0x45, 0x00, 0x45, 0x00, 0x45, 0x00, 0x45, 0x00, 0x45, 0x00,
    0x45, 0x00, 0x45, 0x00, 0x45, 0x00, 0x45, 0x00, 0x45, 0x00, 0x45, 0x00,
    0x45, 0x00, 0x45, 0x00, 0x45, 0x00, 0x45, 0x00, 0x45, 0x00, 0x45, 0x00,
    0x45, 0x00, 0x45, 0x00, 0x45, 0x00, 0x45, 0x00, 0x45, 0x00, 0x45, 0x00,
    0x45, 0x00, 0x45, 0x00, 0x45, 0x00, 0x45, 0x00, 0x45, 0x00, 0x45, 0x00,
    0x6c, 0x02, 0xed, 0x0a, 0xac, 0x02, 0xac, 0x0a, 0xac, 0x0a, 0xac, 0x0a,
    0xac, 0x0a, 0xac, 0x0a, 0xac, 0x0a, 0xac, 0x0a, 0xac, 0x0a, 0xac, 0x0a,
    0xac, 0x02, 0xce, 0x4b, 0x71, 0xf6, 0x71, 0xf6, 0x71, 0xf6, 0x71, 0xf6,
    0x71, 0xf6, 0x71, 0xf6, 0x71, 0xf6, 0x71, 0xf6, 0x71, 0xf6, 0x71, 0xf6,
    0x71, 0xf6, 0x71, 0xf6, 0x71, 0xf6, 0x71, 0xf6, 0x71, 0xf6, 0x71, 0xf6,
    0x71, 0xf6, 0x71, 0xf6, 0x71, 0xf6, 0xb1, 0xf6, 0x4c, 0xe4, 0xe3, 0xc0,
    0x44, 0xc1, 0x24, 0xc1, 0x24, 0xc1, 0x24, 0xc1, 0x24, 0xc1, 0x24, 0xc1,
    0x24, 0xc1, 0x24, 0xc1, 0x24, 0xc1, 0x24, 0xc1, 0x24, 0xc1, 0x24, 0xc1,
    0x24, 0xc1, 0x24, 0xc1, 0x24, 0xc1, 0x24, 0xc1, 0x24, 0xc1, 0x24, 0xc1,
    0x24, 0xc1, 0x24, 0xc1, 0x24, 0xc1, 0x24, 0xc1, 0x24, 0xc1, 0x24, 0xc1,
    0x24, 0xc1, 0x24, 0xc1, 0x24, 0xc1, 0x24, 0xc1, 0x24, 0xc1, 0x24, 0xc1,
    0x24, 0xc1, 0x24, 0xc1, 0x24, 0xc1, 0x24, 0xc1, 0x24, 0xc1, 0x24, 0xc1,
    0x24, 0xc1, 0x24, 0xc1, 0x24, 0xc1, 0x24, 0xc1, 0x24, 0xc1, 0x24, 0xc1,
    0x24, 0xc1, 0x24, 0xc1, 0x24, 0xc1, 0x24, 0xc1, 0x24, 0xc1, 0x24, 0xc1,
    0x24, 0xc1, 0x24, 0xc1, 0x24, 0xc1, 0x24, 0xc1, 0x24, 0xc1, 0x24, 0xc1,
    0x24, 0xc1, 0x24, 0xc1, 0x24, 0xc1, 0x24, 0xc1, 0x24, 0xc1, 0x24, 0xc1,
    0x24, 0xc1, 0x24, 0xc1, 0x24, 0xc1, 0x24, 0xc1, 0x24, 0xc1, 0x24, 0xc1,
    0x24, 0xc1, 0x24, 0xc1, 0x24, 0xc1, 0x24, 0xc1, 0x24, 0xc1, 0x24, 0xc1,
    0x24, 0xc1, 0x24, 0xc1, 0x24, 0xc1, 0x24, 0xc1, 0x24, 0xc1, 0x24, 0xc1,
    0x24, 0xc1, 0x24, 0xc1, 0x24, 0xc1, 0x24, 0xc1, 0x24, 0xc1, 0x24, 0xc1,
    0x24, 0xc1, 0x24, 0xc1, 0x24, 0xc1, 0x24, 0xc1, 0x24, 0xc1, 0x24, 0xc1,
    0x24, 0xc1, 0x24, 0xc1, 0x24, 0xc1, 0x24, 0xc1, 0x24, 0xc1, 0x24, 0xc1,
    0x23, 0xc1, 0x24, 0xc1, 0xed, 0xec, 0xb2, 0xf6, 0x71, 0xf6, 0x71, 0xf6,
    0x71, 0xf6, 0x71, 0xf6, 0x71, 0xf6, 0x71, 0xf6, 0x71, 0xf6, 0x71, 0xf6,
    0x71, 0xf6, 0x71, 0xf6, 0x71, 0xf6, 0x71, 0xf6, 0x71, 0xf6, 0x71, 0xf6,
    0x71, 0xf6, 0x71, 0xf6, 0x71, 0xf6, 0x91, 0xfe, 0x31, 0xe6, 0x6d, 0x33,
    0xac, 0x02, 0xac, 0x0a, 0xac, 0x0a, 0xac, 0x0a, 0xac, 0x0a, 0xac, 0x0a,
    0xac, 0x0a, 0xac, 0x0a, 0xac, 0x0a, 0xac, 0x0a, 0xac, 0x02, 0xed, 0x0a,
    0x0a, 0x02, 0x25, 0x00, 0x45, 0x00, 0x45, 0x00, 0x45, 0x00, 0x45, 0x00,
    0x45, 0x00, 0x45, 0x00, 0x45, 0x00, 0x45, 0x00, 0x45, 0x00, 0x45, 0x00,
    0x45, 0x00, 0x45, 0x00, 0x45, 0x00, 0x45, 0x00, 0x45, 0x00, 0x45, 0x00,
    0x45, 0x00, 0x45, 0x00, 0x45, 0x00, 0x45, 0x00, 0x45, 0x00, 0x45, 0x00,
    0x45, 0x00, 0x45, 0x00, 0x45, 0x00, 0x45, 0x00, 0x45, 0x00, 0x45, 0x00,
    0x45, 0x00, 0x6b, 0x02, 0xed, 0x0a, 0xac, 0x0a, 0xac, 0x0a, 0xac, 0x0a,
    0xac, 0x0a, 0xac, 0x0a, 0xac, 0x0a, 0xac, 0x0a, 0xac, 0x0a, 0xac, 0x0a,
    0xac, 0x0a, 0xac, 0x0a, 0xac, 0x02, 0x8c, 0x02, 0x71, 0xee, 0xb1, 0xfe,
    0x71, 0xf6, 0x71, 0xf6, 0x71, 0xf6, 0x71, 0xf6, 0x71, 0xf6, 0x71, 0xf6,
    0x71, 0xf6, 0x71, 0xf6, 0x71, 0xf6, 0x71, 0xf6, 0x71, 0xf6, 0x71, 0xf6,
    0x71, 0xf6, 0x71, 0xf6, 0x71, 0xf6, 0x71, 0xf6, 0x71, 0xf6, 0xb2, 0xfe,
    0x10, 0xf6, 0xe3, 0xc0, 0x44, 0xc1, 0x24, 0xc1, 0x24, 0xc1, 0x24, 0xc1,
    0x24, 0xc1, 0x24, 0xc1, 0x24, 0xc1, 0x24, 0xc1, 0x24, 0xc1, 0x24, 0xc1,
    0x24, 0xc1, 0x24, 0xc1, 0x24, 0xc1, 0x24, 0xc1, 0x24, 0xc1, 0x24, 0xc1,
    0x24, 0xc1, 0x24, 0xc1, 0x24, 0xc1, 0x24, 0xc1, 0x24, 0xc1, 0x24, 0xc1,
    0x24, 0xc1, 0x24, 0xc1, 0x24, 0xc1, 0x24, 0xc1, 0x24, 0xc1, 0x24, 0xc1,
    0x24, 0xc1, 0x24, 0xc1, 0x24, 0xc1, 0x24, 0xc1, 0x24, 0xc1, 0x24, 0xc1,
    0x24, 0xc1, 0x24, 0xc1, 0x24, 0xc1, 0x24, 0xc1, 0x24, 0xc1, 0x24, 0xc1,
    0x24, 0xc1, 0x24, 0xc1, 0x24, 0xc1, 0x24, 0xc1, 0x24, 0xc1, 0x24, 0xc1,
    0x24, 0xc1, 0x24, 0xc1, 0x24, 0xc1, 0x24, 0xc1, 0x24, 0xc1, 0x24, 0xc1,
    0x24, 0xc1, 0x24, 0xc1, 0x24, 0xc1, 0x24, 0xc1, 0x24, 0xc1, 0x24, 0xc1,
    0x24, 0xc1, 0x24, 0xc1, 0x24, 0xc1, 0x24, 0xc1, 0x24, 0xc1, 0x24, 0xc1,
    0x24, 0xc1, 0x24, 0xc1, 0x24, 0xc1, 0x24, 0xc1, 0x24, 0xc1, 0x24, 0xc1,
    0x24, 0xc1, 0x24, 0xc1, 0x24, 0xc1, 0x24, 0xc1, 0x24, 0xc1, 0x24, 0xc1,
    0x24, 0xc1, 0x24, 0xc1, 0x24, 0xc1, 0x24, 0xc1, 0x24, 0xc1, 0x24, 0xc1,
    0x24, 0xc1, 0x24, 0xc1, 0x24, 0xc1, 0x24, 0xc1, 0x24, 0xc1, 0x24, 0xc1,
    0x24, 0xc1, 0x24, 0xc1, 0x24, 0xc1, 0x24, 0xc1, 0x24, 0xc1, 0x24, 0xc1,
    0x24, 0xc1, 0x24, 0xc1, 0x24, 0xc1, 0x64, 0xc1, 0xb2, 0xf6, 0x71, 0xf6,
    0x71, 0xf6, 0x71, 0xf6, 0x71, 0xf6, 0x71, 0xf6, 0x71, 0xf6, 0x71, 0xf6,
    0x71, 0xf6, 0x71, 0xf6, 0x71, 0xf6, 0x71, 0xf6, 0x71, 0xf6, 0x71, 0xf6,
    0x71, 0xf6, 0x71, 0xf6, 0x71, 0xf6, 0x71, 0xf6, 0x71, 0xf6, 0xd2, 0xfe,
    0xd0, 0xcd, 0x4c, 0x02, 0xcc, 0x0a, 0xac, 0x0a, 0xac, 0x0a, 0xac, 0x0a,
    0xac, 0x0a, 0xac, 0x0a, 0xac, 0x0a, 0xac, 0x0a, 0xac, 0x0a, 0xac, 0x0a,
    0xac, 0x0a, 0xac, 0x0a, 0xed, 0x0a, 0x0a, 0x02, 0x04, 0x00, 0x65, 0x00,
    0x45, 0x00, 0x45, 0x00, 0x45, 0x00, 0x45, 0x00, 0x45, 0x00, 0x45, 0x00,
    0x45, 0x00, 0x45, 0x00, 0x45, 0x00, 0x45, 0x00, 0x45, 0x00, 0x45, 0x00,
    0x45, 0x00, 0x45, 0x00, 0x45, 0x00, 0x45, 0x00, 0x45, 0x00, 0x45, 0x00,
    0x45, 0x00, 0x45, 0x00, 0x45, 0x00, 0x45, 0x00, 0x45, 0x00, 0x45, 0x00,
    0x65, 0x00, 0x25, 0x00, 0x86, 0x00, 0xcd, 0x0a, 0xac, 0x0a, 0xac, 0x0a,
    0xac, 0x0a, 0xac, 0x0a, 0xac, 0x0a, 0xac, 0x0a, 0xac, 0x0a, 0xac, 0x0a,
    0xac, 0x0a, 0xac, 0x0a, 0xac, 0x0a, 0xac, 0x0a, 0xcc, 0x0a, 0xac, 0x02,
    0x2d, 0x23, 0x71, 0xf6, 0xb2, 0xfe, 0x71, 0xf6, 0x71, 0xf6, 0x71, 0xf6,
    0x71, 0xf6, 0x71, 0xf6, 0x71, 0xf6, 0x71, 0xf6, 0x71, 0xf6, 0x71, 0xf6,
    0x71, 0xf6, 0x71, 0xf6, 0x71, 0xf6, 0x71, 0xf6, 0x71, 0xf6, 0x71, 0xf6,
    0x71, 0xf6, 0x71, 0xf6, 0xd2, 0xfe, 0x8c, 0xe4, 0x82, 0xb8, 0x64, 0xc1,
    0x24, 0xc1, 0x24, 0xc1, 0x24, 0xc1, 0x24, 0xc1, 0x24, 0xc1, 0x24, 0xc1,
    0x24, 0xc1, 0x24, 0xc1, 0x24, 0xc1, 0x24, 0xc1, 0x24, 0xc1, 0x24, 0xc1,
    0x24, 0xc1, 0x24, 0xc1, 0x24, 0xc1, 0x24, 0xc1, 0x24, 0xc1, 0x24, 0xc1,
    0x24, 0xc1, 0x24, 0xc1, 0x24, 0xc1, 0x24, 0xc1, 0x24, 0xc1, 0x24, 0xc1,
    0x24, 0xc1, 0x24, 0xc1, 0x24, 0xc1, 0x24, 0xc1, 0x24, 0xc1, 0x24, 0xc1,
    0x24, 0xc1, 0x24, 0xc1, 0x24, 0xc1, 0x24, 0xc1, 0x24, 0xc1, 0x24, 0xc1,
    0x24, 0xc1, 0x24, 0xc1, 0x24, 0xc1, 0x24, 0xc1, 0x24, 0xc1, 0x24, 0xc1,
    0x24, 0xc1, 0x24, 0xc1, 0x24, 0xc1, 0x24, 0xc1, 0x24, 0xc1, 0x24, 0xc1,
    0x24, 0xc1, 0x24, 0xc1, 0x24, 0xc1, 0x24, 0xc1, 0x24, 0xc1, 0x24, 0xc1,
    0x24, 0xc1, 0x24, 0xc1, 0x24, 0xc1, 0x24, 0xc1, 0x24, 0xc1, 0x24, 0xc1,
    0x24, 0xc1, 0x24, 0xc1, 0x24, 0xc1, 0x24, 0xc1, 0x24, 0xc1, 0x24, 0xc1,
    0x24, 0xc1, 0x24, 0xc1, 0x24, 0xc1, 0x24, 0xc1, 0x24, 0xc1, 0x24, 0xc1,
    0x24, 0xc1, 0x24, 0xc1, 0x24, 0xc1, 0x24, 0xc1, 0x24, 0xc1, 0x24, 0xc1,
    0x24, 0xc1, 0x24, 0xc1, 0x24, 0xc1, 0x24, 0xc1, 0x24, 0xc1, 0x24, 0xc1,
    0x24, 0xc1, 0x24, 0xc1, 0x24, 0xc1, 0x24, 0xc1, 0x24, 0xc1, 0x24, 0xc1,
    0x24, 0xc1, 0x24, 0xc1, 0x24, 0xc1, 0x64, 0xc1, 0x82, 0xb8, 0x6f, 0xed,
    0xb2, 0xfe, 0x71, 0xf6, 0x71, 0xf6, 0x71, 0xf6, 0x71, 0xf6, 0x71, 0xf6,
    0x71, 0xf6, 0x71, 0xf6, 0x71, 0xf6, 0x71, 0xf6, 0x71, 0xf6, 0x71, 0xf6,
    0x71, 0xf6, 0x71, 0xf6, 0x71, 0xf6, 0x71, 0xf6, 0x71, 0xf6, 0x71, 0xf6,
    0xb2, 0xfe, 0xf1, 0xd5, 0xcd, 0x12, 0xac, 0x0a, 0xac, 0x0a, 0xac, 0x0a,
    0xac, 0x0a, 0xac, 0x0a, 0xac, 0x0a, 0xac, 0x0a, 0xac, 0x0a, 0xac, 0x0a,
    0xac, 0x0a, 0xac, 0x0a, 0xac, 0x0a, 0xac, 0x0a, 0xcd, 0x0a, 0x8c, 0x02,
    0x45, 0x00, 0x25, 0x00, 0x45, 0x00, 0x45, 0x00, 0x45, 0x00, 0x45, 0x00,
    0x45, 0x00, 0x45, 0x00, 0x45, 0x00, 0x45, 0x00, 0x45, 0x00, 0x45, 0x00,
    0x45, 0x00, 0x45, 0x00, 0x45, 0x00, 0x45, 0x00, 0x45, 0x00, 0x45, 0x00,
    0x45, 0x00, 0x45, 0x00, 0x45, 0x00, 0x45, 0x00, 0x45, 0x00, 0x45, 0x00,
    0x45, 0x00, 0x45, 0x00, 0x04, 0x00, 0x86, 0x00, 0xac, 0x0a, 0xcd, 0x0a,
    0xac, 0x0a, 0xac, 0x0a, 0xac, 0x0a, 0xac, 0x0a, 0xac, 0x0a, 0xac, 0x0a,
    0xac, 0x0a, 0xac, 0x0a, 0xac, 0x0a, 0xac, 0x0a, 0xac, 0x0a, 0xac, 0x0a,
    0xac, 0x0a, 0xcc, 0x0a, 0x8c, 0x02, 0x4d, 0x2b, 0x31, 0xde, 0x71, 0xf6,
    0x71, 0xf6, 0x71, 0xf6, 0x71, 0xf6, 0x71, 0xf6, 0x71, 0xf6, 0x71, 0xf6,
    0x71, 0xf6, 0x71, 0xf6, 0x71, 0xf6, 0x71, 0xf6, 0x71, 0xf6, 0x71, 0xf6,
    0x71, 0xf6, 0x71, 0xf6, 0x71, 0xf6, 0x71, 0xf6, 0xb2, 0xfe, 0xaf, 0xed,
    0x44, 0xc1, 0x03, 0xc1, 0x44, 0xc1, 0x24, 0xc1, 0x24, 0xc1, 0x24, 0xc1,
    0x24, 0xc1, 0x24, 0xc1, 0x24, 0xc1, 0x24, 0xc1, 0x24, 0xc1, 0x24, 0xc1,
    0x24, 0xc1, 0x24, 0xc1, 0x24, 0xc1, 0x24, 0xc1, 0x24, 0xc1, 0x24, 0xc1,
    0x24, 0xc1, 0x24, 0xc1, 0x24, 0xc1, 0x24, 0xc1, 0x24, 0xc1, 0x24, 0xc1,
    0x24, 0xc1, 0x24, 0xc1, 0x24, 0xc1, 0x24, 0xc1, 0x24, 0xc1, 0x24, 0xc1,
    0x24, 0xc1, 0x24, 0xc1, 0x24, 0xc1, 0x24, 0xc1, 0x24, 0xc1, 0x24, 0xc1,
    0x24, 0xc1, 0x24, 0xc1, 0x24, 0xc1, 0x24, 0xc1, 0x24, 0xc1, 0x24, 0xc1,
    0x24, 0xc1, 0x24, 0xc1, 0x24, 0xc1, 0x24, 0xc1, 0x24, 0xc1, 0x24, 0xc1,
    0x24, 0xc1, 0x24, 0xc1, 0x24, 0xc1, 0x24, 0xc1, 0x24, 0xc1, 0x24, 0xc1,
    0x24, 0xc1, 0x24, 0xc1, 0x24, 0xc1, 0x24, 0xc1, 0x24, 0xc1, 0x24, 0xc1,
    0x24, 0xc1, 0x24, 0xc1, 0x24, 0xc1, 0x24, 0xc1, 0x24, 0xc1, 0x24, 0xc1,
    0x24, 0xc1, 0x24, 0xc1, 0x24, 0xc1, 0x24, 0xc1, 0x24, 0xc1, 0x24, 0xc1,
    0x24, 0xc1, 0x24, 0xc1, 0x24, 0xc1, 0x24, 0xc1, 0x24, 0xc1, 0x24, 0xc1,
    0x24, 0xc1, 0x24, 0xc1, 0x24, 0xc1, 0x24, 0xc1, 0x24, 0xc1, 0x24, 0xc1,
    0x24, 0xc1, 0x24, 0xc1, 0x24, 0xc1, 0x24, 0xc1, 0x24, 0xc1, 0x24, 0xc1,
    0x24, 0xc1, 0x24, 0xc1, 0x24, 0xc1, 0x24, 0xc1, 0x44, 0xc1, 0xc3, 0xc0,
    0xe5, 0xc9, 0x30, 0xf6, 0xb2, 0xf6, 0x71, 0xf6, 0x71, 0xf6, 0x71, 0xf6,
    0x71, 0xf6, 0x71, 0xf6, 0x71, 0xf6, 0x71, 0xf6, 0x71, 0xf6, 0x71, 0xf6,
    0x71, 0xf6, 0x71, 0xf6, 0x71, 0xf6, 0x71, 0xf6, 0x71, 0xf6, 0x71, 0xf6,
    0x71, 0xf6, 0x91, 0xfe, 0xd0, 0xcd, 0xcd, 0x12, 0x8c, 0x02, 0xcc, 0x0a,
    0xac, 0x0a, 0xac, 0x0a, 0xac, 0x0a, 0xac, 0x0a, 0xac, 0x0a, 0xac, 0x0a,
    0xac, 0x0a, 0xac, 0x0a, 0xac, 0x0a, 0xac, 0x0a, 0xac, 0x0a, 0xac, 0x0a,
    0xac, 0x0a, 0xcd, 0x0a, 0x6c, 0x02, 0x45, 0x00, 0x25, 0x00, 0x45, 0x00,
    0x45, 0x00, 0x45, 0x00, 0x45, 0x00, 0x45, 0x00, 0x45, 0x00, 0x45, 0x00,
    0x45, 0x00, 0x45, 0x00, 0x45, 0x00, 0x45, 0x00, 0x45, 0x00, 0x45, 0x00,
    0x45, 0x00, 0x45, 0x00, 0x45, 0x00, 0x45, 0x00, 0x45, 0x00, 0x45, 0x00,
    0x45, 0x00, 0x45, 0x00, 0x45, 0x00, 0x25, 0x00, 0xc6, 0x00, 0xac, 0x02,
    0xcd, 0x0a, 0xac, 0x0a, 0xac, 0x0a, 0xac, 0x0a, 0xac, 0x0a, 0xac, 0x0a,
    0xac, 0x0a, 0xac, 0x0a, 0xac, 0x0a, 0xac, 0x0a, 0xac, 0x0a, 0xac, 0x0a,
    0xac, 0x0a, 0xac, 0x0a, 0xac, 0x0a, 0xac, 0x0a, 0xcd, 0x12, 0x2c, 0x02,
    0x8f, 0x7c, 0x12, 0xff, 0x71, 0xee, 0x71, 0xf6, 0x71, 0xf6, 0x71, 0xf6,
    0x71, 0xf6, 0x71, 0xf6, 0x71, 0xf6, 0x71, 0xf6, 0x71, 0xf6, 0x71, 0xf6,
    0x71, 0xf6, 0x71, 0xf6, 0x71, 0xf6, 0x71, 0xf6, 0x71, 0xf6, 0x71, 0xf6,
    0x71, 0xf6, 0xf2, 0xfe, 0xd0, 0xed, 0x44, 0xc1, 0x03, 0xc1, 0x44, 0xc1,
    0x24, 0xc1, 0x24, 0xc1, 0x24, 0xc1, 0x24, 0xc1, 0x24, 0xc1, 0x24, 0xc1,
    0x24, 0xc1, 0x24, 0xc1, 0x24, 0xc1, 0x24, 0xc1, 0x24, 0xc1, 0x24, 0xc1,
    0x24, 0xc1, 0x24, 0xc1, 0x24, 0xc1, 0x24, 0xc1, 0x24, 0xc1, 0x24, 0xc1,
    0x24, 0xc1, 0x24, 0xc1, 0x24, 0xc1, 0x24, 0xc1, 0x24, 0xc1, 0x24, 0xc1,
    0x24, 0xc1, 0x24, 0xc1, 0x24, 0xc1, 0x24, 0xc1, 0x24, 0xc1, 0x24, 0xc1,
    0x24, 0xc1, 0x24, 0xc1, 0x24, 0xc1, 0x24, 0xc1, 0x24, 0xc1, 0x24, 0xc1,
    0x24, 0xc1, 0x24, 0xc1, 0x24, 0xc1, 0x24, 0xc1, 0x24, 0xc1, 0x24, 0xc1,
    0x24, 0xc1, 0x24, 0xc1, 0x24, 0xc1, 0x24, 0xc1, 0x24, 0xc1, 0x24, 0xc1,
    0x24, 0xc1, 0x24, 0xc1, 0x24, 0xc1, 0x24, 0xc1, 0x24, 0xc1, 0x24, 0xc1,
    0x24, 0xc1, 0x24, 0xc1, 0x24, 0xc1, 0x24, 0xc1, 0x24, 0xc1, 0x24, 0xc1,
    0x24, 0xc1, 0x24, 0xc1, 0x24, 0xc1, 0x24, 0xc1, 0x24, 0xc1, 0x24, 0xc1,
    0x24, 0xc1, 0x24, 0xc1, 0x24, 0xc1, 0x24, 0xc1, 0x24, 0xc1, 0x24, 0xc1,
    0x24, 0xc1, 0x24, 0xc1, 0x24, 0xc1, 0x24, 0xc1, 0x24, 0xc1, 0x24, 0xc1,
    0x24, 0xc1, 0x24, 0xc1, 0x24, 0xc1, 0x24, 0xc1, 0x24, 0xc1, 0x24, 0xc1,
    0x24, 0xc1, 0x24, 0xc1, 0x24, 0xc1, 0x24, 0xc1, 0x24, 0xc1, 0x44, 0xc1,
    0xc3, 0xc0, 0xe5, 0xc9, 0x71, 0xf6, 0xb2, 0xfe, 0x71, 0xf6, 0x71, 0xf6,
    0x71, 0xf6, 0x71, 0xf6, 0x71, 0xf6, 0x71, 0xf6, 0x71, 0xf6, 0x71, 0xf6,
    0x71, 0xf6, 0x71, 0xf6, 0x71, 0xf6, 0x71, 0xf6, 0x71, 0xf6, 0x71, 0xf6,
    0x71, 0xf6, 0x71, 0xf6, 0x51, 0xee, 0x32, 0xff, 0xce, 0x4b, 0x4c, 0x02,
    0xcc, 0x0a, 0xac, 0x0a, 0xac, 0x0a, 0xac, 0x0a, 0xac, 0x0a, 0xac, 0x0a,
    0xac, 0x0a, 0xac, 0x0a, 0xac, 0x0a, 0xac, 0x0a, 0xac, 0x0a, 0xac, 0x0a,
    0xac, 0x0a, 0xac, 0x0a, 0xac, 0x0a, 0xac, 0x02, 0xed, 0x0a, 0x6b, 0x02,
    0x86, 0x00, 0x45, 0x00, 0x45, 0x00, 0x45, 0x00, 0x45, 0x00, 0x45, 0x00,
    0x45, 0x00, 0x45, 0x00, 0x45, 0x00, 0x45, 0x00, 0x45, 0x00, 0x45, 0x00,
    0x45, 0x00, 0x45, 0x00, 0x45, 0x00, 0x45, 0x00, 0x45, 0x00, 0x45, 0x00,
    0x45, 0x00, 0x45, 0x00, 0x45, 0x00, 0x45, 0x00, 0x45, 0x00, 0x04, 0x00,
    0x89, 0x01, 0x0d, 0x0b, 0xac, 0x02, 0xac, 0x0a, 0xac, 0x0a, 0xac, 0x0a,
    0xac, 0x0a, 0xac, 0x0a, 0xac, 0x0a, 0xac, 0x0a, 0xac, 0x0a, 0xac, 0x0a,
    0xac, 0x0a, 0xac, 0x0a, 0xac, 0x0a, 0xac, 0x0a, 0xac, 0x0a, 0xac, 0x0a,
    0xac, 0x0a, 0xac, 0x0a, 0x0d, 0x23, 0xf1, 0xd5, 0xb2, 0xfe, 0x71, 0xf6,
    0x71, 0xf6, 0x71, 0xf6, 0x71, 0xf6, 0x71, 0xf6, 0x71, 0xf6, 0x71, 0xf6,
    0x71, 0xf6, 0x71, 0xf6, 0x71, 0xf6, 0x71, 0xf6, 0x71, 0xf6, 0x71, 0xf6,
    0x71, 0xf6, 0x71, 0xf6, 0x91, 0xf6, 0x51, 0xf6, 0xd2, 0xfe, 0xd0, 0xed,
    0x44, 0xc1, 0xc2, 0xc0, 0x23, 0xc1, 0x24, 0xc1, 0x24, 0xc1, 0x24, 0xc1,
    0x24, 0xc1, 0x24, 0xc1, 0x24, 0xc1, 0x24, 0xc1, 0x24, 0xc1, 0x24, 0xc1,
    0x24, 0xc1, 0x24, 0xc1, 0x24, 0xc1, 0x24, 0xc1, 0x24, 0xc1, 0x24, 0xc1,
    0x24, 0xc1, 0x24, 0xc1, 0x24, 0xc1, 0x24, 0xc1, 0x24, 0xc1, 0x24, 0xc1,
    0x24, 0xc1, 0x24, 0xc1, 0x24, 0xc1, 0x24, 0xc1, 0x24, 0xc1, 0x24, 0xc1,
    0x24, 0xc1, 0x24, 0xc1, 0x24, 0xc1, 0x24, 0xc1, 0x24, 0xc1, 0x24, 0xc1,
    0x24, 0xc1, 0x24, 0xc1, 0x24, 0xc1, 0x24, 0xc1, 0x24, 0xc1, 0x24, 0xc1,
    0x24, 0xc1, 0x24, 0xc1, 0x24, 0xc1, 0x24, 0xc1, 0x24, 0xc1, 0x24, 0xc1,
    0x24, 0xc1, 0x24, 0xc1, 0x24, 0xc1, 0x24, 0xc1, 0x24, 0xc1, 0x24, 0xc1,
    0x24, 0xc1, 0x24, 0xc1, 0x24, 0xc1, 0x24, 0xc1, 0x24, 0xc1, 0x24, 0xc1,
    0x24, 0xc1, 0x24, 0xc1, 0x24, 0xc1, 0x24, 0xc1, 0x24, 0xc1, 0x24, 0xc1,
    0x24, 0xc1, 0x24, 0xc1, 0x24, 0xc1, 0x24, 0xc1, 0x24, 0xc1, 0x24, 0xc1,
    0x24, 0xc1, 0x24, 0xc1, 0x24, 0xc1, 0x24, 0xc1, 0x24, 0xc1, 0x24, 0xc1,
    0x24, 0xc1, 0x24, 0xc1, 0x24, 0xc1, 0x24, 0xc1, 0x24, 0xc1, 0x24, 0xc1,
    0x24, 0xc1, 0x24, 0xc1, 0x24, 0xc1, 0x24, 0xc1, 0x24, 0xc1, 0x24, 0xc1,
    0x24, 0xc1, 0xa2, 0xb8, 0xe5, 0xc9, 0x71, 0xf6, 0xb2, 0xf6, 0x71, 0xf6,
    0x71, 0xf6, 0x71, 0xf6, 0x71, 0xf6, 0x71, 0xf6, 0x71, 0xf6, 0x71, 0xf6,
    0x71, 0xf6, 0x71, 0xf6, 0x71, 0xf6, 0x71, 0xf6, 0x71, 0xf6, 0x71, 0xf6,
    0x71, 0xf6, 0x71, 0xf6, 0x71, 0xf6, 0x71, 0xf6, 0xf2, 0xfe, 0x70, 0xb5,
    0xed, 0x12, 0xac, 0x0a, 0xac, 0x0a, 0xac, 0x0a, 0xac, 0x0a, 0xac, 0x0a,
    0xac, 0x0a, 0xac, 0x0a, 0xac, 0x0a, 0xac, 0x0a, 0xac, 0x0a, 0xac, 0x0a,
    0xac, 0x0a, 0xac, 0x0a, 0xac, 0x0a, 0xac, 0x0a, 0xac, 0x0a, 0xac, 0x0a,
    0xac, 0x02, 0x0d, 0x0b, 0x07, 0x01, 0x04, 0x00, 0x45, 0x00, 0x45, 0x00,
    0x45, 0x00, 0x45, 0x00, 0x45, 0x00, 0x45, 0x00, 0x45, 0x00, 0x45, 0x00,
    0x45, 0x00, 0x45, 0x00, 0x45, 0x00, 0x45, 0x00, 0x45, 0x00, 0x45, 0x00,
    0x45, 0x00, 0x45, 0x00, 0x45, 0x00, 0x45, 0x00, 0x45, 0x00, 0x45, 0x00,
    0x24, 0x00, 0xc6, 0x00, 0xac, 0x0a, 0xac, 0x02, 0xac, 0x0a, 0xac, 0x0a,
    0xac, 0x0a, 0xac, 0x0a, 0xac, 0x0a, 0xac, 0x0a, 0xac, 0x0a, 0xac, 0x0a,
    0xac, 0x0a, 0xac, 0x0a, 0xac, 0x0a, 0xac, 0x0a, 0xac, 0x0a, 0xac, 0x0a,
    0xac, 0x0a, 0xac, 0x0a, 0xac, 0x0a, 0xcc, 0x0a, 0x8c, 0x02, 0xcc, 0x0a,
    0xf1, 0xd5, 0x91, 0xfe, 0x71, 0xf6, 0x71, 0xf6, 0x71, 0xf6, 0x71, 0xf6,
    0x71, 0xf6, 0x71, 0xf6, 0x71, 0xf6, 0x71, 0xf6, 0x71, 0xf6, 0x71, 0xf6,
    0x71, 0xf6, 0x71, 0xf6, 0x71, 0xf6, 0x71, 0xf6, 0x71, 0xf6, 0x91, 0xf6,
    0x71, 0xf6, 0xb2, 0xfe, 0x10, 0xf6, 0xed, 0xe4, 0x03, 0xc1, 0x24, 0xc1,
    0xe3, 0xc0, 0xe3, 0xc0, 0xe3, 0xc0, 0xe3, 0xc0, 0xe3, 0xc0, 0xe3, 0xc0,
    0xe3, 0xc0, 0xe3, 0xc0, 0xe3, 0xc0, 0xe3, 0xc0, 0xe3, 0xc0, 0xe3, 0xc0,
    0xe3, 0xc0, 0xe3, 0xc0, 0xe3, 0xc0, 0xe3, 0xc0, 0xe3, 0xc0, 0xe3, 0xc0,
    0xe3, 0xc0, 0xe3, 0xc0, 0xe3, 0xc0, 0xe3, 0xc0, 0xe3, 0xc0, 0xe3, 0xc0,
    0xe3, 0xc0, 0xe3, 0xc0, 0xe3, 0xc0, 0xe3, 0xc0, 0xe3, 0xc0, 0xe3, 0xc0,
    0xe3, 0xc0, 0xe3, 0xc0, 0xe3, 0xc0, 0xe3, 0xc0, 0xe3, 0xc0, 0xe3, 0xc0,
    0xe3, 0xc0, 0xe3, 0xc0, 0xe3, 0xc0, 0xe3, 0xc0, 0xe3, 0xc0, 0xe3, 0xc0,
    0xe3, 0xc0, 0xe3, 0xc0, 0xe3, 0xc0, 0xe3, 0xc0, 0xe3, 0xc0, 0xe3, 0xc0,
    0xe3, 0xc0, 0xe3, 0xc0, 0xe3, 0xc0, 0xe3, 0xc0, 0xe3, 0xc0, 0xe3, 0xc0,
    0xe3, 0xc0, 0xe3, 0xc0, 0xe3, 0xc0, 0xe3, 0xc0, 0xe3, 0xc0, 0xe3, 0xc0,
    0xe3, 0xc0, 0xe3, 0xc0, 0xe3, 0xc0, 0xe3, 0xc0, 0xe3, 0xc0, 0xe3, 0xc0,
    0xe3, 0xc0, 0xe3, 0xc0, 0xe3, 0xc0, 0xe3, 0xc0, 0xe3, 0xc0, 0xe3, 0xc0,
    0xe3, 0xc0, 0xe3, 0xc0, 0xe3, 0xc0, 0xe3, 0xc0, 0xe3, 0xc0, 0xe3, 0xc0,
    0xe3, 0xc0, 0xe3, 0xc0, 0xe3, 0xc0, 0xe3, 0xc0, 0xe3, 0xc0, 0xe3, 0xc0,
    0xe3, 0xc0, 0x23, 0xc1, 0x64, 0xc1, 0x6f, 0xed, 0x30, 0xf6, 0xb2, 0xfe,
    0x71, 0xf6, 0x91, 0xf6, 0x71, 0xf6, 0x71, 0xf6, 0x71, 0xf6, 0x71, 0xf6,
    0x71, 0xf6, 0x71, 0xf6, 0x71, 0xf6, 0x71, 0xf6, 0x71, 0xf6, 0x71, 0xf6,
    0x71, 0xf6, 0x71, 0xf6, 0x71, 0xf6, 0x71, 0xf6, 0x71, 0xf6, 0xb1, 0xfe,
    0x70, 0xb5, 0x8c, 0x02, 0x8c, 0x02, 0xcc, 0x0a, 0xac, 0x0a, 0xac, 0x0a,
    0xac, 0x0a, 0xac, 0x0a, 0xac, 0x0a, 0xac, 0x0a, 0xac, 0x0a, 0xac, 0x0a,
    0xac, 0x0a, 0xac, 0x0a, 0xac, 0x0a, 0xac, 0x0a, 0xac, 0x0a, 0xac, 0x0a,
    0xac, 0x0a, 0xac, 0x0a, 0xac, 0x0a, 0xac, 0x0a, 0x8c, 0x02, 0x85, 0x00,
    0x25, 0x00, 0x45, 0x00, 0x45, 0x00, 0x45, 0x00, 0x45, 0x00, 0x45, 0x00,
    0x45, 0x00, 0x45, 0x00, 0x45, 0x00, 0x45, 0x00, 0x45, 0x00, 0x45, 0x00,
    0x45, 0x00, 0x45, 0x00, 0x45, 0x00, 0x45, 0x00, 0x45, 0x00, 0x45, 0x00,
    0x45, 0x00, 0x45, 0x00, 0x45, 0x00, 0x68, 0x01, 0xed, 0x0a, 0xac, 0x02,
    0xac, 0x0a, 0xac, 0x0a, 0xac, 0x0a, 0xac, 0x0a, 0xac, 0x0a, 0xac, 0x0a,
    0xac, 0x0a, 0xac, 0x0a, 0xac, 0x0a, 0xac, 0x0a, 0xac, 0x0a, 0xac, 0x0a,
    0xac, 0x0a, 0xac, 0x0a, 0xac, 0x0a, 0xac, 0x0a, 0xac, 0x0a, 0xac, 0x02,
    0xcc, 0x0a, 0x8c, 0x02, 0xcd, 0x12, 0xb1, 0xfe, 0x71, 0xf6, 0x71, 0xf6,
    0x71, 0xf6, 0x71, 0xf6, 0x71, 0xf6, 0x71, 0xf6, 0x71, 0xf6, 0x71, 0xf6,
    0x71, 0xf6, 0x71, 0xf6, 0x71, 0xf6, 0x71, 0xf6, 0x71, 0xf6, 0x71, 0xf6,
    0x71, 0xf6, 0x71, 0xf6, 0x71, 0xf6, 0x71, 0xf6, 0xb2, 0xf6, 0x91, 0xf6,
    0xb2, 0xfe, 0x2b, 0xe4, 0x84, 0xc1, 0x06, 0xca, 0xe6, 0xc9, 0xe6, 0xc9,
    0xe6, 0xc9, 0xe6, 0xc9, 0xe6, 0xc9, 0xe6, 0xc9, 0xe6, 0xc9, 0xe6, 0xc9,
    0xe6, 0xc9, 0xe6, 0xc9, 0xe6, 0xc9, 0xe6, 0xc9, 0xe6, 0xc9, 0xe6, 0xc9,
    0xe6, 0xc9, 0xe6, 0xc9, 0xe6, 0xc9, 0xe6, 0xc9, 0xe6, 0xc9, 0xe6, 0xc9,
    0xe6, 0xc9, 0xe6, 0xc9, 0xe6, 0xc9, 0xe6, 0xc9, 0xe6, 0xc9, 0xe6, 0xc9,
    0xe6, 0xc9, 0xe6, 0xc9, 0xe6, 0xc9, 0xe6, 0xc9, 0xe6, 0xc9, 0xe6, 0xc9,
    0xe6, 0xc9, 0xe6, 0xc9, 0xe6, 0xc9, 0xe6, 0xc9, 0xe6, 0xc9, 0xe6, 0xc9,
    0xe6, 0xc9, 0xe6, 0xc9, 0xe6, 0xc9, 0xe6, 0xc9, 0xe6, 0xc9, 0xe6, 0xc9,
    0xe6, 0xc9, 0xe6, 0xc9, 0xe6, 0xc9, 0xe6, 0xc9, 0xe6, 0xc9, 0xe6, 0xc9,
    0xe6, 0xc9, 0xe6, 0xc9, 0xe6, 0xc9, 0xe6, 0xc9, 0xe6, 0xc9, 0xe6, 0xc9,
    0xe6, 0xc9, 0xe6, 0xc9, 0xe6, 0xc9, 0xe6, 0xc9, 0xe6, 0xc9, 0xe6, 0xc9,
    0xe6, 0xc9, 0xe6, 0xc9, 0xe6, 0xc9, 0xe6, 0xc9, 0xe6, 0xc9, 0xe6, 0xc9,
    0xe6, 0xc9, 0xe6, 0xc9, 0xe6, 0xc9, 0xe6, 0xc9, 0xe6, 0xc9, 0xe6, 0xc9,
    0xe6, 0xc9, 0xe6, 0xc9, 0xe6, 0xc9, 0xe6, 0xc9, 0xe6, 0xc9, 0xe6, 0xc9,
    0xe6, 0xc9, 0x06, 0xca, 0x84, 0xc1, 0xed, 0xe4, 0xb2, 0xfe, 0xb2, 0xf6,
    0xb2, 0xf6, 0x71, 0xf6, 0x71, 0xf6, 0x71, 0xf6, 0x71, 0xf6, 0x71, 0xf6,
    0x71, 0xf6, 0x71, 0xf6, 0x71, 0xf6, 0x71, 0xf6, 0x71, 0xf6, 0x71, 0xf6,
    0x71, 0xf6, 0x71, 0xf6, 0x71, 0xf6, 0x71, 0xf6, 0x71, 0xf6, 0x71, 0xf6,
    0xb1, 0xfe, 0x31, 0xe6, 0x8c, 0x02, 0xac, 0x02, 0xcc, 0x0a, 0xac, 0x02,
    0xac, 0x0a, 0xac, 0x0a, 0xac, 0x0a, 0xac, 0x0a, 0xac, 0x0a, 0xac, 0x0a,
    0xac, 0x0a, 0xac, 0x0a, 0xac, 0x0a, 0xac, 0x0a, 0xac, 0x0a, 0xac, 0x0a,
    0xac, 0x0a, 0xac, 0x0a, 0xac, 0x0a, 0xac, 0x0a, 0xac, 0x0a, 0xac, 0x0a,
    0xed, 0x0a, 0x07, 0x01, 0x45, 0x00, 0x45, 0x00, 0x45, 0x00, 0x45, 0x00,
    0x45, 0x00, 0x45, 0x00, 0x45, 0x00, 0x45, 0x00, 0x45, 0x00, 0x45, 0x00,
    0x45, 0x00, 0x45, 0x00, 0x45, 0x00, 0x45, 0x00, 0x45, 0x00, 0x45, 0x00,
    0x45, 0x00, 0x45, 0x00, 0x45, 0x00, 0x25, 0x00, 0x85, 0x00, 0x0d, 0x0b,
    0xac, 0x0a, 0xac, 0x0a, 0xac, 0x0a, 0xac, 0x0a, 0xac, 0x0a, 0xac, 0x0a,
    0xac, 0x0a, 0xac, 0x0a, 0xac, 0x0a, 0xac, 0x0a, 0xac, 0x0a, 0xac, 0x0a,
    0xac, 0x0a, 0xac, 0x0a, 0xac, 0x0a, 0xac, 0x0a, 0xac, 0x0a, 0xac, 0x0a,
    0xac, 0x0a, 0xac, 0x0a, 0xac, 0x0a, 0xac, 0x0a, 0xac, 0x02, 0x90, 0xbd,
    0xd2, 0xfe, 0x71, 0xee, 0x71, 0xf6, 0x71, 0xf6, 0x71, 0xf6, 0x71, 0xf6,
    0x71, 0xf6, 0x71, 0xf6, 0x71, 0xf6, 0x71, 0xf6, 0x71, 0xf6, 0x71, 0xf6,
    0x71, 0xf6, 0x71, 0xf6, 0x71, 0xf6, 0x71, 0xf6, 0x71, 0xf6, 0x71, 0xf6,
    0x71, 0xf6, 0x71, 0xf6, 0x91, 0xf6, 0xb2, 0xf6, 0xd2, 0xfe, 0xd2, 0xfe,
    0xd2, 0xfe, 0xd2, 0xfe, 0xd2, 0xfe, 0xd2, 0xfe, 0xd2, 0xfe, 0xd2, 0xfe,
    0xd2, 0xfe, 0xd2, 0xfe, 0xd2, 0xfe, 0xd2, 0xfe, 0xd2, 0xfe, 0xd2, 0xfe,
    0xd2, 0xfe, 0xd2, 0xfe, 0xd2, 0xfe, 0xd2, 0xfe, 0xd2, 0xfe, 0xd2, 0xfe,
    0xd2, 0xfe, 0xd2, 0xfe, 0xd2, 0xfe, 0xd2, 0xfe, 0xd2, 0xfe, 0xd2, 0xfe,
    0xd2, 0xfe, 0xd2, 0xfe, 0xd2, 0xfe, 0xd2, 0xfe, 0xd2, 0xfe, 0xd2, 0xfe,
    0xd2, 0xfe, 0xd2, 0xfe, 0xd2, 0xfe, 0xd2, 0xfe, 0xd2, 0xfe, 0xd2, 0xfe,
    0xd2, 0xfe, 0xd2, 0xfe, 0xd2, 0xfe, 0xd2, 0xfe, 0xd2, 0xfe, 0xd2, 0xfe,
    0xd2, 0xfe, 0xd2, 0xfe, 0xd2, 0xfe, 0xd2, 0xfe, 0xd2, 0xfe, 0xd2, 0xfe,
    0xd2, 0xfe, 0xd2, 0xfe, 0xd2, 0xfe, 0xd2, 0xfe, 0xd2, 0xfe, 0xd2, 0xfe,
    0xd2, 0xfe, 0xd2, 0xfe, 0xd2, 0xfe, 0xd2, 0xfe, 0xd2, 0xfe, 0xd2, 0xfe,
    0xd2, 0xfe, 0xd2, 0xfe, 0xd2, 0xfe, 0xd2, 0xfe, 0xd2, 0xfe, 0xd2, 0xfe,
    0xd2, 0xfe, 0xd2, 0xfe, 0xd2, 0xfe, 0xd2, 0xfe, 0xd2, 0xfe, 0xd2, 0xfe,
    0xd2, 0xfe, 0xd2, 0xfe, 0xd2, 0xfe, 0xd2, 0xfe, 0xd2, 0xfe, 0xd2, 0xfe,
    0xd2, 0xfe, 0xd2, 0xfe, 0xd2, 0xfe, 0xd2, 0xfe, 0xd2, 0xfe, 0xb2, 0xf6,
    0x91, 0xf6, 0x71, 0xf6, 0x71, 0xf6, 0x71, 0xf6, 0x71, 0xf6, 0x71, 0xf6,
    0x71, 0xf6, 0x71, 0xf6, 0x71, 0xf6, 0x71, 0xf6, 0x71, 0xf6, 0x71, 0xf6,
    0x71, 0xf6, 0x71, 0xf6, 0x71, 0xf6, 0x71, 0xf6, 0x71, 0xf6, 0x71, 0xf6,
    0x71, 0xf6, 0x71, 0xee, 0xf2, 0xfe, 0xef, 0x94, 0x8c, 0x02, 0xcc, 0x0a,
    0xac, 0x0a, 0xac, 0x0a, 0xac, 0x0a, 0xac, 0x0a, 0xac, 0x0a, 0xac, 0x0a,
    0xac, 0x0a, 0xac, 0x0a, 0xac, 0x0a, 0xac, 0x0a, 0xac, 0x0a, 0xac, 0x0a,
    0xac, 0x0a, 0xac, 0x0a, 0xac, 0x0a, 0xac, 0x0a, 0xac, 0x0a, 0xac, 0x0a,
    0xac, 0x0a, 0xac, 0x0a, 0xcc, 0x0a, 0xcd, 0x0a, 0x25, 0x00, 0x45, 0x00,
    0x45, 0x00, 0x45, 0x00, 0x45, 0x00, 0x45, 0x00, 0x45, 0x00, 0x45, 0x00,
    0x45, 0x00, 0x45, 0x00, 0x45, 0x00, 0x45, 0x00, 0x45, 0x00, 0x45, 0x00,
    0x45, 0x00, 0x45, 0x00, 0x45, 0x00, 0x45, 0x00, 0x45, 0x00, 0x45, 0x00,
    0xa9, 0x01, 0xcd, 0x0a, 0xac, 0x0a, 0xac, 0x0a, 0xac, 0x0a, 0xac, 0x0a,
    0xac, 0x0a, 0xac, 0x0a, 0xac, 0x0a, 0xac, 0x0a, 0xac, 0x0a, 0xac, 0x0a,
    0xac, 0x0a, 0xac, 0x0a, 0xac, 0x0a, 0xac, 0x0a, 0xac, 0x0a, 0xac, 0x0a,
    0xac, 0x0a, 0xac, 0x0a, 0xac, 0x0a, 0xac, 0x0a, 0xac, 0x0a, 0xcc, 0x0a,
    0xac, 0x02, 0x8c, 0x02, 0x70, 0xb5, 0xd2, 0xfe, 0x71, 0xee, 0x71, 0xf6,
    0x71, 0xf6, 0x71, 0xf6, 0x71, 0xf6, 0x71, 0xf6, 0x71, 0xf6, 0x71, 0xf6,
    0x71, 0xf6, 0x71, 0xf6, 0x71, 0xf6, 0x71, 0xf6, 0x71, 0xf6, 0x71, 0xf6,
    0x71, 0xf6, 0x71, 0xf6, 0x71, 0xf6, 0x71, 0xf6, 0x71, 0xf6, 0x71, 0xf6,
    0x71, 0xf6, 0x71, 0xf6, 0x71, 0xf6, 0x71, 0xf6, 0x71, 0xf6, 0x71, 0xf6,
    0x71, 0xf6, 0x71, 0xf6, 0x71, 0xf6, 0x71, 0xf6, 0x71, 0xf6, 0x71, 0xf6,
    0x71, 0xf6, 0x71, 0xf6, 0x71, 0xf6, 0x71, 0xf6, 0x71, 0xf6, 0x71, 0xf6,
    0x71, 0xf6, 0x71, 0xf6, 0x71, 0xf6, 0x71, 0xf6, 0x71, 0xf6, 0x71, 0xf6,
    0x71, 0xf6, 0x71, 0xf6, 0x71, 0xf6, 0x71, 0xf6, 0x71, 0xf6, 0x71, 0xf6,
    0x71, 0xf6, 0x71, 0xf6, 0x71, 0xf6, 0x71, 0xf6, 0x71, 0xf6, 0x71, 0xf6,
    0x71, 0xf6, 0x71, 0xf6, 0x71, 0xf6, 0x71, 0xf6, 0x71, 0xf6, 0x71, 0xf6,
    0x71, 0xf6, 0x71, 0xf6, 0x71, 0xf6, 0x71, 0xf6, 0x71, 0xf6, 0x71, 0xf6,
    0x71, 0xf6, 0x71, 0xf6, 0x71, 0xf6, 0x71, 0xf6, 0x71, 0xf6, 0x71, 0xf6,
    0x71, 0xf6, 0x71, 0xf6, 0x71, 0xf6, 0x71, 0xf6, 0x71, 0xf6, 0x71, 0xf6,
    0x71, 0xf6, 0x71, 0xf6, 0x71, 0xf6, 0x71, 0xf6, 0x71, 0xf6, 0x71, 0xf6,
    0x71, 0xf6, 0x71, 0xf6, 0x71, 0xf6, 0x71, 0xf6, 0x71, 0xf6, 0x71, 0xf6,
    0x71, 0xf6, 0x71, 0xf6, 0x71, 0xf6, 0x71, 0xf6, 0x71, 0xf6, 0x71, 0xf6,
    0x71, 0xf6, 0x71, 0xf6, 0x71, 0xf6, 0x71, 0xf6, 0x71, 0xf6, 0x71, 0xf6,
    0x71, 0xf6, 0x71, 0xf6, 0x71, 0xf6, 0x71, 0xf6, 0x71, 0xf6, 0x71, 0xf6,
    0x71, 0xf6, 0x71, 0xf6, 0x71, 0xf6, 0x71, 0xf6, 0x71, 0xf6, 0x71, 0xf6,
    0x71, 0xf6, 0x71, 0xf6, 0x71, 0xf6, 0x71, 0xf6, 0x71, 0xf6, 0x71, 0xf6,
    0x71, 0xf6, 0x71, 0xf6, 0x71, 0xee, 0xf2, 0xfe, 0xef, 0x94, 0x4c, 0x02,
    0xcc, 0x0a, 0xac, 0x0a, 0xac, 0x0a, 0xac, 0x0a, 0xac, 0x0a, 0xac, 0x0a,
    0xac, 0x0a, 0xac, 0x0a, 0xac, 0x0a, 0xac, 0x0a, 0xac, 0x0a, 0xac, 0x0a,
    0xac, 0x0a, 0xac, 0x0a, 0xac, 0x0a, 0xac, 0x0a, 0xac, 0x0a, 0xac, 0x0a,
    0xac, 0x0a, 0xac, 0x0a, 0xac, 0x0a, 0xac, 0x0a, 0xcc, 0x0a, 0xac, 0x0a,
    0x48, 0x01, 0x25, 0x00, 0x45, 0x00, 0x45, 0x00, 0x45, 0x00, 0x45, 0x00,
    0x45, 0x00, 0x45, 0x00, 0x45, 0x00, 0x45, 0x00, 0x45, 0x00, 0x45, 0x00,
    0x45, 0x00, 0x45, 0x00, 0x45, 0x00, 0x45, 0x00, 0x45, 0x00, 0x45, 0x00,
    0x45, 0x00, 0x45, 0x00, 0xed, 0x0a, 0xcc, 0x0a, 0xac, 0x0a, 0xac, 0x0a,
    0xac, 0x0a, 0xac, 0x0a, 0xac, 0x0a, 0xac, 0x0a, 0xac, 0x0a, 0xac, 0x0a,
    0xac, 0x0a, 0xac, 0x0a, 0xac, 0x0a, 0xac, 0x0a, 0xac, 0x0a, 0xac, 0x0a,
    0xac, 0x0a, 0xac, 0x0a, 0xac, 0x0a, 0xac, 0x0a, 0xac, 0x0a, 0xac, 0x0a,
    0xac, 0x0a, 0xac, 0x0a, 0xcc, 0x0a, 0xac, 0x02, 0x8c, 0x02, 0x70, 0xb5,
    0xd2, 0xfe, 0x71, 0xee, 0x71, 0xf6, 0x71, 0xf6, 0x71, 0xf6, 0x71, 0xf6,
    0x71, 0xf6, 0x71, 0xf6, 0x71, 0xf6, 0x71, 0xf6, 0x71, 0xf6, 0x71, 0xf6,
    0x71, 0xf6, 0x71, 0xf6, 0x71, 0xf6, 0x71, 0xf6, 0x71, 0xf6, 0x71, 0xf6,
    0x71, 0xf6, 0x71, 0xf6, 0x71, 0xf6, 0x71, 0xf6, 0x71, 0xf6, 0x71, 0xf6,
    0x71, 0xf6, 0x71, 0xf6, 0x71, 0xf6, 0x71, 0xf6, 0x71, 0xf6, 0x71, 0xf6,
    0x71, 0xf6, 0x71, 0xf6, 0x71, 0xf6, 0x71, 0xf6, 0x71, 0xf6, 0x71, 0xf6,
    0x71, 0xf6, 0x71, 0xf6, 0x71, 0xf6, 0x71, 0xf6, 0x71, 0xf6, 0x71, 0xf6,
    0x71, 0xf6, 0x71, 0xf6, 0x71, 0xf6, 0x71, 0xf6, 0x71, 0xf6, 0x71, 0xf6,
    0x71, 0xf6, 0x71, 0xf6, 0x71, 0xf6, 0x71, 0xf6, 0x71, 0xf6, 0x71, 0xf6,
    0x71, 0xf6, 0x71, 0xf6, 0x71, 0xf6, 0x71, 0xf6, 0x71, 0xf6, 0x71, 0xf6,
    0x71, 0xf6, 0x71, 0xf6, 0x71, 0xf6, 0x71, 0xf6, 0x71, 0xf6, 0x71, 0xf6,
    0x71, 0xf6, 0x71, 0xf6, 0x71, 0xf6, 0x71, 0xf6, 0x71, 0xf6, 0x71, 0xf6,
    0x71, 0xf6, 0x71, 0xf6, 0x71, 0xf6, 0x71, 0xf6, 0x71, 0xf6, 0x71, 0xf6,
    0x71, 0xf6, 0x71, 0xf6, 0x71, 0xf6, 0x71, 0xf6, 0x71, 0xf6, 0x71, 0xf6,
    0x71, 0xf6, 0x71, 0xf6, 0x71, 0xf6, 0x71, 0xf6, 0x71, 0xf6, 0x71, 0xf6,
    0x71, 0xf6, 0x71, 0xf6, 0x71, 0xf6, 0x71, 0xf6, 0x71, 0xf6, 0x71, 0xf6,
    0x71, 0xf6, 0x71, 0xf6, 0x71, 0xf6, 0x71, 0xf6, 0x71, 0xf6, 0x71, 0xf6,
    0x71, 0xf6, 0x71, 0xf6, 0x71, 0xf6, 0x71, 0xf6, 0x71, 0xf6, 0x71, 0xf6,
    0x71, 0xf6, 0x71, 0xf6, 0x71, 0xf6, 0x71, 0xf6, 0x71, 0xf6, 0x71, 0xf6,
    0x71, 0xf6, 0x71, 0xf6, 0x71, 0xf6, 0x71, 0xf6, 0x71, 0xf6, 0x71, 0xf6,
    0x71, 0xf6, 0x71, 0xf6, 0x71, 0xf6, 0x71, 0xee, 0xf2, 0xfe, 0xef, 0x94,
    0x6c, 0x02, 0xcc, 0x0a, 0xac, 0x0a, 0xac, 0x0a, 0xac, 0x0a, 0xac, 0x0a,
    0xac, 0x0a, 0xac, 0x0a, 0xac, 0x0a, 0xac, 0x0a, 0xac, 0x0a, 0xac, 0x0a,
    0xac, 0x0a, 0xac, 0x0a, 0xac, 0x0a, 0xac, 0x0a, 0xac, 0x0a, 0xac, 0x0a,
    0xac, 0x0a, 0xac, 0x0a, 0xac, 0x0a, 0xac, 0x0a, 0xac, 0x0a, 0xac, 0x0a,
    0xac, 0x0a, 0xcd, 0x0a, 0x8c, 0x02, 0x04, 0x00, 0x45, 0x00, 0x45, 0x00,
    0x45, 0x00, 0x45, 0x00, 0x45, 0x00, 0x45, 0x00, 0x45, 0x00, 0x45, 0x00,
    0x45, 0x00, 0x45, 0x00, 0x45, 0x00, 0x45, 0x00, 0x45, 0x00, 0x45, 0x00,
    0x45, 0x00, 0x45, 0x00, 0x45, 0x00, 0x65, 0x00, 0xac, 0x02, 0xcc, 0x0a,
    0xac, 0x0a, 0xac, 0x0a, 0xac, 0x0a, 0xac, 0x0a, 0xac, 0x0a, 0xac, 0x0a,
    0xac, 0x0a, 0xac, 0x0a, 0xac, 0x0a, 0xac, 0x0a, 0xac, 0x0a, 0xac, 0x0a,
    0xac, 0x0a, 0xac, 0x0a, 0xac, 0x0a, 0xac, 0x0a, 0xac, 0x0a, 0xac, 0x0a,
    0xac, 0x0a, 0xac, 0x0a, 0xac, 0x0a, 0xac, 0x0a, 0xac, 0x0a, 0xcd, 0x0a,
    0xac, 0x02, 0x8c, 0x02, 0x70, 0xb5, 0xd2, 0xfe, 0x71, 0xf6, 0x71, 0xf6,
    0x71, 0xf6, 0x71, 0xf6, 0x71, 0xf6, 0x71, 0xf6, 0x71, 0xf6, 0x71, 0xf6,
    0x71, 0xf6, 0x71, 0xf6, 0x71, 0xf6, 0x71, 0xf6, 0x71, 0xf6, 0x71, 0xf6,
    0x71, 0xf6, 0x71, 0xf6, 0x71, 0xf6, 0x71, 0xf6, 0x71, 0xf6, 0x71, 0xf6,
    0x71, 0xf6, 0x71, 0xf6, 0x71, 0xf6, 0x71, 0xf6, 0x71, 0xf6, 0x71, 0xf6,
    0x71, 0xf6, 0x71, 0xf6, 0x71, 0xf6, 0x71, 0xf6, 0x71, 0xf6, 0x71, 0xf6,
    0x71, 0xf6, 0x71, 0xf6, 0x71, 0xf6, 0x71, 0xf6, 0x71, 0xf6, 0x71, 0xf6,
    0x71, 0xf6, 0x71, 0xf6, 0x71, 0xf6, 0x71, 0xf6, 0x71, 0xf6, 0x71, 0xf6,
    0x71, 0xf6, 0x71, 0xf6, 0x71, 0xf6, 0x71, 0xf6, 0x71, 0xf6, 0x71, 0xf6,
    0x71, 0xf6, 0x71, 0xf6, 0x71, 0xf6, 0x71, 0xf6, 0x71, 0xf6, 0x71, 0xf6,
    0x71, 0xf6, 0x71, 0xf6, 0x71, 0xf6, 0x71, 0xf6, 0x71, 0xf6, 0x71, 0xf6,
    0x71, 0xf6, 0x71, 0xf6, 0x71, 0xf6, 0x71, 0xf6, 0x71, 0xf6, 0x71, 0xf6,
    0x71, 0xf6, 0x71, 0xf6, 0x71, 0xf6, 0x71, 0xf6, 0x71, 0xf6, 0x71, 0xf6,
    0x71, 0xf6, 0x71, 0xf6, 0x71, 0xf6, 0x71, 0xf6, 0x71, 0xf6, 0x71, 0xf6,
    0x71, 0xf6, 0x71, 0xf6, 0x71, 0xf6, 0x71, 0xf6, 0x71, 0xf6, 0x71, 0xf6,
    0x71, 0xf6, 0x71, 0xf6, 0x71, 0xf6, 0x71, 0xf6, 0x71, 0xf6, 0x71, 0xf6,
    0x71, 0xf6, 0x71, 0xf6, 0x71, 0xf6, 0x71, 0xf6, 0x71, 0xf6, 0x71, 0xf6,
    0x71, 0xf6, 0x71, 0xf6, 0x71, 0xf6, 0x71, 0xf6, 0x71, 0xf6, 0x71, 0xf6,
    0x71, 0xf6, 0x71, 0xf6, 0x71, 0xf6, 0x71, 0xf6, 0x71, 0xf6, 0x71, 0xf6,
    0x71, 0xf6, 0x71, 0xf6, 0x71, 0xf6, 0x71, 0xf6, 0x71, 0xf6, 0x71, 0xf6,
    0x71, 0xf6, 0x71, 0xf6, 0x71, 0xf6, 0x71, 0xf6, 0x71, 0xf6, 0xf2, 0xfe,
    0xef, 0x94, 0x6c, 0x02, 0xcd, 0x0a, 0xcc, 0x0a, 0xac, 0x0a, 0xac, 0x0a,
    0xac, 0x0a, 0xac, 0x0a, 0xac, 0x0a, 0xac, 0x0a, 0xac, 0x0a, 0xac, 0x0a,
    0xac, 0x0a, 0xac, 0x0a, 0xac, 0x0a, 0xac, 0x0a, 0xac, 0x0a, 0xac, 0x0a,
    0xac, 0x0a, 0xac, 0x0a, 0xac, 0x0a, 0xac, 0x0a, 0xac, 0x0a, 0xac, 0x0a,
    0xac, 0x0a, 0xac, 0x0a, 0xac, 0x0a, 0xcd, 0x0a, 0x4b, 0x02, 0x25, 0x00,
    0x45, 0x00, 0x45, 0x00, 0x45, 0x00, 0x45, 0x00, 0x45, 0x00, 0x45, 0x00,
    0x45, 0x00, 0x45, 0x00, 0x45, 0x00, 0x45, 0x00, 0x45, 0x00, 0x45, 0x00,
    0x45, 0x00, 0x45, 0x00, 0x45, 0x00, 0x45, 0x00, 0x24, 0x00, 0x4b, 0x02,
    0xcd, 0x0a, 0xac, 0x0a, 0xac, 0x0a, 0xac, 0x0a, 0xac, 0x0a, 0xac, 0x0a,
    0xac, 0x0a, 0xac, 0x0a, 0xac, 0x0a, 0xac, 0x0a, 0xac, 0x0a, 0xac, 0x0a,
    0xac, 0x0a, 0xac, 0x0a, 0xac, 0x0a, 0xac, 0x0a, 0xac, 0x0a, 0xac, 0x0a,
    0xac, 0x0a, 0xac, 0x0a, 0xac, 0x0a, 0xac, 0x0a, 0xac, 0x0a, 0xac, 0x0a,
    0xac, 0x0a, 0xac, 0x02, 0xcc, 0x0a, 0xac, 0x02, 0x8c, 0x02, 0x70, 0xb5,
    0xd2, 0xfe, 0x71, 0xee, 0x71, 0xf6, 0x71, 0xf6, 0x71, 0xf6, 0x71, 0xf6,
    0x71, 0xf6, 0x71, 0xf6, 0x71, 0xf6, 0x71, 0xf6, 0x71, 0xf6, 0x71, 0xf6,
    0x71, 0xf6, 0x71, 0xf6, 0x71, 0xf6, 0x71, 0xf6, 0x71, 0xf6, 0x71, 0xf6,
    0x71, 0xf6, 0x71, 0xf6, 0x71, 0xf6, 0x71, 0xf6, 0x71, 0xf6, 0x71, 0xf6,
    0x71, 0xf6, 0x71, 0xf6, 0x71, 0xf6, 0x71, 0xf6, 0x71, 0xf6, 0x71, 0xf6,
    0x71, 0xf6, 0x71, 0xf6, 0x71, 0xf6, 0x71, 0xf6, 0x71, 0xf6, 0x71, 0xf6,
    0x71, 0xf6, 0x71, 0xf6, 0x71, 0xf6, 0x71, 0xf6, 0x71, 0xf6, 0x71, 0xf6,
    0x71, 0xf6, 0x71, 0xf6, 0x71, 0xf6, 0x71, 0xf6, 0x71, 0xf6, 0x71, 0xf6,
    0x71, 0xf6, 0x71, 0xf6, 0x71, 0xf6, 0x71, 0xf6, 0x71, 0xf6, 0x71, 0xf6,
    0x71, 0xf6, 0x71, 0xf6, 0x71, 0xf6, 0x71, 0xf6, 0x71, 0xf6, 0x71, 0xf6,
    0x71, 0xf6, 0x71, 0xf6, 0x71, 0xf6, 0x71, 0xf6, 0x71, 0xf6, 0x71, 0xf6,
    0x71, 0xf6, 0x71, 0xf6, 0x71, 0xf6, 0x71, 0xf6, 0x71, 0xf6, 0x71, 0xf6,
    0x71, 0xf6, 0x71, 0xf6, 0x71, 0xf6, 0x71, 0xf6, 0x71, 0xf6, 0x71, 0xf6,
    0x71, 0xf6, 0x71, 0xf6, 0x71, 0xf6, 0x71, 0xf6, 0x71, 0xf6, 0x71, 0xf6,
    0x71, 0xf6, 0x71, 0xf6, 0x71, 0xf6, 0x71, 0xf6, 0x71, 0xf6, 0x71, 0xf6,
    0x71, 0xf6, 0x71, 0xf6, 0x71, 0xf6, 0x71, 0xf6, 0x71, 0xf6, 0x71, 0xf6,
    0x71, 0xf6, 0x71, 0xf6, 0x71, 0xf6, 0x71, 0xf6, 0x71, 0xf6, 0x71, 0xf6,
    0x71, 0xf6, 0x71, 0xf6, 0x71, 0xf6, 0x71, 0xf6, 0x71, 0xf6, 0x71, 0xf6,
    0x71, 0xf6, 0x71, 0xf6, 0x71, 0xf6, 0x71, 0xf6, 0x71, 0xf6, 0x71, 0xf6,
    0x71, 0xf6, 0x71, 0xf6, 0x71, 0xf6, 0x71, 0xf6, 0x71, 0xf6, 0x71, 0xf6,
    0xf2, 0xfe, 0xef, 0x94, 0x4c, 0x02, 0xcd, 0x0a, 0xcc, 0x0a, 0xac, 0x0a,
    0xac, 0x0a, 0xac, 0x0a, 0xac, 0x0a, 0xac, 0x0a, 0xac, 0x0a, 0xac, 0x0a,
    0xac, 0x0a, 0xac, 0x0a, 0xac, 0x0a, 0xac, 0x0a, 0xac, 0x0a, 0xac, 0x0a,
    0xac, 0x0a, 0xac, 0x0a, 0xac, 0x0a, 0xac, 0x0a, 0xac, 0x0a, 0xac, 0x0a,
    0xac, 0x0a, 0xac, 0x0a, 0xac, 0x0a, 0xac, 0x0a, 0xac, 0x0a, 0xac, 0x0a,
    0xed, 0x0a, 0xea, 0x01, 0x04, 0x00, 0x45, 0x00, 0x45, 0x00, 0x45, 0x00,
    0x45, 0x00, 0x45, 0x00, 0x45, 0x00, 0x45, 0x00, 0x45, 0x00, 0x45, 0x00,
    0x45, 0x00, 0x45, 0x00, 0x45, 0x00, 0x45, 0x00, 0x45, 0x00, 0x45, 0x00,
    0x24, 0x00, 0x4b, 0x02, 0xcd, 0x0a, 0xac, 0x0a, 0xac, 0x0a, 0xac, 0x0a,
    0xac, 0x0a, 0xac, 0x0a, 0xac, 0x0a, 0xac, 0x0a, 0xac, 0x0a, 0xac, 0x0a,
    0xac, 0x0a, 0xac, 0x0a, 0xac, 0x0a, 0xac, 0x0a, 0xac, 0x0a, 0xac, 0x0a,
    0xac, 0x0a, 0xac, 0x0a, 0xac, 0x0a, 0xac, 0x0a, 0xac, 0x0a, 0xac, 0x0a,
    0xac, 0x0a, 0xac, 0x0a, 0xac, 0x0a, 0xac, 0x0a, 0xac, 0x0a, 0xac, 0x0a,
    0xac, 0x02, 0x8c, 0x02, 0x70, 0xb5, 0xd2, 0xfe, 0x71, 0xee, 0x71, 0xf6,
    0x71, 0xf6, 0x71, 0xf6, 0x71, 0xf6, 0x71, 0xf6, 0x71, 0xf6, 0x71, 0xf6,
    0x71, 0xf6, 0x71, 0xf6, 0x71, 0xf6, 0x71, 0xf6, 0x71, 0xf6, 0x71, 0xf6,
    0x71, 0xf6, 0x71, 0xf6, 0x71, 0xf6, 0x71, 0xf6, 0x71, 0xf6, 0x71, 0xf6,
    0x71, 0xf6, 0x71, 0xf6, 0x71, 0xf6, 0x71, 0xf6, 0x71, 0xf6, 0x71, 0xf6,
    0x71, 0xf6, 0x71, 0xf6, 0x71, 0xf6, 0x71, 0xf6, 0x71, 0xf6, 0x71, 0xf6,
    0x71, 0xf6, 0x71, 0xf6, 0x71, 0xf6, 0x71, 0xf6, 0x71, 0xf6, 0x71, 0xf6,
    0x71, 0xf6, 0x71, 0xf6, 0x71, 0xf6, 0x71, 0xf6, 0x71, 0xf6, 0x71, 0xf6,
    0x71, 0xf6, 0x71, 0xf6, 0x71, 0xf6, 0x71, 0xf6, 0x71, 0xf6, 0x71, 0xf6,
    0x71, 0xf6, 0x71, 0xf6, 0x71, 0xf6, 0x71, 0xf6, 0x71, 0xf6, 0x71, 0xf6,
    0x71, 0xf6, 0x71, 0xf6, 0x71, 0xf6, 0x71, 0xf6, 0x71, 0xf6, 0x71, 0xf6,
    0x71, 0xf6, 0x71, 0xf6, 0x71, 0xf6, 0x71, 0xf6, 0x71, 0xf6, 0x71, 0xf6,
    0x71, 0xf6, 0x71, 0xf6, 0x71, 0xf6, 0x71, 0xf6, 0x71, 0xf6, 0x71, 0xf6,
    0x71, 0xf6, 0x71, 0xf6, 0x71, 0xf6, 0x71, 0xf6, 0x71, 0xf6, 0x71, 0xf6,
    0x71, 0xf6, 0x71, 0xf6, 0x71, 0xf6, 0x71, 0xf6, 0x71, 0xf6, 0x71, 0xf6,
    0x71, 0xf6, 0x71, 0xf6, 0x71, 0xf6, 0x71, 0xf6, 0x71, 0xf6, 0x71, 0xf6,
    0x71, 0xf6, 0x71, 0xf6, 0x71, 0xf6, 0x71, 0xf6, 0x71, 0xf6, 0x71, 0xf6,
    0x71, 0xf6, 0x71, 0xf6, 0x71, 0xf6, 0x71, 0xf6, 0x71, 0xf6, 0x71, 0xf6,
    0x71, 0xf6, 0x71, 0xf6, 0x71, 0xf6, 0x71, 0xf6, 0x71, 0xf6, 0x71, 0xf6,
    0x71, 0xf6, 0x71, 0xf6, 0x71, 0xf6, 0x71, 0xf6, 0x71, 0xf6, 0x71, 0xf6,
    0x71, 0xee, 0xf2, 0xfe, 0xef, 0x94, 0x6c, 0x02, 0xcc, 0x0a, 0xac, 0x0a,
    0xac, 0x0a, 0xac, 0x0a, 0xac, 0x0a, 0xac, 0x0a, 0xac, 0x0a, 0xac, 0x0a,
    0xac, 0x0a, 0xac, 0x0a, 0xac, 0x0a, 0xac, 0x0a, 0xac, 0x0a, 0xac, 0x0a,
    0xac, 0x0a, 0xac, 0x0a, 0xac, 0x0a, 0xac, 0x0a, 0xac, 0x0a, 0xac, 0x0a,
    0xac, 0x0a, 0xac, 0x0a, 0xac, 0x0a, 0xac, 0x0a, 0xac, 0x0a, 0xac, 0x0a,
    0xac, 0x0a, 0xac, 0x0a, 0xed, 0x0a, 0xea, 0x01, 0x04, 0x00, 0x45, 0x00,
    0x45, 0x00, 0x45, 0x00, 0x45, 0x00, 0x45, 0x00, 0x45, 0x00, 0x45, 0x00,
    0x45, 0x00, 0x45, 0x00, 0x45, 0x00, 0x45, 0x00, 0x45, 0x00, 0x45, 0x00,
    0x45, 0x00, 0x45, 0x00, 0x24, 0x00, 0x4b, 0x02, 0xcd, 0x0a, 0xac, 0x0a,
    0xac, 0x0a, 0xac, 0x0a, 0xac, 0x0a, 0xac, 0x0a, 0xac, 0x0a, 0xac, 0x0a,
    0xac, 0x0a, 0xac, 0x0a, 0xac, 0x0a, 0xac, 0x0a, 0xac, 0x0a, 0xac, 0x0a,
    0xac, 0x0a, 0xac, 0x0a, 0xac, 0x0a, 0xac, 0x0a, 0xac, 0x0a, 0xac, 0x0a,
    0xac, 0x0a, 0xac, 0x0a, 0xac, 0x0a, 0xac, 0x0a, 0xac, 0x0a, 0xac, 0x0a,
    0xac, 0x0a, 0xac, 0x0a, 0xcc, 0x0a, 0xac, 0x02, 0x8c, 0x02, 0x70, 0xb5,
    0xd2, 0xfe, 0x71, 0xee, 0x71, 0xf6, 0x71, 0xf6, 0x71, 0xf6, 0x71, 0xf6,
    0x71, 0xf6, 0x71, 0xf6, 0x71, 0xf6, 0x71, 0xf6, 0x71, 0xf6, 0x71, 0xf6,
    0x71, 0xf6, 0x71, 0xf6, 0x71, 0xf6, 0x71, 0xf6, 0x71, 0xf6, 0x71, 0xf6,
    0x71, 0xf6, 0x71, 0xf6, 0x71, 0xf6, 0x71, 0xf6, 0x71, 0xf6, 0x71, 0xf6,
    0x71, 0xf6, 0x71, 0xf6, 0x71, 0xf6, 0x71, 0xf6, 0x71, 0xf6, 0x71, 0xf6,
    0x71, 0xf6, 0x71, 0xf6, 0x71, 0xf6, 0x71, 0xf6, 0x71, 0xf6, 0x71, 0xf6,
    0x71, 0xf6, 0x71, 0xf6, 0x71, 0xf6, 0x71, 0xf6, 0x71, 0xf6, 0x71, 0xf6,
    0x71, 0xf6, 0x71, 0xf6, 0x71, 0xf6, 0x71, 0xf6, 0x71, 0xf6, 0x71, 0xf6,
    0x71, 0xf6, 0x71, 0xf6, 0x71, 0xf6, 0x71, 0xf6, 0x71, 0xf6, 0x71, 0xf6,
    0x71, 0xf6, 0x71, 0xf6, 0x71, 0xf6, 0x71, 0xf6, 0x71, 0xf6, 0x71, 0xf6,
    0x71, 0xf6, 0x71, 0xf6, 0x71, 0xf6, 0x71, 0xf6, 0x71, 0xf6, 0x71, 0xf6,
    0x71, 0xf6, 0x71, 0xf6, 0x71, 0xf6, 0x71, 0xf6, 0x71, 0xf6, 0x71, 0xf6,
    0x71, 0xf6, 0x71, 0xf6, 0x71, 0xf6, 0x71, 0xf6, 0x71, 0xf6, 0x71, 0xf6,
    0x71, 0xf6, 0x71, 0xf6, 0x71, 0xf6, 0x71, 0xf6, 0x71, 0xf6, 0x71, 0xf6,
    0x71, 0xf6, 0x71, 0xf6, 0x71, 0xf6, 0x71, 0xf6, 0x71, 0xf6, 0x71, 0xf6,
    0x71, 0xf6, 0x71, 0xf6, 0x71, 0xf6, 0x71, 0xf6, 0x71, 0xf6, 0x71, 0xf6,
    0x71, 0xf6, 0x71, 0xf6, 0x71, 0xf6, 0x71, 0xf6, 0x71, 0xf6, 0x71, 0xf6,
    0x71, 0xf6, 0x71, 0xf6, 0x71, 0xf6, 0x71, 0xf6, 0x71, 0xf6, 0x71, 0xf6,
    0x71, 0xf6, 0x71, 0xf6, 0x71, 0xf6, 0x71, 0xf6, 0x71, 0xf6, 0x71, 0xf6,
    0x71, 0xf6, 0x71, 0xee, 0xf2, 0xfe, 0xef, 0x94, 0x6c, 0x02, 0xcc, 0x0a,
    0xac, 0x0a, 0xac, 0x0a, 0xac, 0x0a, 0xac, 0x0a, 0xac, 0x0a, 0xac, 0x0a,
    0xac, 0x0a, 0xac, 0x0a, 0xac, 0x0a, 0xac, 0x0a, 0xac, 0x0a, 0xac, 0x0a,
    0xac, 0x0a, 0xac, 0x0a, 0xac, 0x0a, 0xac, 0x0a, 0xac, 0x0a, 0xac, 0x0a,
    0xac, 0x0a, 0xac, 0x0a, 0xac, 0x0a, 0xac, 0x0a, 0xac, 0x0a, 0xac, 0x0a,
    0xac, 0x0a, 0xac, 0x0a, 0xac, 0x0a, 0xac, 0x0a, 0xed, 0x0a, 0xea, 0x01,
    0x04, 0x00, 0x45, 0x00, 0x45, 0x00, 0x45, 0x00, 0x45, 0x00, 0x45, 0x00,
    0x45, 0x00, 0x45, 0x00, 0x45, 0x00, 0x45, 0x00, 0x45, 0x00, 0x45, 0x00,
    0x45, 0x00, 0x45, 0x00, 0x45, 0x00, 0x45, 0x00, 0x04, 0x00, 0x4b, 0x02,
    0xcd, 0x0a, 0xac, 0x0a, 0xac, 0x0a, 0xac, 0x0a, 0xac, 0x0a, 0xac, 0x0a,
    0xac, 0x0a, 0xac, 0x0a, 0xac, 0x0a, 0xac, 0x0a, 0xac, 0x0a, 0xac, 0x0a,
    0xac, 0x0a, 0xac, 0x0a, 0xac, 0x0a, 0xac, 0x0a, 0xac, 0x0a, 0xac, 0x0a,
    0xac, 0x0a, 0xac, 0x0a, 0xac, 0x0a, 0xac, 0x0a, 0xac, 0x0a, 0xac, 0x0a,
    0xac, 0x0a, 0xac, 0x0a, 0xac, 0x0a, 0xac, 0x0a, 0xac, 0x0a, 0xcc, 0x0a,
    0xac, 0x02, 0x8c, 0x02, 0x70, 0xb5, 0xd2, 0xfe, 0x71, 0xee, 0x71, 0xf6,
    0x71, 0xf6, 0x71, 0xf6, 0x71, 0xf6, 0x71, 0xf6, 0x71, 0xf6, 0x71, 0xf6,
    0x71, 0xf6, 0x71, 0xf6, 0x71, 0xf6, 0x71, 0xf6, 0x71, 0xf6, 0x71, 0xf6,
    0x71, 0xf6, 0x71, 0xf6, 0x71, 0xf6, 0x71, 0xf6, 0x71, 0xf6, 0x71, 0xf6,
    0x71, 0xf6, 0x71, 0xf6, 0x71, 0xf6, 0x71, 0xf6, 0x71, 0xf6, 0x71, 0xf6,
    0x71, 0xf6, 0x71, 0xf6, 0x71, 0xf6, 0x71, 0xf6, 0x71, 0xf6, 0x71, 0xf6,
    0x71, 0xf6, 0x71, 0xf6, 0x71, 0xf6, 0x71, 0xf6, 0x71, 0xf6, 0x71, 0xf6,
    0x71, 0xf6, 0x71, 0xf6, 0x71, 0xf6, 0x71, 0xf6, 0x71, 0xf6, 0x71, 0xf6,
    0x71, 0xf6, 0x71, 0xf6, 0x71, 0xf6, 0x71, 0xf6, 0x71, 0xf6, 0x71, 0xf6,
    0x71, 0xf6, 0x71, 0xf6, 0x71, 0xf6, 0x71, 0xf6, 0x71, 0xf6, 0x71, 0xf6,
    0x71, 0xf6, 0x71, 0xf6, 0x71, 0xf6, 0x71, 0xf6, 0x71, 0xf6, 0x71, 0xf6,
    0x71, 0xf6, 0x71, 0xf6, 0x71, 0xf6, 0x71, 0xf6, 0x71, 0xf6, 0x71, 0xf6,
    0x71, 0xf6, 0x71, 0xf6, 0x71, 0xf6, 0x71, 0xf6, 0x71, 0xf6, 0x71, 0xf6,
    0x71, 0xf6, 0x71, 0xf6, 0x71, 0xf6, 0x71, 0xf6, 0x71, 0xf6, 0x71, 0xf6,
    0x71, 0xf6, 0x71, 0xf6, 0x71, 0xf6, 0x71, 0xf6, 0x71, 0xf6, 0x71, 0xf6,
    0x71, 0xf6, 0x71, 0xf6, 0x71, 0xf6, 0x71, 0xf6, 0x71, 0xf6, 0x71, 0xf6,
    0x71, 0xf6, 0x71, 0xf6, 0x71, 0xf6, 0x71, 0xf6, 0x71, 0xf6, 0x71, 0xf6,
    0x71, 0xf6, 0x71, 0xf6, 0x71, 0xf6, 0x71, 0xf6, 0x71, 0xf6, 0x71, 0xf6,
    0x71, 0xf6, 0x71, 0xf6, 0x71, 0xf6, 0x71, 0xf6, 0x71, 0xf6, 0x71, 0xf6,
    0x71, 0xf6, 0x71, 0xf6, 0x71, 0xee, 0xf2, 0xfe, 0xef, 0x94, 0x6c, 0x02,
    0xcc, 0x0a, 0xac, 0x0a, 0xac, 0x0a, 0xac, 0x0a, 0xac, 0x0a, 0xac, 0x0a,
    0xac, 0x0a, 0xac, 0x0a, 0xac, 0x0a, 0xac, 0x0a, 0xac, 0x0a, 0xac, 0x0a,
    0xac, 0x0a, 0xac, 0x0a, 0xac, 0x0a, 0xac, 0x0a, 0xac, 0x0a, 0xac, 0x0a,
    0xac, 0x0a, 0xac, 0x0a, 0xac, 0x0a, 0xac, 0x0a, 0xac, 0x0a, 0xac, 0x0a,
    0xac, 0x0a, 0xac, 0x0a, 0xac, 0x0a, 0xac, 0x0a, 0xac, 0x0a, 0xac, 0x0a,
    0xed, 0x0a, 0xea, 0x01, 0x04, 0x00, 0x45, 0x00, 0x45, 0x00, 0x45, 0x00,
    0x45, 0x00, 0x45, 0x00, 0x45, 0x00, 0x45, 0x00, 0x45, 0x00, 0x45, 0x00,
    0x45, 0x00, 0x45, 0x00, 0x45, 0x00, 0x45, 0x00, 0x45, 0x00, 0x04, 0x00,
    0xa9, 0x01, 0xcd, 0x0a, 0xac, 0x0a, 0xac, 0x0a, 0xac, 0x0a, 0xac, 0x0a,
    0xac, 0x0a, 0xac, 0x0a, 0xac, 0x0a, 0xac, 0x0a, 0xac, 0x0a, 0xac, 0x0a,
    0xac, 0x0a, 0xac, 0x0a, 0xac, 0x0a, 0xac, 0x0a, 0xac, 0x0a, 0xac, 0x0a,
    0xac, 0x0a, 0xac, 0x0a, 0xac, 0x0a, 0xac, 0x0a, 0xac, 0x0a, 0xac, 0x0a,
    0xac, 0x0a, 0xac, 0x0a, 0xac, 0x0a, 0xac, 0x0a, 0xac, 0x0a, 0xac, 0x0a,
    0xac, 0x0a, 0xac, 0x0a, 0xcd, 0x0a, 0xac, 0x02, 0x8c, 0x02, 0x70, 0xb5,
    0xd2, 0xfe, 0x71, 0xf6, 0x71, 0xf6, 0x71, 0xf6, 0x71, 0xf6, 0x71, 0xf6,
    0x71, 0xf6, 0x71, 0xf6, 0x71, 0xf6, 0x71, 0xf6, 0x71, 0xf6, 0x71, 0xf6,
    0x71, 0xf6, 0x71, 0xf6, 0x71, 0xf6, 0x71, 0xf6, 0x71, 0xf6, 0x71, 0xf6,
    0x71, 0xf6, 0x71, 0xf6, 0x71, 0xf6, 0x71, 0xf6, 0x71, 0xf6, 0x71, 0xf6,
    0x71, 0xf6, 0x71, 0xf6, 0x71, 0xf6, 0x71, 0xf6, 0x71, 0xf6, 0x71, 0xf6,
    0x71, 0xf6, 0x71, 0xf6, 0x71, 0xf6, 0x71, 0xf6, 0x71, 0xf6, 0x71, 0xf6,
    0x71, 0xf6, 0x71, 0xf6, 0x71, 0xf6, 0x71, 0xf6, 0x71, 0xf6, 0x71, 0xf6,
    0x71, 0xf6, 0x71, 0xf6, 0x71, 0xf6, 0x71, 0xf6, 0x71, 0xf6, 0x71, 0xf6,
    0x71, 0xf6, 0x71, 0xf6, 0x71, 0xf6, 0x71, 0xf6, 0x71, 0xf6, 0x71, 0xf6,
    0x71, 0xf6, 0x71, 0xf6, 0x71, 0xf6, 0x71, 0xf6, 0x71, 0xf6, 0x71, 0xf6,
    0x71, 0xf6, 0x71, 0xf6, 0x71, 0xf6, 0x71, 0xf6, 0x71, 0xf6, 0x71, 0xf6,
    0x71, 0xf6, 0x71, 0xf6, 0x71, 0xf6, 0x71, 0xf6, 0x71, 0xf6, 0x71, 0xf6,
    0x71, 0xf6, 0x71, 0xf6, 0x71, 0xf6, 0x71, 0xf6, 0x71, 0xf6, 0x71, 0xf6,
    0x71, 0xf6, 0x71, 0xf6, 0x71, 0xf6, 0x71, 0xf6, 0x71, 0xf6, 0x71, 0xf6,
    0x71, 0xf6, 0x71, 0xf6, 0x71, 0xf6, 0x71, 0xf6, 0x71, 0xf6, 0x71, 0xf6,
    0x71, 0xf6, 0x71, 0xf6, 0x71, 0xf6, 0x71, 0xf6, 0x71, 0xf6, 0x71, 0xf6,
    0x71, 0xf6, 0x71, 0xf6, 0x71, 0xf6, 0x71, 0xf6, 0x71, 0xf6, 0x71, 0xf6,
    0x71, 0xf6, 0x71, 0xf6, 0x71, 0xf6, 0x71, 0xf6, 0x71, 0xf6, 0x71, 0xf6,
    0x71, 0xf6, 0x71, 0xf6, 0x71, 0xf6, 0x71, 0xf6, 0xf2, 0xfe, 0xef, 0x94,
    0x6c, 0x02, 0xcd, 0x0a, 0xcc, 0x0a, 0xac, 0x0a, 0xac, 0x0a, 0xac, 0x0a,
    0xac, 0x0a, 0xac, 0x0a, 0xac, 0x0a, 0xac, 0x0a, 0xac, 0x0a, 0xac, 0x0a,
    0xac, 0x0a, 0xac, 0x0a, 0xac, 0x0a, 0xac, 0x0a, 0xac, 0x0a, 0xac, 0x0a,
    0xac, 0x0a, 0xac, 0x0a, 0xac, 0x0a, 0xac, 0x0a, 0xac, 0x0a, 0xac, 0x0a,
    0xac, 0x0a, 0xac, 0x0a, 0xac, 0x0a, 0xac, 0x0a, 0xac, 0x0a, 0xac, 0x0a,
    0xac, 0x0a, 0xac, 0x0a, 0xac, 0x02, 0xcd, 0x0a, 0x48, 0x01, 0x04, 0x00,
    0x45, 0x00, 0x45, 0x00, 0x45, 0x00, 0x45, 0x00, 0x45, 0x00, 0x45, 0x00,
    0x45, 0x00, 0x45, 0x00, 0x45, 0x00, 0x45, 0x00, 0x45, 0x00, 0x45, 0x00,
    0x45, 0x00, 0x04, 0x00, 0x0a, 0x02, 0xed, 0x0a, 0xac, 0x0a, 0xac, 0x0a,
    0xac, 0x0a, 0xac, 0x0a, 0xac, 0x0a, 0xac, 0x0a, 0xac, 0x0a, 0xac, 0x0a,
    0xac, 0x0a, 0xac, 0x0a, 0xac, 0x0a, 0xac, 0x0a, 0xac, 0x0a, 0xac, 0x0a,
    0xac, 0x0a, 0xac, 0x0a, 0xac, 0x0a, 0xac, 0x0a, 0xac, 0x0a, 0xac, 0x0a,
    0xac, 0x0a, 0xac, 0x0a, 0xac, 0x0a, 0xac, 0x0a, 0xac, 0x0a, 0xac, 0x0a,
    0xac, 0x0a, 0xac, 0x0a, 0xac, 0x0a, 0xac, 0x0a, 0xac, 0x02, 0xcc, 0x0a,
    0xac, 0x02, 0x8c, 0x02, 0x70, 0xb5, 0xd2, 0xfe, 0x71, 0xee, 0x71, 0xf6,
    0x71, 0xf6, 0x71, 0xf6, 0x71, 0xf6, 0x71, 0xf6, 0x71, 0xf6, 0x71, 0xf6,
    0x71, 0xf6, 0x71, 0xf6, 0x71, 0xf6, 0x71, 0xf6, 0x71, 0xf6, 0x71, 0xf6,
    0x71, 0xf6, 0x71, 0xf6, 0x71, 0xf6, 0x71, 0xf6, 0x71, 0xf6, 0x71, 0xf6,
    0x71, 0xf6, 0x71, 0xf6, 0x71, 0xf6, 0x71, 0xf6, 0x71, 0xf6, 0x71, 0xf6,
    0x71, 0xf6, 0x71, 0xf6, 0x71, 0xf6, 0x71, 0xf6, 0x71, 0xf6, 0x71, 0xf6,
    0x71, 0xf6, 0x71, 0xf6, 0x71, 0xf6, 0x71, 0xf6, 0x71, 0xf6, 0x71, 0xf6,
    0x71, 0xf6, 0x71, 0xf6, 0x71, 0xf6, 0x71, 0xf6, 0x71, 0xf6, 0x71, 0xf6,
    0x71, 0xf6, 0x71, 0xf6, 0x71, 0xf6, 0x71, 0xf6, 0x71, 0xf6, 0x71, 0xf6,
    0x71, 0xf6, 0x71, 0xf6, 0x71, 0xf6, 0x71, 0xf6, 0x71, 0xf6, 0x71, 0xf6,
    0x71, 0xf6, 0x71, 0xf6, 0x71, 0xf6, 0x71, 0xf6, 0x71, 0xf6, 0x71, 0xf6,
    0x71, 0xf6, 0x71, 0xf6, 0x71, 0xf6, 0x71, 0xf6, 0x71, 0xf6, 0x71, 0xf6,
    0x71, 0xf6, 0x71, 0xf6, 0x71, 0xf6, 0x71, 0xf6, 0x71, 0xf6, 0x71, 0xf6,
    0x71, 0xf6, 0x71, 0xf6, 0x71, 0xf6, 0x71, 0xf6, 0x71, 0xf6, 0x71, 0xf6,
    0x71, 0xf6, 0x71, 0xf6, 0x71, 0xf6, 0x71, 0xf6, 0x71, 0xf6, 0x71, 0xf6,
    0x71, 0xf6, 0x71, 0xf6, 0x71, 0xf6, 0x71, 0xf6, 0x71, 0xf6, 0x71, 0xf6,
    0x71, 0xf6, 0x71, 0xf6, 0x71, 0xf6, 0x71, 0xf6, 0x71, 0xf6, 0x71, 0xf6,
    0x71, 0xf6, 0x71, 0xf6, 0x71, 0xf6, 0x71, 0xf6, 0x71, 0xf6, 0x71, 0xf6,
    0x71, 0xf6, 0x71, 0xf6, 0x71, 0xf6, 0x71, 0xf6, 0x71, 0xf6, 0xf2, 0xfe,
    0xef, 0x94, 0x4c, 0x02, 0xcd, 0x0a, 0xcc, 0x0a, 0xac, 0x0a, 0xac, 0x0a,
    0xac, 0x0a, 0xac, 0x0a, 0xac, 0x0a, 0xac, 0x0a, 0xac, 0x0a, 0xac, 0x0a,
    0xac, 0x0a, 0xac, 0x0a, 0xac, 0x0a, 0xac, 0x0a, 0xac, 0x0a, 0xac, 0x0a,
    0xac, 0x0a, 0xac, 0x0a, 0xac, 0x0a, 0xac, 0x0a, 0xac, 0x0a, 0xac, 0x0a,
    0xac, 0x0a, 0xac, 0x0a, 0xac, 0x0a, 0xac, 0x0a, 0xac, 0x0a, 0xac, 0x0a,
    0xac, 0x0a, 0xac, 0x0a, 0xac, 0x0a, 0xac, 0x0a, 0xac, 0x02, 0x0d, 0x0b,
    0x89, 0x01, 0x04, 0x00, 0x45, 0x00, 0x45, 0x00, 0x45, 0x00, 0x45, 0x00,
    0x45, 0x00, 0x45, 0x00, 0x45, 0x00, 0x45, 0x00, 0x45, 0x00, 0x45, 0x00,
    0x45, 0x00, 0x45, 0x00, 0x45, 0x00, 0x04, 0x00, 0xea, 0x01, 0xed, 0x0a,
    0xac, 0x0a, 0xac, 0x0a, 0xac, 0x0a, 0xac, 0x0a, 0xac, 0x0a, 0xac, 0x0a,
    0xac, 0x0a, 0xac, 0x0a, 0xac, 0x0a, 0xac, 0x0a, 0xac, 0x0a, 0xac, 0x0a,
    0xac, 0x0a, 0xac, 0x0a, 0xac, 0x0a, 0xac, 0x0a, 0xac, 0x0a, 0xac, 0x0a,
    0xac, 0x0a, 0xac, 0x0a, 0xac, 0x0a, 0xac, 0x0a, 0xac, 0x0a, 0xac, 0x0a,
    0xac, 0x0a, 0xac, 0x0a, 0xac, 0x0a, 0xac, 0x0a, 0xac, 0x0a, 0xac, 0x0a,
    0xac, 0x0a, 0xac, 0x0a, 0xac, 0x0a, 0xac, 0x02, 0x8c, 0x02, 0x70, 0xb5,
    0xd2, 0xfe, 0x71, 0xee, 0x71, 0xf6, 0x71, 0xf6, 0x71, 0xf6, 0x71, 0xf6,
    0x71, 0xf6, 0x71, 0xf6, 0x71, 0xf6, 0x71, 0xf6, 0x71, 0xf6, 0x71, 0xf6,
    0x71, 0xf6, 0x71, 0xf6, 0x71, 0xf6, 0x71, 0xf6, 0x71, 0xf6, 0x71, 0xf6,
    0x71, 0xf6, 0x71, 0xf6, 0x71, 0xf6, 0x71, 0xf6, 0x71, 0xf6, 0x71, 0xf6,
    0x71, 0xf6, 0x71, 0xf6, 0x71, 0xf6, 0x71, 0xf6, 0x71, 0xf6, 0x71, 0xf6,
    0x71, 0xf6, 0x71, 0xf6, 0x71, 0xf6, 0x71, 0xf6, 0x71, 0xf6, 0x71, 0xf6,
    0x71, 0xf6, 0x71, 0xf6, 0x71, 0xf6, 0x71, 0xf6, 0x71, 0xf6, 0x71, 0xf6,
    0x71, 0xf6, 0x71, 0xf6, 0x71, 0xf6, 0x71, 0xf6, 0x71, 0xf6, 0x71, 0xf6,
    0x71, 0xf6, 0x71, 0xf6, 0x71, 0xf6, 0x71, 0xf6, 0x71, 0xf6, 0x71, 0xf6,
    0x71, 0xf6, 0x71, 0xf6, 0x71, 0xf6, 0x71, 0xf6, 0x71, 0xf6, 0x71, 0xf6,
    0x71, 0xf6, 0x71, 0xf6, 0x71, 0xf6, 0x71, 0xf6, 0x71, 0xf6, 0x71, 0xf6,
    0x71, 0xf6, 0x71, 0xf6, 0x71, 0xf6, 0x71, 0xf6, 0x71, 0xf6, 0x71, 0xf6,
    0x71, 0xf6, 0x71, 0xf6, 0x71, 0xf6, 0x71, 0xf6, 0x71, 0xf6, 0x71, 0xf6,
    0x71, 0xf6, 0x71, 0xf6, 0x71, 0xf6, 0x71, 0xf6, 0x71, 0xf6, 0x71, 0xf6,
    0x71, 0xf6, 0x71, 0xf6, 0x71, 0xf6, 0x71, 0xf6, 0x71, 0xf6, 0x71, 0xf6,
    0x71, 0xf6, 0x71, 0xf6, 0x71, 0xf6, 0x71, 0xf6, 0x71, 0xf6, 0x71, 0xf6,
    0x71, 0xf6, 0x71, 0xf6, 0x71, 0xf6, 0x71, 0xf6, 0x71, 0xf6, 0x71, 0xf6,
    0x71, 0xf6, 0x71, 0xf6, 0x71, 0xf6, 0x71, 0xf6, 0x71, 0xf6, 0x71, 0xee,
    0xf2, 0xfe, 0xef, 0x94, 0x6c, 0x02, 0xcc, 0x0a, 0xac, 0x0a, 0xac, 0x0a,
    0xac, 0x0a, 0xac, 0x0a, 0xac, 0x0a, 0xac, 0x0a, 0xac, 0x0a, 0xac, 0x0a,
    0xac, 0x0a, 0xac, 0x0a, 0xac, 0x0a, 0xac, 0x0a, 0xac, 0x0a, 0xac, 0x0a,
    0xac, 0x0a, 0xac, 0x0a, 0xac, 0x0a, 0xac, 0x0a, 0xac, 0x0a, 0xac, 0x0a,
    0xac, 0x0a, 0xac, 0x0a, 0xac, 0x0a, 0xac, 0x0a, 0xac, 0x0a, 0xac, 0x0a,
    0xac, 0x0a, 0xac, 0x0a, 0xac, 0x0a, 0xac, 0x0a, 0xac, 0x0a, 0xac, 0x0a,
    0xac, 0x02, 0xed, 0x0a, 0x89, 0x01, 0x04, 0x00, 0x45, 0x00, 0x45, 0x00,
    0x45, 0x00, 0x45, 0x00, 0x45, 0x00, 0x45, 0x00, 0x45, 0x00, 0x45, 0x00,
    0x45, 0x00, 0x45, 0x00, 0x45, 0x00, 0x45, 0x00, 0x45, 0x00, 0x04, 0x00,
    0xea, 0x01, 0xed, 0x0a, 0xac, 0x0a, 0xac, 0x0a, 0xac, 0x0a, 0xac, 0x0a,
    0xac, 0x0a, 0xac, 0x0a, 0xac, 0x0a, 0xac, 0x0a, 0xac, 0x0a, 0xac, 0x0a,
    0xac, 0x0a, 0xac, 0x0a, 0xac, 0x0a, 0xac, 0x0a, 0xac, 0x0a, 0xac, 0x0a,
    0xac, 0x0a, 0xac, 0x0a, 0xac, 0x0a, 0xac, 0x0a, 0xac, 0x0a, 0xac, 0x0a,
    0xac, 0x0a, 0xac, 0x0a, 0xac, 0x0a, 0xac, 0x0a, 0xac, 0x0a, 0xac, 0x0a,
    0xac, 0x0a, 0xac, 0x0a, 0xac, 0x0a, 0xac, 0x0a, 0xac, 0x0a, 0xcc, 0x0a,
    0xac, 0x02, 0x8c, 0x02, 0x70, 0xb5, 0xf2, 0xfe, 0x71, 0xee, 0x71, 0xf6,
    0x71, 0xf6, 0x71, 0xf6, 0x71, 0xf6, 0x71, 0xf6, 0x71, 0xf6, 0x71, 0xf6,
    0x71, 0xf6, 0x71, 0xf6, 0x71, 0xf6, 0x71, 0xf6, 0x71, 0xf6, 0x71, 0xf6,
    0x71, 0xf6, 0x71, 0xf6, 0x71, 0xf6, 0x71, 0xf6, 0x71, 0xf6, 0x71, 0xf6,
    0x71, 0xf6, 0x71, 0xf6, 0x71, 0xf6, 0x71, 0xf6, 0x71, 0xf6, 0x71, 0xf6,
    0x71, 0xf6, 0x71, 0xf6, 0x71, 0xf6, 0x71, 0xf6, 0x71, 0xf6, 0x71, 0xf6,
    0x71, 0xf6, 0x71, 0xf6, 0x71, 0xf6, 0x71, 0xf6, 0x71, 0xf6, 0x71, 0xf6,
    0x71, 0xf6, 0x71, 0xf6, 0x71, 0xf6, 0x71, 0xf6, 0x71, 0xf6, 0x71, 0xf6,
    0x71, 0xf6, 0x71, 0xf6, 0x71, 0xf6, 0x71, 0xf6, 0x71, 0xf6, 0x71, 0xf6,
    0x71, 0xf6, 0x71, 0xf6, 0x71, 0xf6, 0x71, 0xf6, 0x71, 0xf6, 0x71, 0xf6,
    0x71, 0xf6, 0x71, 0xf6, 0x71, 0xf6, 0x71, 0xf6, 0x71, 0xf6, 0x71, 0xf6,
    0x71, 0xf6, 0x71, 0xf6, 0x71, 0xf6, 0x71, 0xf6, 0x71, 0xf6, 0x71, 0xf6,
    0x71, 0xf6, 0x71, 0xf6, 0x71, 0xf6, 0x71, 0xf6, 0x71, 0xf6, 0x71, 0xf6,
    0x71, 0xf6, 0x71, 0xf6, 0x71, 0xf6, 0x71, 0xf6, 0x71, 0xf6, 0x71, 0xf6,
    0x71, 0xf6, 0x71, 0xf6, 0x71, 0xf6, 0x71, 0xf6, 0x71, 0xf6, 0x71, 0xf6,
    0x71, 0xf6, 0x71, 0xf6, 0x71, 0xf6, 0x71, 0xf6, 0x71, 0xf6, 0x71, 0xf6,
    0x71, 0xf6, 0x71, 0xf6, 0x71, 0xf6, 0x71, 0xf6, 0x71, 0xf6, 0x71, 0xf6,
    0x71, 0xf6, 0x71, 0xf6, 0x71, 0xf6, 0x71, 0xf6, 0x71, 0xf6, 0x71, 0xf6,
    0x71, 0xee, 0xf2, 0xfe, 0xef, 0x94, 0x6c, 0x02, 0xcc, 0x0a, 0xac, 0x0a,
    0xac, 0x0a, 0xac, 0x0a, 0xac, 0x0a, 0xac, 0x0a, 0xac, 0x0a, 0xac, 0x0a,
    0xac, 0x0a, 0xac, 0x0a, 0xac, 0x0a, 0xac, 0x0a, 0xac, 0x0a, 0xac, 0x0a,
    0xac, 0x0a, 0xac, 0x0a, 0xac, 0x0a, 0xac, 0x0a, 0xac, 0x0a, 0xac, 0x0a,
    0xac, 0x0a, 0xac, 0x0a, 0xac, 0x0a, 0xac, 0x0a, 0xac, 0x0a, 0xac, 0x0a,
    0xac, 0x0a, 0xac, 0x0a, 0xac, 0x0a, 0xac, 0x0a, 0xac, 0x0a, 0xac, 0x0a,
    0xac, 0x0a, 0xac, 0x0a, 0xac, 0x02, 0xed, 0x0a, 0x89, 0x01, 0x04, 0x00,
    0x45, 0x00, 0x45, 0x00, 0x45, 0x00, 0x45, 0x00, 0x45, 0x00, 0x45, 0x00,
    0x45, 0x00, 0x45, 0x00, 0x45, 0x00, 0x45, 0x00, 0x45, 0x00, 0x45, 0x00,
    0x45, 0x00, 0x04, 0x00, 0xea, 0x01, 0xed, 0x0a, 0xac, 0x0a, 0xac, 0x0a,
    0xac, 0x0a, 0xac, 0x0a, 0xac, 0x0a, 0xac, 0x0a, 0xac, 0x0a, 0xac, 0x0a,
    0xac, 0x0a, 0xac, 0x0a, 0xac, 0x0a, 0xac, 0x0a, 0xac, 0x0a, 0xac, 0x0a,
    0xac, 0x0a, 0xac, 0x0a, 0xac, 0x0a, 0xac, 0x0a, 0xac, 0x0a, 0xac, 0x0a,
    0xac, 0x0a, 0xac, 0x0a, 0xac, 0x0a, 0xac, 0x0a, 0xac, 0x0a, 0xac, 0x0a,
    0xac, 0x0a, 0xac, 0x0a, 0xac, 0x0a, 0xac, 0x0a, 0xac, 0x0a, 0xac, 0x0a,
    0xac, 0x0a, 0xac, 0x0a, 0xcc, 0x0a, 0xac, 0x02, 0x8c, 0x02, 0x70, 0xb5,
    0xf2, 0xfe, 0x71, 0xf6, 0x71, 0xf6, 0x71, 0xf6, 0x71, 0xf6, 0x71, 0xf6,
    0x71, 0xf6, 0x71, 0xf6, 0x71, 0xf6, 0x71, 0xf6, 0x71, 0xf6, 0x71, 0xf6,
    0x71, 0xf6, 0x71, 0xf6, 0x71, 0xf6, 0x71, 0xf6, 0x71, 0xf6, 0x71, 0xf6,
    0x71, 0xf6, 0x71, 0xf6, 0x71, 0xf6, 0x71, 0xf6, 0x71, 0xf6, 0x71, 0xf6,
    0x71, 0xf6, 0x71, 0xf6, 0x71, 0xf6, 0x71, 0xf6, 0x71, 0xf6, 0x71, 0xf6,
    0x71, 0xf6, 0x71, 0xf6, 0x71, 0xf6, 0x71, 0xf6, 0x71, 0xf6, 0x71, 0xf6,
    0x71, 0xf6, 0x71, 0xf6, 0x71, 0xf6, 0x71, 0xf6, 0x71, 0xf6, 0x71, 0xf6,
    0x71, 0xf6, 0x71, 0xf6, 0x71, 0xf6, 0x71, 0xf6, 0x71, 0xf6, 0x71, 0xf6,
    0x71, 0xf6, 0x71, 0xf6, 0x71, 0xf6, 0x71, 0xf6, 0x71, 0xf6, 0x71, 0xf6,
    0x71, 0xf6, 0x71, 0xf6, 0x71, 0xf6, 0x71, 0xf6, 0x71, 0xf6, 0x71, 0xf6,
    0x71, 0xf6, 0x71, 0xf6, 0x71, 0xf6, 0x71, 0xf6, 0x71, 0xf6, 0x71, 0xf6,
    0x71, 0xf6, 0x71, 0xf6, 0x71, 0xf6, 0x71, 0xf6, 0x71, 0xf6, 0x71, 0xf6,
    0x71, 0xf6, 0x71, 0xf6, 0x71, 0xf6, 0x71, 0xf6, 0x71, 0xf6, 0x71, 0xf6,
    0x71, 0xf6, 0x71, 0xf6, 0x71, 0xf6, 0x71, 0xf6, 0x71, 0xf6, 0x71, 0xf6,
    0x71, 0xf6, 0x71, 0xf6, 0x71, 0xf6, 0x71, 0xf6, 0x71, 0xf6, 0x71, 0xf6,
    0x71, 0xf6, 0x71, 0xf6, 0x71, 0xf6, 0x71, 0xf6, 0x71, 0xf6, 0x71, 0xf6,
    0x71, 0xf6, 0x71, 0xf6, 0x71, 0xf6, 0x71, 0xf6, 0x71, 0xf6, 0x71, 0xf6,
    0x71, 0xf6, 0x91, 0xf6, 0xf2, 0xfe, 0xef, 0x94, 0x6c, 0x02, 0xcc, 0x0a,
    0xac, 0x0a, 0xac, 0x0a, 0xac, 0x0a, 0xac, 0x0a, 0xac, 0x0a, 0xac, 0x0a,
    0xac, 0x0a, 0xac, 0x0a, 0xac, 0x0a, 0xac, 0x0a, 0xac, 0x0a, 0xac, 0x0a,
    0xac, 0x0a, 0xac, 0x0a, 0xac, 0x0a, 0xac, 0x0a, 0xac, 0x0a, 0xac, 0x0a,
    0xac, 0x0a, 0xac, 0x0a, 0xac, 0x0a, 0xac, 0x0a, 0xac, 0x0a, 0xac, 0x0a,
    0xac, 0x0a, 0xac, 0x0a, 0xac, 0x0a, 0xac, 0x0a, 0xac, 0x0a, 0xac, 0x0a,
    0xac, 0x0a, 0xac, 0x0a, 0xac, 0x0a, 0xac, 0x0a, 0xac, 0x02, 0xed, 0x0a,
    0x89, 0x01, 0x04, 0x00, 0x45, 0x00, 0x45, 0x00, 0x45, 0x00, 0x45, 0x00,
    0x45, 0x00, 0x45, 0x00, 0x45, 0x00, 0x45, 0x00, 0x45, 0x00, 0x45, 0x00,
    0x45, 0x00, 0x45, 0x00, 0x45, 0x00, 0x04, 0x00, 0xea, 0x01, 0xed, 0x0a,
    0xac, 0x0a, 0xac, 0x0a, 0xac, 0x0a, 0xac, 0x0a, 0xac, 0x0a, 0xac, 0x0a,
    0xac, 0x0a, 0xac, 0x0a, 0xac, 0x0a, 0xac, 0x0a, 0xac, 0x0a, 0xac, 0x0a,
    0xac, 0x0a, 0xac, 0x0a, 0xac, 0x0a, 0xac, 0x0a, 0xac, 0x0a, 0xac, 0x0a,
    0xac, 0x0a, 0xac, 0x0a, 0xac, 0x0a, 0xac, 0x0a, 0xac, 0x0a, 0xac, 0x0a,
    0xac, 0x0a, 0xac, 0x0a, 0xac, 0x0a, 0xac, 0x0a, 0xac, 0x0a, 0xac, 0x0a,
    0xac, 0x0a, 0xac, 0x0a, 0xac, 0x0a, 0xac, 0x0a, 0xac, 0x0a, 0xcd, 0x0a,
    0x8c, 0x02, 0xcd, 0x12, 0x2d, 0x23, 0xf1, 0xd5, 0xb2, 0xfe, 0x71, 0xee,
    0x71, 0xf6, 0x71, 0xf6, 0x71, 0xf6, 0x71, 0xf6, 0x71, 0xf6, 0x71, 0xf6,
    0x71, 0xf6, 0x71, 0xf6, 0x71, 0xf6, 0x71, 0xf6, 0x71, 0xf6, 0x71, 0xf6,
    0x71, 0xf6, 0x71, 0xf6, 0x71, 0xf6, 0x71, 0xf6, 0x71, 0xf6, 0x71, 0xf6,
    0x71, 0xf6, 0x71, 0xf6, 0x71, 0xf6, 0x71, 0xf6, 0x71, 0xf6, 0x71, 0xf6,
    0x71, 0xf6, 0x71, 0xf6, 0x71, 0xf6, 0x71, 0xf6, 0x71, 0xf6, 0x71, 0xf6,
    0x71, 0xf6, 0x71, 0xf6, 0x71, 0xf6, 0x71, 0xf6, 0x71, 0xf6, 0x71, 0xf6,
    0x71, 0xf6, 0x71, 0xf6, 0x71, 0xf6, 0x71, 0xf6, 0x71, 0xf6, 0x71, 0xf6,
    0x71, 0xf6, 0x71, 0xf6, 0x71, 0xf6, 0x71, 0xf6, 0x71, 0xf6, 0x71, 0xf6,
    0x71, 0xf6, 0x71, 0xf6, 0x71, 0xf6, 0x71, 0xf6, 0x71, 0xf6, 0x71, 0xf6,
    0x71, 0xf6, 0x71, 0xf6, 0x71, 0xf6, 0x71, 0xf6, 0x71, 0xf6, 0x71, 0xf6,
    0x71, 0xf6, 0x71, 0xf6, 0x71, 0xf6, 0x71, 0xf6, 0x71, 0xf6, 0x71, 0xf6,
    0x71, 0xf6, 0x71, 0xf6, 0x71, 0xf6, 0x71, 0xf6, 0x71, 0xf6, 0x71, 0xf6,
    0x71, 0xf6, 0x71, 0xf6, 0x71, 0xf6, 0x71, 0xf6, 0x71, 0xf6, 0x71, 0xf6,
    0x71, 0xf6, 0x71, 0xf6, 0x71, 0xf6, 0x71, 0xf6, 0x71, 0xf6, 0x71, 0xf6,
    0x71, 0xf6, 0x71, 0xf6, 0x71, 0xf6, 0x71, 0xf6, 0x71, 0xf6, 0x71, 0xf6,
    0x71, 0xf6, 0x71, 0xf6, 0x71, 0xf6, 0x71, 0xf6, 0x71, 0xf6, 0x71, 0xf6,
    0x71, 0xf6, 0x71, 0xee, 0xd2, 0xfe, 0x70, 0xb5, 0x0d, 0x1b, 0xcd, 0x0a,
    0xac, 0x02, 0xcc, 0x0a, 0xac, 0x0a, 0xac, 0x0a, 0xac, 0x0a, 0xac, 0x0a,
    0xac, 0x0a, 0xac, 0x0a, 0xac, 0x0a, 0xac, 0x0a, 0xac, 0x0a, 0xac, 0x0a,
    0xac, 0x0a, 0xac, 0x0a, 0xac, 0x0a, 0xac, 0x0a, 0xac, 0x0a, 0xac, 0x0a,
    0xac, 0x0a, 0xac, 0x0a, 0xac, 0x0a, 0xac, 0x0a, 0xac, 0x0a, 0xac, 0x0a,
    0xac, 0x0a, 0xac, 0x0a, 0xac, 0x0a, 0xac, 0x0a, 0xac, 0x0a, 0xac, 0x0a,
    0xac, 0x0a, 0xac, 0x0a, 0xac, 0x0a, 0xac, 0x0a, 0xac, 0x0a, 0xac, 0x0a,
    0xac, 0x02, 0xed, 0x0a, 0x89, 0x01, 0x04, 0x00, 0x45, 0x00, 0x45, 0x00,
    0x45, 0x00, 0x45, 0x00, 0x45, 0x00, 0x45, 0x00, 0x45, 0x00, 0x45, 0x00,
    0x45, 0x00, 0x45, 0x00, 0x45, 0x00, 0x45, 0x00, 0x45, 0x00, 0x04, 0x00,
    0xea, 0x01, 0xed, 0x0a, 0xac, 0x0a, 0xac, 0x0a, 0xac, 0x0a, 0xac, 0x0a,
    0xac, 0x0a, 0xac, 0x0a, 0xac, 0x0a, 0xac, 0x0a, 0xac, 0x0a, 0xac, 0x0a,
    0xac, 0x0a, 0xac, 0x0a, 0xac, 0x0a, 0xac, 0x0a, 0xac, 0x0a, 0xac, 0x0a,
    0xac, 0x0a, 0xac, 0x0a, 0xac, 0x0a, 0xac, 0x0a, 0xac, 0x0a, 0xac, 0x0a,
    0xac, 0x0a, 0xac, 0x0a, 0xac, 0x0a, 0xac, 0x0a, 0xac, 0x0a, 0xac, 0x0a,
    0xac, 0x0a, 0xac, 0x0a, 0xac, 0x0a, 0xac, 0x0a, 0xac, 0x0a, 0xac, 0x0a,
    0xac, 0x0a, 0xac, 0x02, 0xcc, 0x0a, 0xac, 0x02, 0x8c, 0x02, 0xcd, 0x0a,
    0xf1, 0xd5, 0xf2, 0xfe, 0x91, 0xfe, 0x71, 0xf6, 0x71, 0xf6, 0x71, 0xf6,
    0x71, 0xf6, 0x71, 0xf6, 0x71, 0xf6, 0x71, 0xf6, 0x71, 0xf6, 0x71, 0xf6,
    0x71, 0xf6, 0x71, 0xf6, 0x71, 0xf6, 0x71, 0xf6, 0x71, 0xf6, 0x71, 0xf6,
    0x71, 0xf6, 0x71, 0xf6, 0x71, 0xf6, 0x71, 0xf6, 0x71, 0xf6, 0x71, 0xf6,
    0x71, 0xf6, 0x71, 0xf6, 0x71, 0xf6, 0x71, 0xf6, 0x71, 0xf6, 0x71, 0xf6,
    0x71, 0xf6, 0x71, 0xf6, 0x71, 0xf6, 0x71, 0xf6, 0x71, 0xf6, 0x71, 0xf6,
    0x71, 0xf6, 0x71, 0xf6, 0x71, 0xf6, 0x71, 0xf6, 0x71, 0xf6, 0x71, 0xf6,
    0x71, 0xf6, 0x71, 0xf6, 0x71, 0xf6, 0x71, 0xf6, 0x71, 0xf6, 0x71, 0xf6,
    0x71, 0xf6, 0x71, 0xf6, 0x71, 0xf6, 0x71, 0xf6, 0x71, 0xf6, 0x71, 0xf6,
    0x71, 0xf6, 0x71, 0xf6, 0x71, 0xf6, 0x71, 0xf6, 0x71, 0xf6, 0x71, 0xf6,
    0x71, 0xf6, 0x71, 0xf6, 0x71, 0xf6, 0x71, 0xf6, 0x71, 0xf6, 0x71, 0xf6,
    0x71, 0xf6, 0x71, 0xf6, 0x71, 0xf6, 0x71, 0xf6, 0x71, 0xf6, 0x71, 0xf6,
    0x71, 0xf6, 0x71, 0xf6, 0x71, 0xf6, 0x71, 0xf6, 0x71, 0xf6, 0x71, 0xf6,
    0x71, 0xf6, 0x71, 0xf6, 0x71, 0xf6, 0x71, 0xf6, 0x71, 0xf6, 0x71, 0xf6,
    0x71, 0xf6, 0x71, 0xf6, 0x71, 0xf6, 0x71, 0xf6, 0x71, 0xf6, 0x71, 0xf6,
    0x71, 0xf6, 0x71, 0xf6, 0x71, 0xf6, 0x71, 0xf6, 0x71, 0xf6, 0x71, 0xf6,
    0x71, 0xf6, 0x71, 0xf6, 0xb1, 0xfe, 0xf2, 0xfe, 0x70, 0xb5, 0x8c, 0x02,
    0x8c, 0x02, 0xac, 0x0a, 0xcc, 0x0a, 0xac, 0x0a, 0xac, 0x0a, 0xac, 0x0a,
    0xac, 0x0a, 0xac, 0x0a, 0xac, 0x0a, 0xac, 0x0a, 0xac, 0x0a, 0xac, 0x0a,
    0xac, 0x0a, 0xac, 0x0a, 0xac, 0x0a, 0xac, 0x0a, 0xac, 0x0a, 0xac, 0x0a,
    0xac, 0x0a, 0xac, 0x0a, 0xac, 0x0a, 0xac, 0x0a, 0xac, 0x0a, 0xac, 0x0a,
    0xac, 0x0a, 0xac, 0x0a, 0xac, 0x0a, 0xac, 0x0a, 0xac, 0x0a, 0xac, 0x0a,
    0xac, 0x0a, 0xac, 0x0a, 0xac, 0x0a, 0xac, 0x0a, 0xac, 0x0a, 0xac, 0x0a,
    0xac, 0x0a, 0xac, 0x0a, 0xac, 0x02, 0xed, 0x0a, 0x89, 0x01, 0x04, 0x00,
    0x45, 0x00, 0x45, 0x00, 0x45, 0x00, 0x45, 0x00, 0x45, 0x00, 0x45, 0x00,
    0x45, 0x00, 0x45, 0x00, 0x45, 0x00, 0x45, 0x00, 0x45, 0x00, 0x45, 0x00,
    0x45, 0x00, 0x04, 0x00, 0xea, 0x01, 0xed, 0x0a, 0xac, 0x0a, 0xac, 0x0a,
    0xac, 0x0a, 0xac, 0x0a, 0xac, 0x0a, 0xac, 0x0a, 0xac, 0x0a, 0xac, 0x0a,
    0xac, 0x0a, 0xac, 0x0a, 0xac, 0x0a, 0xac, 0x0a, 0xac, 0x0a, 0xac, 0x0a,
    0xac, 0x0a, 0xac, 0x0a, 0xac, 0x0a, 0xac, 0x0a, 0xac, 0x0a, 0xac, 0x0a,
    0xac, 0x0a, 0xac, 0x0a, 0xac, 0x0a, 0xac, 0x0a, 0xac, 0x0a, 0xac, 0x0a,
    0xac, 0x0a, 0xac, 0x0a, 0xac, 0x0a, 0xac, 0x0a, 0xac, 0x0a, 0xac, 0x0a,
    0xac, 0x0a, 0xac, 0x0a, 0xac, 0x0a, 0xac, 0x0a, 0xac, 0x0a, 0xac, 0x0a,
    0xcc, 0x0a, 0x8c, 0x02, 0xed, 0x12, 0x50, 0xad, 0x11, 0xde, 0xb2, 0xfe,
    0x71, 0xee, 0x71, 0xf6, 0x71, 0xf6, 0x71, 0xf6, 0x71, 0xf6, 0x71, 0xf6,
    0x71, 0xf6, 0x71, 0xf6, 0x71, 0xf6, 0x71, 0xf6, 0x71, 0xf6, 0x71, 0xf6,
    0x71, 0xf6, 0x71, 0xf6, 0x71, 0xf6, 0x71, 0xf6, 0x71, 0xf6, 0x71, 0xf6,
    0x71, 0xf6, 0x71, 0xf6, 0x71, 0xf6, 0x71, 0xf6, 0x71, 0xf6, 0x71, 0xf6,
    0x71, 0xf6, 0x71, 0xf6, 0x71, 0xf6, 0x71, 0xf6, 0x71, 0xf6, 0x71, 0xf6,
    0x71, 0xf6, 0x71, 0xf6, 0x71, 0xf6, 0x71, 0xf6, 0x71, 0xf6, 0x71, 0xf6,
    0x71, 0xf6, 0x71, 0xf6, 0x71, 0xf6, 0x71, 0xf6, 0x71, 0xf6, 0x71, 0xf6,
    0x71, 0xf6, 0x71, 0xf6, 0x71, 0xf6, 0x71, 0xf6, 0x71, 0xf6, 0x71, 0xf6,
    0x71, 0xf6, 0x71, 0xf6, 0x71, 0xf6, 0x71, 0xf6, 0x71, 0xf6, 0x71, 0xf6,
    0x71, 0xf6, 0x71, 0xf6, 0x71, 0xf6, 0x71, 0xf6, 0x71, 0xf6, 0x71, 0xf6,
    0x71, 0xf6, 0x71, 0xf6, 0x71, 0xf6, 0x71, 0xf6, 0x71, 0xf6, 0x71, 0xf6,
    0x71, 0xf6, 0x71, 0xf6, 0x71, 0xf6, 0x71, 0xf6, 0x71, 0xf6, 0x71, 0xf6,
    0x71, 0xf6, 0x71, 0xf6, 0x71, 0xf6, 0x71, 0xf6, 0x71, 0xf6, 0x71, 0xf6,
    0x71, 0xf6, 0x71, 0xf6, 0x71, 0xf6, 0x71, 0xf6, 0x71, 0xf6, 0x71, 0xf6,
    0x71, 0xf6, 0x71, 0xf6, 0x71, 0xf6, 0x71, 0xf6, 0x71, 0xf6, 0x71, 0xf6,
    0x71, 0xf6, 0x71, 0xf6, 0x71, 0xee, 0xd2, 0xfe, 0xf0, 0xcd, 0x2f, 0x9d,
    0x8c, 0x02, 0xac, 0x02, 0xcc, 0x0a, 0xac, 0x0a, 0xac, 0x0a, 0xac, 0x0a,
    0xac, 0x0a, 0xac, 0x0a, 0xac, 0x0a, 0xac, 0x0a, 0xac, 0x0a, 0xac, 0x0a,
    0xac, 0x0a, 0xac, 0x0a, 0xac, 0x0a, 0xac, 0x0a, 0xac, 0x0a, 0xac, 0x0a,
    0xac, 0x0a, 0xac, 0x0a, 0xac, 0x0a, 0xac, 0x0a, 0xac, 0x0a, 0xac, 0x0a,
    0xac, 0x0a, 0xac, 0x0a, 0xac, 0x0a, 0xac, 0x0a, 0xac, 0x0a, 0xac, 0x0a,
    0xac, 0x0a, 0xac, 0x0a, 0xac, 0x0a, 0xac, 0x0a, 0xac, 0x0a, 0xac, 0x0a,
    0xac, 0x0a, 0xac, 0x0a, 0xac, 0x0a, 0xac, 0x0a, 0xac, 0x02, 0xed, 0x0a,
    0x89, 0x01, 0x04, 0x00, 0x45, 0x00, 0x45, 0x00, 0x45, 0x00, 0x45, 0x00,
    0x45, 0x00, 0x45, 0x00, 0x45, 0x00, 0x45, 0x00, 0x45, 0x00, 0x45, 0x00,
    0x45, 0x00, 0x45, 0x00, 0x45, 0x00, 0x04, 0x00, 0xea, 0x01, 0xed, 0x0a,
    0xac, 0x0a, 0xac, 0x0a, 0xac, 0x0a, 0xac, 0x0a, 0xac, 0x0a, 0xac, 0x0a,
    0xac, 0x0a, 0xac, 0x0a, 0xac, 0x0a, 0xac, 0x0a, 0xac, 0x0a, 0xac, 0x0a,
    0xac, 0x0a, 0xac, 0x0a, 0xac, 0x0a, 0xac, 0x0a, 0xac, 0x0a, 0xac, 0x0a,
    0xac, 0x0a, 0xac, 0x0a, 0xac, 0x0a, 0xac, 0x0a, 0xac, 0x0a, 0xac, 0x0a,
    0xac, 0x0a, 0xac, 0x0a, 0xac, 0x0a, 0xac, 0x0a, 0xac, 0x0a, 0xac, 0x0a,
    0xac, 0x0a, 0xac, 0x0a, 0xac, 0x0a, 0xac, 0x0a, 0xac, 0x0a, 0xac, 0x0a,
    0xac, 0x0a, 0xac, 0x0a, 0xac, 0x0a, 0xcc, 0x0a, 0xcd, 0x0a, 0x2c, 0x02,
    0x4d, 0x2b, 0x71, 0xee, 0xb1, 0xfe, 0x71, 0xee, 0x71, 0xf6, 0x71, 0xf6,
    0x71, 0xf6, 0x71, 0xf6, 0x71, 0xf6, 0x71, 0xf6, 0x71, 0xf6, 0x71, 0xf6,
    0x71, 0xf6, 0x71, 0xf6, 0x71, 0xf6, 0x71, 0xf6, 0x71, 0xf6, 0x71, 0xf6,
    0x71, 0xf6, 0x71, 0xf6, 0x71, 0xf6, 0x71, 0xf6, 0x71, 0xf6, 0x71, 0xf6,
    0x71, 0xf6, 0x71, 0xf6, 0x71, 0xf6, 0x71, 0xf6, 0x71, 0xf6, 0x71, 0xf6,
    0x71, 0xf6, 0x71, 0xf6, 0x71, 0xf6, 0x71, 0xf6, 0x71, 0xf6, 0x71, 0xf6,
    0x71, 0xf6, 0x71, 0xf6, 0x71, 0xf6, 0x71, 0xf6, 0x71, 0xf6, 0x71, 0xf6,
    0x71, 0xf6, 0x71, 0xf6, 0x71, 0xf6, 0x71, 0xf6, 0x71, 0xf6, 0x71, 0xf6,
    0x71, 0xf6, 0x71, 0xf6, 0x71, 0xf6, 0x71, 0xf6, 0x71, 0xf6, 0x71, 0xf6,
    0x71, 0xf6, 0x71, 0xf6, 0x71, 0xf6, 0x71, 0xf6, 0x71, 0xf6, 0x71, 0xf6,
    0x71, 0xf6, 0x71, 0xf6, 0x71, 0xf6, 0x71, 0xf6, 0x71, 0xf6, 0x71, 0xf6,
    0x71, 0xf6, 0x71, 0xf6, 0x71, 0xf6, 0x71, 0xf6, 0x71, 0xf6, 0x71, 0xf6,
    0x71, 0xf6, 0x71, 0xf6, 0x71, 0xf6, 0x71, 0xf6, 0x71, 0xf6, 0x71, 0xf6,
    0x71, 0xf6, 0x71, 0xf6, 0x71, 0xf6, 0x71, 0xf6, 0x71, 0xf6, 0x71, 0xf6,
    0x71, 0xf6, 0x71, 0xf6, 0x71, 0xf6, 0x71, 0xf6, 0x71, 0xf6, 0x71, 0xf6,
    0x71, 0xf6, 0x71, 0xf6, 0x71, 0xf6, 0x71, 0xee, 0xb2, 0xfe, 0xf1, 0xd5,
    0xcd, 0x12, 0x4c, 0x02, 0xcc, 0x0a, 0xac, 0x0a, 0xac, 0x0a, 0xac, 0x0a,
    0xac, 0x0a, 0xac, 0x0a, 0xac, 0x0a, 0xac, 0x0a, 0xac, 0x0a, 0xac, 0x0a,
    0xac, 0x0a, 0xac, 0x0a, 0xac, 0x0a, 0xac, 0x0a, 0xac, 0x0a, 0xac, 0x0a,
    0xac, 0x0a, 0xac, 0x0a, 0xac, 0x0a, 0xac, 0x0a, 0xac, 0x0a, 0xac, 0x0a,
    0xac, 0x0a, 0xac, 0x0a, 0xac, 0x0a, 0xac, 0x0a, 0xac, 0x0a, 0xac, 0x0a,
    0xac, 0x0a, 0xac, 0x0a, 0xac, 0x0a, 0xac, 0x0a, 0xac, 0x0a, 0xac, 0x0a,
    0xac, 0x0a, 0xac, 0x0a, 0xac, 0x0a, 0xac, 0x0a, 0xac, 0x0a, 0xac, 0x0a,
    0xac, 0x02, 0xed, 0x0a, 0x89, 0x01, 0x04, 0x00, 0x45, 0x00, 0x45, 0x00,
    0x45, 0x00, 0x45, 0x00, 0x45, 0x00, 0x45, 0x00, 0x45, 0x00, 0x45, 0x00,
    0x45, 0x00, 0x45, 0x00, 0x45, 0x00, 0x45, 0x00, 0x45, 0x00, 0x04, 0x00,
    0xea, 0x01, 0xed, 0x0a, 0xac, 0x0a, 0xac, 0x0a, 0xac, 0x0a, 0xac, 0x0a,
    0xac, 0x0a, 0xac, 0x0a, 0xac, 0x0a, 0xac, 0x0a, 0xac, 0x0a, 0xac, 0x0a,
    0xac, 0x0a, 0xac, 0x0a, 0xac, 0x0a, 0xac, 0x0a, 0xac, 0x0a, 0xac, 0x0a,
    0xac, 0x0a, 0xac, 0x0a, 0xac, 0x0a, 0xac, 0x0a, 0xac, 0x0a, 0xac, 0x0a,
    0xac, 0x0a, 0xac, 0x0a, 0xac, 0x0a, 0xac, 0x0a, 0xac, 0x0a, 0xac, 0x0a,
    0xac, 0x0a, 0xac, 0x0a, 0xac, 0x0a, 0xac, 0x0a, 0xac, 0x0a, 0xac, 0x0a,
    0xac, 0x0a, 0xac, 0x0a, 0xac, 0x0a, 0xac, 0x0a, 0xac, 0x0a, 0xac, 0x0a,
    0xac, 0x0a, 0xed, 0x12, 0x8c, 0x02, 0x2d, 0x23, 0x71, 0xf6, 0xd2, 0xfe,
    0x71, 0xf6, 0x71, 0xf6, 0x71, 0xf6, 0x71, 0xf6, 0x71, 0xf6, 0x71, 0xf6,
    0x71, 0xf6, 0x71, 0xf6, 0x71, 0xf6, 0x71, 0xf6, 0x71, 0xf6, 0x71, 0xf6,
    0x71, 0xf6, 0x71, 0xf6, 0x71, 0xf6, 0x71, 0xf6, 0x71, 0xf6, 0x71, 0xf6,
    0x71, 0xf6, 0x71, 0xf6, 0x71, 0xf6, 0x71, 0xf6, 0x71, 0xf6, 0x71, 0xf6,
    0x71, 0xf6, 0x71, 0xf6, 0x71, 0xf6, 0x71, 0xf6, 0x71, 0xf6, 0x71, 0xf6,
    0x71, 0xf6, 0x71, 0xf6, 0x71, 0xf6, 0x71, 0xf6, 0x71, 0xf6, 0x71, 0xf6,
    0x71, 0xf6, 0x71, 0xf6, 0x71, 0xf6, 0x71, 0xf6, 0x71, 0xf6, 0x71, 0xf6,
    0x71, 0xf6, 0x71, 0xf6, 0x71, 0xf6, 0x71, 0xf6, 0x71, 0xf6, 0x71, 0xf6,
    0x71, 0xf6, 0x71, 0xf6, 0x71, 0xf6, 0x71, 0xf6, 0x71, 0xf6, 0x71, 0xf6,
    0x71, 0xf6, 0x71, 0xf6, 0x71, 0xf6, 0x71, 0xf6, 0x71, 0xf6, 0x71, 0xf6,
    0x71, 0xf6, 0x71, 0xf6, 0x71, 0xf6, 0x71, 0xf6, 0x71, 0xf6, 0x71, 0xf6,
    0x71, 0xf6, 0x71, 0xf6, 0x71, 0xf6, 0x71, 0xf6, 0x71, 0xf6, 0x71, 0xf6,
    0x71, 0xf6, 0x71, 0xf6, 0x71, 0xf6, 0x71, 0xf6, 0x71, 0xf6, 0x71, 0xf6,
    0x71, 0xf6, 0x71, 0xf6, 0x71, 0xf6, 0x71, 0xf6, 0x71, 0xf6, 0x71, 0xf6,
    0x71, 0xf6, 0x71, 0xf6, 0x71, 0xf6, 0x71, 0xf6, 0x71, 0xf6, 0xf2, 0xfe,
    0xf1, 0xd5, 0xcc, 0x0a, 0x8c, 0x02, 0xed, 0x12, 0xac, 0x0a, 0xac, 0x0a,
    0xac, 0x0a, 0xac, 0x0a, 0xac, 0x0a, 0xac, 0x0a, 0xac, 0x0a, 0xac, 0x0a,
    0xac, 0x0a, 0xac, 0x0a, 0xac, 0x0a, 0xac, 0x0a, 0xac, 0x0a, 0xac, 0x0a,
    0xac, 0x0a, 0xac, 0x0a, 0xac, 0x0a, 0xac, 0x0a, 0xac, 0x0a, 0xac, 0x0a,
    0xac, 0x0a, 0xac, 0x0a, 0xac, 0x0a, 0xac, 0x0a, 0xac, 0x0a, 0xac, 0x0a,
    0xac, 0x0a, 0xac, 0x0a, 0xac, 0x0a, 0xac, 0x0a, 0xac, 0x0a, 0xac, 0x0a,
    0xac, 0x0a, 0xac, 0x0a, 0xac, 0x0a, 0xac, 0x0a, 0xac, 0x0a, 0xac, 0x0a,
    0xac, 0x0a, 0xac, 0x0a, 0xac, 0x02, 0xed, 0x0a, 0x89, 0x01, 0x04, 0x00,
    0x45, 0x00, 0x45, 0x00, 0x45, 0x00, 0x45, 0x00, 0x45, 0x00, 0x45, 0x00,
    0x45, 0x00, 0x45, 0x00, 0x45, 0x00, 0x45, 0x00, 0x45, 0x00, 0x45, 0x00,
    0x45, 0x00, 0x04, 0x00, 0xea, 0x01, 0xed, 0x0a, 0xac, 0x0a, 0xac, 0x0a,
    0xac, 0x0a, 0xac, 0x0a, 0xac, 0x0a, 0xac, 0x0a, 0xac, 0x0a, 0xac, 0x0a,
    0xac, 0x0a, 0xac, 0x0a, 0xac, 0x0a, 0xac, 0x0a, 0xac, 0x0a, 0xac, 0x0a,
    0xac, 0x0a, 0xac, 0x0a, 0xac, 0x0a, 0xac, 0x0a, 0xac, 0x0a, 0xac, 0x0a,
    0xac, 0x0a, 0xac, 0x0a, 0xac, 0x0a, 0xac, 0x0a, 0xac, 0x0a, 0xac, 0x0a,
    0xac, 0x0a, 0xac, 0x0a, 0xac, 0x0a, 0xac, 0x0a, 0xac, 0x0a, 0xac, 0x0a,
    0xac, 0x0a, 0xac, 0x0a, 0xac, 0x0a, 0xac, 0x0a, 0xac, 0x0a, 0xac, 0x0a,
    0xac, 0x0a, 0xac, 0x0a, 0xac, 0x0a, 0xac, 0x02, 0xcd, 0x0a, 0x8c, 0x02,
    0x0d, 0x1b, 0xce, 0x4b, 0x91, 0xfe, 0x91, 0xf6, 0x91, 0xfe, 0x71, 0xf6,
    0x71, 0xf6, 0x71, 0xf6, 0x71, 0xf6, 0x71, 0xf6, 0x71, 0xf6, 0x71, 0xf6,
    0x71, 0xf6, 0x71, 0xf6, 0x71, 0xf6, 0x71, 0xf6, 0x71, 0xf6, 0x71, 0xf6,
    0x71, 0xf6, 0x71, 0xf6, 0x71, 0xf6, 0x71, 0xf6, 0x71, 0xf6, 0x71, 0xf6,
    0x71, 0xf6, 0x71, 0xf6, 0x71, 0xf6, 0x71, 0xf6, 0x71, 0xf6, 0x71, 0xf6,
    0x71, 0xf6, 0x71, 0xf6, 0x71, 0xf6, 0x71, 0xf6, 0x71, 0xf6, 0x71, 0xf6,
    0x71, 0xf6, 0x71, 0xf6, 0x71, 0xf6, 0x71, 0xf6, 0x71, 0xf6, 0x71, 0xf6,
    0x71, 0xf6, 0x71, 0xf6, 0x71, 0xf6, 0x71, 0xf6, 0x71, 0xf6, 0x71, 0xf6,
    0x71, 0xf6, 0x71, 0xf6, 0x71, 0xf6, 0x71, 0xf6, 0x71, 0xf6, 0x71, 0xf6,
    0x71, 0xf6, 0x71, 0xf6, 0x71, 0xf6, 0x71, 0xf6, 0x71, 0xf6, 0x71, 0xf6,
    0x71, 0xf6, 0x71, 0xf6, 0x71, 0xf6, 0x71, 0xf6, 0x71, 0xf6, 0x71, 0xf6,
    0x71, 0xf6, 0x71, 0xf6, 0x71, 0xf6, 0x71, 0xf6, 0x71, 0xf6, 0x71, 0xf6,
    0x71, 0xf6, 0x71, 0xf6, 0x71, 0xf6, 0x71, 0xf6, 0x71, 0xf6, 0x71, 0xf6,
    0x71, 0xf6, 0x71, 0xf6, 0x71, 0xf6, 0x71, 0xf6, 0x71, 0xf6, 0x71, 0xf6,
    0x71, 0xf6, 0x71, 0xf6, 0x71, 0xf6, 0x71, 0xf6, 0x91, 0xfe, 0x91, 0xfe,
    0x51, 0xee, 0x6d, 0x33, 0xed, 0x12, 0x8c, 0x02, 0xcd, 0x0a, 0xac, 0x02,
    0xac, 0x0a, 0xac, 0x0a, 0xac, 0x0a, 0xac, 0x0a, 0xac, 0x0a, 0xac, 0x0a,
    0xac, 0x0a, 0xac, 0x0a, 0xac, 0x0a, 0xac, 0x0a, 0xac, 0x0a, 0xac, 0x0a,
    0xac, 0x0a, 0xac, 0x0a, 0xac, 0x0a, 0xac, 0x0a, 0xac, 0x0a, 0xac, 0x0a,
    0xac, 0x0a, 0xac, 0x0a, 0xac, 0x0a, 0xac, 0x0a, 0xac, 0x0a, 0xac, 0x0a,
    0xac, 0x0a, 0xac, 0x0a, 0xac, 0x0a, 0xac, 0x0a, 0xac, 0x0a, 0xac, 0x0a,
    0xac, 0x0a, 0xac, 0x0a, 0xac, 0x0a, 0xac, 0x0a, 0xac, 0x0a, 0xac, 0x0a,
    0xac, 0x0a, 0xac, 0x0a, 0xac, 0x0a, 0xac, 0x0a, 0xac, 0x02, 0xed, 0x0a,
    0x89, 0x01, 0x04, 0x00, 0x45, 0x00, 0x45, 0x00, 0x45, 0x00, 0x45, 0x00,
    0x45, 0x00, 0x45, 0x00, 0x45, 0x00, 0x45, 0x00, 0x45, 0x00, 0x45, 0x00,
    0x45, 0x00, 0x45, 0x00, 0x45, 0x00, 0x04, 0x00, 0xea, 0x01, 0xed, 0x0a,
    0xac, 0x0a, 0xac, 0x0a, 0xac, 0x0a, 0xac, 0x0a, 0xac, 0x0a, 0xac, 0x0a,
    0xac, 0x0a, 0xac, 0x0a, 0xac, 0x0a, 0xac, 0x0a, 0xac, 0x0a, 0xac, 0x0a,
    0xac, 0x0a, 0xac, 0x0a, 0xac, 0x0a, 0xac, 0x0a, 0xac, 0x0a, 0xac, 0x0a,
    0xac, 0x0a, 0xac, 0x0a, 0xac, 0x0a, 0xac, 0x0a, 0xac, 0x0a, 0xac, 0x0a,
    0xac, 0x0a, 0xac, 0x0a, 0xac, 0x0a, 0xac, 0x0a, 0xac, 0x0a, 0xac, 0x0a,
    0xac, 0x0a, 0xac, 0x0a, 0xac, 0x0a, 0xac, 0x0a, 0xac, 0x0a, 0xac, 0x0a,
    0xac, 0x0a, 0xac, 0x0a, 0xac, 0x0a, 0xac, 0x0a, 0xac, 0x0a, 0xac, 0x0a,
    0xac, 0x0a, 0xcc, 0x0a, 0x8c, 0x02, 0xac, 0x02, 0x8c, 0x02, 0x4f, 0x6c,
    0xd2, 0xfe, 0xb2, 0xfe, 0x71, 0xee, 0x71, 0xf6, 0x71, 0xf6, 0x71, 0xf6,
    0x71, 0xf6, 0x71, 0xf6, 0x71, 0xf6, 0x71, 0xf6, 0x71, 0xf6, 0x71, 0xf6,
    0x71, 0xf6, 0x71, 0xf6, 0x71, 0xf6, 0x71, 0xf6, 0x71, 0xf6, 0x71, 0xf6,
    0x71, 0xf6, 0x71, 0xf6, 0x71, 0xf6, 0x71, 0xf6, 0x71, 0xf6, 0x71, 0xf6,
    0x71, 0xf6, 0x71, 0xf6, 0x71, 0xf6, 0x71, 0xf6, 0x71, 0xf6, 0x71, 0xf6,
    0x71, 0xf6, 0x71, 0xf6, 0x71, 0xf6, 0x71, 0xf6, 0x71, 0xf6, 0x71, 0xf6,
    0x71, 0xf6, 0x71, 0xf6, 0x71, 0xf6, 0x71, 0xf6, 0x71, 0xf6, 0x71, 0xf6,
    0x71, 0xf6, 0x71, 0xf6, 0x71, 0xf6, 0x71, 0xf6, 0x71, 0xf6, 0x71, 0xf6,
    0x71, 0xf6, 0x71, 0xf6, 0x71, 0xf6, 0x71, 0xf6, 0x71, 0xf6, 0x71, 0xf6,
    0x71, 0xf6, 0x71, 0xf6, 0x71, 0xf6, 0x71, 0xf6, 0x71, 0xf6, 0x71, 0xf6,
    0x71, 0xf6, 0x71, 0xf6, 0x71, 0xf6, 0x71, 0xf6, 0x71, 0xf6, 0x71, 0xf6,
    0x71, 0xf6, 0x71, 0xf6, 0x71, 0xf6, 0x71, 0xf6, 0x71, 0xf6, 0x71, 0xf6,
    0x71, 0xf6, 0x71, 0xf6, 0x71, 0xf6, 0x71, 0xf6, 0x71, 0xf6, 0x71, 0xf6,
    0x71, 0xf6, 0x71, 0xf6, 0x71, 0xf6, 0x71, 0xee, 0x71, 0xf6, 0xd2, 0xfe,
    0xb1, 0xfe, 0xae, 0x4b, 0x8c, 0x02, 0x8c, 0x02, 0xac, 0x02, 0xcc, 0x0a,
    0xac, 0x02, 0xac, 0x0a, 0xac, 0x0a, 0xac, 0x0a, 0xac, 0x0a, 0xac, 0x0a,
    0xac, 0x0a, 0xac, 0x0a, 0xac, 0x0a, 0xac, 0x0a, 0xac, 0x0a, 0xac, 0x0a,
    0xac, 0x0a, 0xac, 0x0a, 0xac, 0x0a, 0xac, 0x0a, 0xac, 0x0a, 0xac, 0x0a,
    0xac, 0x0a, 0xac, 0x0a, 0xac, 0x0a, 0xac, 0x0a, 0xac, 0x0a, 0xac, 0x0a,
    0xac, 0x0a, 0xac, 0x0a, 0xac, 0x0a, 0xac, 0x0a, 0xac, 0x0a, 0xac, 0x0a,
    0xac, 0x0a, 0xac, 0x0a, 0xac, 0x0a, 0xac, 0x0a, 0xac, 0x0a, 0xac, 0x0a,
    0xac, 0x0a, 0xac, 0x0a, 0xac, 0x0a, 0xac, 0x0a, 0xac, 0x0a, 0xac, 0x0a,
    0xac, 0x02, 0xed, 0x0a, 0x89, 0x01, 0x04, 0x00, 0x45, 0x00, 0x45, 0x00,
    0x45, 0x00, 0x45, 0x00, 0x45, 0x00, 0x45, 0x00, 0x45, 0x00, 0x45, 0x00,
    0x45, 0x00, 0x45, 0x00, 0x45, 0x00, 0x45, 0x00, 0x45, 0x00, 0x04, 0x00,
    0xea, 0x01, 0xed, 0x0a, 0xac, 0x0a, 0xac, 0x0a, 0xac, 0x0a, 0xac, 0x0a,
    0xac, 0x0a, 0xac, 0x0a, 0xac, 0x0a, 0xac, 0x0a, 0xac, 0x0a, 0xac, 0x0a,
    0xac, 0x0a, 0xac, 0x0a, 0xac, 0x0a, 0xac, 0x0a, 0xac, 0x0a, 0xac, 0x0a,
    0xac, 0x0a, 0xac, 0x0a, 0xac, 0x0a, 0xac, 0x0a, 0xac, 0x0a, 0xac, 0x0a,
    0xac, 0x0a, 0xac, 0x0a, 0xac, 0x0a, 0xac, 0x0a, 0xac, 0x0a, 0xac, 0x0a,
    0xac, 0x0a, 0xac, 0x0a, 0xac, 0x0a, 0xac, 0x0a, 0xac, 0x0a, 0xac, 0x0a,
    0xac, 0x0a, 0xac, 0x0a, 0xac, 0x0a, 0xac, 0x0a, 0xac, 0x0a, 0xac, 0x0a,
    0xac, 0x0a, 0xac, 0x0a, 0xac, 0x0a, 0xac, 0x0a, 0xcc, 0x0a, 0xac, 0x0a,
    0xcd, 0x0a, 0x4c, 0x02, 0x4f, 0x74, 0x90, 0xbd, 0xd2, 0xfe, 0xb2, 0xfe,
    0x51, 0xee, 0x71, 0xf6, 0x71, 0xf6, 0x71, 0xf6, 0x71, 0xf6, 0x71, 0xf6,
    0x71, 0xf6, 0x71, 0xf6, 0x71, 0xf6, 0x71, 0xf6, 0x71, 0xf6, 0x71, 0xf6,
    0x71, 0xf6, 0x71, 0xf6, 0x71, 0xf6, 0x71, 0xf6, 0x71, 0xf6, 0x71, 0xf6,
    0x71, 0xf6, 0x71, 0xf6, 0x71, 0xf6, 0x71, 0xf6, 0x71, 0xf6, 0x71, 0xf6,
    0x71, 0xf6, 0x71, 0xf6, 0x71, 0xf6, 0x71, 0xf6, 0x71, 0xf6, 0x71, 0xf6,
    0x71, 0xf6, 0x71, 0xf6, 0x71, 0xf6, 0x71, 0xf6, 0x71, 0xf6, 0x71, 0xf6,
    0x71, 0xf6, 0x71, 0xf6, 0x71, 0xf6, 0x71, 0xf6, 0x71, 0xf6, 0x71, 0xf6,
    0x71, 0xf6, 0x71, 0xf6, 0x71, 0xf6, 0x71, 0xf6, 0x71, 0xf6, 0x71, 0xf6,
    0x71, 0xf6, 0x71, 0xf6, 0x71, 0xf6, 0x71, 0xf6, 0x71, 0xf6, 0x71, 0xf6,
    0x71, 0xf6, 0x71, 0xf6, 0x71, 0xf6, 0x71, 0xf6, 0x71, 0xf6, 0x71, 0xf6,
    0x71, 0xf6, 0x71, 0xf6, 0x71, 0xf6, 0x71, 0xf6, 0x71, 0xf6, 0x71, 0xf6,
    0x71, 0xf6, 0x71, 0xf6, 0x71, 0xf6, 0x71, 0xf6, 0x71, 0xf6, 0x71, 0xf6,
    0x71, 0xf6, 0x71, 0xf6, 0x71, 0xf6, 0x71, 0xf6, 0x51, 0xee, 0xf2, 0xfe,
    0x91, 0xfe, 0x70, 0xb5, 0xee, 0x53, 0x4c, 0x02, 0xcd, 0x0a, 0xcc, 0x0a,
    0xac, 0x0a, 0xac, 0x0a, 0xac, 0x0a, 0xac, 0x0a, 0xac, 0x0a, 0xac, 0x0a,
    0xac, 0x0a, 0xac, 0x0a, 0xac, 0x0a, 0xac, 0x0a, 0xac, 0x0a, 0xac, 0x0a,
    0xac, 0x0a, 0xac, 0x0a, 0xac, 0x0a, 0xac, 0x0a, 0xac, 0x0a, 0xac, 0x0a,
    0xac, 0x0a, 0xac, 0x0a, 0xac, 0x0a, 0xac, 0x0a, 0xac, 0x0a, 0xac, 0x0a,
    0xac, 0x0a, 0xac, 0x0a, 0xac, 0x0a, 0xac, 0x0a, 0xac, 0x0a, 0xac, 0x0a,
    0xac, 0x0a, 0xac, 0x0a, 0xac, 0x0a, 0xac, 0x0a, 0xac, 0x0a, 0xac, 0x0a,
    0xac, 0x0a, 0xac, 0x0a, 0xac, 0x0a, 0xac, 0x0a, 0xac, 0x0a, 0xac, 0x0a,
    0xac, 0x0a, 0xac, 0x0a, 0xac, 0x02, 0xed, 0x0a, 0x89, 0x01, 0x04, 0x00,
    0x45, 0x00, 0x45, 0x00, 0x45, 0x00, 0x45, 0x00, 0x45, 0x00, 0x45, 0x00,
    0x45, 0x00, 0x45, 0x00, 0x45, 0x00, 0x45, 0x00, 0x45, 0x00, 0x45, 0x00,
    0x45, 0x00, 0x04, 0x00, 0xea, 0x01, 0xed, 0x0a, 0xac, 0x0a, 0xac, 0x0a,
    0xac, 0x0a, 0xac, 0x0a, 0xac, 0x0a, 0xac, 0x0a, 0xac, 0x0a, 0xac, 0x0a,
    0xac, 0x0a, 0xac, 0x0a, 0xac, 0x0a, 0xac, 0x0a, 0xac, 0x0a, 0xac, 0x0a,
    0xac, 0x0a, 0xac, 0x0a, 0xac, 0x0a, 0xac, 0x0a, 0xac, 0x0a, 0xac, 0x0a,
    0xac, 0x0a, 0xac, 0x0a, 0xac, 0x0a, 0xac, 0x0a, 0xac, 0x0a, 0xac, 0x0a,
    0xac, 0x0a, 0xac, 0x0a, 0xac, 0x0a, 0xac, 0x0a, 0xac, 0x0a, 0xac, 0x0a,
    0xac, 0x0a, 0xac, 0x0a, 0xac, 0x0a, 0xac, 0x0a, 0xac, 0x0a, 0xac, 0x0a,
    0xac, 0x0a, 0xac, 0x0a, 0xac, 0x0a, 0xac, 0x0a, 0xac, 0x0a, 0xac, 0x0a,
    0xac, 0x0a, 0xac, 0x0a, 0xac, 0x02, 0xcd, 0x0a, 0x8c, 0x02, 0x6c, 0x02,
    0x6f, 0x74, 0x70, 0xad, 0x32, 0xff, 0x91, 0xf6, 0x71, 0xf6, 0x71, 0xf6,
    0x71, 0xf6, 0x71, 0xf6, 0x71, 0xf6, 0x71, 0xf6, 0x71, 0xf6, 0x71, 0xf6,
    0x71, 0xf6, 0x71, 0xf6, 0x71, 0xf6, 0x71, 0xf6, 0x71, 0xf6, 0x71, 0xf6,
    0x71, 0xf6, 0x71, 0xf6, 0x71, 0xf6, 0x71, 0xf6, 0x71, 0xf6, 0x71, 0xf6,
    0x71, 0xf6, 0x71, 0xf6, 0x71, 0xf6, 0x71, 0xf6, 0x71, 0xf6, 0x71, 0xf6,
    0x71, 0xf6, 0x71, 0xf6, 0x71, 0xf6, 0x71, 0xf6, 0x71, 0xf6, 0x71, 0xf6,
    0x71, 0xf6, 0x71, 0xf6, 0x71, 0xf6, 0x71, 0xf6, 0x71, 0xf6, 0x71, 0xf6,
    0x71, 0xf6, 0x71, 0xf6, 0x71, 0xf6, 0x71, 0xf6, 0x71, 0xf6, 0x71, 0xf6,
    0x71, 0xf6, 0x71, 0xf6, 0x71, 0xf6, 0x71, 0xf6, 0x71, 0xf6, 0x71, 0xf6,
    0x71, 0xf6, 0x71, 0xf6, 0x71, 0xf6, 0x71, 0xf6, 0x71, 0xf6, 0x71, 0xf6,
    0x71, 0xf6, 0x71, 0xf6, 0x71, 0xf6, 0x71, 0xf6, 0x71, 0xf6, 0x71, 0xf6,
    0x71, 0xf6, 0x71, 0xf6, 0x71, 0xf6, 0x71, 0xf6, 0x71, 0xf6, 0x71, 0xf6,
    0x71, 0xf6, 0x71, 0xf6, 0x71, 0xf6, 0x71, 0xf6, 0x71, 0xee, 0xb1, 0xfe,
    0xf2, 0xfe, 0x0f, 0x9d, 0x2e, 0x64, 0x4c, 0x02, 0x8c, 0x02, 0xcc, 0x0a,
    0xac, 0x02, 0xac, 0x0a, 0xac, 0x0a, 0xac, 0x0a, 0xac, 0x0a, 0xac, 0x0a,
    0xac, 0x0a, 0xac, 0x0a, 0xac, 0x0a, 0xac, 0x0a, 0xac, 0x0a, 0xac, 0x0a,
    0xac, 0x0a, 0xac, 0x0a, 0xac, 0x0a, 0xac, 0x0a, 0xac, 0x0a, 0xac, 0x0a,
    0xac, 0x0a, 0xac, 0x0a, 0xac, 0x0a, 0xac, 0x0a, 0xac, 0x0a, 0xac, 0x0a,
    0xac, 0x0a, 0xac, 0x0a, 0xac, 0x0a, 0xac, 0x0a, 0xac, 0x0a, 0xac, 0x0a,
    0xac, 0x0a, 0xac, 0x0a, 0xac, 0x0a, 0xac, 0x0a, 0xac, 0x0a, 0xac, 0x0a,
    0xac, 0x0a, 0xac, 0x0a, 0xac, 0x0a, 0xac, 0x0a, 0xac, 0x0a, 0xac, 0x0a,
    0xac, 0x0a, 0xac, 0x0a, 0xac, 0x0a, 0xac, 0x0a, 0xac, 0x02, 0xed, 0x0a,
    0x89, 0x01, 0x04, 0x00, 0x45, 0x00, 0x45, 0x00, 0x45, 0x00, 0x45, 0x00,
    0x45, 0x00, 0x45, 0x00, 0x45, 0x00, 0x45, 0x00, 0x45, 0x00, 0x45, 0x00,
    0x45, 0x00, 0x45, 0x00, 0x45, 0x00, 0x04, 0x00, 0xea, 0x01, 0xed, 0x0a,
    0xac, 0x0a, 0xac, 0x0a, 0xac, 0x0a, 0xac, 0x0a, 0xac, 0x0a, 0xac, 0x0a,
    0xac, 0x0a, 0xac, 0x0a, 0xac, 0x0a, 0xac, 0x0a, 0xac, 0x0a, 0xac, 0x0a,
    0xac, 0x0a, 0xac, 0x0a, 0xac, 0x0a, 0xac, 0x0a, 0xac, 0x0a, 0xac, 0x0a,
    0xac, 0x0a, 0xac, 0x0a, 0xac, 0x0a, 0xac, 0x0a, 0xac, 0x0a, 0xac, 0x0a,
    0xac, 0x0a, 0xac, 0x0a, 0xac, 0x0a, 0xac, 0x0a, 0xac, 0x0a, 0xac, 0x0a,
    0xac, 0x0a, 0xac, 0x0a, 0xac, 0x0a, 0xac, 0x0a, 0xac, 0x0a, 0xac, 0x0a,
    0xac, 0x0a, 0xac, 0x0a, 0xac, 0x0a, 0xac, 0x0a, 0xac, 0x0a, 0xac, 0x0a,
    0xac, 0x0a, 0xac, 0x0a, 0xac, 0x0a, 0xac, 0x0a, 0xac, 0x0a, 0xac, 0x0a,
    0xcc, 0x0a, 0xcd, 0x12, 0x4c, 0x02, 0xed, 0x12, 0xce, 0x4b, 0xd0, 0xcd,
    0xf2, 0xfe, 0x71, 0xf6, 0x71, 0xf6, 0x71, 0xf6, 0x71, 0xf6, 0x71, 0xf6,
    0x71, 0xf6, 0x71, 0xf6, 0x71, 0xf6, 0x71, 0xf6, 0x71, 0xf6, 0x71, 0xf6,
    0x71, 0xf6, 0x71, 0xf6, 0x71, 0xf6, 0x71, 0xf6, 0x71, 0xf6, 0x71, 0xf6,
    0x71, 0xf6, 0x71, 0xf6, 0x71, 0xf6, 0x71, 0xf6, 0x71, 0xf6, 0x71, 0xf6,
    0x71, 0xf6, 0x71, 0xf6, 0x71, 0xf6, 0x71, 0xf6, 0x71, 0xf6, 0x71, 0xf6,
    0x71, 0xf6, 0x71, 0xf6, 0x71, 0xf6, 0x71, 0xf6, 0x71, 0xf6, 0x71, 0xf6,
    0x71, 0xf6, 0x71, 0xf6, 0x71, 0xf6, 0x71, 0xf6, 0x71, 0xf6, 0x71, 0xf6,
    0x71, 0xf6, 0x71, 0xf6, 0x71, 0xf6, 0x71, 0xf6, 0x71, 0xf6, 0x71, 0xf6,
    0x71, 0xf6, 0x71, 0xf6, 0x71, 0xf6, 0x71, 0xf6, 0x71, 0xf6, 0x71, 0xf6,
    0x71, 0xf6, 0x71, 0xf6, 0x71, 0xf6, 0x71, 0xf6, 0x71, 0xf6, 0x71, 0xf6,
    0x71, 0xf6, 0x71, 0xf6, 0x71, 0xf6, 0x71, 0xf6, 0x71, 0xf6, 0x71, 0xf6,
    0x71, 0xf6, 0x71, 0xf6, 0x71, 0xf6, 0x71, 0xf6, 0x71, 0xf6, 0x71, 0xf6,
    0xf2, 0xfe, 0x50, 0xad, 0xae, 0x4b, 0xac, 0x02, 0x4c, 0x02, 0xed, 0x12,
    0xcc, 0x0a, 0xac, 0x0a, 0xac, 0x0a, 0xac, 0x0a, 0xac, 0x0a, 0xac, 0x0a,
    0xac, 0x0a, 0xac, 0x0a, 0xac, 0x0a, 0xac, 0x0a, 0xac, 0x0a, 0xac, 0x0a,
    0xac, 0x0a, 0xac, 0x0a, 0xac, 0x0a, 0xac, 0x0a, 0xac, 0x0a, 0xac, 0x0a,
    0xac, 0x0a, 0xac, 0x0a, 0xac, 0x0a, 0xac, 0x0a, 0xac, 0x0a, 0xac, 0x0a,
    0xac, 0x0a, 0xac, 0x0a, 0xac, 0x0a, 0xac, 0x0a, 0xac, 0x0a, 0xac, 0x0a,
    0xac, 0x0a, 0xac, 0x0a, 0xac, 0x0a, 0xac, 0x0a, 0xac, 0x0a, 0xac, 0x0a,
    0xac, 0x0a, 0xac, 0x0a, 0xac, 0x0a, 0xac, 0x0a, 0xac, 0x0a, 0xac, 0x0a,
    0xac, 0x0a, 0xac, 0x0a, 0xac, 0x0a, 0xac, 0x0a, 0xac, 0x0a, 0xac, 0x0a,
    0xac, 0x02, 0xed, 0x0a, 0x89, 0x01, 0x04, 0x00, 0x45, 0x00, 0x45, 0x00,
    0x45, 0x00, 0x45, 0x00, 0x45, 0x00, 0x45, 0x00, 0x45, 0x00, 0x45, 0x00,
    0x45, 0x00, 0x45, 0x00, 0x45, 0x00, 0x45, 0x00, 0x45, 0x00, 0x04, 0x00,
    0xea, 0x01, 0xed, 0x0a, 0xac, 0x0a, 0xac, 0x0a, 0xac, 0x0a, 0xac, 0x0a,
    0xac, 0x0a, 0xac, 0x0a, 0xac, 0x0a, 0xac, 0x0a, 0xac, 0x0a, 0xac, 0x0a,
    0xac, 0x0a, 0xac, 0x0a, 0xac, 0x0a, 0xac, 0x0a, 0xac, 0x0a, 0xac, 0x0a,
    0xac, 0x0a, 0xac, 0x0a, 0xac, 0x0a, 0xac, 0x0a, 0xac, 0x0a, 0xac, 0x0a,
    0xac, 0x0a, 0xac, 0x0a, 0xac, 0x0a, 0xac, 0x0a, 0xac, 0x0a, 0xac, 0x0a,
    0xac, 0x0a, 0xac, 0x0a, 0xac, 0x0a, 0xac, 0x0a, 0xac, 0x0a, 0xac, 0x0a,
    0xac, 0x0a, 0xac, 0x0a, 0xac, 0x0a, 0xac, 0x0a, 0xac, 0x0a, 0xac, 0x0a,
    0xac, 0x0a, 0xac, 0x0a, 0xac, 0x0a, 0xac, 0x0a, 0xac, 0x0a, 0xac, 0x0a,
    0xac, 0x0a, 0xac, 0x0a, 0xac, 0x0a, 0xac, 0x0a, 0xcd, 0x12, 0xac, 0x0a,
    0x4c, 0x02, 0x0d, 0x1b, 0x6d, 0x33, 0x51, 0xee, 0x91, 0xf6, 0xb1, 0xfe,
    0xb1, 0xfe, 0x71, 0xf6, 0x71, 0xf6, 0x71, 0xf6, 0x71, 0xf6, 0x71, 0xf6,
    0x71, 0xf6, 0x71, 0xf6, 0x71, 0xf6, 0x71, 0xf6, 0x71, 0xf6, 0x71, 0xf6,
    0x71, 0xf6, 0x71, 0xf6, 0x71, 0xf6, 0x71, 0xf6, 0x71, 0xf6, 0x71, 0xf6,
    0x71, 0xf6, 0x71, 0xf6, 0x71, 0xf6, 0x71, 0xf6, 0x71, 0xf6, 0x71, 0xf6,
    0x71, 0xf6, 0x71, 0xf6, 0x71, 0xf6, 0x71, 0xf6, 0x71, 0xf6, 0x71, 0xf6,
    0x71, 0xf6, 0x71, 0xf6, 0x71, 0xf6, 0x71, 0xf6, 0x71, 0xf6, 0x71, 0xf6,
    0x71, 0xf6, 0x71, 0xf6, 0x71, 0xf6, 0x71, 0xf6, 0x71, 0xf6, 0x71, 0xf6,
    0x71, 0xf6, 0x71, 0xf6, 0x71, 0xf6, 0x71, 0xf6, 0x71, 0xf6, 0x71, 0xf6,
    0x71, 0xf6, 0x71, 0xf6, 0x71, 0xf6, 0x71, 0xf6, 0x71, 0xf6, 0x71, 0xf6,
    0x71, 0xf6, 0x71, 0xf6, 0x71, 0xf6, 0x71, 0xf6, 0x71, 0xf6, 0x71, 0xf6,
    0x71, 0xf6, 0x71, 0xf6, 0x71, 0xf6, 0x71, 0xf6, 0xb1, 0xfe, 0xb1, 0xfe,
    0x91, 0xfe, 0xf1, 0xd5, 0x2d, 0x23, 0xed, 0x12, 0x4c, 0x02, 0xcd, 0x0a,
    0xcd, 0x0a, 0xac, 0x0a, 0xac, 0x0a, 0xac, 0x0a, 0xac, 0x0a, 0xac, 0x0a,
    0xac, 0x0a, 0xac, 0x0a, 0xac, 0x0a, 0xac, 0x0a, 0xac, 0x0a, 0xac, 0x0a,
    0xac, 0x0a, 0xac, 0x0a, 0xac, 0x0a, 0xac, 0x0a, 0xac, 0x0a, 0xac, 0x0a,
    0xac, 0x0a, 0xac, 0x0a, 0xac, 0x0a, 0xac, 0x0a, 0xac, 0x0a, 0xac, 0x0a,
    0xac, 0x0a, 0xac, 0x0a, 0xac, 0x0a, 0xac, 0x0a, 0xac, 0x0a, 0xac, 0x0a,
    0xac, 0x0a, 0xac, 0x0a, 0xac, 0x0a, 0xac, 0x0a, 0xac, 0x0a, 0xac, 0x0a,
    0xac, 0x0a, 0xac, 0x0a, 0xac, 0x0a, 0xac, 0x0a, 0xac, 0x0a, 0xac, 0x0a,
    0xac, 0x0a, 0xac, 0x0a, 0xac, 0x0a, 0xac, 0x0a, 0xac, 0x0a, 0xac, 0x0a,
    0xac, 0x0a, 0xac, 0x0a, 0xac, 0x02, 0xed, 0x0a, 0x89, 0x01, 0x04, 0x00,
    0x45, 0x00, 0x45, 0x00, 0x45, 0x00, 0x45, 0x00, 0x45, 0x00, 0x45, 0x00,
    0x45, 0x00, 0x45, 0x00, 0x45, 0x00, 0x45, 0x00, 0x45, 0x00, 0x45, 0x00,
    0x45, 0x00, 0x04, 0x00, 0xea, 0x01, 0xed, 0x0a, 0xac, 0x0a, 0xac, 0x0a,
    0xac, 0x0a, 0xac, 0x0a, 0xac, 0x0a, 0xac, 0x0a, 0xac, 0x0a, 0xac, 0x0a,
    0xac, 0x0a, 0xac, 0x0a, 0xac, 0x0a, 0xac, 0x0a, 0xac, 0x0a, 0xac, 0x0a,
    0xac, 0x0a, 0xac, 0x0a, 0xac, 0x0a, 0xac, 0x0a, 0xac, 0x0a, 0xac, 0x0a,
    0xac, 0x0a, 0xac, 0x0a, 0xac, 0x0a, 0xac, 0x0a, 0xac, 0x0a, 0xac, 0x0a,
    0xac, 0x0a, 0xac, 0x0a, 0xac, 0x0a, 0xac, 0x0a, 0xac, 0x0a, 0xac, 0x0a,
    0xac, 0x0a, 0xac, 0x0a, 0xac, 0x0a, 0xac, 0x0a, 0xac, 0x0a, 0xac, 0x0a,
    0xac, 0x0a, 0xac, 0x0a, 0xac, 0x0a, 0xac, 0x0a, 0xac, 0x0a, 0xac, 0x0a,
    0xac, 0x0a, 0xac, 0x0a, 0xac, 0x0a, 0xac, 0x0a, 0xac, 0x0a, 0xac, 0x0a,
    0xac, 0x0a, 0xac, 0x0a, 0xcd, 0x0a, 0xac, 0x02, 0x8c, 0x02, 0x8c, 0x02,
    0xce, 0x4b, 0x31, 0xe6, 0xd0, 0xcd, 0xb1, 0xfe, 0xb2, 0xfe, 0x71, 0xee,
    0x71, 0xee, 0x71, 0xf6, 0x71, 0xf6, 0x71, 0xf6, 0x71, 0xf6, 0x71, 0xf6,
    0x71, 0xf6, 0x71, 0xf6, 0x71, 0xf6, 0x71, 0xf6, 0x71, 0xf6, 0x71, 0xf6,
    0x71, 0xf6, 0x71, 0xf6, 0x71, 0xf6, 0x71, 0xf6, 0x71, 0xf6, 0x71, 0xf6,
    0x71, 0xf6, 0x71, 0xf6, 0x71, 0xf6, 0x71, 0xf6, 0x71, 0xf6, 0x71, 0xf6,
    0x71, 0xf6, 0x71, 0xf6, 0x71, 0xf6, 0x71, 0xf6, 0x71, 0xf6, 0x71, 0xf6,
    0x71, 0xf6, 0x71, 0xf6, 0x71, 0xf6, 0x71, 0xf6, 0x71, 0xf6, 0x71, 0xf6,
    0x71, 0xf6, 0x71, 0xf6, 0x71, 0xf6, 0x71, 0xf6, 0x71, 0xf6, 0x71, 0xf6,
    0x71, 0xf6, 0x71, 0xf6, 0x71, 0xf6, 0x71, 0xf6, 0x71, 0xf6, 0x71, 0xf6,
    0x71, 0xf6, 0x71, 0xf6, 0x71, 0xf6, 0x71, 0xf6, 0x71, 0xf6, 0x71, 0xf6,
    0x71, 0xf6, 0x71, 0xf6, 0x71, 0xee, 0x71, 0xee, 0xd2, 0xfe, 0x71, 0xf6,
    0xd0, 0xcd, 0x31, 0xde, 0x4d, 0x2b, 0xac, 0x02, 0x8c, 0x02, 0xac, 0x02,
    0xcd, 0x0a, 0xac, 0x0a, 0xac, 0x0a, 0xac, 0x0a, 0xac, 0x0a, 0xac, 0x0a,
    0xac, 0x0a, 0xac, 0x0a, 0xac, 0x0a, 0xac, 0x0a, 0xac, 0x0a, 0xac, 0x0a,
    0xac, 0x0a, 0xac, 0x0a, 0xac, 0x0a, 0xac, 0x0a, 0xac, 0x0a, 0xac, 0x0a,
    0xac, 0x0a, 0xac, 0x0a, 0xac, 0x0a, 0xac, 0x0a, 0xac, 0x0a, 0xac, 0x0a,
    0xac, 0x0a, 0xac, 0x0a, 0xac, 0x0a, 0xac, 0x0a, 0xac, 0x0a, 0xac, 0x0a,
    0xac, 0x0a, 0xac, 0x0a, 0xac, 0x0a, 0xac, 0x0a, 0xac, 0x0a, 0xac, 0x0a,
    0xac, 0x0a, 0xac, 0x0a, 0xac, 0x0a, 0xac, 0x0a, 0xac, 0x0a, 0xac, 0x0a,
    0xac, 0x0a, 0xac, 0x0a, 0xac, 0x0a, 0xac, 0x0a, 0xac, 0x0a, 0xac, 0x0a,
    0xac, 0x0a, 0xac, 0x0a, 0xac, 0x0a, 0xac, 0x0a, 0xac, 0x02, 0xed, 0x0a,
    0x89, 0x01, 0x04, 0x00, 0x45, 0x00, 0x45, 0x00, 0x45, 0x00, 0x45, 0x00,
    0x45, 0x00, 0x45, 0x00, 0x45, 0x00, 0x45, 0x00, 0x45, 0x00, 0x45, 0x00,
    0x45, 0x00, 0x45, 0x00, 0x45, 0x00, 0x04, 0x00, 0xea, 0x01, 0xed, 0x0a,
    0xac, 0x0a, 0xac, 0x0a, 0xac, 0x0a, 0xac, 0x0a, 0xac, 0x0a, 0xac, 0x0a,
    0xac, 0x0a, 0xac, 0x0a, 0xac, 0x0a, 0xac, 0x0a, 0xac, 0x0a, 0xac, 0x0a,
    0xac, 0x0a, 0xac, 0x0a, 0xac, 0x0a, 0xac, 0x0a, 0xac, 0x0a, 0xac, 0x0a,
    0xac, 0x0a, 0xac, 0x0a, 0xac, 0x0a, 0xac, 0x0a, 0xac, 0x0a, 0xac, 0x0a,
    0xac, 0x0a, 0xac, 0x0a, 0xac, 0x0a, 0xac, 0x0a, 0xac, 0x0a, 0xac, 0x0a,
    0xac, 0x0a, 0xac, 0x0a, 0xac, 0x0a, 0xac, 0x0a, 0xac, 0x0a, 0xac, 0x0a,
    0xac, 0x0a, 0xac, 0x0a, 0xac, 0x0a, 0xac, 0x0a, 0xac, 0x0a, 0xac, 0x0a,
    0xac, 0x0a, 0xac, 0x0a, 0xac, 0x0a, 0xac, 0x0a, 0xac, 0x0a, 0xac, 0x0a,
    0xac, 0x0a, 0xac, 0x0a, 0xac, 0x0a, 0xac, 0x0a, 0xac, 0x0a, 0xac, 0x0a,
    0xcc, 0x0a, 0xac, 0x02, 0xac, 0x02, 0x8c, 0x02, 0x4c, 0x02, 0xcf, 0x8c,
    0xb0, 0xc5, 0xf2, 0xfe, 0xf2, 0xfe, 0x91, 0xfe, 0x71, 0xee, 0x71, 0xf6,
    0x71, 0xf6, 0x71, 0xf6, 0x71, 0xf6, 0x71, 0xf6, 0x71, 0xf6, 0x71, 0xf6,
    0x71, 0xf6, 0x71, 0xf6, 0x71, 0xf6, 0x71, 0xf6, 0x71, 0xf6, 0x71, 0xf6,
    0x71, 0xf6, 0x71, 0xf6, 0x71, 0xf6, 0x71, 0xf6, 0x71, 0xf6, 0x71, 0xf6,
    0x71, 0xf6, 0x71, 0xf6, 0x71, 0xf6, 0x71, 0xf6, 0x71, 0xf6, 0x71, 0xf6,
    0x71, 0xf6, 0x71, 0xf6, 0x71, 0xf6, 0x71, 0xf6, 0x71, 0xf6, 0x71, 0xf6,
    0x71, 0xf6, 0x71, 0xf6, 0x71, 0xf6, 0x71, 0xf6, 0x71, 0xf6, 0x71, 0xf6,
    0x71, 0xf6, 0x71, 0xf6, 0x71, 0xf6, 0x71, 0xf6, 0x71, 0xf6, 0x71, 0xf6,
    0x71, 0xf6, 0x71, 0xf6, 0x71, 0xf6, 0x71, 0xf6, 0x71, 0xf6, 0x71, 0xf6,
    0x71, 0xf6, 0x71, 0xf6, 0x71, 0xee, 0xb1, 0xfe, 0xf2, 0xfe, 0xd2, 0xfe,
    0x90, 0xbd, 0x4f, 0x74, 0x4c, 0x02, 0x8c, 0x02, 0xac, 0x02, 0xac, 0x02,
    0xcc, 0x0a, 0xac, 0x0a, 0xac, 0x0a, 0xac, 0x0a, 0xac, 0x0a, 0xac, 0x0a,
    0xac, 0x0a, 0xac, 0x0a, 0xac, 0x0a, 0xac, 0x0a, 0xac, 0x0a, 0xac, 0x0a,
    0xac, 0x0a, 0xac, 0x0a, 0xac, 0x0a, 0xac, 0x0a, 0xac, 0x0a, 0xac, 0x0a,
    0xac, 0x0a, 0xac, 0x0a, 0xac, 0x0a, 0xac, 0x0a, 0xac, 0x0a, 0xac, 0x0a,
    0xac, 0x0a, 0xac, 0x0a, 0xac, 0x0a, 0xac, 0x0a, 0xac, 0x0a, 0xac, 0x0a,
    0xac, 0x0a, 0xac, 0x0a, 0xac, 0x0a, 0xac, 0x0a, 0xac, 0x0a, 0xac, 0x0a,
    0xac, 0x0a, 0xac, 0x0a, 0xac, 0x0a, 0xac, 0x0a, 0xac, 0x0a, 0xac, 0x0a,
    0xac, 0x0a, 0xac, 0x0a, 0xac, 0x0a, 0xac, 0x0a, 0xac, 0x0a, 0xac, 0x0a,
    0xac, 0x0a, 0xac, 0x0a, 0xac, 0x0a, 0xac, 0x0a, 0xac, 0x0a, 0xac, 0x0a,
    0xac, 0x02, 0xed, 0x0a, 0x89, 0x01, 0x04, 0x00, 0x45, 0x00, 0x45, 0x00,
    0x45, 0x00, 0x45, 0x00, 0x45, 0x00, 0x45, 0x00, 0x45, 0x00, 0x45, 0x00,
    0x45, 0x00, 0x45, 0x00, 0x45, 0x00, 0x45, 0x00, 0x45, 0x00, 0x04, 0x00,
    0xea, 0x01, 0xed, 0x0a, 0xac, 0x0a, 0xac, 0x0a, 0xac, 0x0a, 0xac, 0x0a,
    0xac, 0x0a, 0xac, 0x0a, 0xac, 0x0a, 0xac, 0x0a, 0xac, 0x0a, 0xac, 0x0a,
    0xac, 0x0a, 0xac, 0x0a, 0xac, 0x0a, 0xac, 0x0a, 0xac, 0x0a, 0xac, 0x0a,
    0xac, 0x0a, 0xac, 0x0a, 0xac, 0x0a, 0xac, 0x0a, 0xac, 0x0a, 0xac, 0x0a,
    0xac, 0x0a, 0xac, 0x0a, 0xac, 0x0a, 0xac, 0x0a, 0xac, 0x0a, 0xac, 0x0a,
    0xac, 0x0a, 0xac, 0x0a, 0xac, 0x0a, 0xac, 0x0a, 0xac, 0x0a, 0xac, 0x0a,
    0xac, 0x0a, 0xac, 0x0a, 0xac, 0x0a, 0xac, 0x0a, 0xac, 0x0a, 0xac, 0x0a,
    0xac, 0x0a, 0xac, 0x0a, 0xac, 0x0a, 0xac, 0x0a, 0xac, 0x0a, 0xac, 0x0a,
    0xac, 0x0a, 0xac, 0x0a, 0xac, 0x0a, 0xac, 0x0a, 0xac, 0x0a, 0xac, 0x0a,
    0xac, 0x0a, 0xac, 0x0a, 0xac, 0x0a, 0xac, 0x0a, 0xac, 0x0a, 0xcc, 0x0a,
    0xcd, 0x0a, 0x4c, 0x02, 0xac, 0x02, 0xcf, 0x8c, 0x4f, 0x6c, 0x31, 0xe6,
    0x12, 0xff, 0xd2, 0xfe, 0x71, 0xf6, 0x71, 0xf6, 0x71, 0xf6, 0x71, 0xf6,
    0x71, 0xf6, 0x71, 0xf6, 0x71, 0xf6, 0x71, 0xf6, 0x71, 0xf6, 0x71, 0xf6,
    0x71, 0xf6, 0x71, 0xf6, 0x71, 0xf6, 0x71, 0xf6, 0x71, 0xf6, 0x71, 0xf6,
    0x71, 0xf6, 0x71, 0xf6, 0x71, 0xf6, 0x71, 0xf6, 0x71, 0xf6, 0x71, 0xf6,
    0x71, 0xf6, 0x71, 0xf6, 0x71, 0xf6, 0x71, 0xf6, 0x71, 0xf6, 0x71, 0xf6,
    0x71, 0xf6, 0x71, 0xf6, 0x71, 0xf6, 0x71, 0xf6, 0x71, 0xf6, 0x71, 0xf6,
    0x71, 0xf6, 0x71, 0xf6, 0x71, 0xf6, 0x71, 0xf6, 0x71, 0xf6, 0x71, 0xf6,
    0x71, 0xf6, 0x71, 0xf6, 0x71, 0xf6, 0x71, 0xf6, 0x71, 0xf6, 0x71, 0xf6,
    0x71, 0xf6, 0x71, 0xf6, 0x71, 0xf6, 0xd2, 0xfe, 0x12, 0xff, 0xb0, 0xc5,
    0x6f, 0x74, 0x8f, 0x84, 0x6c, 0x02, 0x8c, 0x02, 0xcd, 0x0a, 0xcc, 0x0a,
    0xac, 0x0a, 0xac, 0x0a, 0xac, 0x0a, 0xac, 0x0a, 0xac, 0x0a, 0xac, 0x0a,
    0xac, 0x0a, 0xac, 0x0a, 0xac, 0x0a, 0xac, 0x0a, 0xac, 0x0a, 0xac, 0x0a,
    0xac, 0x0a, 0xac, 0x0a, 0xac, 0x0a, 0xac, 0x0a, 0xac, 0x0a, 0xac, 0x0a,
    0xac, 0x0a, 0xac, 0x0a, 0xac, 0x0a, 0xac, 0x0a, 0xac, 0x0a, 0xac, 0x0a,
    0xac, 0x0a, 0xac, 0x0a, 0xac, 0x0a, 0xac, 0x0a, 0xac, 0x0a, 0xac, 0x0a,
    0xac, 0x0a, 0xac, 0x0a, 0xac, 0x0a, 0xac, 0x0a, 0xac, 0x0a, 0xac, 0x0a,
    0xac, 0x0a, 0xac, 0x0a, 0xac, 0x0a, 0xac, 0x0a, 0xac, 0x0a, 0xac, 0x0a,
    0xac, 0x0a, 0xac, 0x0a, 0xac, 0x0a, 0xac, 0x0a, 0xac, 0x0a, 0xac, 0x0a,
    0xac, 0x0a, 0xac, 0x0a, 0xac, 0x0a, 0xac, 0x0a, 0xac, 0x0a, 0xac, 0x0a,
    0xac, 0x0a, 0xac, 0x0a, 0xac, 0x02, 0xed, 0x0a, 0x89, 0x01, 0x04, 0x00,
    0x45, 0x00, 0x45, 0x00, 0x45, 0x00, 0x45, 0x00, 0x45, 0x00, 0x45, 0x00,
    0x45, 0x00, 0x45, 0x00, 0x45, 0x00, 0x45, 0x00, 0x45, 0x00, 0x45, 0x00,
    0x45, 0x00, 0x04, 0x00, 0xea, 0x01, 0xed, 0x0a, 0xac, 0x0a, 0xac, 0x0a,
    0xac, 0x0a, 0xac, 0x0a, 0xac, 0x0a, 0xac, 0x0a, 0xac, 0x0a, 0xac, 0x0a,
    0xac, 0x0a, 0xac, 0x0a, 0xac, 0x0a, 0xac, 0x0a, 0xac, 0x0a, 0xac, 0x0a,
    0xac, 0x0a, 0xac, 0x0a, 0xac, 0x0a, 0xac, 0x0a, 0xac, 0x0a, 0xac, 0x0a,
    0xac, 0x0a, 0xac, 0x0a, 0xac, 0x0a, 0xac, 0x0a, 0xac, 0x0a, 0xac, 0x0a,
    0xac, 0x0a, 0xac, 0x0a, 0xac, 0x0a, 0xac, 0x0a, 0xac, 0x0a, 0xac, 0x0a,
    0xac, 0x0a, 0xac, 0x0a, 0xac, 0x0a, 0xac, 0x0a, 0xac, 0x0a, 0xac, 0x0a,
    0xac, 0x0a, 0xac, 0x0a, 0xac, 0x0a, 0xac, 0x0a, 0xac, 0x0a, 0xac, 0x0a,
    0xac, 0x0a, 0xac, 0x0a, 0xac, 0x0a, 0xac, 0x0a, 0xac, 0x0a, 0xac, 0x0a,
    0xac, 0x0a, 0xac, 0x0a, 0xac, 0x0a, 0xac, 0x0a, 0xac, 0x0a, 0xac, 0x0a,
    0xac, 0x0a, 0xac, 0x0a, 0xac, 0x0a, 0xcd, 0x0a, 0xcc, 0x0a, 0x4c, 0x02,
    0x4c, 0x02, 0x6d, 0x33, 0xee, 0x53, 0x4f, 0x6c, 0xf2, 0xfe, 0xb2, 0xfe,
    0x91, 0xfe, 0x91, 0xf6, 0x91, 0xfe, 0x71, 0xf6, 0x71, 0xf6, 0x71, 0xf6,
    0x71, 0xf6, 0x71, 0xf6, 0x71, 0xf6, 0x71, 0xf6, 0x71, 0xf6, 0x71, 0xf6,
    0x71, 0xf6, 0x71, 0xf6, 0x71, 0xf6, 0x71, 0xf6, 0x71, 0xf6, 0x71, 0xf6,
    0x71, 0xf6, 0x71, 0xf6, 0x71, 0xf6, 0x71, 0xf6, 0x71, 0xf6, 0x71, 0xf6,
    0x71, 0xf6, 0x71, 0xf6, 0x71, 0xf6, 0x71, 0xf6, 0x71, 0xf6, 0x71, 0xf6,
    0x71, 0xf6, 0x71, 0xf6, 0x71, 0xf6, 0x71, 0xf6, 0x71, 0xf6, 0x71, 0xf6,
    0x71, 0xf6, 0x71, 0xf6, 0x71, 0xf6, 0x71, 0xf6, 0x71, 0xf6, 0x91, 0xf6,
    0x91, 0xfe, 0x71, 0xf6, 0xb1, 0xfe, 0xd2, 0xfe, 0xb1, 0xfe, 0xee, 0x53,
    0x0e, 0x5c, 0x2d, 0x23, 0x2c, 0x02, 0x6c, 0x02, 0xcd, 0x0a, 0xcc, 0x0a,
    0xac, 0x0a, 0xac, 0x0a, 0xac, 0x0a, 0xac, 0x0a, 0xac, 0x0a, 0xac, 0x0a,
    0xac, 0x0a, 0xac, 0x0a, 0xac, 0x0a, 0xac, 0x0a, 0xac, 0x0a, 0xac, 0x0a,
    0xac, 0x0a, 0xac, 0x0a, 0xac, 0x0a, 0xac, 0x0a, 0xac, 0x0a, 0xac, 0x0a,
    0xac, 0x0a, 0xac, 0x0a, 0xac, 0x0a, 0xac, 0x0a, 0xac, 0x0a, 0xac, 0x0a,
    0xac, 0x0a, 0xac, 0x0a, 0xac, 0x0a, 0xac, 0x0a, 0xac, 0x0a, 0xac, 0x0a,
    0xac, 0x0a, 0xac, 0x0a, 0xac, 0x0a, 0xac, 0x0a, 0xac, 0x0a, 0xac, 0x0a,
    0xac, 0x0a, 0xac, 0x0a, 0xac, 0x0a, 0xac, 0x0a, 0xac, 0x0a, 0xac, 0x0a,
    0xac, 0x0a, 0xac, 0x0a, 0xac, 0x0a, 0xac, 0x0a, 0xac, 0x0a, 0xac, 0x0a,
    0xac, 0x0a, 0xac, 0x0a, 0xac, 0x0a, 0xac, 0x0a, 0xac, 0x0a, 0xac, 0x0a,
    0xac, 0x0a, 0xac, 0x0a, 0xac, 0x0a, 0xac, 0x0a, 0xac, 0x02, 0xed, 0x0a,
    0x89, 0x01, 0x04, 0x00, 0x45, 0x00, 0x45, 0x00, 0x45, 0x00, 0x45, 0x00,
    0x45, 0x00, 0x45, 0x00, 0x45, 0x00, 0x45, 0x00, 0x45, 0x00, 0x45, 0x00,
    0x45, 0x00, 0x45, 0x00, 0x45, 0x00, 0x04, 0x00, 0xea, 0x01, 0xed, 0x0a,
    0xac, 0x0a, 0xac, 0x0a, 0xac, 0x0a, 0xac, 0x0a, 0xac, 0x0a, 0xac, 0x0a,
    0xac, 0x0a, 0xac, 0x0a, 0xac, 0x0a, 0xac, 0x0a, 0xac, 0x0a, 0xac, 0x0a,
    0xac, 0x0a, 0xac, 0x0a, 0xac, 0x0a, 0xac, 0x0a, 0xac, 0x0a, 0xac, 0x0a,
    0xac, 0x0a, 0xac, 0x0a, 0xac, 0x0a, 0xac, 0x0a, 0xac, 0x0a, 0xac, 0x0a,
    0xac, 0x0a, 0xac, 0x0a, 0xac, 0x0a, 0xac, 0x0a, 0xac, 0x0a, 0xac, 0x0a,
    0xac, 0x0a, 0xac, 0x0a, 0xac, 0x0a, 0xac, 0x0a, 0xac, 0x0a, 0xac, 0x0a,
    0xac, 0x0a, 0xac, 0x0a, 0xac, 0x0a, 0xac, 0x0a, 0xac, 0x0a, 0xac, 0x0a,
    0xac, 0x0a, 0xac, 0x0a, 0xac, 0x0a, 0xac, 0x0a, 0xac, 0x0a, 0xac, 0x0a,
    0xac, 0x0a, 0xac, 0x0a, 0xac, 0x0a, 0xac, 0x0a, 0xac, 0x0a, 0xac, 0x0a,
    0xac, 0x0a, 0xac, 0x0a, 0xac, 0x0a, 0xac, 0x0a, 0xac, 0x0a, 0xac, 0x0a,
    0xac, 0x0a, 0xcd, 0x0a, 0xcd, 0x12, 0x8c, 0x02, 0x6c, 0x02, 0x8c, 0x02,
    0x6d, 0x33, 0xed, 0x1a, 0x70, 0xb5, 0xb1, 0xfe, 0x71, 0xee, 0x71, 0xf6,
    0xb1, 0xfe, 0xb1, 0xfe, 0xb1, 0xfe, 0xb1, 0xfe, 0x71, 0xf6, 0x71, 0xf6,
    0x71, 0xf6, 0x71, 0xf6, 0x71, 0xf6, 0x71, 0xf6, 0x71, 0xf6, 0x71, 0xf6,
    0x71, 0xf6, 0x71, 0xf6, 0x71, 0xf6, 0x71, 0xf6, 0x71, 0xf6, 0x71, 0xf6,
    0x71, 0xf6, 0x71, 0xf6, 0x71, 0xf6, 0x71, 0xf6, 0x71, 0xf6, 0x71, 0xf6,
    0x71, 0xf6, 0x71, 0xf6, 0x71, 0xf6, 0x71, 0xf6, 0x71, 0xf6, 0x71, 0xf6,
    0x71, 0xf6, 0x71, 0xf6, 0x71, 0xf6, 0xb1, 0xfe, 0xb1, 0xfe, 0xb1, 0xfe,
    0xb1, 0xfe, 0x71, 0xf6, 0x51, 0xee, 0xb2, 0xfe, 0xcf, 0x8c, 0x0d, 0x1b,
    0x4d, 0x33, 0x8c, 0x02, 0x6c, 0x02, 0xac, 0x02, 0xcd, 0x12, 0xcd, 0x0a,
    0xac, 0x0a, 0xac, 0x0a, 0xac, 0x0a, 0xac, 0x0a, 0xac, 0x0a, 0xac, 0x0a,
    0xac, 0x0a, 0xac, 0x0a, 0xac, 0x0a, 0xac, 0x0a, 0xac, 0x0a, 0xac, 0x0a,
    0xac, 0x0a, 0xac, 0x0a, 0xac, 0x0a, 0xac, 0x0a, 0xac, 0x0a, 0xac, 0x0a,
    0xac, 0x0a, 0xac, 0x0a, 0xac, 0x0a, 0xac, 0x0a, 0xac, 0x0a, 0xac, 0x0a,
    0xac, 0x0a, 0xac, 0x0a, 0xac, 0x0a, 0xac, 0x0a, 0xac, 0x0a, 0xac, 0x0a,
    0xac, 0x0a, 0xac, 0x0a, 0xac, 0x0a, 0xac, 0x0a, 0xac, 0x0a, 0xac, 0x0a,
    0xac, 0x0a, 0xac, 0x0a, 0xac, 0x0a, 0xac, 0x0a, 0xac, 0x0a, 0xac, 0x0a,
    0xac, 0x0a, 0xac, 0x0a, 0xac, 0x0a, 0xac, 0x0a, 0xac, 0x0a, 0xac, 0x0a,
    0xac, 0x0a, 0xac, 0x0a, 0xac, 0x0a, 0xac, 0x0a, 0xac, 0x0a, 0xac, 0x0a,
    0xac, 0x0a, 0xac, 0x0a, 0xac, 0x0a, 0xac, 0x0a, 0xac, 0x0a, 0xac, 0x0a,
    0xac, 0x02, 0xed, 0x0a, 0x89, 0x01, 0x04, 0x00, 0x45, 0x00, 0x45, 0x00,
    0x45, 0x00, 0x45, 0x00, 0x45, 0x00, 0x45, 0x00, 0x45, 0x00, 0x45, 0x00,
    0x45, 0x00, 0x45, 0x00, 0x45, 0x00, 0x45, 0x00, 0x45, 0x00, 0x04, 0x00,
    0xea, 0x01, 0xed, 0x0a, 0xac, 0x0a, 0xac, 0x0a, 0xac, 0x0a, 0xac, 0x0a,
    0xac, 0x0a, 0xac, 0x0a, 0xac, 0x0a, 0xac, 0x0a, 0xac, 0x0a, 0xac, 0x0a,
    0xac, 0x0a, 0xac, 0x0a, 0xac, 0x0a, 0xac, 0x0a, 0xac, 0x0a, 0xac, 0x0a,
    0xac, 0x0a, 0xac, 0x0a, 0xac, 0x0a, 0xac, 0x0a, 0xac, 0x0a, 0xac, 0x0a,
    0xac, 0x0a, 0xac, 0x0a, 0xac, 0x0a, 0xac, 0x0a, 0xac, 0x0a, 0xac, 0x0a,
    0xac, 0x0a, 0xac, 0x0a, 0xac, 0x0a, 0xac, 0x0a, 0xac, 0x0a, 0xac, 0x0a,
    0xac, 0x0a, 0xac, 0x0a, 0xac, 0x0a, 0xac, 0x0a, 0xac, 0x0a, 0xac, 0x0a,
    0xac, 0x0a, 0xac, 0x0a, 0xac, 0x0a, 0xac, 0x0a, 0xac, 0x0a, 0xac, 0x0a,
    0xac, 0x0a, 0xac, 0x0a, 0xac, 0x0a, 0xac, 0x0a, 0xac, 0x0a, 0xac, 0x0a,
    0xac, 0x0a, 0xac, 0x0a, 0xac, 0x0a, 0xac, 0x0a, 0xac, 0x0a, 0xac, 0x0a,
    0xac, 0x0a, 0xac, 0x0a, 0xac, 0x0a, 0xac, 0x0a, 0xac, 0x0a, 0xcc, 0x0a,
    0xcd, 0x0a, 0xcc, 0x0a, 0x8c, 0x02, 0x8c, 0x02, 0xac, 0x0a, 0xcd, 0x12,
    0x8c, 0x02, 0xce, 0x4b, 0x31, 0xe6, 0xf0, 0xcd, 0xf1, 0xcd, 0x11, 0xde,
    0xd2, 0xfe, 0xb2, 0xfe, 0xd2, 0xfe, 0xd2, 0xfe, 0xb2, 0xfe, 0xd2, 0xfe,
    0x91, 0xfe, 0x71, 0xee, 0x71, 0xf6, 0x71, 0xee, 0x71, 0xee, 0x71, 0xee,
    0x71, 0xee, 0x71, 0xee, 0x71, 0xee, 0x71, 0xee, 0x71, 0xee, 0x71, 0xee,
    0x71, 0xee, 0x71, 0xee, 0x71, 0xf6, 0x71, 0xee, 0xb1, 0xfe, 0xd2, 0xfe,
    0xd2, 0xfe, 0xd2, 0xfe, 0xd2, 0xfe, 0xd2, 0xfe, 0xb2, 0xfe, 0xf1, 0xd5,
    0xf1, 0xd5, 0xf1, 0xcd, 0x11, 0xde, 0x4d, 0x2b, 0xac, 0x02, 0xcd, 0x12,
    0xac, 0x02, 0x8c, 0x02, 0x8c, 0x02, 0xcc, 0x0a, 0xcc, 0x0a, 0xcc, 0x0a,
    0xac, 0x0a, 0xac, 0x0a, 0xac, 0x0a, 0xac, 0x0a, 0xac, 0x0a, 0xac, 0x0a,
    0xac, 0x0a, 0xac, 0x0a, 0xac, 0x0a, 0xac, 0x0a, 0xac, 0x0a, 0xac, 0x0a,
    0xac, 0x0a, 0xac, 0x0a, 0xac, 0x0a, 0xac, 0x0a, 0xac, 0x0a, 0xac, 0x0a,
    0xac, 0x0a, 0xac, 0x0a, 0xac, 0x0a, 0xac, 0x0a, 0xac, 0x0a, 0xac, 0x0a,
    0xac, 0x0a, 0xac, 0x0a, 0xac, 0x0a, 0xac, 0x0a, 0xac, 0x0a, 0xac, 0x0a,
    0xac, 0x0a, 0xac, 0x0a, 0xac, 0x0a, 0xac, 0x0a, 0xac, 0x0a, 0xac, 0x0a,
    0xac, 0x0a, 0xac, 0x0a, 0xac, 0x0a, 0xac, 0x0a, 0xac, 0x0a, 0xac, 0x0a,
    0xac, 0x0a, 0xac, 0x0a, 0xac, 0x0a, 0xac, 0x0a, 0xac, 0x0a, 0xac, 0x0a,
    0xac, 0x0a, 0xac, 0x0a, 0xac, 0x0a, 0xac, 0x0a, 0xac, 0x0a, 0xac, 0x0a,
    0xac, 0x0a, 0xac, 0x0a, 0xac, 0x0a, 0xac, 0x0a, 0xac, 0x0a, 0xac, 0x0a,
    0xac, 0x0a, 0xac, 0x0a, 0xac, 0x02, 0xed, 0x0a, 0x89, 0x01, 0x04, 0x00,
    0x45, 0x00, 0x45, 0x00, 0x45, 0x00, 0x45, 0x00, 0x45, 0x00, 0x45, 0x00,
    0x45, 0x00, 0x45, 0x00, 0x45, 0x00, 0x45, 0x00, 0x45, 0x00, 0x45, 0x00,
    0x45, 0x00, 0x04, 0x00, 0xea, 0x01, 0xed, 0x0a, 0xac, 0x0a, 0xac, 0x0a,
    0xac, 0x0a, 0xac, 0x0a, 0xac, 0x0a, 0xac, 0x0a, 0xac, 0x0a, 0xac, 0x0a,
    0xac, 0x0a, 0xac, 0x0a, 0xac, 0x0a, 0xac, 0x0a, 0xac, 0x0a, 0xac, 0x0a,
    0xac, 0x0a, 0xac, 0x0a, 0xac, 0x0a, 0xac, 0x0a, 0xac, 0x0a, 0xac, 0x0a,
    0xac, 0x0a, 0xac, 0x0a, 0xac, 0x0a, 0xac, 0x0a, 0xac, 0x0a, 0xac, 0x0a,
    0xac, 0x0a, 0xac, 0x0a, 0xac, 0x0a, 0xac, 0x0a, 0xac, 0x0a, 0xac, 0x0a,
    0xac, 0x0a, 0xac, 0x0a, 0xac, 0x0a, 0xac, 0x0a, 0xac, 0x0a, 0xac, 0x0a,
    0xac, 0x0a, 0xac, 0x0a, 0xac, 0x0a, 0xac, 0x0a, 0xac, 0x0a, 0xac, 0x0a,
    0xac, 0x0a, 0xac, 0x0a, 0xac, 0x0a, 0xac, 0x0a, 0xac, 0x0a, 0xac, 0x0a,
    0xac, 0x0a, 0xac, 0x0a, 0xac, 0x0a, 0xac, 0x0a, 0xac, 0x0a, 0xac, 0x0a,
    0xac, 0x0a, 0xac, 0x0a, 0xac, 0x0a, 0xac, 0x0a, 0xac, 0x0a, 0xac, 0x0a,
    0xac, 0x0a, 0xac, 0x0a, 0xac, 0x0a, 0xac, 0x0a, 0xcc, 0x0a, 0xcc, 0x0a,
    0xac, 0x02, 0xac, 0x02, 0xac, 0x02, 0xac, 0x02, 0x8c, 0x02, 0x8c, 0x02,
    0x6c, 0x02, 0xed, 0x12, 0x70, 0xb5, 0x50, 0xad, 0x50, 0xad, 0x50, 0xad,
    0x50, 0xad, 0x30, 0xa5, 0x11, 0xde, 0xf2, 0xfe, 0xd2, 0xfe, 0xf2, 0xfe,
    0xf2, 0xfe, 0xf2, 0xfe, 0xf2, 0xfe, 0xf2, 0xfe, 0xf2, 0xfe, 0xf2, 0xfe,
    0xf2, 0xfe, 0xf2, 0xfe, 0xf2, 0xfe, 0xf2, 0xfe, 0xd2, 0xfe, 0xf2, 0xfe,
    0xd0, 0xcd, 0x30, 0xa5, 0x50, 0xad, 0x50, 0xad, 0x50, 0xad, 0x50, 0xad,
    0x30, 0xa5, 0x8c, 0x02, 0x8c, 0x02, 0x8c, 0x02, 0x8c, 0x02, 0xac, 0x02,
    0xac, 0x02, 0xac, 0x02, 0xac, 0x0a, 0xcc, 0x0a, 0xcc, 0x0a, 0xac, 0x0a,
    0xac, 0x0a, 0xac, 0x0a, 0xac, 0x0a, 0xac, 0x0a, 0xac, 0x0a, 0xac, 0x0a,
    0xac, 0x0a, 0xac, 0x0a, 0xac, 0x0a, 0xac, 0x0a, 0xac, 0x0a, 0xac, 0x0a,
    0xac, 0x0a, 0xac, 0x0a, 0xac, 0x0a, 0xac, 0x0a, 0xac, 0x0a, 0xac, 0x0a,
    0xac, 0x0a, 0xac, 0x0a, 0xac, 0x0a, 0xac, 0x0a, 0xac, 0x0a, 0xac, 0x0a,
    0xac, 0x0a, 0xac, 0x0a, 0xac, 0x0a, 0xac, 0x0a, 0xac, 0x0a, 0xac, 0x0a,
    0xac, 0x0a, 0xac, 0x0a, 0xac, 0x0a, 0xac, 0x0a, 0xac, 0x0a, 0xac, 0x0a,
    0xac, 0x0a, 0xac, 0x0a, 0xac, 0x0a, 0xac, 0x0a, 0xac, 0x0a, 0xac, 0x0a,
    0xac, 0x0a, 0xac, 0x0a, 0xac, 0x0a, 0xac, 0x0a, 0xac, 0x0a, 0xac, 0x0a,
    0xac, 0x0a, 0xac, 0x0a, 0xac, 0x0a, 0xac, 0x0a, 0xac, 0x0a, 0xac, 0x0a,
    0xac, 0x0a, 0xac, 0x0a, 0xac, 0x0a, 0xac, 0x0a, 0xac, 0x0a, 0xac, 0x0a,
    0xac, 0x0a, 0xac, 0x0a, 0xac, 0x0a, 0xac, 0x0a, 0xac, 0x02, 0xed, 0x0a,
    0x89, 0x01, 0x04, 0x00, 0x45, 0x00, 0x45, 0x00, 0x45, 0x00, 0x45, 0x00,
    0x45, 0x00, 0x45, 0x00, 0x45, 0x00, 0x45, 0x00, 0x45, 0x00, 0x45, 0x00,
    0x45, 0x00, 0x45, 0x00, 0x45, 0x00, 0x04, 0x00, 0xea, 0x01, 0xed, 0x0a,
    0xac, 0x0a, 0xac, 0x0a, 0xac, 0x0a, 0xac, 0x0a, 0xac, 0x0a, 0xac, 0x0a,
    0xac, 0x0a, 0xac, 0x0a, 0xac, 0x0a, 0xac, 0x0a, 0xac, 0x0a, 0xac, 0x0a,
    0xac, 0x0a, 0xac, 0x0a, 0xac, 0x0a, 0xac, 0x0a, 0xac, 0x0a, 0xac, 0x0a,
    0xac, 0x0a, 0xac, 0x0a, 0xac, 0x0a, 0xac, 0x0a, 0xac, 0x0a, 0xac, 0x0a,
    0xac, 0x0a, 0xac, 0x0a, 0xac, 0x0a, 0xac, 0x0a, 0xac, 0x0a, 0xac, 0x0a,
    0xac, 0x0a, 0xac, 0x0a, 0xac, 0x0a, 0xac, 0x0a, 0xac, 0x0a, 0xac, 0x0a,
    0xac, 0x0a, 0xac, 0x0a, 0xac, 0x0a, 0xac, 0x0a, 0xac, 0x0a, 0xac, 0x0a,
    0xac, 0x0a, 0xac, 0x0a, 0xac, 0x0a, 0xac, 0x0a, 0xac, 0x0a, 0xac, 0x0a,
    0xac, 0x0a, 0xac, 0x0a, 0xac, 0x0a, 0xac, 0x0a, 0xac, 0x0a, 0xac, 0x0a,
    0xac, 0x0a, 0xac, 0x0a, 0xac, 0x0a, 0xac, 0x0a, 0xac, 0x0a, 0xac, 0x0a,
    0xac, 0x0a, 0xac, 0x0a, 0xac, 0x0a, 0xac, 0x0a, 0xac, 0x0a, 0xac, 0x0a,
    0xac, 0x0a, 0xac, 0x0a, 0xac, 0x0a, 0xac, 0x0a, 0xac, 0x0a, 0xac, 0x0a,
    0xcc, 0x0a, 0xcc, 0x0a, 0xcc, 0x0a, 0xac, 0x02, 0x4c, 0x02, 0x4c, 0x02,
    0x4c, 0x02, 0x4c, 0x02, 0x6c, 0x02, 0x2c, 0x02, 0x6d, 0x3b, 0xcf, 0x8c,
    0x8f, 0x7c, 0x8f, 0x7c, 0x8f, 0x7c, 0x8f, 0x7c, 0x8f, 0x7c, 0x8f, 0x7c,
    0x8f, 0x7c, 0x8f, 0x7c, 0x8f, 0x7c, 0x8f, 0x7c, 0x8f, 0x7c, 0x8f, 0x7c,
    0x8f, 0x7c, 0xcf, 0x8c, 0x0d, 0x1b, 0x2c, 0x02, 0x6c, 0x02, 0x4c, 0x02,
    0x4c, 0x02, 0x4c, 0x02, 0x4c, 0x02, 0xcc, 0x0a, 0xcc, 0x0a, 0xcc, 0x0a,
    0xcc, 0x0a, 0xac, 0x0a, 0xac, 0x0a, 0xac, 0x0a, 0xac, 0x0a, 0xac, 0x0a,
    0xac, 0x0a, 0xac, 0x0a, 0xac, 0x0a, 0xac, 0x0a, 0xac, 0x0a, 0xac, 0x0a,
    0xac, 0x0a, 0xac, 0x0a, 0xac, 0x0a, 0xac, 0x0a, 0xac, 0x0a, 0xac, 0x0a,
    0xac, 0x0a, 0xac, 0x0a, 0xac, 0x0a, 0xac, 0x0a, 0xac, 0x0a, 0xac, 0x0a,
    0xac, 0x0a, 0xac, 0x0a, 0xac, 0x0a, 0xac, 0x0a, 0xac, 0x0a, 0xac, 0x0a,
    0xac, 0x0a, 0xac, 0x0a, 0xac, 0x0a, 0xac, 0x0a, 0xac, 0x0a, 0xac, 0x0a,
    0xac, 0x0a, 0xac, 0x0a, 0xac, 0x0a, 0xac, 0x0a, 0xac, 0x0a, 0xac, 0x0a,
    0xac, 0x0a, 0xac, 0x0a, 0xac, 0x0a, 0xac, 0x0a, 0xac, 0x0a, 0xac, 0x0a,
    0xac, 0x0a, 0xac, 0x0a, 0xac, 0x0a, 0xac, 0x0a, 0xac, 0x0a, 0xac, 0x0a,
    0xac, 0x0a, 0xac, 0x0a, 0xac, 0x0a, 0xac, 0x0a, 0xac, 0x0a, 0xac, 0x0a,
    0xac, 0x0a, 0xac, 0x0a, 0xac, 0x0a, 0xac, 0x0a, 0xac, 0x0a, 0xac, 0x0a,
    0xac, 0x0a, 0xac, 0x0a, 0xac, 0x0a, 0xac, 0x0a, 0xac, 0x0a, 0xac, 0x0a,
    0xac, 0x02, 0xed, 0x0a, 0x89, 0x01, 0x04, 0x00, 0x45, 0x00, 0x45, 0x00,
    0x45, 0x00, 0x45, 0x00, 0x45, 0x00, 0x45, 0x00, 0x45, 0x00, 0x45, 0x00,
    0x45, 0x00, 0x45, 0x00, 0x45, 0x00, 0x45, 0x00, 0x45, 0x00, 0x04, 0x00,
    0xea, 0x01, 0xed, 0x0a, 0xac, 0x0a, 0xac, 0x0a, 0xac, 0x0a, 0xac, 0x0a,
    0xac, 0x0a, 0xac, 0x0a, 0xac, 0x0a, 0xac, 0x0a, 0xac, 0x0a, 0xac, 0x0a,
    0xac, 0x0a, 0xac, 0x0a, 0xac, 0x0a, 0xac, 0x0a, 0xac, 0x0a, 0xac, 0x0a,
    0xac, 0x0a, 0xac, 0x0a, 0xac, 0x0a, 0xac, 0x0a, 0xac, 0x0a, 0xac, 0x0a,
    0xac, 0x0a, 0xac, 0x0a, 0xac, 0x0a, 0xac, 0x0a, 0xac, 0x0a, 0xac, 0x0a,
    0xac, 0x0a, 0xac, 0x0a, 0xac, 0x0a, 0xac, 0x0a, 0xac, 0x0a, 0xac, 0x0a,
    0xac, 0x0a, 0xac, 0x0a, 0xac, 0x0a, 0xac, 0x0a, 0xac, 0x0a, 0xac, 0x0a,
    0xac, 0x0a, 0xac, 0x0a, 0xac, 0x0a, 0xac, 0x0a, 0xac, 0x0a, 0xac, 0x0a,
    0xac, 0x0a, 0xac, 0x0a, 0xac, 0x0a, 0xac, 0x0a, 0xac, 0x0a, 0xac, 0x0a,
    0xac, 0x0a, 0xac, 0x0a, 0xac, 0x0a, 0xac, 0x0a, 0xac, 0x0a, 0xac, 0x0a,
    0xac, 0x0a, 0xac, 0x0a, 0xac, 0x0a, 0xac, 0x0a, 0xac, 0x0a, 0xac, 0x0a,
    0xac, 0x0a, 0xac, 0x0a, 0xac, 0x0a, 0xac, 0x0a, 0xac, 0x0a, 0xac, 0x0a,
    0xac, 0x0a, 0xac, 0x0a, 0xac, 0x0a, 0xac, 0x0a, 0xac, 0x0a, 0xac, 0x0a,
    0xcd, 0x0a, 0xcd, 0x0a, 0xcd, 0x0a, 0xcd, 0x0a, 0xcd, 0x0a, 0xcd, 0x12,
    0x8c, 0x02, 0x4c, 0x02, 0x6c, 0x02, 0x4c, 0x02, 0x4c, 0x02, 0x4c, 0x02,
    0x4c, 0x02, 0x4c, 0x02, 0x4c, 0x02, 0x4c, 0x02, 0x4c, 0x02, 0x4c, 0x02,
    0x4c, 0x02, 0x4c, 0x02, 0x6c, 0x02, 0x4c, 0x02, 0xac, 0x02, 0xcd, 0x12,
    0xcd, 0x0a, 0xcd, 0x0a, 0xcd, 0x0a, 0xcd, 0x0a, 0xcd, 0x0a, 0xac, 0x0a,
    0xac, 0x0a, 0xac, 0x0a, 0xac, 0x0a, 0xac, 0x0a, 0xac, 0x0a, 0xac, 0x0a,
    0xac, 0x0a, 0xac, 0x0a, 0xac, 0x0a, 0xac, 0x0a, 0xac, 0x0a, 0xac, 0x0a,
    0xac, 0x0a, 0xac, 0x0a, 0xac, 0x0a, 0xac, 0x0a, 0xac, 0x0a, 0xac, 0x0a,
    0xac, 0x0a, 0xac, 0x0a, 0xac, 0x0a, 0xac, 0x0a, 0xac, 0x0a, 0xac, 0x0a,
    0xac, 0x0a, 0xac, 0x0a, 0xac, 0x0a, 0xac, 0x0a, 0xac, 0x0a, 0xac, 0x0a,
    0xac, 0x0a, 0xac, 0x0a, 0xac, 0x0a, 0xac, 0x0a, 0xac, 0x0a, 0xac, 0x0a,
    0xac, 0x0a, 0xac, 0x0a, 0xac, 0x0a, 0xac, 0x0a, 0xac, 0x0a, 0xac, 0x0a,
    0xac, 0x0a, 0xac, 0x0a, 0xac, 0x0a, 0xac, 0x0a, 0xac, 0x0a, 0xac, 0x0a,
    0xac, 0x0a, 0xac, 0x0a, 0xac, 0x0a, 0xac, 0x0a, 0xac, 0x0a, 0xac, 0x0a,
    0xac, 0x0a, 0xac, 0x0a, 0xac, 0x0a, 0xac, 0x0a, 0xac, 0x0a, 0xac, 0x0a,
    0xac, 0x0a, 0xac, 0x0a, 0xac, 0x0a, 0xac, 0x0a, 0xac, 0x0a, 0xac, 0x0a,
    0xac, 0x0a, 0xac, 0x0a, 0xac, 0x0a, 0xac, 0x0a, 0xac, 0x0a, 0xac, 0x0a,
    0xac, 0x0a, 0xac, 0x0a, 0xac, 0x02, 0xed, 0x0a, 0x89, 0x01, 0x04, 0x00,
    0x45, 0x00, 0x45, 0x00, 0x45, 0x00, 0x45, 0x00, 0x45, 0x00, 0x45, 0x00,
    0x45, 0x00, 0x45, 0x00, 0x45, 0x00, 0x45, 0x00, 0x45, 0x00, 0x45, 0x00,
    0x45, 0x00, 0x04, 0x00, 0xea, 0x01, 0xed, 0x0a, 0xac, 0x0a, 0xac, 0x0a,
    0xac, 0x0a, 0xac, 0x0a, 0xac, 0x0a, 0xac, 0x0a, 0xac, 0x0a, 0xac, 0x0a,
    0xac, 0x0a, 0xac, 0x0a, 0xac, 0x0a, 0xac, 0x0a, 0xac, 0x0a, 0xac, 0x0a,
    0xac, 0x0a, 0xac, 0x0a, 0xac, 0x0a, 0xac, 0x0a, 0xac, 0x0a, 0xac, 0x0a,
    0xac, 0x0a, 0xac, 0x0a, 0xac, 0x0a, 0xac, 0x0a, 0xac, 0x0a, 0xac, 0x0a,
    0xac, 0x0a, 0xac, 0x0a, 0xac, 0x0a, 0xac, 0x0a, 0xac, 0x0a, 0xac, 0x0a,
    0xac, 0x0a, 0xac, 0x0a, 0xac, 0x0a, 0xac, 0x0a, 0xac, 0x0a, 0xac, 0x0a,
    0xac, 0x0a, 0xac, 0x0a, 0xac, 0x0a, 0xac, 0x0a, 0xac, 0x0a, 0xac, 0x0a,
    0xac, 0x0a, 0xac, 0x0a, 0xac, 0x0a, 0xac, 0x0a, 0xac, 0x0a, 0xac, 0x0a,
    0xac, 0x0a, 0xac, 0x0a, 0xac, 0x0a, 0xac, 0x0a, 0xac, 0x0a, 0xac, 0x0a,
    0xac, 0x0a, 0xac, 0x0a, 0xac, 0x0a, 0xac, 0x0a, 0xac, 0x0a, 0xac, 0x0a,
    0xac, 0x0a, 0xac, 0x0a, 0xac, 0x0a, 0xac, 0x0a, 0xac, 0x0a, 0xac, 0x0a,
    0xac, 0x0a, 0xac, 0x0a, 0xac, 0x0a, 0xac, 0x0a, 0xac, 0x0a, 0xac, 0x0a,
    0xac, 0x0a, 0xac, 0x0a, 0xac, 0x0a, 0xac, 0x0a, 0xac, 0x0a, 0xac, 0x0a,
    0xac, 0x0a, 0xac, 0x0a, 0xcc, 0x0a, 0xcd, 0x0a, 0xcd, 0x0a, 0xcd, 0x0a,
    0xcd, 0x0a, 0xcd, 0x0a, 0xcd, 0x0a, 0xcd, 0x0a, 0xcd, 0x0a, 0xcd, 0x0a,
    0xcd, 0x0a, 0xcd, 0x0a, 0xcd, 0x0a, 0xcd, 0x0a, 0xcd, 0x0a, 0xcd, 0x0a,
    0xcc, 0x0a, 0xac, 0x0a, 0xac, 0x0a, 0xac, 0x0a, 0xac, 0x0a, 0xac, 0x0a,
    0xac, 0x0a, 0xac, 0x0a, 0xac, 0x0a, 0xac, 0x0a, 0xac, 0x0a, 0xac, 0x0a,
    0xac, 0x0a, 0xac, 0x0a, 0xac, 0x0a, 0xac, 0x0a, 0xac, 0x0a, 0xac, 0x0a,
    0xac, 0x0a, 0xac, 0x0a, 0xac, 0x0a, 0xac, 0x0a, 0xac, 0x0a, 0xac, 0x0a,
    0xac, 0x0a, 0xac, 0x0a, 0xac, 0x0a, 0xac, 0x0a, 0xac, 0x0a, 0xac, 0x0a,
    0xac, 0x0a, 0xac, 0x0a, 0xac, 0x0a, 0xac, 0x0a, 0xac, 0x0a, 0xac, 0x0a,
    0xac, 0x0a, 0xac, 0x0a, 0xac, 0x0a, 0xac, 0x0a, 0xac, 0x0a, 0xac, 0x0a,
    0xac, 0x0a, 0xac, 0x0a, 0xac, 0x0a, 0xac, 0x0a, 0xac, 0x0a, 0xac, 0x0a,
    0xac, 0x0a, 0xac, 0x0a, 0xac, 0x0a, 0xac, 0x0a, 0xac, 0x0a, 0xac, 0x0a,
    0xac, 0x0a, 0xac, 0x0a, 0xac, 0x0a, 0xac, 0x0a, 0xac, 0x0a, 0xac, 0x0a,
    0xac, 0x0a, 0xac, 0x0a, 0xac, 0x0a, 0xac, 0x0a, 0xac, 0x0a, 0xac, 0x0a,
    0xac, 0x0a, 0xac, 0x0a, 0xac, 0x0a, 0xac, 0x0a, 0xac, 0x0a, 0xac, 0x0a,
    0xac, 0x0a, 0xac, 0x0a, 0xac, 0x0a, 0xac, 0x0a, 0xac, 0x0a, 0xac, 0x0a,
    0xac, 0x0a, 0xac, 0x0a, 0xac, 0x0a, 0xac, 0x0a, 0xac, 0x02, 0xed, 0x0a,
    0x69, 0x01, 0x04, 0x00, 0x45, 0x00, 0x45, 0x00, 0x45, 0x00, 0x45, 0x00,
    0x45, 0x00, 0x45, 0x00, 0x45, 0x00, 0x45, 0x00, 0x45, 0x00, 0x45, 0x00,
    0x45, 0x00, 0x45, 0x00, 0x45, 0x00, 0x45, 0x00, 0x25, 0x00, 0x4b, 0x02,
    0xcd, 0x0a, 0xac, 0x0a, 0xac, 0x0a, 0xac, 0x0a, 0xac, 0x0a, 0xac, 0x0a,
    0xac, 0x0a, 0xac, 0x0a, 0xac, 0x0a, 0xac, 0x0a, 0xac, 0x0a, 0xac, 0x0a,
    0xac, 0x0a, 0xac, 0x0a, 0xac, 0x0a, 0xac, 0x0a, 0xac, 0x0a, 0xac, 0x0a,
    0xac, 0x0a, 0xac, 0x0a, 0xac, 0x0a, 0xac, 0x0a, 0xac, 0x0a, 0xac, 0x0a,
    0xac, 0x0a, 0xac, 0x0a, 0xac, 0x0a, 0xac, 0x0a, 0xac, 0x0a, 0xac, 0x0a,
    0xac, 0x0a, 0xac, 0x0a, 0xac, 0x0a, 0xac, 0x0a, 0xac, 0x0a, 0xac, 0x0a,
    0xac, 0x0a, 0xac, 0x0a, 0xac, 0x0a, 0xac, 0x0a, 0xac, 0x0a, 0xac, 0x0a,
    0xac, 0x0a, 0xac, 0x0a, 0xac, 0x0a, 0xac, 0x0a, 0xac, 0x0a, 0xac, 0x0a,
    0xac, 0x0a, 0xac, 0x0a, 0xac, 0x0a, 0xac, 0x0a, 0xac, 0x0a, 0xac, 0x0a,
    0xac, 0x0a, 0xac, 0x0a, 0xac, 0x0a, 0xac, 0x0a, 0xac, 0x0a, 0xac, 0x0a,
    0xac, 0x0a, 0xac, 0x0a, 0xac, 0x0a, 0xac, 0x0a, 0xac, 0x0a, 0xac, 0x0a,
    0xac, 0x0a, 0xac, 0x0a, 0xac, 0x0a, 0xac, 0x0a, 0xac, 0x0a, 0xac, 0x0a,
    0xac, 0x0a, 0xac, 0x0a, 0xac, 0x0a, 0xac, 0x0a, 0xac, 0x0a, 0xac, 0x0a,
    0xac, 0x0a, 0xac, 0x0a, 0xac, 0x0a, 0xac, 0x0a, 0xac, 0x0a, 0xac, 0x0a,
    0xac, 0x0a, 0xac, 0x0a, 0xac, 0x0a, 0xac, 0x0a, 0xac, 0x0a, 0xac, 0x0a,
    0xac, 0x0a, 0xac, 0x0a, 0xac, 0x0a, 0xac, 0x0a, 0xac, 0x0a, 0xac, 0x0a,
    0xac, 0x0a, 0xac, 0x0a, 0xac, 0x0a, 0xac, 0x0a, 0xac, 0x0a, 0xac, 0x0a,
    0xac, 0x0a, 0xac, 0x0a, 0xac, 0x0a, 0xac, 0x0a, 0xac, 0x0a, 0xac, 0x0a,
    0xac, 0x0a, 0xac, 0x0a, 0xac, 0x0a, 0xac, 0x0a, 0xac, 0x0a, 0xac, 0x0a,
    0xac, 0x0a, 0xac, 0x0a, 0xac, 0x0a, 0xac, 0x0a, 0xac, 0x0a, 0xac, 0x0a,
    0xac, 0x0a, 0xac, 0x0a, 0xac, 0x0a, 0xac, 0x0a, 0xac, 0x0a, 0xac, 0x0a,
    0xac, 0x0a, 0xac, 0x0a, 0xac, 0x0a, 0xac, 0x0a, 0xac, 0x0a, 0xac, 0x0a,
    0xac, 0x0a, 0xac, 0x0a, 0xac, 0x0a, 0xac, 0x0a, 0xac, 0x0a, 0xac, 0x0a,
    0xac, 0x0a, 0xac, 0x0a, 0xac, 0x0a, 0xac, 0x0a, 0xac, 0x0a, 0xac, 0x0a,
    0xac, 0x0a, 0xac, 0x0a, 0xac, 0x0a, 0xac, 0x0a, 0xac, 0x0a, 0xac, 0x0a,
    0xac, 0x0a, 0xac, 0x0a, 0xac, 0x0a, 0xac, 0x0a, 0xac, 0x0a, 0xac, 0x0a,
    0xac, 0x0a, 0xac, 0x0a, 0xac, 0x0a, 0xac, 0x0a, 0xac, 0x0a, 0xac, 0x0a,
    0xac, 0x0a, 0xac, 0x0a, 0xac, 0x0a, 0xac, 0x0a, 0xac, 0x0a, 0xac, 0x0a,
    0xac, 0x0a, 0xac, 0x0a, 0xac, 0x0a, 0xac, 0x0a, 0xac, 0x0a, 0xac, 0x0a,
    0xac, 0x0a, 0xac, 0x0a, 0xac, 0x0a, 0xac, 0x0a, 0xac, 0x0a, 0xac, 0x0a,
    0xed, 0x0a, 0x0a, 0x02, 0x04, 0x00, 0x45, 0x00, 0x45, 0x00, 0x45, 0x00,
    0x45, 0x00, 0x45, 0x00, 0x45, 0x00, 0x45, 0x00, 0x45, 0x00, 0x45, 0x00,
    0x45, 0x00, 0x45, 0x00, 0x45, 0x00, 0x45, 0x00, 0x45, 0x00, 0x45, 0x00,
    0x24, 0x00, 0x4b, 0x02, 0xcd, 0x0a, 0xac, 0x0a, 0xac, 0x0a, 0xac, 0x0a,
    0xac, 0x0a, 0xac, 0x0a, 0xac, 0x0a, 0xac, 0x0a, 0xac, 0x0a, 0xac, 0x0a,
    0xac, 0x0a, 0xac, 0x0a, 0xac, 0x0a, 0xac, 0x0a, 0xac, 0x0a, 0xac, 0x0a,
    0xac, 0x0a, 0xac, 0x0a, 0xac, 0x0a, 0xac, 0x0a, 0xac, 0x0a, 0xac, 0x0a,
    0xac, 0x0a, 0xac, 0x0a, 0xac, 0x0a, 0xac, 0x0a, 0xac, 0x0a, 0xac, 0x0a,
    0xac, 0x0a, 0xac, 0x0a, 0xac, 0x0a, 0xac, 0x0a, 0xac, 0x0a, 0xac, 0x0a,
    0xac, 0x0a, 0xac, 0x0a, 0xac, 0x0a, 0xac, 0x0a, 0xac, 0x0a, 0xac, 0x0a,
    0xac, 0x0a, 0xac, 0x0a, 0xac, 0x0a, 0xac, 0x0a, 0xac, 0x0a, 0xac, 0x0a,
    0xac, 0x0a, 0xac, 0x0a, 0xac, 0x0a, 0xac, 0x0a, 0xac, 0x0a, 0xac, 0x0a,
    0xac, 0x0a, 0xac, 0x0a, 0xac, 0x0a, 0xac, 0x0a, 0xac, 0x0a, 0xac, 0x0a,
    0xac, 0x0a, 0xac, 0x0a, 0xac, 0x0a, 0xac, 0x0a, 0xac, 0x0a, 0xac, 0x0a,
    0xac, 0x0a, 0xac, 0x0a, 0xac, 0x0a, 0xac, 0x0a, 0xac, 0x0a, 0xac, 0x0a,
    0xac, 0x0a, 0xac, 0x0a, 0xac, 0x0a, 0xac, 0x0a, 0xac, 0x0a, 0xac, 0x0a,
    0xac, 0x0a, 0xac, 0x0a, 0xac, 0x0a, 0xac, 0x0a, 0xac, 0x0a, 0xac, 0x0a,
    0xac, 0x0a, 0xac, 0x0a, 0xac, 0x0a, 0xac, 0x0a, 0xac, 0x0a, 0xac, 0x0a,
    0xac, 0x0a, 0xac, 0x0a, 0xac, 0x0a, 0xac, 0x0a, 0xac, 0x0a, 0xac, 0x0a,
    0xac, 0x0a, 0xac, 0x0a, 0xac, 0x0a, 0xac, 0x0a, 0xac, 0x0a, 0xac, 0x0a,
    0xac, 0x0a, 0xac, 0x0a, 0xac, 0x0a, 0xac, 0x0a, 0xac, 0x0a, 0xac, 0x0a,
    0xac, 0x0a, 0xac, 0x0a, 0xac, 0x0a, 0xac, 0x0a, 0xac, 0x0a, 0xac, 0x0a,
    0xac, 0x0a, 0xac, 0x0a, 0xac, 0x0a, 0xac, 0x0a, 0xac, 0x0a, 0xac, 0x0a,
    0xac, 0x0a, 0xac, 0x0a, 0xac, 0x0a, 0xac, 0x0a, 0xac, 0x0a, 0xac, 0x0a,
    0xac, 0x0a, 0xac, 0x0a, 0xac, 0x0a, 0xac, 0x0a, 0xac, 0x0a, 0xac, 0x0a,
    0xac, 0x0a, 0xac, 0x0a, 0xac, 0x0a, 0xac, 0x0a, 0xac, 0x0a, 0xac, 0x0a,
    0xac, 0x0a, 0xac, 0x0a, 0xac, 0x0a, 0xac, 0x0a, 0xac, 0x0a, 0xac, 0x0a,
    0xac, 0x0a, 0xac, 0x0a, 0xac, 0x0a, 0xac, 0x0a, 0xac, 0x0a, 0xac, 0x0a,
    0xac, 0x0a, 0xac, 0x0a, 0xac, 0x0a, 0xac, 0x0a, 0xac, 0x0a, 0xac, 0x0a,
    0xac, 0x0a, 0xac, 0x0a, 0xac, 0x0a, 0xac, 0x0a, 0xac, 0x0a, 0xac, 0x0a,
    0xac, 0x0a, 0xac, 0x0a, 0xac, 0x0a, 0xac, 0x0a, 0xac, 0x0a, 0xac, 0x0a,
    0xac, 0x0a, 0xac, 0x0a, 0xac, 0x0a, 0xac, 0x0a, 0xac, 0x0a, 0xac, 0x0a,
    0xac, 0x0a, 0xac, 0x0a, 0xac, 0x0a, 0xac, 0x0a, 0xac, 0x0a, 0xac, 0x0a,
    0xac, 0x0a, 0xac, 0x0a, 0xed, 0x0a, 0xea, 0x01, 0x04, 0x00, 0x45, 0x00,
    0x45, 0x00, 0x45, 0x00, 0x45, 0x00, 0x45, 0x00, 0x45, 0x00, 0x45, 0x00,
    0x45, 0x00, 0x45, 0x00, 0x45, 0x00, 0x45, 0x00, 0x45, 0x00, 0x45, 0x00,
    0x45, 0x00, 0x45, 0x00, 0x24, 0x00, 0x4b, 0x02, 0xcd, 0x0a, 0xac, 0x0a,
    0xac, 0x0a, 0xac, 0x0a, 0xac, 0x0a, 0xac, 0x0a, 0xac, 0x0a, 0xac, 0x0a,
    0xac, 0x0a, 0xac, 0x0a, 0xac, 0x0a, 0xac, 0x0a, 0xac, 0x0a, 0xac, 0x0a,
    0xac, 0x0a, 0xac, 0x0a, 0xac, 0x0a, 0xac, 0x0a, 0xac, 0x0a, 0xac, 0x0a,
    0xac, 0x0a, 0xac, 0x0a, 0xac, 0x0a, 0xac, 0x0a, 0xac, 0x0a, 0xac, 0x0a,
    0xac, 0x0a, 0xac, 0x0a, 0xac, 0x0a, 0xac, 0x0a, 0xac, 0x0a, 0xac, 0x0a,
    0xac, 0x0a, 0xac, 0x0a, 0xac, 0x0a, 0xac, 0x0a, 0xac, 0x0a, 0xac, 0x0a,
    0xac, 0x0a, 0xac, 0x0a, 0xac, 0x0a, 0xac, 0x0a, 0xac, 0x0a, 0xac, 0x0a,
    0xac, 0x0a, 0xac, 0x0a, 0xac, 0x0a, 0xac, 0x0a, 0xac, 0x0a, 0xac, 0x0a,
    0xac, 0x0a, 0xac, 0x0a, 0xac, 0x0a, 0xac, 0x0a, 0xac, 0x0a, 0xac, 0x0a,
    0xac, 0x0a, 0xac, 0x0a, 0xac, 0x0a, 0xac, 0x0a, 0xac, 0x0a, 0xac, 0x0a,
    0xac, 0x0a, 0xac, 0x0a, 0xac, 0x0a, 0xac, 0x0a, 0xac, 0x0a, 0xac, 0x0a,
    0xac, 0x0a, 0xac, 0x0a, 0xac, 0x0a, 0xac, 0x0a, 0xac, 0x0a, 0xac, 0x0a,
    0xac, 0x0a, 0xac, 0x0a, 0xac, 0x0a, 0xac, 0x0a, 0xac, 0x0a, 0xac, 0x0a,
    0xac, 0x0a, 0xac, 0x0a, 0xac, 0x0a, 0xac, 0x0a, 0xac, 0x0a, 0xac, 0x0a,
    0xac, 0x0a, 0xac, 0x0a, 0xac, 0x0a, 0xac, 0x0a, 0xac, 0x0a, 0xac, 0x0a,
    0xac, 0x0a, 0xac, 0x0a, 0xac, 0x0a, 0xac, 0x0a, 0xac, 0x0a, 0xac, 0x0a,
    0xac, 0x0a, 0xac, 0x0a, 0xac, 0x0a, 0xac, 0x0a, 0xac, 0x0a, 0xac, 0x0a,
    0xac, 0x0a, 0xac, 0x0a, 0xac, 0x0a, 0xac, 0x0a, 0xac, 0x0a, 0xac, 0x0a,
    0xac, 0x0a, 0xac, 0x0a, 0xac, 0x0a, 0xac, 0x0a, 0xac, 0x0a, 0xac, 0x0a,
    0xac, 0x0a, 0xac, 0x0a, 0xac, 0x0a, 0xac, 0x0a, 0xac, 0x0a, 0xac, 0x0a,
    0xac, 0x0a, 0xac, 0x0a, 0xac, 0x0a, 0xac, 0x0a, 0xac, 0x0a, 0xac, 0x0a,
    0xac, 0x0a, 0xac, 0x0a, 0xac, 0x0a, 0xac, 0x0a, 0xac, 0x0a, 0xac, 0x0a,
    0xac, 0x0a, 0xac, 0x0a, 0xac, 0x0a, 0xac, 0x0a, 0xac, 0x0a, 0xac, 0x0a,
    0xac, 0x0a, 0xac, 0x0a, 0xac, 0x0a, 0xac, 0x0a, 0xac, 0x0a, 0xac, 0x0a,
    0xac, 0x0a, 0xac, 0x0a, 0xac, 0x0a, 0xac, 0x0a, 0xac, 0x0a, 0xac, 0x0a,
    0xac, 0x0a, 0xac, 0x0a, 0xac, 0x0a, 0xac, 0x0a, 0xac, 0x0a, 0xac, 0x0a,
    0xac, 0x0a, 0xac, 0x0a, 0xac, 0x0a, 0xac, 0x0a, 0xac, 0x0a, 0xac, 0x0a,
    0xac, 0x0a, 0xac, 0x0a, 0xac, 0x0a, 0xac, 0x0a, 0xac, 0x0a, 0xac, 0x0a,
    0xac, 0x0a, 0xac, 0x0a, 0xac, 0x0a, 0xac, 0x0a, 0xac, 0x0a, 0xac, 0x0a,
    0xac, 0x0a, 0xac, 0x0a, 0xac, 0x0a, 0xac, 0x0a, 0xed, 0x0a, 0xea, 0x01,
    0x04, 0x00, 0x45, 0x00, 0x45, 0x00, 0x45, 0x00, 0x45, 0x00, 0x45, 0x00,
    0x45, 0x00, 0x45, 0x00, 0x45, 0x00, 0x45, 0x00, 0x45, 0x00, 0x45, 0x00,
    0x45, 0x00, 0x45, 0x00, 0x45, 0x00, 0x45, 0x00, 0x24, 0x00, 0x8c, 0x02,
    0xcd, 0x0a, 0xac, 0x0a, 0xac, 0x0a, 0xac, 0x0a, 0xac, 0x0a, 0xac, 0x0a,
    0xac, 0x0a, 0xac, 0x0a, 0xac, 0x0a, 0xac, 0x0a, 0xac, 0x0a, 0xac, 0x0a,
    0xac, 0x0a, 0xac, 0x0a, 0xac, 0x0a, 0xac, 0x0a, 0xac, 0x0a, 0xac, 0x0a,
    0xac, 0x0a, 0xac, 0x0a, 0xac, 0x0a, 0xac, 0x0a, 0xac, 0x0a, 0xac, 0x0a,
    0xac, 0x0a, 0xac, 0x0a, 0xac, 0x0a, 0xac, 0x0a, 0xac, 0x0a, 0xac, 0x0a,
    0xac, 0x0a, 0xac, 0x0a, 0xac, 0x0a, 0xac, 0x0a, 0xac, 0x0a, 0xac, 0x0a,
    0xac, 0x0a, 0xac, 0x0a, 0xac, 0x0a, 0xac, 0x0a, 0xac, 0x0a, 0xac, 0x0a,
    0xac, 0x0a, 0xac, 0x0a, 0xac, 0x0a, 0xac, 0x0a, 0xac, 0x0a, 0xac, 0x0a,
    0xac, 0x0a, 0xac, 0x0a, 0xac, 0x0a, 0xac, 0x0a, 0xac, 0x0a, 0xac, 0x0a,
    0xac, 0x0a, 0xac, 0x0a, 0xac, 0x0a, 0xac, 0x0a, 0xac, 0x0a, 0xac, 0x0a,
    0xac, 0x0a, 0xac, 0x0a, 0xac, 0x0a, 0xac, 0x0a, 0xac, 0x0a, 0xac, 0x0a,
    0xac, 0x0a, 0xac, 0x0a, 0xac, 0x0a, 0xac, 0x0a, 0xac, 0x0a, 0xac, 0x0a,
    0xac, 0x0a, 0xac, 0x0a, 0xac, 0x0a, 0xac, 0x0a, 0xac, 0x0a, 0xac, 0x0a,
    0xac, 0x0a, 0xac, 0x0a, 0xac, 0x0a, 0xac, 0x0a, 0xac, 0x0a, 0xac, 0x0a,
    0xac, 0x0a, 0xac, 0x0a, 0xac, 0x0a, 0xac, 0x0a, 0xac, 0x0a, 0xac, 0x0a,
    0xac, 0x0a, 0xac, 0x0a, 0xac, 0x0a, 0xac, 0x0a, 0xac, 0x0a, 0xac, 0x0a,
    0xac, 0x0a, 0xac, 0x0a, 0xac, 0x0a, 0xac, 0x0a, 0xac, 0x0a, 0xac, 0x0a,
    0xac, 0x0a, 0xac, 0x0a, 0xac, 0x0a, 0xac, 0x0a, 0xac, 0x0a, 0xac, 0x0a,
    0xac, 0x0a, 0xac, 0x0a, 0xac, 0x0a, 0xac, 0x0a, 0xac, 0x0a, 0xac, 0x0a,
    0xac, 0x0a, 0xac, 0x0a, 0xac, 0x0a, 0xac, 0x0a, 0xac, 0x0a, 0xac, 0x0a,
    0xac, 0x0a, 0xac, 0x0a, 0xac, 0x0a, 0xac, 0x0a, 0xac, 0x0a, 0xac, 0x0a,
    0xac, 0x0a, 0xac, 0x0a, 0xac, 0x0a, 0xac, 0x0a, 0xac, 0x0a, 0xac, 0x0a,
    0xac, 0x0a, 0xac, 0x0a, 0xac, 0x0a, 0xac, 0x0a, 0xac, 0x0a, 0xac, 0x0a,
    0xac, 0x0a, 0xac, 0x0a, 0xac, 0x0a, 0xac, 0x0a, 0xac, 0x0a, 0xac, 0x0a,
    0xac, 0x0a, 0xac, 0x0a, 0xac, 0x0a, 0xac, 0x0a, 0xac, 0x0a, 0xac, 0x0a,
    0xac, 0x0a, 0xac, 0x0a, 0xac, 0x0a, 0xac, 0x0a, 0xac, 0x0a, 0xac, 0x0a,
    0xac, 0x0a, 0xac, 0x0a, 0xac, 0x0a, 0xac, 0x0a, 0xac, 0x0a, 0xac, 0x0a,
    0xac, 0x0a, 0xac, 0x0a, 0xac, 0x0a, 0xac, 0x0a, 0xac, 0x0a, 0xac, 0x0a,
    0xac, 0x0a, 0xac, 0x0a, 0xac, 0x0a, 0xac, 0x0a, 0xac, 0x0a, 0xac, 0x0a,
    0xac, 0x0a, 0xac, 0x0a, 0xac, 0x0a, 0xac, 0x0a, 0xac, 0x0a, 0xac, 0x0a,
    0xed, 0x0a, 0x0a, 0x02, 0x04, 0x00, 0x45, 0x00, 0x45, 0x00, 0x45, 0x00,
    0x45, 0x00, 0x45, 0x00, 0x45, 0x00, 0x45, 0x00, 0x45, 0x00, 0x45, 0x00,
    0x45, 0x00, 0x45, 0x00, 0x45, 0x00, 0x45, 0x00, 0x45, 0x00, 0x45, 0x00,
    0x45, 0x00, 0xa6, 0x00, 0xac, 0x02, 0xcc, 0x0a, 0xac, 0x0a, 0xac, 0x0a,
    0xac, 0x0a, 0xac, 0x0a, 0xac, 0x0a, 0xac, 0x0a, 0xac, 0x0a, 0xac, 0x0a,
    0xac, 0x0a, 0xac, 0x0a, 0xac, 0x0a, 0xac, 0x0a, 0xac, 0x0a, 0xac, 0x0a,
    0xac, 0x0a, 0xac, 0x0a, 0xac, 0x0a, 0xac, 0x0a, 0xac, 0x0a, 0xac, 0x0a,
    0xac, 0x0a, 0xac, 0x0a, 0xac, 0x0a, 0xac, 0x0a, 0xac, 0x0a, 0xac, 0x0a,
    0xac, 0x0a, 0xac, 0x0a, 0xac, 0x0a, 0xac, 0x0a, 0xac, 0x0a, 0xac, 0x0a,
    0xac, 0x0a, 0xac, 0x0a, 0xac, 0x0a, 0xac, 0x0a, 0xac, 0x0a, 0xac, 0x0a,
    0xac, 0x0a, 0xac, 0x0a, 0xac, 0x0a, 0xac, 0x0a, 0xac, 0x0a, 0xac, 0x0a,
    0xac, 0x0a, 0xac, 0x0a, 0xac, 0x0a, 0xac, 0x0a, 0xac, 0x0a, 0xac, 0x0a,
    0xac, 0x0a, 0xac, 0x0a, 0xac, 0x0a, 0xac, 0x0a, 0xac, 0x0a, 0xac, 0x0a,
    0xac, 0x0a, 0xac, 0x0a, 0xac, 0x0a, 0xac, 0x0a, 0xac, 0x0a, 0xac, 0x0a,
    0xac, 0x0a, 0xac, 0x0a, 0xac, 0x0a, 0xac, 0x0a, 0xac, 0x0a, 0xac, 0x0a,
    0xac, 0x0a, 0xac, 0x0a, 0xac, 0x0a, 0xac, 0x0a, 0xac, 0x0a, 0xac, 0x0a,
    0xac, 0x0a, 0xac, 0x0a, 0xac, 0x0a, 0xac, 0x0a, 0xac, 0x0a, 0xac, 0x0a,
    0xac, 0x0a, 0xac, 0x0a, 0xac, 0x0a, 0xac, 0x0a, 0xac, 0x0a, 0xac, 0x0a,
    0xac, 0x0a, 0xac, 0x0a, 0xac, 0x0a, 0xac, 0x0a, 0xac, 0x0a, 0xac, 0x0a,
    0xac, 0x0a, 0xac, 0x0a, 0xac, 0x0a, 0xac, 0x0a, 0xac, 0x0a, 0xac, 0x0a,
    0xac, 0x0a, 0xac, 0x0a, 0xac, 0x0a, 0xac, 0x0a, 0xac, 0x0a, 0xac, 0x0a,
    0xac, 0x0a, 0xac, 0x0a, 0xac, 0x0a, 0xac, 0x0a, 0xac, 0x0a, 0xac, 0x0a,
    0xac, 0x0a, 0xac, 0x0a, 0xac, 0x0a, 0xac, 0x0a, 0xac, 0x0a, 0xac, 0x0a,
    0xac, 0x0a, 0xac, 0x0a, 0xac, 0x0a, 0xac, 0x0a, 0xac, 0x0a, 0xac, 0x0a,
    0xac, 0x0a, 0xac, 0x0a, 0xac, 0x0a, 0xac, 0x0a, 0xac, 0x0a, 0xac, 0x0a,
    0xac, 0x0a, 0xac, 0x0a, 0xac, 0x0a, 0xac, 0x0a, 0xac, 0x0a, 0xac, 0x0a,
    0xac, 0x0a, 0xac, 0x0a, 0xac, 0x0a, 0xac, 0x0a, 0xac, 0x0a, 0xac, 0x0a,
    0xac, 0x0a, 0xac, 0x0a, 0xac, 0x0a, 0xac, 0x0a, 0xac, 0x0a, 0xac, 0x0a,
    0xac, 0x0a, 0xac, 0x0a, 0xac, 0x0a, 0xac, 0x0a, 0xac, 0x0a, 0xac, 0x0a,
    0xac, 0x0a, 0xac, 0x0a, 0xac, 0x0a, 0xac, 0x0a, 0xac, 0x0a, 0xac, 0x0a,
    0xac, 0x0a, 0xac, 0x0a, 0xac, 0x0a, 0xac, 0x0a, 0xac, 0x0a, 0xac, 0x0a,
    0xac, 0x0a, 0xac, 0x0a, 0xac, 0x0a, 0xac, 0x0a, 0xac, 0x0a, 0xac, 0x0a,
    0xac, 0x0a, 0xac, 0x0a, 0xac, 0x0a, 0xac, 0x0a, 0xac, 0x0a, 0xac, 0x0a,
    0xac, 0x0a, 0xcd, 0x0a, 0x6c, 0x02, 0x65, 0x00, 0x45, 0x00, 0x45, 0x00,
    0x45, 0x00, 0x45, 0x00, 0x45, 0x00, 0x45, 0x00, 0x45, 0x00, 0x45, 0x00,
    0x45, 0x00, 0x45, 0x00, 0x45, 0x00, 0x45, 0x00, 0x45, 0x00, 0x45, 0x00,
    0x45, 0x00, 0x45, 0x00, 0x45, 0x00, 0x45, 0x00, 0xcd, 0x0a, 0xcc, 0x0a,
    0xac, 0x0a, 0xac, 0x0a, 0xac, 0x0a, 0xac, 0x0a, 0xac, 0x0a, 0xac, 0x0a,
    0xac, 0x0a, 0xac, 0x0a, 0xac, 0x0a, 0xac, 0x0a, 0xac, 0x0a, 0xac, 0x0a,
    0xac, 0x0a, 0xac, 0x0a, 0xac, 0x0a, 0xac, 0x0a, 0xac, 0x0a, 0xac, 0x0a,
    0xac, 0x0a, 0xac, 0x0a, 0xac, 0x0a, 0xac, 0x0a, 0xac, 0x0a, 0xac, 0x0a,
    0xac, 0x0a, 0xac, 0x0a, 0xac, 0x0a, 0xac, 0x0a, 0xac, 0x0a, 0xac, 0x0a,
    0xac, 0x0a, 0xac, 0x0a, 0xac, 0x0a, 0xac, 0x0a, 0xac, 0x0a, 0xac, 0x0a,
    0xac, 0x0a, 0xac, 0x0a, 0xac, 0x0a, 0xac, 0x0a, 0xac, 0x0a, 0xac, 0x0a,
    0xac, 0x0a, 0xac, 0x0a, 0xac, 0x0a, 0xac, 0x0a, 0xac, 0x0a, 0xac, 0x0a,
    0xac, 0x0a, 0xac, 0x0a, 0xac, 0x0a, 0xac, 0x0a, 0xac, 0x0a, 0xac, 0x0a,
    0xac, 0x0a, 0xac, 0x0a, 0xac, 0x0a, 0xac, 0x0a, 0xac, 0x0a, 0xac, 0x0a,
    0xac, 0x0a, 0xac, 0x0a, 0xac, 0x0a, 0xac, 0x0a, 0xac, 0x0a, 0xac, 0x0a,
    0xac, 0x0a, 0xac, 0x0a, 0xac, 0x0a, 0xac, 0x0a, 0xac, 0x0a, 0xac, 0x0a,
    0xac, 0x0a, 0xac, 0x0a, 0xac, 0x0a, 0xac, 0x0a, 0xac, 0x0a, 0xac, 0x0a,
    0xac, 0x0a, 0xac, 0x0a, 0xac, 0x0a, 0xac, 0x0a, 0xac, 0x0a, 0xac, 0x0a,
    0xac, 0x0a, 0xac, 0x0a, 0xac, 0x0a, 0xac, 0x0a, 0xac, 0x0a, 0xac, 0x0a,
    0xac, 0x0a, 0xac, 0x0a, 0xac, 0x0a, 0xac, 0x0a, 0xac, 0x0a, 0xac, 0x0a,
    0xac, 0x0a, 0xac, 0x0a, 0xac, 0x0a, 0xac, 0x0a, 0xac, 0x0a, 0xac, 0x0a,
    0xac, 0x0a, 0xac, 0x0a, 0xac, 0x0a, 0xac, 0x0a, 0xac, 0x0a, 0xac, 0x0a,
    0xac, 0x0a, 0xac, 0x0a, 0xac, 0x0a, 0xac, 0x0a, 0xac, 0x0a, 0xac, 0x0a,
    0xac, 0x0a, 0xac, 0x0a, 0xac, 0x0a, 0xac, 0x0a, 0xac, 0x0a, 0xac, 0x0a,
    0xac, 0x0a, 0xac, 0x0a, 0xac, 0x0a, 0xac, 0x0a, 0xac, 0x0a, 0xac, 0x0a,
    0xac, 0x0a, 0xac, 0x0a, 0xac, 0x0a, 0xac, 0x0a, 0xac, 0x0a, 0xac, 0x0a,
    0xac, 0x0a, 0xac, 0x0a, 0xac, 0x0a, 0xac, 0x0a, 0xac, 0x0a, 0xac, 0x0a,
    0xac, 0x0a, 0xac, 0x0a, 0xac, 0x0a, 0xac, 0x0a, 0xac, 0x0a, 0xac, 0x0a,
    0xac, 0x0a, 0xac, 0x0a, 0xac, 0x0a, 0xac, 0x0a, 0xac, 0x0a, 0xac, 0x0a,
    0xac, 0x0a, 0xac, 0x0a, 0xac, 0x0a, 0xac, 0x0a, 0xac, 0x0a, 0xac, 0x0a,
    0xac, 0x0a, 0xac, 0x0a, 0xac, 0x0a, 0xac, 0x0a, 0xac, 0x0a, 0xac, 0x0a,
    0xac, 0x0a, 0xac, 0x0a, 0xac, 0x0a, 0xac, 0x0a, 0xac, 0x0a, 0xac, 0x0a,
    0xac, 0x0a, 0xac, 0x0a, 0xac, 0x0a, 0xac, 0x0a, 0xac, 0x0a, 0xac, 0x0a,
    0xac, 0x0a, 0xac, 0x0a, 0xac, 0x0a, 0xcd, 0x0a, 0x8c, 0x02, 0x04, 0x00,
    0x45, 0x00, 0x45, 0x00, 0x45, 0x00, 0x45, 0x00, 0x45, 0x00, 0x45, 0x00,
    0x45, 0x00, 0x45, 0x00, 0x45, 0x00, 0x45, 0x00, 0x45, 0x00, 0x45, 0x00,
    0x45, 0x00, 0x45, 0x00, 0x45, 0x00, 0x45, 0x00, 0x45, 0x00, 0x45, 0x00,
    0x0a, 0x02, 0xcc, 0x0a, 0xac, 0x0a, 0xac, 0x0a, 0xac, 0x0a, 0xac, 0x0a,
    0xac, 0x0a, 0xac, 0x0a, 0xac, 0x0a, 0xac, 0x0a, 0xac, 0x0a, 0xac, 0x0a,
    0xac, 0x0a, 0xac, 0x0a, 0xac, 0x0a, 0xac, 0x0a, 0xac, 0x0a, 0xac, 0x0a,
    0xac, 0x0a, 0xac, 0x0a, 0xac, 0x0a, 0xac, 0x0a, 0xac, 0x0a, 0xac, 0x0a,
    0xac, 0x0a, 0xac, 0x0a, 0xac, 0x0a, 0xac, 0x0a, 0xac, 0x0a, 0xac, 0x0a,
    0xac, 0x0a, 0xac, 0x0a, 0xac, 0x0a, 0xac, 0x0a, 0xac, 0x0a, 0xac, 0x0a,
    0xac, 0x0a, 0xac, 0x0a, 0xac, 0x0a, 0xac, 0x0a, 0xac, 0x0a, 0xac, 0x0a,
    0xac, 0x0a, 0xac, 0x0a, 0xac, 0x0a, 0xac, 0x0a, 0xac, 0x0a, 0xac, 0x0a,
    0xac, 0x0a, 0xac, 0x0a, 0xac, 0x0a, 0xac, 0x0a, 0xac, 0x0a, 0xac, 0x0a,
    0xac, 0x0a, 0xac, 0x0a, 0xac, 0x0a, 0xac, 0x0a, 0xac, 0x0a, 0xac, 0x0a,
    0xac, 0x0a, 0xac, 0x0a, 0xac, 0x0a, 0xac, 0x0a, 0xac, 0x0a, 0xac, 0x0a,
    0xac, 0x0a, 0xac, 0x0a, 0xac, 0x0a, 0xac, 0x0a, 0xac, 0x0a, 0xac, 0x0a,
    0xac, 0x0a, 0xac, 0x0a, 0xac, 0x0a, 0xac, 0x0a, 0xac, 0x0a, 0xac, 0x0a,
    0xac, 0x0a, 0xac, 0x0a, 0xac, 0x0a, 0xac, 0x0a, 0xac, 0x0a, 0xac, 0x0a,
    0xac, 0x0a, 0xac, 0x0a, 0xac, 0x0a, 0xac, 0x0a, 0xac, 0x0a, 0xac, 0x0a,
    0xac, 0x0a, 0xac, 0x0a, 0xac, 0x0a, 0xac, 0x0a, 0xac, 0x0a, 0xac, 0x0a,
    0xac, 0x0a, 0xac, 0x0a, 0xac, 0x0a, 0xac, 0x0a, 0xac, 0x0a, 0xac, 0x0a,
    0xac, 0x0a, 0xac, 0x0a, 0xac, 0x0a, 0xac, 0x0a, 0xac, 0x0a, 0xac, 0x0a,
    0xac, 0x0a, 0xac, 0x0a, 0xac, 0x0a, 0xac, 0x0a, 0xac, 0x0a, 0xac, 0x0a,
    0xac, 0x0a, 0xac, 0x0a, 0xac, 0x0a, 0xac, 0x0a, 0xac, 0x0a, 0xac, 0x0a,
    0xac, 0x0a, 0xac, 0x0a, 0xac, 0x0a, 0xac, 0x0a, 0xac, 0x0a, 0xac, 0x0a,
    0xac, 0x0a, 0xac, 0x0a, 0xac, 0x0a, 0xac, 0x0a, 0xac, 0x0a, 0xac, 0x0a,
    0xac, 0x0a, 0xac, 0x0a, 0xac, 0x0a, 0xac, 0x0a, 0xac, 0x0a, 0xac, 0x0a,
    0xac, 0x0a, 0xac, 0x0a, 0xac, 0x0a, 0xac, 0x0a, 0xac, 0x0a, 0xac, 0x0a,
    0xac, 0x0a, 0xac, 0x0a, 0xac, 0x0a, 0xac, 0x0a, 0xac, 0x0a, 0xac, 0x0a,
    0xac, 0x0a, 0xac, 0x0a, 0xac, 0x0a, 0xac, 0x0a, 0xac, 0x0a, 0xac, 0x0a,
    0xac, 0x0a, 0xac, 0x0a, 0xac, 0x0a, 0xac, 0x0a, 0xac, 0x0a, 0xac, 0x0a,
    0xac, 0x0a, 0xac, 0x0a, 0xac, 0x0a, 0xac, 0x0a, 0xac, 0x0a, 0xac, 0x0a,
    0xac, 0x0a, 0xac, 0x0a, 0xac, 0x0a, 0xac, 0x0a, 0xac, 0x0a, 0xac, 0x0a,
    0xac, 0x0a, 0xac, 0x0a, 0xac, 0x0a, 0xac, 0x0a, 0xac, 0x0a, 0xac, 0x0a,
    0xa9, 0x01, 0x25, 0x00, 0x45, 0x00, 0x45, 0x00, 0x45, 0x00, 0x45, 0x00,
    0x45, 0x00, 0x45, 0x00, 0x45, 0x00, 0x45, 0x00, 0x45, 0x00, 0x45, 0x00,
    0x45, 0x00, 0x45, 0x00, 0x45, 0x00, 0x45, 0x00, 0x45, 0x00, 0x45, 0x00,
    0x45, 0x00, 0x24, 0x00, 0x85, 0x00, 0x0d, 0x0b, 0xac, 0x0a, 0xac, 0x0a,
    0xac, 0x0a, 0xac, 0x0a, 0xac, 0x0a, 0xac, 0x0a, 0xac, 0x0a, 0xac, 0x0a,
    0xac, 0x0a, 0xac, 0x0a, 0xac, 0x0a, 0xac, 0x0a, 0xac, 0x0a, 0xac, 0x0a,
    0xac, 0x0a, 0xac, 0x0a, 0xac, 0x0a, 0xac, 0x0a, 0xac, 0x0a, 0xac, 0x0a,
    0xac, 0x0a, 0xac, 0x0a, 0xac, 0x0a, 0xac, 0x0a, 0xac, 0x0a, 0xac, 0x0a,
    0xac, 0x0a, 0xac, 0x0a, 0xac, 0x0a, 0xac, 0x0a, 0xac, 0x0a, 0xac, 0x0a,
    0xac, 0x0a, 0xac, 0x0a, 0xac, 0x0a, 0xac, 0x0a, 0xac, 0x0a, 0xac, 0x0a,
    0xac, 0x0a, 0xac, 0x0a, 0xac, 0x0a, 0xac, 0x0a, 0xac, 0x0a, 0xac, 0x0a,
    0xac, 0x0a, 0xac, 0x0a, 0xac, 0x0a, 0xac, 0x0a, 0xac, 0x0a, 0xac, 0x0a,
    0xac, 0x0a, 0xac, 0x0a, 0xac, 0x0a, 0xac, 0x0a, 0xac, 0x0a, 0xac, 0x0a,
    0xac, 0x0a, 0xac, 0x0a, 0xac, 0x0a, 0xac, 0x0a, 0xac, 0x0a, 0xac, 0x0a,
    0xac, 0x0a, 0xac, 0x0a, 0xac, 0x0a, 0xac, 0x0a, 0xac, 0x0a, 0xac, 0x0a,
    0xac, 0x0a, 0xac, 0x0a, 0xac, 0x0a, 0xac, 0x0a, 0xac, 0x0a, 0xac, 0x0a,
    0xac, 0x0a, 0xac, 0x0a, 0xac, 0x0a, 0xac, 0x0a, 0xac, 0x0a, 0xac, 0x0a,
    0xac, 0x0a, 0xac, 0x0a, 0xac, 0x0a, 0xac, 0x0a, 0xac, 0x0a, 0xac, 0x0a,
    0xac, 0x0a, 0xac, 0x0a, 0xac, 0x0a, 0xac, 0x0a, 0xac, 0x0a, 0xac, 0x0a,
    0xac, 0x0a, 0xac, 0x0a, 0xac, 0x0a, 0xac, 0x0a, 0xac, 0x0a, 0xac, 0x0a,
    0xac, 0x0a, 0xac, 0x0a, 0xac, 0x0a, 0xac, 0x0a, 0xac, 0x0a, 0xac, 0x0a,
    0xac, 0x0a, 0xac, 0x0a, 0xac, 0x0a, 0xac, 0x0a, 0xac, 0x0a, 0xac, 0x0a,
    0xac, 0x0a, 0xac, 0x0a, 0xac, 0x0a, 0xac, 0x0a, 0xac, 0x0a, 0xac, 0x0a,
    0xac, 0x0a, 0xac, 0x0a, 0xac, 0x0a, 0xac, 0x0a, 0xac, 0x0a, 0xac, 0x0a,
    0xac, 0x0a, 0xac, 0x0a, 0xac, 0x0a, 0xac, 0x0a, 0xac, 0x0a, 0xac, 0x0a,
    0xac, 0x0a, 0xac, 0x0a, 0xac, 0x0a, 0xac, 0x0a, 0xac, 0x0a, 0xac, 0x0a,
    0xac, 0x0a, 0xac, 0x0a, 0xac, 0x0a, 0xac, 0x0a, 0xac, 0x0a, 0xac, 0x0a,
    0xac, 0x0a, 0xac, 0x0a, 0xac, 0x0a, 0xac, 0x0a, 0xac, 0x0a, 0xac, 0x0a,
    0xac, 0x0a, 0xac, 0x0a, 0xac, 0x0a, 0xac, 0x0a, 0xac, 0x0a, 0xac, 0x0a,
    0xac, 0x0a, 0xac, 0x0a, 0xac, 0x0a, 0xac, 0x0a, 0xac, 0x0a, 0xac, 0x0a,
    0xac, 0x0a, 0xac, 0x0a, 0xac, 0x0a, 0xac, 0x0a, 0xac, 0x0a, 0xac, 0x0a,
    0xac, 0x0a, 0xac, 0x0a, 0xac, 0x0a, 0xac, 0x0a, 0xac, 0x0a, 0xac, 0x0a,
    0xac, 0x0a, 0xac, 0x0a, 0xac, 0x0a, 0xac, 0x0a, 0xac, 0x0a, 0xac, 0x0a,
    0xcc, 0x0a, 0xcd, 0x0a, 0x25, 0x00, 0x45, 0x00, 0x45, 0x00, 0x45, 0x00,
    0x45, 0x00, 0x45, 0x00, 0x45, 0x00, 0x45, 0x00, 0x45, 0x00, 0x45, 0x00,
    0x45, 0x00, 0x45, 0x00, 0x45, 0x00, 0x45, 0x00, 0x45, 0x00, 0x45, 0x00,
    0x45, 0x00, 0x45, 0x00, 0x45, 0x00, 0x45, 0x00, 0x45, 0x00, 0xa9, 0x01,
    0xed, 0x0a, 0xac, 0x02, 0xac, 0x0a, 0xac, 0x0a, 0xac, 0x0a, 0xac, 0x0a,
    0xac, 0x0a, 0xac, 0x0a, 0xac, 0x0a, 0xac, 0x0a, 0xac, 0x0a, 0xac, 0x0a,
    0xac, 0x0a, 0xac, 0x0a, 0xac, 0x0a, 0xac, 0x0a, 0xac, 0x0a, 0xac, 0x0a,
    0xac, 0x0a, 0xac, 0x0a, 0xac, 0x0a, 0xac, 0x0a, 0xac, 0x0a, 0xac, 0x0a,
    0xac, 0x0a, 0xac, 0x0a, 0xac, 0x0a, 0xac, 0x0a, 0xac, 0x0a, 0xac, 0x0a,
    0xac, 0x0a, 0xac, 0x0a, 0xac, 0x0a, 0xac, 0x0a, 0xac, 0x0a, 0xac, 0x0a,
    0xac, 0x0a, 0xac, 0x0a, 0xac, 0x0a, 0xac, 0x0a, 0xac, 0x0a, 0xac, 0x0a,
    0xac, 0x0a, 0xac, 0x0a, 0xac, 0x0a, 0xac, 0x0a, 0xac, 0x0a, 0xac, 0x0a,
    0xac, 0x0a, 0xac, 0x0a, 0xac, 0x0a, 0xac, 0x0a, 0xac, 0x0a, 0xac, 0x0a,
    0xac, 0x0a, 0xac, 0x0a, 0xac, 0x0a, 0xac, 0x0a, 0xac, 0x0a, 0xac, 0x0a,
    0xac, 0x0a, 0xac, 0x0a, 0xac, 0x0a, 0xac, 0x0a, 0xac, 0x0a, 0xac, 0x0a,
    0xac, 0x0a, 0xac, 0x0a, 0xac, 0x0a, 0xac, 0x0a, 0xac, 0x0a, 0xac, 0x0a,
    0xac, 0x0a, 0xac, 0x0a, 0xac, 0x0a, 0xac, 0x0a, 0xac, 0x0a, 0xac, 0x0a,
    0xac, 0x0a, 0xac, 0x0a, 0xac, 0x0a, 0xac, 0x0a, 0xac, 0x0a, 0xac, 0x0a,
    0xac, 0x0a, 0xac, 0x0a, 0xac, 0x0a, 0xac, 0x0a, 0xac, 0x0a, 0xac, 0x0a,
    0xac, 0x0a, 0xac, 0x0a, 0xac, 0x0a, 0xac, 0x0a, 0xac, 0x0a, 0xac, 0x0a,
    0xac, 0x0a, 0xac, 0x0a, 0xac, 0x0a, 0xac, 0x0a, 0xac, 0x0a, 0xac, 0x0a,
    0xac, 0x0a, 0xac, 0x0a, 0xac, 0x0a, 0xac, 0x0a, 0xac, 0x0a, 0xac, 0x0a,
    0xac, 0x0a, 0xac, 0x0a, 0xac, 0x0a, 0xac, 0x0a, 0xac, 0x0a, 0xac, 0x0a,
    0xac, 0x0a, 0xac, 0x0a, 0xac, 0x0a, 0xac, 0x0a, 0xac, 0x0a, 0xac, 0x0a,
    0xac, 0x0a, 0xac, 0x0a, 0xac, 0x0a, 0xac, 0x0a, 0xac, 0x0a, 0xac, 0x0a,
    0xac, 0x0a, 0xac, 0x0a, 0xac, 0x0a, 0xac, 0x0a, 0xac, 0x0a, 0xac, 0x0a,
    0xac, 0x0a, 0xac, 0x0a, 0xac, 0x0a, 0xac, 0x0a, 0xac, 0x0a, 0xac, 0x0a,
    0xac, 0x0a, 0xac, 0x0a, 0xac, 0x0a, 0xac, 0x0a, 0xac, 0x0a, 0xac, 0x0a,
    0xac, 0x0a, 0xac, 0x0a, 0xac, 0x0a, 0xac, 0x0a, 0xac, 0x0a, 0xac, 0x0a,
    0xac, 0x0a, 0xac, 0x0a, 0xac, 0x0a, 0xac, 0x0a, 0xac, 0x0a, 0xac, 0x0a,
    0xac, 0x0a, 0xac, 0x0a, 0xac, 0x0a, 0xac, 0x0a, 0xac, 0x0a, 0xac, 0x0a,
    0xac, 0x0a, 0xac, 0x0a, 0xac, 0x0a, 0xac, 0x0a, 0xac, 0x0a, 0xac, 0x0a,
    0xac, 0x0a, 0xac, 0x0a, 0xac, 0x0a, 0xac, 0x0a, 0xac, 0x0a, 0xac, 0x0a,
    0xac, 0x0a, 0xac, 0x0a, 0xcd, 0x0a, 0x48, 0x01, 0x45, 0x00, 0x45, 0x00,
    0x45, 0x00, 0x45, 0x00, 0x45, 0x00, 0x45, 0x00, 0x45, 0x00, 0x45, 0x00,
    0x45, 0x00, 0x45, 0x00, 0x45, 0x00, 0x45, 0x00, 0x45, 0x00, 0x45, 0x00,
    0x45, 0x00, 0x45, 0x00, 0x45, 0x00, 0x45, 0x00, 0x45, 0x00, 0x45, 0x00,
    0x04, 0x00, 0xe7, 0x00, 0xed, 0x0a, 0xac, 0x02, 0xac, 0x0a, 0xac, 0x0a,
    0xac, 0x0a, 0xac, 0x0a, 0xac, 0x0a, 0xac, 0x0a, 0xac, 0x0a, 0xac, 0x0a,
    0xac, 0x0a, 0xac, 0x0a, 0xac, 0x0a, 0xac, 0x0a, 0xac, 0x0a, 0xac, 0x0a,
    0xac, 0x0a, 0xac, 0x0a, 0xac, 0x0a, 0xac, 0x0a, 0xac, 0x0a, 0xac, 0x0a,
    0xac, 0x0a, 0xac, 0x0a, 0xac, 0x0a, 0xac, 0x0a, 0xac, 0x0a, 0xac, 0x0a,
    0xac, 0x0a, 0xac, 0x0a, 0xac, 0x0a, 0xac, 0x0a, 0xac, 0x0a, 0xac, 0x0a,
    0xac, 0x0a, 0xac, 0x0a, 0xac, 0x0a, 0xac, 0x0a, 0xac, 0x0a, 0xac, 0x0a,
    0xac, 0x0a, 0xac, 0x0a, 0xac, 0x0a, 0xac, 0x0a, 0xac, 0x0a, 0xac, 0x0a,
    0xac, 0x0a, 0xac, 0x0a, 0xac, 0x0a, 0xac, 0x0a, 0xac, 0x0a, 0xac, 0x0a,
    0xac, 0x0a, 0xac, 0x0a, 0xac, 0x0a, 0xac, 0x0a, 0xac, 0x0a, 0xac, 0x0a,
    0xac, 0x0a, 0xac, 0x0a, 0xac, 0x0a, 0xac, 0x0a, 0xac, 0x0a, 0xac, 0x0a,
    0xac, 0x0a, 0xac, 0x0a, 0xac, 0x0a, 0xac, 0x0a, 0xac, 0x0a, 0xac, 0x0a,
    0xac, 0x0a, 0xac, 0x0a, 0xac, 0x0a, 0xac, 0x0a, 0xac, 0x0a, 0xac, 0x0a,
    0xac, 0x0a, 0xac, 0x0a, 0xac, 0x0a, 0xac, 0x0a, 0xac, 0x0a, 0xac, 0x0a,
    0xac, 0x0a, 0xac, 0x0a, 0xac, 0x0a, 0xac, 0x0a, 0xac, 0x0a, 0xac, 0x0a,
    0xac, 0x0a, 0xac, 0x0a, 0xac, 0x0a, 0xac, 0x0a, 0xac, 0x0a, 0xac, 0x0a,
    0xac, 0x0a, 0xac, 0x0a, 0xac, 0x0a, 0xac, 0x0a, 0xac, 0x0a, 0xac, 0x0a,
    0xac, 0x0a, 0xac, 0x0a, 0xac, 0x0a, 0xac, 0x0a, 0xac, 0x0a, 0xac, 0x0a,
    0xac, 0x0a, 0xac, 0x0a, 0xac, 0x0a, 0xac, 0x0a, 0xac, 0x0a, 0xac, 0x0a,
    0xac, 0x0a, 0xac, 0x0a, 0xac, 0x0a, 0xac, 0x0a, 0xac, 0x0a, 0xac, 0x0a,
    0xac, 0x0a, 0xac, 0x0a, 0xac, 0x0a, 0xac, 0x0a, 0xac, 0x0a, 0xac, 0x0a,
    0xac, 0x0a, 0xac, 0x0a, 0xac, 0x0a, 0xac, 0x0a, 0xac, 0x0a, 0xac, 0x0a,
    0xac, 0x0a, 0xac, 0x0a, 0xac, 0x0a, 0xac, 0x0a, 0xac, 0x0a, 0xac, 0x0a,
    0xac, 0x0a, 0xac, 0x0a, 0xac, 0x0a, 0xac, 0x0a, 0xac, 0x0a, 0xac, 0x0a,
    0xac, 0x0a, 0xac, 0x0a, 0xac, 0x0a, 0xac, 0x0a, 0xac, 0x0a, 0xac, 0x0a,
    0xac, 0x0a, 0xac, 0x0a, 0xac, 0x0a, 0xac, 0x0a, 0xac, 0x0a, 0xac, 0x0a,
    0xac, 0x0a, 0xac, 0x0a, 0xac, 0x0a, 0xac, 0x0a, 0xac, 0x0a, 0xac, 0x0a,
    0xac, 0x0a, 0xac, 0x0a, 0xac, 0x0a, 0xac, 0x0a, 0xac, 0x0a, 0xac, 0x0a,
    0xac, 0x0a, 0xac, 0x0a, 0xac, 0x0a, 0xac, 0x0a, 0xac, 0x0a, 0xac, 0x0a,
    0xac, 0x0a, 0xac, 0x0a, 0xac, 0x0a, 0xac, 0x0a, 0xcd, 0x0a, 0x85, 0x00,
    0x25, 0x00, 0x45, 0x00, 0x45, 0x00, 0x45, 0x00, 0x45, 0x00, 0x45, 0x00,
    0x45, 0x00, 0x45, 0x00, 0x45, 0x00, 0x45, 0x00, 0x45, 0x00, 0x45, 0x00,
    0x45, 0x00, 0x45, 0x00, 0x45, 0x00, 0x45, 0x00, 0x45, 0x00, 0x45, 0x00,
    0x45, 0x00, 0x45, 0x00, 0x45, 0x00, 0x04, 0x00, 0xa9, 0x01, 0x0d, 0x0b,
    0xac, 0x02, 0xac, 0x0a, 0xac, 0x0a, 0xac, 0x0a, 0xac, 0x0a, 0xac, 0x0a,
    0xac, 0x0a, 0xac, 0x0a, 0xac, 0x0a, 0xac, 0x0a, 0xac, 0x0a, 0xac, 0x0a,
    0xac, 0x0a, 0xac, 0x0a, 0xac, 0x0a, 0xac, 0x0a, 0xac, 0x0a, 0xac, 0x0a,
    0xac, 0x0a, 0xac, 0x0a, 0xac, 0x0a, 0xac, 0x0a, 0xac, 0x0a, 0xac, 0x0a,
    0xac, 0x0a, 0xac, 0x0a, 0xac, 0x0a, 0xac, 0x0a, 0xac, 0x0a, 0xac, 0x0a,
    0xac, 0x0a, 0xac, 0x0a, 0xac, 0x0a, 0xac, 0x0a, 0xac, 0x0a, 0xac, 0x0a,
    0xac, 0x0a, 0xac, 0x0a, 0xac, 0x0a, 0xac, 0x0a, 0xac, 0x0a, 0xac, 0x0a,
    0xac, 0x0a, 0xac, 0x0a, 0xac, 0x0a, 0xac, 0x0a, 0xac, 0x0a, 0xac, 0x0a,
    0xac, 0x0a, 0xac, 0x0a, 0xac, 0x0a, 0xac, 0x0a, 0xac, 0x0a, 0xac, 0x0a,
    0xac, 0x0a, 0xac, 0x0a, 0xac, 0x0a, 0xac, 0x0a, 0xac, 0x0a, 0xac, 0x0a,
    0xac, 0x0a, 0xac, 0x0a, 0xac, 0x0a, 0xac, 0x0a, 0xac, 0x0a, 0xac, 0x0a,
    0xac, 0x0a, 0xac, 0x0a, 0xac, 0x0a, 0xac, 0x0a, 0xac, 0x0a, 0xac, 0x0a,
    0xac, 0x0a, 0xac, 0x0a, 0xac, 0x0a, 0xac, 0x0a, 0xac, 0x0a, 0xac, 0x0a,
    0xac, 0x0a, 0xac, 0x0a, 0xac, 0x0a, 0xac, 0x0a, 0xac, 0x0a, 0xac, 0x0a,
    0xac, 0x0a, 0xac, 0x0a, 0xac, 0x0a, 0xac, 0x0a, 0xac, 0x0a, 0xac, 0x0a,
    0xac, 0x0a, 0xac, 0x0a, 0xac, 0x0a, 0xac, 0x0a, 0xac, 0x0a, 0xac, 0x0a,
    0xac, 0x0a, 0xac, 0x0a, 0xac, 0x0a, 0xac, 0x0a, 0xac, 0x0a, 0xac, 0x0a,
    0xac, 0x0a, 0xac, 0x0a, 0xac, 0x0a, 0xac, 0x0a, 0xac, 0x0a, 0xac, 0x0a,
    0xac, 0x0a, 0xac, 0x0a, 0xac, 0x0a, 0xac, 0x0a, 0xac, 0x0a, 0xac, 0x0a,
    0xac, 0x0a, 0xac, 0x0a, 0xac, 0x0a, 0xac, 0x0a, 0xac, 0x0a, 0xac, 0x0a,
    0xac, 0x0a, 0xac, 0x0a, 0xac, 0x0a, 0xac, 0x0a, 0xac, 0x0a, 0xac, 0x0a,
    0xac, 0x0a, 0xac, 0x0a, 0xac, 0x0a, 0xac, 0x0a, 0xac, 0x0a, 0xac, 0x0a,
    0xac, 0x0a, 0xac, 0x0a, 0xac, 0x0a, 0xac, 0x0a, 0xac, 0x0a, 0xac, 0x0a,
    0xac, 0x0a, 0xac, 0x0a, 0xac, 0x0a, 0xac, 0x0a, 0xac, 0x0a, 0xac, 0x0a,
    0xac, 0x0a, 0xac, 0x0a, 0xac, 0x0a, 0xac, 0x0a, 0xac, 0x0a, 0xac, 0x0a,
    0xac, 0x0a, 0xac, 0x0a, 0xac, 0x0a, 0xac, 0x0a, 0xac, 0x0a, 0xac, 0x0a,
    0xac, 0x0a, 0xac, 0x0a, 0xac, 0x0a, 0xac, 0x0a, 0xac, 0x0a, 0xac, 0x0a,
    0xac, 0x0a, 0xac, 0x0a, 0xac, 0x0a, 0xac, 0x0a, 0xac, 0x0a, 0xac, 0x0a,
    0xac, 0x0a, 0xac, 0x0a, 0xac, 0x0a, 0xac, 0x0a, 0xac, 0x02, 0x0d, 0x0b,
    0x28, 0x01, 0x24, 0x00, 0x45, 0x00, 0x45, 0x00, 0x45, 0x00, 0x45, 0x00,
    0x45, 0x00, 0x45, 0x00, 0x45, 0x00, 0x45, 0x00, 0x45, 0x00, 0x45, 0x00,
    0x45, 0x00, 0x45, 0x00, 0x45, 0x00, 0x45, 0x00, 0x45, 0x00, 0x45, 0x00,
    0x45, 0x00, 0x45, 0x00, 0x45, 0x00, 0x45, 0x00, 0x45, 0x00, 0x25, 0x00,
    0x07, 0x01, 0xcd, 0x0a, 0xcc, 0x0a, 0xac, 0x0a, 0xac, 0x0a, 0xac, 0x0a,
    0xac, 0x0a, 0xac, 0x0a, 0xac, 0x0a, 0xac, 0x0a, 0xac, 0x0a, 0xac, 0x0a,
    0xac, 0x0a, 0xac, 0x0a, 0xac, 0x0a, 0xac, 0x0a, 0xac, 0x0a, 0xac, 0x0a,
    0xac, 0x0a, 0xac, 0x0a, 0xac, 0x0a, 0xac, 0x0a, 0xac, 0x0a, 0xac, 0x0a,
    0xac, 0x0a, 0xac, 0x0a, 0xac, 0x0a, 0xac, 0x0a, 0xac, 0x0a, 0xac, 0x0a,
    0xac, 0x0a, 0xac, 0x0a, 0xac, 0x0a, 0xac, 0x0a, 0xac, 0x0a, 0xac, 0x0a,
    0xac, 0x0a, 0xac, 0x0a, 0xac, 0x0a, 0xac, 0x0a, 0xac, 0x0a, 0xac, 0x0a,
    0xac, 0x0a, 0xac, 0x0a, 0xac, 0x0a, 0xac, 0x0a, 0xac, 0x0a, 0xac, 0x0a,
    0xac, 0x0a, 0xac, 0x0a, 0xac, 0x0a, 0xac, 0x0a, 0xac, 0x0a, 0xac, 0x0a,
    0xac, 0x0a, 0xac, 0x0a, 0xac, 0x0a, 0xac, 0x0a, 0xac, 0x0a, 0xac, 0x0a,
    0xac, 0x0a, 0xac, 0x0a, 0xac, 0x0a, 0xac, 0x0a, 0xac, 0x0a, 0xac, 0x0a,
    0xac, 0x0a, 0xac, 0x0a, 0xac, 0x0a, 0xac, 0x0a, 0xac, 0x0a, 0xac, 0x0a,
    0xac, 0x0a, 0xac, 0x0a, 0xac, 0x0a, 0xac, 0x0a, 0xac, 0x0a, 0xac, 0x0a,
    0xac, 0x0a, 0xac, 0x0a, 0xac, 0x0a, 0xac, 0x0a, 0xac, 0x0a, 0xac, 0x0a,
    0xac, 0x0a, 0xac, 0x0a, 0xac, 0x0a, 0xac, 0x0a, 0xac, 0x0a, 0xac, 0x0a,
    0xac, 0x0a, 0xac, 0x0a, 0xac, 0x0a, 0xac, 0x0a, 0xac, 0x0a, 0xac, 0x0a,
    0xac, 0x0a, 0xac, 0x0a, 0xac, 0x0a, 0xac, 0x0a, 0xac, 0x0a, 0xac, 0x0a,
    0xac, 0x0a, 0xac, 0x0a, 0xac, 0x0a, 0xac, 0x0a, 0xac, 0x0a, 0xac, 0x0a,
    0xac, 0x0a, 0xac, 0x0a, 0xac, 0x0a, 0xac, 0x0a, 0xac, 0x0a, 0xac, 0x0a,
    0xac, 0x0a, 0xac, 0x0a, 0xac, 0x0a, 0xac, 0x0a, 0xac, 0x0a, 0xac, 0x0a,
    0xac, 0x0a, 0xac, 0x0a, 0xac, 0x0a, 0xac, 0x0a, 0xac, 0x0a, 0xac, 0x0a,
    0xac, 0x0a, 0xac, 0x0a, 0xac, 0x0a, 0xac, 0x0a, 0xac, 0x0a, 0xac, 0x0a,
    0xac, 0x0a, 0xac, 0x0a, 0xac, 0x0a, 0xac, 0x0a, 0xac, 0x0a, 0xac, 0x0a,
    0xac, 0x0a, 0xac, 0x0a, 0xac, 0x0a, 0xac, 0x0a, 0xac, 0x0a, 0xac, 0x0a,
    0xac, 0x0a, 0xac, 0x0a, 0xac, 0x0a, 0xac, 0x0a, 0xac, 0x0a, 0xac, 0x0a,
    0xac, 0x0a, 0xac, 0x0a, 0xac, 0x0a, 0xac, 0x0a, 0xac, 0x0a, 0xac, 0x0a,
    0xac, 0x0a, 0xac, 0x0a, 0xac, 0x0a, 0xac, 0x0a, 0xac, 0x0a, 0xac, 0x0a,
    0xac, 0x0a, 0xac, 0x0a, 0xac, 0x0a, 0xac, 0x0a, 0xac, 0x0a, 0xac, 0x0a,
    0xac, 0x0a, 0xac, 0x0a, 0xac, 0x0a, 0xac, 0x0a, 0xac, 0x0a, 0xac, 0x02,
    0xcd, 0x0a, 0xac, 0x02, 0xa6, 0x00, 0x25, 0x00, 0x45, 0x00, 0x45, 0x00,
    0x45, 0x00, 0x45, 0x00, 0x45, 0x00, 0x45, 0x00, 0x45, 0x00, 0x45, 0x00,
    0x45, 0x00, 0x45, 0x00, 0x45, 0x00, 0x45, 0x00, 0x45, 0x00, 0x45, 0x00,
    0x45, 0x00, 0x45, 0x00, 0x45, 0x00, 0x45, 0x00, 0x45, 0x00, 0x45, 0x00,
    0x45, 0x00, 0x45, 0x00, 0x04, 0x00, 0xe7, 0x00, 0xcd, 0x0a, 0xcd, 0x0a,
    0xac, 0x0a, 0xac, 0x0a, 0xac, 0x0a, 0xac, 0x0a, 0xac, 0x0a, 0xac, 0x0a,
    0xac, 0x0a, 0xac, 0x0a, 0xac, 0x0a, 0xac, 0x0a, 0xac, 0x0a, 0xac, 0x0a,
    0xac, 0x0a, 0xac, 0x0a, 0xac, 0x0a, 0xac, 0x0a, 0xac, 0x0a, 0xac, 0x0a,
    0xac, 0x0a, 0xac, 0x0a, 0xac, 0x0a, 0xac, 0x0a, 0xac, 0x0a, 0xac, 0x0a,
    0xac, 0x0a, 0xac, 0x0a, 0xac, 0x0a, 0xac, 0x0a, 0xac, 0x0a, 0xac, 0x0a,
    0xac, 0x0a, 0xac, 0x0a, 0xac, 0x0a, 0xac, 0x0a, 0xac, 0x0a, 0xac, 0x0a,
    0xac, 0x0a, 0xac, 0x0a, 0xac, 0x0a, 0xac, 0x0a, 0xac, 0x0a, 0xac, 0x0a,
    0xac, 0x0a, 0xac, 0x0a, 0xac, 0x0a, 0xac, 0x0a, 0xac, 0x0a, 0xac, 0x0a,
    0xac, 0x0a, 0xac, 0x0a, 0xac, 0x0a, 0xac, 0x0a, 0xac, 0x0a, 0xac, 0x0a,
    0xac, 0x0a, 0xac, 0x0a, 0xac, 0x0a, 0xac, 0x0a, 0xac, 0x0a, 0xac, 0x0a,
    0xac, 0x0a, 0xac, 0x0a, 0xac, 0x0a, 0xac, 0x0a, 0xac, 0x0a, 0xac, 0x0a,
    0xac, 0x0a, 0xac, 0x0a, 0xac, 0x0a, 0xac, 0x0a, 0xac, 0x0a, 0xac, 0x0a,
    0xac, 0x0a, 0xac, 0x0a, 0xac, 0x0a, 0xac, 0x0a, 0xac, 0x0a, 0xac, 0x0a,
    0xac, 0x0a, 0xac, 0x0a, 0xac, 0x0a, 0xac, 0x0a, 0xac, 0x0a, 0xac, 0x0a,
    0xac, 0x0a, 0xac, 0x0a, 0xac, 0x0a, 0xac, 0x0a, 0xac, 0x0a, 0xac, 0x0a,
    0xac, 0x0a, 0xac, 0x0a, 0xac, 0x0a, 0xac, 0x0a, 0xac, 0x0a, 0xac, 0x0a,
    0xac, 0x0a, 0xac, 0x0a, 0xac, 0x0a, 0xac, 0x0a, 0xac, 0x0a, 0xac, 0x0a,
    0xac, 0x0a, 0xac, 0x0a, 0xac, 0x0a, 0xac, 0x0a, 0xac, 0x0a, 0xac, 0x0a,
    0xac, 0x0a, 0xac, 0x0a, 0xac, 0x0a, 0xac, 0x0a, 0xac, 0x0a, 0xac, 0x0a,
    0xac, 0x0a, 0xac, 0x0a, 0xac, 0x0a, 0xac, 0x0a, 0xac, 0x0a, 0xac, 0x0a,
    0xac, 0x0a, 0xac, 0x0a, 0xac, 0x0a, 0xac, 0x0a, 0xac, 0x0a, 0xac, 0x0a,
    0xac, 0x0a, 0xac, 0x0a, 0xac, 0x0a, 0xac, 0x0a, 0xac, 0x0a, 0xac, 0x0a,
    0xac, 0x0a, 0xac, 0x0a, 0xac, 0x0a, 0xac, 0x0a, 0xac, 0x0a, 0xac, 0x0a,
    0xac, 0x0a, 0xac, 0x0a, 0xac, 0x0a, 0xac, 0x0a, 0xac, 0x0a, 0xac, 0x0a,
    0xac, 0x0a, 0xac, 0x0a, 0xac, 0x0a, 0xac, 0x0a, 0xac, 0x0a, 0xac, 0x0a,
    0xac, 0x0a, 0xac, 0x0a, 0xac, 0x0a, 0xac, 0x0a, 0xac, 0x0a, 0xac, 0x0a,
    0xac, 0x0a, 0xac, 0x0a, 0xac, 0x0a, 0xac, 0x0a, 0xac, 0x0a, 0xac, 0x0a,
    0xac, 0x0a, 0xac, 0x0a, 0xac, 0x0a, 0xac, 0x0a, 0xac, 0x0a, 0xac, 0x0a,
    0xac, 0x0a, 0xcd, 0x0a, 0xac, 0x02, 0x86, 0x00, 0x04, 0x00, 0x45, 0x00,
    0x45, 0x00, 0x45, 0x00, 0x45, 0x00, 0x45, 0x00, 0x45, 0x00, 0x45, 0x00,
    0x45, 0x00, 0x45, 0x00, 0x45, 0x00, 0x45, 0x00, 0x45, 0x00, 0x45, 0x00,
    0x45, 0x00, 0x45, 0x00, 0x45, 0x00, 0x45, 0x00, 0x45, 0x00, 0x45, 0x00,
    0x45, 0x00, 0x45, 0x00, 0x45, 0x00, 0x45, 0x00, 0x65, 0x00, 0x04, 0x00,
    0xe7, 0x00, 0xcd, 0x0a, 0xac, 0x0a, 0xac, 0x0a, 0xac, 0x0a, 0xac, 0x0a,
    0xac, 0x0a, 0xac, 0x0a, 0xac, 0x0a, 0xac, 0x0a, 0xac, 0x0a, 0xac, 0x0a,
    0xac, 0x0a, 0xac, 0x0a, 0xac, 0x0a, 0xac, 0x0a, 0xac, 0x0a, 0xac, 0x0a,
    0xac, 0x0a, 0xac, 0x0a, 0xac, 0x0a, 0xac, 0x0a, 0xac, 0x0a, 0xac, 0x0a,
    0xac, 0x0a, 0xac, 0x0a, 0xac, 0x0a, 0xac, 0x0a, 0xac, 0x0a, 0xac, 0x0a,
    0xac, 0x0a, 0xac, 0x0a, 0xac, 0x0a, 0xac, 0x0a, 0xac, 0x0a, 0xac, 0x0a,
    0xac, 0x0a, 0xac, 0x0a, 0xac, 0x0a, 0xac, 0x0a, 0xac, 0x0a, 0xac, 0x0a,
    0xac, 0x0a, 0xac, 0x0a, 0xac, 0x0a, 0xac, 0x0a, 0xac, 0x0a, 0xac, 0x0a,
    0xac, 0x0a, 0xac, 0x0a, 0xac, 0x0a, 0xac, 0x0a, 0xac, 0x0a, 0xac, 0x0a,
    0xac, 0x0a, 0xac, 0x0a, 0xac, 0x0a, 0xac, 0x0a, 0xac, 0x0a, 0xac, 0x0a,
    0xac, 0x0a, 0xac, 0x0a, 0xac, 0x0a, 0xac, 0x0a, 0xac, 0x0a, 0xac, 0x0a,
    0xac, 0x0a, 0xac, 0x0a, 0xac, 0x0a, 0xac, 0x0a, 0xac, 0x0a, 0xac, 0x0a,
    0xac, 0x0a, 0xac, 0x0a, 0xac, 0x0a, 0xac, 0x0a, 0xac, 0x0a, 0xac, 0x0a,
    0xac, 0x0a, 0xac, 0x0a, 0xac, 0x0a, 0xac, 0x0a, 0xac, 0x0a, 0xac, 0x0a,
    0xac, 0x0a, 0xac, 0x0a, 0xac, 0x0a, 0xac, 0x0a, 0xac, 0x0a, 0xac, 0x0a,
    0xac, 0x0a, 0xac, 0x0a, 0xac, 0x0a, 0xac, 0x0a, 0xac, 0x0a, 0xac, 0x0a,
    0xac, 0x0a, 0xac, 0x0a, 0xac, 0x0a, 0xac, 0x0a, 0xac, 0x0a, 0xac, 0x0a,
    0xac, 0x0a, 0xac, 0x0a, 0xac, 0x0a, 0xac, 0x0a, 0xac, 0x0a, 0xac, 0x0a,
    0xac, 0x0a, 0xac, 0x0a, 0xac, 0x0a, 0xac, 0x0a, 0xac, 0x0a, 0xac, 0x0a,
    0xac, 0x0a, 0xac, 0x0a, 0xac, 0x0a, 0xac, 0x0a, 0xac, 0x0a, 0xac, 0x0a,
    0xac, 0x0a, 0xac, 0x0a, 0xac, 0x0a, 0xac, 0x0a, 0xac, 0x0a, 0xac, 0x0a,
    0xac, 0x0a, 0xac, 0x0a, 0xac, 0x0a, 0xac, 0x0a, 0xac, 0x0a, 0xac, 0x0a,
    0xac, 0x0a, 0xac, 0x0a, 0xac, 0x0a, 0xac, 0x0a, 0xac, 0x0a, 0xac, 0x0a,
    0xac, 0x0a, 0xac, 0x0a, 0xac, 0x0a, 0xac, 0x0a, 0xac, 0x0a, 0xac, 0x0a,
    0xac, 0x0a, 0xac, 0x0a, 0xac, 0x0a, 0xac, 0x0a, 0xac, 0x0a, 0xac, 0x0a,
    0xac, 0x0a, 0xac, 0x0a, 0xac, 0x0a, 0xac, 0x0a, 0xac, 0x0a, 0xac, 0x0a,
    0xac, 0x0a, 0xac, 0x0a, 0xac, 0x0a, 0xac, 0x0a, 0xac, 0x0a, 0xac, 0x0a,
    0xac, 0x0a, 0xac, 0x0a, 0xac, 0x0a, 0xac, 0x0a, 0xac, 0x0a, 0xac, 0x0a,
    0xac, 0x0a, 0xac, 0x0a, 0xcd, 0x0a, 0x8c, 0x02, 0x86, 0x00, 0x25, 0x00,
    0x65, 0x00, 0x45, 0x00, 0x45, 0x00, 0x45, 0x00, 0x45, 0x00, 0x45, 0x00,
    0x45, 0x00, 0x45, 0x00, 0x45, 0x00, 0x45, 0x00, 0x45, 0x00, 0x45, 0x00,
    0x45, 0x00, 0x45, 0x00, 0x45, 0x00, 0x45, 0x00, 0x45, 0x00, 0x45, 0x00,
    0x45, 0x00, 0x45, 0x00, 0x45, 0x00, 0x45, 0x00, 0x45, 0x00, 0x45, 0x00,
    0x45, 0x00, 0x45, 0x00, 0x25, 0x00, 0xac, 0x02, 0xcd, 0x0a, 0xac, 0x0a,
    0xac, 0x0a, 0xac, 0x0a, 0xac, 0x0a, 0xac, 0x0a, 0xac, 0x0a, 0xac, 0x0a,
    0xac, 0x0a, 0xac, 0x0a, 0xac, 0x0a, 0xac, 0x0a, 0xac, 0x0a, 0xac, 0x0a,
    0xac, 0x0a, 0xac, 0x0a, 0xac, 0x0a, 0xac, 0x0a, 0xac, 0x0a, 0xac, 0x0a,
    0xac, 0x0a, 0xac, 0x0a, 0xac, 0x0a, 0xac, 0x0a, 0xac, 0x0a, 0xac, 0x0a,
    0xac, 0x0a, 0xac, 0x0a, 0xac, 0x0a, 0xac, 0x0a, 0xac, 0x0a, 0xac, 0x0a,
    0xac, 0x0a, 0xac, 0x0a, 0xac, 0x0a, 0xac, 0x0a, 0xac, 0x0a, 0xac, 0x0a,
    0xac, 0x0a, 0xac, 0x0a, 0xac, 0x0a, 0xac, 0x0a, 0xac, 0x0a, 0xac, 0x0a,
    0xac, 0x0a, 0xac, 0x0a, 0xac, 0x0a, 0xac, 0x0a, 0xac, 0x0a, 0xac, 0x0a,
    0xac, 0x0a, 0xac, 0x0a, 0xac, 0x0a, 0xac, 0x0a, 0xac, 0x0a, 0xac, 0x0a,
    0xac, 0x0a, 0xac, 0x0a, 0xac, 0x0a, 0xac, 0x0a, 0xac, 0x0a, 0xac, 0x0a,
    0xac, 0x0a, 0xac, 0x0a, 0xac, 0x0a, 0xac, 0x0a, 0xac, 0x0a, 0xac, 0x0a,
    0xac, 0x0a, 0xac, 0x0a, 0xac, 0x0a, 0xac, 0x0a, 0xac, 0x0a, 0xac, 0x0a,
    0xac, 0x0a, 0xac, 0x0a, 0xac, 0x0a, 0xac, 0x0a, 0xac, 0x0a, 0xac, 0x0a,
    0xac, 0x0a, 0xac, 0x0a, 0xac, 0x0a, 0xac, 0x0a, 0xac, 0x0a, 0xac, 0x0a,
    0xac, 0x0a, 0xac, 0x0a, 0xac, 0x0a, 0xac, 0x0a, 0xac, 0x0a, 0xac, 0x0a,
    0xac, 0x0a, 0xac, 0x0a, 0xac, 0x0a, 0xac, 0x0a, 0xac, 0x0a, 0xac, 0x0a,
    0xac, 0x0a, 0xac, 0x0a, 0xac, 0x0a, 0xac, 0x0a, 0xac, 0x0a, 0xac, 0x0a,
    0xac, 0x0a, 0xac, 0x0a, 0xac, 0x0a, 0xac, 0x0a, 0xac, 0x0a, 0xac, 0x0a,
    0xac, 0x0a, 0xac, 0x0a, 0xac, 0x0a, 0xac, 0x0a, 0xac, 0x0a, 0xac, 0x0a,
    0xac, 0x0a, 0xac, 0x0a, 0xac, 0x0a, 0xac, 0x0a, 0xac, 0x0a, 0xac, 0x0a,
    0xac, 0x0a, 0xac, 0x0a, 0xac, 0x0a, 0xac, 0x0a, 0xac, 0x0a, 0xac, 0x0a,
    0xac, 0x0a, 0xac, 0x0a, 0xac, 0x0a, 0xac, 0x0a, 0xac, 0x0a, 0xac, 0x0a,
    0xac, 0x0a, 0xac, 0x0a, 0xac, 0x0a, 0xac, 0x0a, 0xac, 0x0a, 0xac, 0x0a,
    0xac, 0x0a, 0xac, 0x0a, 0xac, 0x0a, 0xac, 0x0a, 0xac, 0x0a, 0xac, 0x0a,
    0xac, 0x0a, 0xac, 0x0a, 0xac, 0x0a, 0xac, 0x0a, 0xac, 0x0a, 0xac, 0x0a,
    0xac, 0x0a, 0xac, 0x0a, 0xac, 0x0a, 0xac, 0x0a, 0xac, 0x0a, 0xac, 0x0a,
    0xac, 0x0a, 0xac, 0x0a, 0xac, 0x0a, 0xac, 0x0a, 0xac, 0x0a, 0xac, 0x0a,
    0xac, 0x0a, 0xac, 0x0a, 0xac, 0x0a, 0xac, 0x0a, 0xed, 0x0a, 0x4b, 0x02,
    0x04, 0x00, 0x65, 0x00, 0x45, 0x00, 0x45, 0x00, 0x45, 0x00, 0x45, 0x00,
    0x45, 0x00, 0x45, 0x00, 0x45, 0x00, 0x45, 0x00, 0x45, 0x00, 0x45, 0x00,
    0x45, 0x00, 0x45, 0x00, 0x45, 0x00, 0x45, 0x00, 0x45, 0x00, 0x45, 0x00,
    0x45, 0x00, 0x45, 0x00, 0x45, 0x00, 0x45, 0x00, 0x45, 0x00, 0x45, 0x00,
    0x45, 0x00, 0x45, 0x00, 0x45, 0x00, 0x45, 0x00, 0x45, 0x00, 0xa6, 0x00,
    0xac, 0x02, 0xcd, 0x0a, 0xac, 0x02, 0xac, 0x0a, 0xac, 0x0a, 0xac, 0x0a,
    0xac, 0x0a, 0xac, 0x0a, 0xac, 0x0a, 0xac, 0x0a, 0xac, 0x0a, 0xac, 0x0a,
    0xac, 0x0a, 0xac, 0x0a, 0xac, 0x0a, 0xac, 0x0a, 0xac, 0x0a, 0xac, 0x0a,
    0xac, 0x0a, 0xac, 0x0a, 0xac, 0x0a, 0xac, 0x0a, 0xac, 0x0a, 0xac, 0x0a,
    0xac, 0x0a, 0xac, 0x0a, 0xac, 0x0a, 0xac, 0x0a, 0xac, 0x0a, 0xac, 0x0a,
    0xac, 0x0a, 0xac, 0x0a, 0xac, 0x0a, 0xac, 0x0a, 0xac, 0x0a, 0xac, 0x0a,
    0xac, 0x0a, 0xac, 0x0a, 0xac, 0x0a, 0xac, 0x0a, 0xac, 0x0a, 0xac, 0x0a,
    0xac, 0x0a, 0xac, 0x0a, 0xac, 0x0a, 0xac, 0x0a, 0xac, 0x0a, 0xac, 0x0a,
    0xac, 0x0a, 0xac, 0x0a, 0xac, 0x0a, 0xac, 0x0a, 0xac, 0x0a, 0xac, 0x0a,
    0xac, 0x0a, 0xac, 0x0a, 0xac, 0x0a, 0xac, 0x0a, 0xac, 0x0a, 0xac, 0x0a,
    0xac, 0x0a, 0xac, 0x0a, 0xac, 0x0a, 0xac, 0x0a, 0xac, 0x0a, 0xac, 0x0a,
    0xac, 0x0a, 0xac, 0x0a, 0xac, 0x0a, 0xac, 0x0a, 0xac, 0x0a, 0xac, 0x0a,
    0xac, 0x0a, 0xac, 0x0a, 0xac, 0x0a, 0xac, 0x0a, 0xac, 0x0a, 0xac, 0x0a,
    0xac, 0x0a, 0xac, 0x0a, 0xac, 0x0a, 0xac, 0x0a, 0xac, 0x0a, 0xac, 0x0a,
    0xac, 0x0a, 0xac, 0x0a, 0xac, 0x0a, 0xac, 0x0a, 0xac, 0x0a, 0xac, 0x0a,
    0xac, 0x0a, 0xac, 0x0a, 0xac, 0x0a, 0xac, 0x0a, 0xac, 0x0a, 0xac, 0x0a,
    0xac, 0x0a, 0xac, 0x0a, 0xac, 0x0a, 0xac, 0x0a, 0xac, 0x0a, 0xac, 0x0a,
    0xac, 0x0a, 0xac, 0x0a, 0xac, 0x0a, 0xac, 0x0a, 0xac, 0x0a, 0xac, 0x0a,
    0xac, 0x0a, 0xac, 0x0a, 0xac, 0x0a, 0xac, 0x0a, 0xac, 0x0a, 0xac, 0x0a,
    0xac, 0x0a, 0xac, 0x0a, 0xac, 0x0a, 0xac, 0x0a, 0xac, 0x0a, 0xac, 0x0a,
    0xac, 0x0a, 0xac, 0x0a, 0xac, 0x0a, 0xac, 0x0a, 0xac, 0x0a, 0xac, 0x0a,
    0xac, 0x0a, 0xac, 0x0a, 0xac, 0x0a, 0xac, 0x0a, 0xac, 0x0a, 0xac, 0x0a,
    0xac, 0x0a, 0xac, 0x0a, 0xac, 0x0a, 0xac, 0x0a, 0xac, 0x0a, 0xac, 0x0a,
    0xac, 0x0a, 0xac, 0x0a, 0xac, 0x0a, 0xac, 0x0a, 0xac, 0x0a, 0xac, 0x0a,
    0xac, 0x0a, 0xac, 0x0a, 0xac, 0x0a, 0xac, 0x0a, 0xac, 0x0a, 0xac, 0x0a,
    0xac, 0x0a, 0xac, 0x0a, 0xac, 0x0a, 0xac, 0x0a, 0xac, 0x0a, 0xac, 0x0a,
    0xac, 0x0a, 0xac, 0x0a, 0xac, 0x0a, 0xac, 0x0a, 0xac, 0x0a, 0xac, 0x0a,
    0xac, 0x0a, 0xac, 0x0a, 0xac, 0x0a, 0xac, 0x0a, 0xac, 0x0a, 0xed, 0x0a,
    0x6b, 0x02, 0x65, 0x00, 0x45, 0x00, 0x45, 0x00, 0x45, 0x00, 0x45, 0x00,
    0x45, 0x00, 0x45, 0x00, 0x45, 0x00, 0x45, 0x00, 0x45, 0x00, 0x45, 0x00,
    0x45, 0x00, 0x45, 0x00, 0x45, 0x00, 0x45, 0x00, 0x45, 0x00, 0x45, 0x00,
    0x45, 0x00, 0x45, 0x00, 0x45, 0x00, 0x45, 0x00, 0x45, 0x00, 0x45, 0x00,
    0x45, 0x00, 0x45, 0x00, 0x45, 0x00, 0x45, 0x00, 0x45, 0x00, 0x45, 0x00,
    0x45, 0x00, 0x24, 0x00, 0x86, 0x00, 0xac, 0x02, 0xcd, 0x0a, 0xac, 0x02,
    0xac, 0x0a, 0xac, 0x0a, 0xac, 0x0a, 0xac, 0x0a, 0xac, 0x0a, 0xac, 0x0a,
    0xac, 0x0a, 0xac, 0x0a, 0xac, 0x0a, 0xac, 0x0a, 0xac, 0x0a, 0xac, 0x0a,
    0xac, 0x0a, 0xac, 0x0a, 0xac, 0x0a, 0xac, 0x0a, 0xac, 0x0a, 0xac, 0x0a,
    0xac, 0x0a, 0xac, 0x0a, 0xac, 0x0a, 0xac, 0x0a, 0xac, 0x0a, 0xac, 0x0a,
    0xac, 0x0a, 0xac, 0x0a, 0xac, 0x0a, 0xac, 0x0a, 0xac, 0x0a, 0xac, 0x0a,
    0xac, 0x0a, 0xac, 0x0a, 0xac, 0x0a, 0xac, 0x0a, 0xac, 0x0a, 0xac, 0x0a,
    0xac, 0x0a, 0xac, 0x0a, 0xac, 0x0a, 0xac, 0x0a, 0xac, 0x0a, 0xac, 0x0a,
    0xac, 0x0a, 0xac, 0x0a, 0xac, 0x0a, 0xac, 0x0a, 0xac, 0x0a, 0xac, 0x0a,
    0xac, 0x0a, 0xac, 0x0a, 0xac, 0x0a, 0xac, 0x0a, 0xac, 0x0a, 0xac, 0x0a,
    0xac, 0x0a, 0xac, 0x0a, 0xac, 0x0a, 0xac, 0x0a, 0xac, 0x0a, 0xac, 0x0a,
    0xac, 0x0a, 0xac, 0x0a, 0xac, 0x0a, 0xac, 0x0a, 0xac, 0x0a, 0xac, 0x0a,
    0xac, 0x0a, 0xac, 0x0a, 0xac, 0x0a, 0xac, 0x0a, 0xac, 0x0a, 0xac, 0x0a,
    0xac, 0x0a, 0xac, 0x0a, 0xac, 0x0a, 0xac, 0x0a, 0xac, 0x0a, 0xac, 0x0a,
    0xac, 0x0a, 0xac, 0x0a, 0xac, 0x0a, 0xac, 0x0a, 0xac, 0x0a, 0xac, 0x0a,
    0xac, 0x0a, 0xac, 0x0a, 0xac, 0x0a, 0xac, 0x0a, 0xac, 0x0a, 0xac, 0x0a,
    0xac, 0x0a, 0xac, 0x0a, 0xac, 0x0a, 0xac, 0x0a, 0xac, 0x0a, 0xac, 0x0a,
    0xac, 0x0a, 0xac, 0x0a, 0xac, 0x0a, 0xac, 0x0a, 0xac, 0x0a, 0xac, 0x0a,
    0xac, 0x0a, 0xac, 0x0a, 0xac, 0x0a, 0xac, 0x0a, 0xac, 0x0a, 0xac, 0x0a,
    0xac, 0x0a, 0xac, 0x0a, 0xac, 0x0a, 0xac, 0x0a, 0xac, 0x0a, 0xac, 0x0a,
    0xac, 0x0a, 0xac, 0x0a, 0xac, 0x0a, 0xac, 0x0a, 0xac, 0x0a, 0xac, 0x0a,
    0xac, 0x0a, 0xac, 0x0a, 0xac, 0x0a, 0xac, 0x0a, 0xac, 0x0a, 0xac, 0x0a,
    0xac, 0x0a, 0xac, 0x0a, 0xac, 0x0a, 0xac, 0x0a, 0xac, 0x0a, 0xac, 0x0a,
    0xac, 0x0a, 0xac, 0x0a, 0xac, 0x0a, 0xac, 0x0a, 0xac, 0x0a, 0xac, 0x0a,
    0xac, 0x0a, 0xac, 0x0a, 0xac, 0x0a, 0xac, 0x0a, 0xac, 0x0a, 0xac, 0x0a,
    0xac, 0x0a, 0xac, 0x0a, 0xac, 0x0a, 0xac, 0x0a, 0xac, 0x0a, 0xac, 0x0a,
    0xac, 0x0a, 0xac, 0x0a, 0xac, 0x0a, 0xac, 0x0a, 0xac, 0x0a, 0xac, 0x0a,
    0xac, 0x0a, 0xac, 0x0a, 0xac, 0x0a, 0xac, 0x0a, 0xac, 0x0a, 0xac, 0x02,
    0xed, 0x0a, 0x6c, 0x02, 0x45, 0x00, 0x25, 0x00, 0x45, 0x00, 0x45, 0x00,
    0x45, 0x00, 0x45, 0x00, 0x45, 0x00, 0x45, 0x00, 0x45, 0x00, 0x45, 0x00,
    0x45, 0x00, 0x45, 0x00, 0x45, 0x00, 0x45, 0x00, 0x45, 0x00, 0x45, 0x00,
    0x45, 0x00, 0x45, 0x00, 0x45, 0x00, 0x45, 0x00, 0x45, 0x00, 0x45, 0x00,
    0x45, 0x00, 0x45, 0x00, 0x45, 0x00, 0x45, 0x00, 0x45, 0x00, 0x45, 0x00,
    0x45, 0x00, 0x45, 0x00, 0x45, 0x00, 0x45, 0x00, 0x24, 0x00, 0x86, 0x00,
    0xac, 0x02, 0xcd, 0x0a, 0xac, 0x0a, 0xac, 0x0a, 0xac, 0x0a, 0xac, 0x0a,
    0xac, 0x0a, 0xac, 0x0a, 0xac, 0x0a, 0xac, 0x0a, 0xac, 0x0a, 0xac, 0x0a,
    0xac, 0x0a, 0xac, 0x0a, 0xac, 0x0a, 0xac, 0x0a, 0xac, 0x0a, 0xac, 0x0a,
    0xac, 0x0a, 0xac, 0x0a, 0xac, 0x0a, 0xac, 0x0a, 0xac, 0x0a, 0xac, 0x0a,
    0xac, 0x0a, 0xac, 0x0a, 0xac, 0x0a, 0xac, 0x0a, 0xac, 0x0a, 0xac, 0x0a,
    0xac, 0x0a, 0xac, 0x0a, 0xac, 0x0a, 0xac, 0x0a, 0xac, 0x0a, 0xac, 0x0a,
    0xac, 0x0a, 0xac, 0x0a, 0xac, 0x0a, 0xac, 0x0a, 0xac, 0x0a, 0xac, 0x0a,
    0xac, 0x0a, 0xac, 0x0a, 0xac, 0x0a, 0xac, 0x0a, 0xac, 0x0a, 0xac, 0x0a,
    0xac, 0x0a, 0xac, 0x0a, 0xac, 0x0a, 0xac, 0x0a, 0xac, 0x0a, 0xac, 0x0a,
    0xac, 0x0a, 0xac, 0x0a, 0xac, 0x0a, 0xac, 0x0a, 0xac, 0x0a, 0xac, 0x0a,
    0xac, 0x0a, 0xac, 0x0a, 0xac, 0x0a, 0xac, 0x0a, 0xac, 0x0a, 0xac, 0x0a,
    0xac, 0x0a, 0xac, 0x0a, 0xac, 0x0a, 0xac, 0x0a, 0xac, 0x0a, 0xac, 0x0a,
    0xac, 0x0a, 0xac, 0x0a, 0xac, 0x0a, 0xac, 0x0a, 0xac, 0x0a, 0xac, 0x0a,
    0xac, 0x0a, 0xac, 0x0a, 0xac, 0x0a, 0xac, 0x0a, 0xac, 0x0a, 0xac, 0x0a,
    0xac, 0x0a, 0xac, 0x0a, 0xac, 0x0a, 0xac, 0x0a, 0xac, 0x0a, 0xac, 0x0a,
    0xac, 0x0a, 0xac, 0x0a, 0xac, 0x0a, 0xac, 0x0a, 0xac, 0x0a, 0xac, 0x0a,
    0xac, 0x0a, 0xac, 0x0a, 0xac, 0x0a, 0xac, 0x0a, 0xac, 0x0a, 0xac, 0x0a,
    0xac, 0x0a, 0xac, 0x0a, 0xac, 0x0a, 0xac, 0x0a, 0xac, 0x0a, 0xac, 0x0a,
    0xac, 0x0a, 0xac, 0x0a, 0xac, 0x0a, 0xac, 0x0a, 0xac, 0x0a, 0xac, 0x0a,
    0xac, 0x0a, 0xac, 0x0a, 0xac, 0x0a, 0xac, 0x0a, 0xac, 0x0a, 0xac, 0x0a,
    0xac, 0x0a, 0xac, 0x0a, 0xac, 0x0a, 0xac, 0x0a, 0xac, 0x0a, 0xac, 0x0a,
    0xac, 0x0a, 0xac, 0x0a, 0xac, 0x0a, 0xac, 0x0a, 0xac, 0x0a, 0xac, 0x0a,
    0xac, 0x0a, 0xac, 0x0a, 0xac, 0x0a, 0xac, 0x0a, 0xac, 0x0a, 0xac, 0x0a,
    0xac, 0x0a, 0xac, 0x0a, 0xac, 0x0a, 0xac, 0x0a, 0xac, 0x0a, 0xac, 0x0a,
    0xac, 0x0a, 0xac, 0x0a, 0xac, 0x0a, 0xac, 0x0a, 0xac, 0x0a, 0xac, 0x0a,
    0xac, 0x0a, 0xac, 0x0a, 0xac, 0x0a, 0xac, 0x0a, 0xac, 0x0a, 0xac, 0x0a,
    0xac, 0x0a, 0xac, 0x0a, 0xac, 0x0a, 0xac, 0x0a, 0xac, 0x0a, 0xac, 0x0a,
    0xac, 0x02, 0xed, 0x0a, 0x6c, 0x02, 0x45, 0x00, 0x25, 0x00, 0x45, 0x00,
    0x45, 0x00, 0x45, 0x00, 0x45, 0x00, 0x45, 0x00, 0x45, 0x00, 0x45, 0x00,
    0x45, 0x00, 0x45, 0x00, 0x45, 0x00, 0x45, 0x00, 0x45, 0x00, 0x45, 0x00,
    0x45, 0x00, 0x45, 0x00, 0x45, 0x00, 0x45, 0x00, 0x45, 0x00, 0x45, 0x00,
    0x45, 0x00, 0x45, 0x00, 0x45, 0x00, 0x45, 0x00, 0x45, 0x00, 0x45, 0x00,
    0x45, 0x00, 0x45, 0x00, 0x45, 0x00, 0x45, 0x00, 0x45, 0x00, 0x45, 0x00,
    0x65, 0x00, 0x25, 0x00, 0x86, 0x00, 0xac, 0x0a, 0xed, 0x0a, 0xac, 0x0a,
    0xac, 0x0a, 0xac, 0x0a, 0xac, 0x0a, 0xac, 0x0a, 0xac, 0x0a, 0xac, 0x0a,
    0xac, 0x0a, 0xac, 0x0a, 0xac, 0x0a, 0xac, 0x0a, 0xac, 0x0a, 0xac, 0x0a,
    0xac, 0x0a, 0xac, 0x0a, 0xac, 0x0a, 0xac, 0x0a, 0xac, 0x0a, 0xac, 0x0a,
    0xac, 0x0a, 0xac, 0x0a, 0xac, 0x0a, 0xac, 0x0a, 0xac, 0x0a, 0xac, 0x0a,
    0xac, 0x0a, 0xac, 0x0a, 0xac, 0x0a, 0xac, 0x0a, 0xac, 0x0a, 0xac, 0x0a,
    0xac, 0x0a, 0xac, 0x0a, 0xac, 0x0a, 0xac, 0x0a, 0xac, 0x0a, 0xac, 0x0a,
    0xac, 0x0a, 0xac, 0x0a, 0xac, 0x0a, 0xac, 0x0a, 0xac, 0x0a, 0xac, 0x0a,
    0xac, 0x0a, 0xac, 0x0a, 0xac, 0x0a, 0xac, 0x0a, 0xac, 0x0a, 0xac, 0x0a,
    0xac, 0x0a, 0xac, 0x0a, 0xac, 0x0a, 0xac, 0x0a, 0xac, 0x0a, 0xac, 0x0a,
    0xac, 0x0a, 0xac, 0x0a, 0xac, 0x0a, 0xac, 0x0a, 0xac, 0x0a, 0xac, 0x0a,
    0xac, 0x0a, 0xac, 0x0a, 0xac, 0x0a, 0xac, 0x0a, 0xac, 0x0a, 0xac, 0x0a,
    0xac, 0x0a, 0xac, 0x0a, 0xac, 0x0a, 0xac, 0x0a, 0xac, 0x0a, 0xac, 0x0a,
    0xac, 0x0a, 0xac, 0x0a, 0xac, 0x0a, 0xac, 0x0a, 0xac, 0x0a, 0xac, 0x0a,
    0xac, 0x0a, 0xac, 0x0a, 0xac, 0x0a, 0xac, 0x0a, 0xac, 0x0a, 0xac, 0x0a,
    0xac, 0x0a, 0xac, 0x0a, 0xac, 0x0a, 0xac, 0x0a, 0xac, 0x0a, 0xac, 0x0a,
    0xac, 0x0a, 0xac, 0x0a, 0xac, 0x0a, 0xac, 0x0a, 0xac, 0x0a, 0xac, 0x0a,
    0xac, 0x0a, 0xac, 0x0a, 0xac, 0x0a, 0xac, 0x0a, 0xac, 0x0a, 0xac, 0x0a,
    0xac, 0x0a, 0xac, 0x0a, 0xac, 0x0a, 0xac, 0x0a, 0xac, 0x0a, 0xac, 0x0a,
    0xac, 0x0a, 0xac, 0x0a, 0xac, 0x0a, 0xac, 0x0a, 0xac, 0x0a, 0xac, 0x0a,
    0xac, 0x0a, 0xac, 0x0a, 0xac, 0x0a, 0xac, 0x0a, 0xac, 0x0a, 0xac, 0x0a,
    0xac, 0x0a, 0xac, 0x0a, 0xac, 0x0a, 0xac, 0x0a, 0xac, 0x0a, 0xac, 0x0a,
    0xac, 0x0a, 0xac, 0x0a, 0xac, 0x0a, 0xac, 0x0a, 0xac, 0x0a, 0xac, 0x0a,
    0xac, 0x0a, 0xac, 0x0a, 0xac, 0x0a, 0xac, 0x0a, 0xac, 0x0a, 0xac, 0x0a,
    0xac, 0x0a, 0xac, 0x0a, 0xac, 0x0a, 0xac, 0x0a, 0xac, 0x0a, 0xac, 0x0a,
    0xac, 0x0a, 0xac, 0x0a, 0xac, 0x0a, 0xac, 0x0a, 0xac, 0x0a, 0xac, 0x0a,
    0xac, 0x0a, 0xac, 0x0a, 0xac, 0x0a, 0xac, 0x0a, 0xac, 0x0a, 0xac, 0x0a,
    0xac, 0x0a, 0xac, 0x0a, 0xed, 0x0a, 0x6c, 0x02, 0x45, 0x00, 0x25, 0x00,
    0x45, 0x00, 0x45, 0x00, 0x45, 0x00, 0x45, 0x00, 0x45, 0x00, 0x45, 0x00,
    0x45, 0x00, 0x45, 0x00, 0x45, 0x00, 0x45, 0x00, 0x45, 0x00, 0x45, 0x00,
    0x45, 0x00, 0x45, 0x00, 0x45, 0x00, 0x45, 0x00, 0x45, 0x00, 0x45, 0x00,
    0x45, 0x00, 0x45, 0x00, 0x45, 0x00, 0x45, 0x00, 0x45, 0x00, 0x45, 0x00,
    0x45, 0x00, 0x45, 0x00, 0x45, 0x00, 0x45, 0x00, 0x45, 0x00, 0x45, 0x00,
    0x45, 0x00, 0x45, 0x00, 0x45, 0x00, 0x65, 0x00, 0x25, 0x00, 0x85, 0x00,
    0xe7, 0x00, 0xcd, 0x0a, 0xac, 0x0a, 0xac, 0x02, 0xac, 0x0a, 0xac, 0x0a,
    0xac, 0x0a, 0xac, 0x0a, 0xac, 0x0a, 0xac, 0x0a, 0xac, 0x0a, 0xac, 0x0a,
    0xac, 0x0a, 0xac, 0x0a, 0xac, 0x0a, 0xac, 0x0a, 0xac, 0x0a, 0xac, 0x0a,
    0xac, 0x0a, 0xac, 0x0a, 0xac, 0x0a, 0xac, 0x0a, 0xac, 0x0a, 0xac, 0x0a,
    0xac, 0x0a, 0xac, 0x0a, 0xac, 0x0a, 0xac, 0x0a, 0xac, 0x0a, 0xac, 0x0a,
    0xac, 0x0a, 0xac, 0x0a, 0xac, 0x0a, 0xac, 0x0a, 0xac, 0x0a, 0xac, 0x0a,
    0xac, 0x0a, 0xac, 0x0a, 0xac, 0x0a, 0xac, 0x0a, 0xac, 0x0a, 0xac, 0x0a,
    0xac, 0x0a, 0xac, 0x0a, 0xac, 0x0a, 0xac, 0x0a, 0xac, 0x0a, 0xac, 0x0a,
    0xac, 0x0a, 0xac, 0x0a, 0xac, 0x0a, 0xac, 0x0a, 0xac, 0x0a, 0xac, 0x0a,
    0xac, 0x0a, 0xac, 0x0a, 0xac, 0x0a, 0xac, 0x0a, 0xac, 0x0a, 0xac, 0x0a,
    0xac, 0x0a, 0xac, 0x0a, 0xac, 0x0a, 0xac, 0x0a, 0xac, 0x0a, 0xac, 0x0a,
    0xac, 0x0a, 0xac, 0x0a, 0xac, 0x0a, 0xac, 0x0a, 0xac, 0x0a, 0xac, 0x0a,
    0xac, 0x0a, 0xac, 0x0a, 0xac, 0x0a, 0xac, 0x0a, 0xac, 0x0a, 0xac, 0x0a,
    0xac, 0x0a, 0xac, 0x0a, 0xac, 0x0a, 0xac, 0x0a, 0xac, 0x0a, 0xac, 0x0a,
    0xac, 0x0a, 0xac, 0x0a, 0xac, 0x0a, 0xac, 0x0a, 0xac, 0x0a, 0xac, 0x0a,
    0xac, 0x0a, 0xac, 0x0a, 0xac, 0x0a, 0xac, 0x0a, 0xac, 0x0a, 0xac, 0x0a,
    0xac, 0x0a, 0xac, 0x0a, 0xac, 0x0a, 0xac, 0x0a, 0xac, 0x0a, 0xac, 0x0a,
    0xac, 0x0a, 0xac, 0x0a, 0xac, 0x0a, 0xac, 0x0a, 0xac, 0x0a, 0xac, 0x0a,
    0xac, 0x0a, 0xac, 0x0a, 0xac, 0x0a, 0xac, 0x0a, 0xac, 0x0a, 0xac, 0x0a,
    0xac, 0x0a, 0xac, 0x0a, 0xac, 0x0a, 0xac, 0x0a, 0xac, 0x0a, 0xac, 0x0a,
    0xac, 0x0a, 0xac, 0x0a, 0xac, 0x0a, 0xac, 0x0a, 0xac, 0x0a, 0xac, 0x0a,
    0xac, 0x0a, 0xac, 0x0a, 0xac, 0x0a, 0xac, 0x0a, 0xac, 0x0a, 0xac, 0x0a,
    0xac, 0x0a, 0xac, 0x0a, 0xac, 0x0a, 0xac, 0x0a, 0xac, 0x0a, 0xac, 0x0a,
    0xac, 0x0a, 0xac, 0x0a, 0xac, 0x0a, 0xac, 0x0a, 0xac, 0x0a, 0xac, 0x0a,
    0xac, 0x0a, 0xac, 0x0a, 0xac, 0x0a, 0xac, 0x0a, 0xac, 0x0a, 0xac, 0x0a,
    0xac, 0x0a, 0xac, 0x0a, 0xac, 0x0a, 0xac, 0x0a, 0xac, 0x0a, 0xac, 0x0a,
    0xac, 0x0a, 0xac, 0x0a, 0xcd, 0x0a, 0xac, 0x02, 0xa6, 0x00, 0x65, 0x00,
    0x25, 0x00, 0x45, 0x00, 0x45, 0x00, 0x45, 0x00, 0x45, 0x00, 0x45, 0x00,
    0x45, 0x00, 0x45, 0x00, 0x45, 0x00, 0x45, 0x00, 0x45, 0x00, 0x45, 0x00,
    0x45, 0x00, 0x45, 0x00, 0x45, 0x00, 0x45, 0x00, 0x45, 0x00, 0x45, 0x00,
    0x45, 0x00, 0x45, 0x00, 0x45, 0x00, 0x45, 0x00, 0x45, 0x00, 0x45, 0x00,
    0x45, 0x00, 0x45, 0x00, 0x45, 0x00, 0x45, 0x00, 0x45, 0x00, 0x45, 0x00,
    0x45, 0x00, 0x45, 0x00, 0x45, 0x00, 0x45, 0x00, 0x45, 0x00, 0x45, 0x00,
    0x45, 0x00, 0x45, 0x00, 0x04, 0x00, 0xe7, 0x00, 0xcd, 0x0a, 0xed, 0x0a,
    0xac, 0x0a, 0xac, 0x02, 0xac, 0x0a, 0xac, 0x0a, 0xac, 0x0a, 0xac, 0x0a,
    0xac, 0x0a, 0xac, 0x0a, 0xac, 0x0a, 0xac, 0x0a, 0xac, 0x0a, 0xac, 0x0a,
    0xac, 0x0a, 0xac, 0x0a, 0xac, 0x0a, 0xac, 0x0a, 0xac, 0x0a, 0xac, 0x0a,
    0xac, 0x0a, 0xac, 0x0a, 0xac, 0x0a, 0xac, 0x0a, 0xac, 0x0a, 0xac, 0x0a,
    0xac, 0x0a, 0xac, 0x0a, 0xac, 0x0a, 0xac, 0x0a, 0xac, 0x0a, 0xac, 0x0a,
    0xac, 0x0a, 0xac, 0x0a, 0xac, 0x0a, 0xac, 0x0a, 0xac, 0x0a, 0xac, 0x0a,
    0xac, 0x0a, 0xac, 0x0a, 0xac, 0x0a, 0xac, 0x0a, 0xac, 0x0a, 0xac, 0x0a,
    0xac, 0x0a, 0xac, 0x0a, 0xac, 0x0a, 0xac, 0x0a, 0xac, 0x0a, 0xac, 0x0a,
    0xac, 0x0a, 0xac, 0x0a, 0xac, 0x0a, 0xac, 0x0a, 0xac, 0x0a, 0xac, 0x0a,
    0xac, 0x0a, 0xac, 0x0a, 0xac, 0x0a, 0xac, 0x0a, 0xac, 0x0a, 0xac, 0x0a,
    0xac, 0x0a, 0xac, 0x0a, 0xac, 0x0a, 0xac, 0x0a, 0xac, 0x0a, 0xac, 0x0a,
    0xac, 0x0a, 0xac, 0x0a, 0xac, 0x0a, 0xac, 0x0a, 0xac, 0x0a, 0xac, 0x0a,
    0xac, 0x0a, 0xac, 0x0a, 0xac, 0x0a, 0xac, 0x0a, 0xac, 0x0a, 0xac, 0x0a,
    0xac, 0x0a, 0xac, 0x0a, 0xac, 0x0a, 0xac, 0x0a, 0xac, 0x0a, 0xac, 0x0a,
    0xac, 0x0a, 0xac, 0x0a, 0xac, 0x0a, 0xac, 0x0a, 0xac, 0x0a, 0xac, 0x0a,
    0xac, 0x0a, 0xac, 0x0a, 0xac, 0x0a, 0xac, 0x0a, 0xac, 0x0a, 0xac, 0x0a,
    0xac, 0x0a, 0xac, 0x0a, 0xac, 0x0a, 0xac, 0x0a, 0xac, 0x0a, 0xac, 0x0a,
    0xac, 0x0a, 0xac, 0x0a, 0xac, 0x0a, 0xac, 0x0a, 0xac, 0x0a, 0xac, 0x0a,
    0xac, 0x0a, 0xac, 0x0a, 0xac, 0x0a, 0xac, 0x0a, 0xac, 0x0a, 0xac, 0x0a,
    0xac, 0x0a, 0xac, 0x0a, 0xac, 0x0a, 0xac, 0x0a, 0xac, 0x0a, 0xac, 0x0a,
    0xac, 0x0a, 0xac, 0x0a, 0xac, 0x0a, 0xac, 0x0a, 0xac, 0x0a, 0xac, 0x0a,
    0xac, 0x0a, 0xac, 0x0a, 0xac, 0x0a, 0xac, 0x0a, 0xac, 0x0a, 0xac, 0x0a,
    0xac, 0x0a, 0xac, 0x0a, 0xac, 0x0a, 0xac, 0x0a, 0xac, 0x0a, 0xac, 0x0a,
    0xac, 0x0a, 0xac, 0x0a, 0xac, 0x0a, 0xac, 0x0a, 0xac, 0x0a, 0xac, 0x0a,
    0xac, 0x0a, 0xac, 0x0a, 0xac, 0x0a, 0xac, 0x0a, 0xac, 0x0a, 0xac, 0x0a,
    0xac, 0x0a, 0xac, 0x02, 0xac, 0x0a, 0xed, 0x0a, 0xac, 0x02, 0xa6, 0x00,
    0x24, 0x00, 0x45, 0x00, 0x45, 0x00, 0x45, 0x00, 0x45, 0x00, 0x45, 0x00,
    0x45, 0x00, 0x45, 0x00, 0x45, 0x00, 0x45, 0x00, 0x45, 0x00, 0x45, 0x00,
    0x45, 0x00, 0x45, 0x00, 0x45, 0x00, 0x45, 0x00, 0x45, 0x00, 0x45, 0x00,
    0x45, 0x00, 0x45, 0x00, 0x45, 0x00, 0x45, 0x00, 0x45, 0x00, 0x45, 0x00,
    0x45, 0x00, 0x45, 0x00, 0x45, 0x00, 0x45, 0x00, 0x45, 0x00, 0x45, 0x00,
    0x45, 0x00, 0x45, 0x00, 0x45, 0x00, 0x45, 0x00, 0x45, 0x00, 0x45, 0x00,
    0x45, 0x00, 0x45, 0x00, 0x45, 0x00, 0x45, 0x00, 0x45, 0x00, 0x04, 0x00,
    0x07, 0x01, 0x0a, 0x02, 0xcd, 0x0a, 0xed, 0x0a, 0xac, 0x02, 0xac, 0x0a,
    0xac, 0x0a, 0xac, 0x0a, 0xac, 0x0a, 0xac, 0x0a, 0xac, 0x0a, 0xac, 0x0a,
    0xac, 0x0a, 0xac, 0x0a, 0xac, 0x0a, 0xac, 0x0a, 0xac, 0x0a, 0xac, 0x0a,
    0xac, 0x0a, 0xac, 0x0a, 0xac, 0x0a, 0xac, 0x0a, 0xac, 0x0a, 0xac, 0x0a,
    0xac, 0x0a, 0xac, 0x0a, 0xac, 0x0a, 0xac, 0x0a, 0xac, 0x0a, 0xac, 0x0a,
    0xac, 0x0a, 0xac, 0x0a, 0xac, 0x0a, 0xac, 0x0a, 0xac, 0x0a, 0xac, 0x0a,
    0xac, 0x0a, 0xac, 0x0a, 0xac, 0x0a, 0xac, 0x0a, 0xac, 0x0a, 0xac, 0x0a,
    0xac, 0x0a, 0xac, 0x0a, 0xac, 0x0a, 0xac, 0x0a, 0xac, 0x0a, 0xac, 0x0a,
    0xac, 0x0a, 0xac, 0x0a, 0xac, 0x0a, 0xac, 0x0a, 0xac, 0x0a, 0xac, 0x0a,
    0xac, 0x0a, 0xac, 0x0a, 0xac, 0x0a, 0xac, 0x0a, 0xac, 0x0a, 0xac, 0x0a,
    0xac, 0x0a, 0xac, 0x0a, 0xac, 0x0a, 0xac, 0x0a, 0xac, 0x0a, 0xac, 0x0a,
    0xac, 0x0a, 0xac, 0x0a, 0xac, 0x0a, 0xac, 0x0a, 0xac, 0x0a, 0xac, 0x0a,
    0xac, 0x0a, 0xac, 0x0a, 0xac, 0x0a, 0xac, 0x0a, 0xac, 0x0a, 0xac, 0x0a,
    0xac, 0x0a, 0xac, 0x0a, 0xac, 0x0a, 0xac, 0x0a, 0xac, 0x0a, 0xac, 0x0a,
    0xac, 0x0a, 0xac, 0x0a, 0xac, 0x0a, 0xac, 0x0a, 0xac, 0x0a, 0xac, 0x0a,
    0xac, 0x0a, 0xac, 0x0a, 0xac, 0x0a, 0xac, 0x0a, 0xac, 0x0a, 0xac, 0x0a,
    0xac, 0x0a, 0xac, 0x0a, 0xac, 0x0a, 0xac, 0x0a, 0xac, 0x0a, 0xac, 0x0a,
    0xac, 0x0a, 0xac, 0x0a, 0xac, 0x0a, 0xac, 0x0a, 0xac, 0x0a, 0xac, 0x0a,
    0xac, 0x0a, 0xac, 0x0a, 0xac, 0x0a, 0xac, 0x0a, 0xac, 0x0a, 0xac, 0x0a,
    0xac, 0x0a, 0xac, 0x0a, 0xac, 0x0a, 0xac, 0x0a, 0xac, 0x0a, 0xac, 0x0a,
    0xac, 0x0a, 0xac, 0x0a, 0xac, 0x0a, 0xac, 0x0a, 0xac, 0x0a, 0xac, 0x0a,
    0xac, 0x0a, 0xac, 0x0a, 0xac, 0x0a, 0xac, 0x0a, 0xac, 0x0a, 0xac, 0x0a,
    0xac, 0x0a, 0xac, 0x0a, 0xac, 0x0a, 0xac, 0x0a, 0xac, 0x0a, 0xac, 0x0a,
    0xac, 0x0a, 0xac, 0x0a, 0xac, 0x0a, 0xac, 0x0a, 0xac, 0x0a, 0xac, 0x0a,
    0xac, 0x0a, 0xac, 0x0a, 0xac, 0x0a, 0xac, 0x0a, 0xac, 0x0a, 0xac, 0x0a,
    0xac, 0x0a, 0xac, 0x0a, 0xac, 0x0a, 0x0d, 0x0b, 0xac, 0x02, 0x0a, 0x02,
    0xa6, 0x00, 0x24, 0x00, 0x45, 0x00, 0x45, 0x00, 0x45, 0x00, 0x45, 0x00,
    0x45, 0x00, 0x45, 0x00, 0x45, 0x00, 0x45, 0x00, 0x45, 0x00, 0x45, 0x00,
    0x45, 0x00, 0x45, 0x00, 0x45, 0x00, 0x45, 0x00, 0x45, 0x00, 0x45, 0x00,
    0x45, 0x00, 0x45, 0x00, 0x45, 0x00, 0x45, 0x00, 0x45, 0x00, 0x45, 0x00,
    0x45, 0x00, 0x45, 0x00, 0x45, 0x00, 0x45, 0x00, 0x45, 0x00, 0x45, 0x00,
    0x45, 0x00, 0x45, 0x00, 0x45, 0x00, 0x45, 0x00, 0x45, 0x00, 0x45, 0x00,
    0x45, 0x00, 0x45, 0x00, 0x45, 0x00, 0x45, 0x00, 0x45, 0x00, 0x45, 0x00,
    0x45, 0x00, 0x45, 0x00, 0x25, 0x00, 0x04, 0x00, 0x48, 0x01, 0xca, 0x01,
    0x0d, 0x0b, 0xcd, 0x0a, 0xac, 0x0a, 0xac, 0x0a, 0xac, 0x0a, 0xac, 0x0a,
    0xac, 0x0a, 0xac, 0x0a, 0xac, 0x0a, 0xac, 0x0a, 0xac, 0x0a, 0xac, 0x0a,
    0xac, 0x0a, 0xac, 0x0a, 0xac, 0x0a, 0xac, 0x0a, 0xac, 0x0a, 0xac, 0x0a,
    0xac, 0x0a, 0xac, 0x0a, 0xac, 0x0a, 0xac, 0x0a, 0xac, 0x0a, 0xac, 0x0a,
    0xac, 0x0a, 0xac, 0x0a, 0xac, 0x0a, 0xac, 0x0a, 0xac, 0x0a, 0xac, 0x0a,
    0xac, 0x0a, 0xac, 0x0a, 0xac, 0x0a, 0xac, 0x0a, 0xac, 0x0a, 0xac, 0x0a,
    0xac, 0x0a, 0xac, 0x0a, 0xac, 0x0a, 0xac, 0x0a, 0xac, 0x0a, 0xac, 0x0a,
    0xac, 0x0a, 0xac, 0x0a, 0xac, 0x0a, 0xac, 0x0a, 0xac, 0x0a, 0xac, 0x0a,
    0xac, 0x0a, 0xac, 0x0a, 0xac, 0x0a, 0xac, 0x0a, 0xac, 0x0a, 0xac, 0x0a,
    0xac, 0x0a, 0xac, 0x0a, 0xac, 0x0a, 0xac, 0x0a, 0xac, 0x0a, 0xac, 0x0a,
    0xac, 0x0a, 0xac, 0x0a, 0xac, 0x0a, 0xac, 0x0a, 0xac, 0x0a, 0xac, 0x0a,
    0xac, 0x0a, 0xac, 0x0a, 0xac, 0x0a, 0xac, 0x0a, 0xac, 0x0a, 0xac, 0x0a,
    0xac, 0x0a, 0xac, 0x0a, 0xac, 0x0a, 0xac, 0x0a, 0xac, 0x0a, 0xac, 0x0a,
    0xac, 0x0a, 0xac, 0x0a, 0xac, 0x0a, 0xac, 0x0a, 0xac, 0x0a, 0xac, 0x0a,
    0xac, 0x0a, 0xac, 0x0a, 0xac, 0x0a, 0xac, 0x0a, 0xac, 0x0a, 0xac, 0x0a,
    0xac, 0x0a, 0xac, 0x0a, 0xac, 0x0a, 0xac, 0x0a, 0xac, 0x0a, 0xac, 0x0a,
    0xac, 0x0a, 0xac, 0x0a, 0xac, 0x0a, 0xac, 0x0a, 0xac, 0x0a, 0xac, 0x0a,
    0xac, 0x0a, 0xac, 0x0a, 0xac, 0x0a, 0xac, 0x0a, 0xac, 0x0a, 0xac, 0x0a,
    0xac, 0x0a, 0xac, 0x0a, 0xac, 0x0a, 0xac, 0x0a, 0xac, 0x0a, 0xac, 0x0a,
    0xac, 0x0a, 0xac, 0x0a, 0xac, 0x0a, 0xac, 0x0a, 0xac, 0x0a, 0xac, 0x0a,
    0xac, 0x0a, 0xac, 0x0a, 0xac, 0x0a, 0xac, 0x0a, 0xac, 0x0a, 0xac, 0x0a,
    0xac, 0x0a, 0xac, 0x0a, 0xac, 0x0a, 0xac, 0x0a, 0xac, 0x0a, 0xac, 0x0a,
    0xac, 0x0a, 0xac, 0x0a, 0xac, 0x0a, 0xac, 0x0a, 0xac, 0x0a, 0xac, 0x0a,
    0xac, 0x0a, 0xac, 0x0a, 0xac, 0x0a, 0xac, 0x0a, 0xac, 0x0a, 0xac, 0x0a,
    0xac, 0x0a, 0xac, 0x0a, 0xac, 0x0a, 0xed, 0x0a, 0xed, 0x0a, 0xa9, 0x01,
    0x07, 0x01, 0x04, 0x00, 0x45, 0x00, 0x45, 0x00, 0x45, 0x00, 0x45, 0x00,
    0x45, 0x00, 0x45, 0x00, 0x45, 0x00, 0x45, 0x00, 0x45, 0x00, 0x45, 0x00,
    0x45, 0x00, 0x45, 0x00, 0x45, 0x00, 0x45, 0x00, 0x45, 0x00, 0x45, 0x00,
    0x45, 0x00, 0x45, 0x00, 0x45, 0x00, 0x45, 0x00, 0x45, 0x00, 0x45, 0x00,
    0x45, 0x00, 0x45, 0x00, 0x45, 0x00, 0x45, 0x00, 0x45, 0x00, 0x45, 0x00,
    0x45, 0x00, 0x45, 0x00, 0x45, 0x00, 0x45, 0x00, 0x45, 0x00, 0x45, 0x00,
    0x45, 0x00, 0x45, 0x00, 0x45, 0x00, 0x45, 0x00, 0x45, 0x00, 0x45, 0x00,
    0x45, 0x00, 0x45, 0x00, 0x45, 0x00, 0x45, 0x00, 0x45, 0x00, 0x65, 0x00,
    0x04, 0x00, 0x45, 0x00, 0xe7, 0x00, 0xea, 0x01, 0x0d, 0x0b, 0xcd, 0x0a,
    0xac, 0x0a, 0xac, 0x0a, 0xac, 0x0a, 0xac, 0x0a, 0xac, 0x0a, 0xac, 0x0a,
    0xac, 0x0a, 0xac, 0x0a, 0xac, 0x0a, 0xac, 0x0a, 0xac, 0x0a, 0xac, 0x0a,
    0xac, 0x0a, 0xac, 0x0a, 0xac, 0x0a, 0xac, 0x0a, 0xac, 0x0a, 0xac, 0x0a,
    0xac, 0x0a, 0xac, 0x0a, 0xac, 0x0a, 0xac, 0x0a, 0xac, 0x0a, 0xac, 0x0a,
    0xac, 0x0a, 0xac, 0x0a, 0xac, 0x0a, 0xac, 0x0a, 0xac, 0x0a, 0xac, 0x0a,
    0xac, 0x0a, 0xac, 0x0a, 0xac, 0x0a, 0xac, 0x0a, 0xac, 0x0a, 0xac, 0x0a,
    0xac, 0x0a, 0xac, 0x0a, 0xac, 0x0a, 0xac, 0x0a, 0xac, 0x0a, 0xac, 0x0a,
    0xac, 0x0a, 0xac, 0x0a, 0xac, 0x0a, 0xac, 0x0a, 0xac, 0x0a, 0xac, 0x0a,
    0xac, 0x0a, 0xac, 0x0a, 0xac, 0x0a, 0xac, 0x0a, 0xac, 0x0a, 0xac, 0x0a,
    0xac, 0x0a, 0xac, 0x0a, 0xac, 0x0a, 0xac, 0x0a, 0xac, 0x0a, 0xac, 0x0a,
    0xac, 0x0a, 0xac, 0x0a, 0xac, 0x0a, 0xac, 0x0a, 0xac, 0x0a, 0xac, 0x0a,
    0xac, 0x0a, 0xac, 0x0a, 0xac, 0x0a, 0xac, 0x0a, 0xac, 0x0a, 0xac, 0x0a,
    0xac, 0x0a, 0xac, 0x0a, 0xac, 0x0a, 0xac, 0x0a, 0xac, 0x0a, 0xac, 0x0a,
    0xac, 0x0a, 0xac, 0x0a, 0xac, 0x0a, 0xac, 0x0a, 0xac, 0x0a, 0xac, 0x0a,
    0xac, 0x0a, 0xac, 0x0a, 0xac, 0x0a, 0xac, 0x0a, 0xac, 0x0a, 0xac, 0x0a,
    0xac, 0x0a, 0xac, 0x0a, 0xac, 0x0a, 0xac, 0x0a, 0xac, 0x0a, 0xac, 0x0a,
    0xac, 0x0a, 0xac, 0x0a, 0xac, 0x0a, 0xac, 0x0a, 0xac, 0x0a, 0xac, 0x0a,
    0xac, 0x0a, 0xac, 0x0a, 0xac, 0x0a, 0xac, 0x0a, 0xac, 0x0a, 0xac, 0x0a,
    0xac, 0x0a, 0xac, 0x0a, 0xac, 0x0a, 0xac, 0x0a, 0xac, 0x0a, 0xac, 0x0a,
    0xac, 0x0a, 0xac, 0x0a, 0xac, 0x0a, 0xac, 0x0a, 0xac, 0x0a, 0xac, 0x0a,
    0xac, 0x0a, 0xac, 0x0a, 0xac, 0x0a, 0xac, 0x0a, 0xac, 0x0a, 0xac, 0x0a,
    0xac, 0x0a, 0xac, 0x0a, 0xac, 0x0a, 0xac, 0x0a, 0xac, 0x0a, 0xac, 0x0a,
    0xac, 0x0a, 0xac, 0x0a, 0xac, 0x0a, 0xac, 0x0a, 0xac, 0x0a, 0xac, 0x0a,
    0xac, 0x0a, 0xac, 0x0a, 0xac, 0x0a, 0xcd, 0x0a, 0x0d, 0x0b, 0xa9, 0x01,
    0xe7, 0x00, 0x04, 0x00, 0x25, 0x00, 0x65, 0x00, 0x45, 0x00, 0x45, 0x00,
    0x45, 0x00, 0x45, 0x00, 0x45, 0x00, 0x45, 0x00, 0x45, 0x00, 0x45, 0x00,
    0x45, 0x00, 0x45, 0x00, 0x45, 0x00, 0x45, 0x00, 0x45, 0x00, 0x45, 0x00,
    0x45, 0x00, 0x45, 0x00, 0x45, 0x00, 0x45, 0x00, 0x45, 0x00, 0x45, 0x00,
    0x45, 0x00, 0x45, 0x00, 0x45, 0x00, 0x45, 0x00, 0x45, 0x00, 0x45, 0x00,
    0x45, 0x00, 0x45, 0x00, 0x45, 0x00, 0x45, 0x00, 0x45, 0x00, 0x45, 0x00,
    0x45, 0x00, 0x45, 0x00, 0x45, 0x00, 0x45, 0x00, 0x45, 0x00, 0x45, 0x00,
    0x45, 0x00, 0x45, 0x00, 0x45, 0x00, 0x45, 0x00, 0x45, 0x00, 0x45, 0x00,
    0x45, 0x00, 0x45, 0x00, 0x45, 0x00, 0x45, 0x00, 0x04, 0x00, 0x65, 0x00,
    0xa6, 0x00, 0xa6, 0x00, 0xac, 0x02, 0xcc, 0x0a, 0xac, 0x0a, 0xac, 0x0a,
    0xac, 0x0a, 0xac, 0x0a, 0xac, 0x0a, 0xac, 0x0a, 0xac, 0x0a, 0xac, 0x0a,
    0xac, 0x0a, 0xac, 0x0a, 0xac, 0x0a, 0xac, 0x0a, 0xac, 0x0a, 0xac, 0x0a,
    0xac, 0x0a, 0xac, 0x0a, 0xac, 0x0a, 0xac, 0x0a, 0xac, 0x0a, 0xac, 0x0a,
    0xac, 0x0a, 0xac, 0x0a, 0xac, 0x0a, 0xac, 0x0a, 0xac, 0x0a, 0xac, 0x0a,
    0xac, 0x0a, 0xac, 0x0a, 0xac, 0x0a, 0xac, 0x0a, 0xac, 0x0a, 0xac, 0x0a,
    0xac, 0x0a, 0xac, 0x0a, 0xac, 0x0a, 0xac, 0x0a, 0xac, 0x0a, 0xac, 0x0a,
    0xac, 0x0a, 0xac, 0x0a, 0xac, 0x0a, 0xac, 0x0a, 0xac, 0x0a, 0xac, 0x0a,
    0xac, 0x0a, 0xac, 0x0a, 0xac, 0x0a, 0xac, 0x0a, 0xac, 0x0a, 0xac, 0x0a,
    0xac, 0x0a, 0xac, 0x0a, 0xac, 0x0a, 0xac, 0x0a, 0xac, 0x0a, 0xac, 0x0a,
    0xac, 0x0a, 0xac, 0x0a, 0xac, 0x0a, 0xac, 0x0a, 0xac, 0x0a, 0xac, 0x0a,
    0xac, 0x0a, 0xac, 0x0a, 0xac, 0x0a, 0xac, 0x0a, 0xac, 0x0a, 0xac, 0x0a,
    0xac, 0x0a, 0xac, 0x0a, 0xac, 0x0a, 0xac, 0x0a, 0xac, 0x0a, 0xac, 0x0a,
    0xac, 0x0a, 0xac, 0x0a, 0xac, 0x0a, 0xac, 0x0a, 0xac, 0x0a, 0xac, 0x0a,
    0xac, 0x0a, 0xac, 0x0a, 0xac, 0x0a, 0xac, 0x0a, 0xac, 0x0a, 0xac, 0x0a,
    0xac, 0x0a, 0xac, 0x0a, 0xac, 0x0a, 0xac, 0x0a, 0xac, 0x0a, 0xac, 0x0a,
    0xac, 0x0a, 0xac, 0x0a, 0xac, 0x0a, 0xac, 0x0a, 0xac, 0x0a, 0xac, 0x0a,
    0xac, 0x0a, 0xac, 0x0a, 0xac, 0x0a, 0xac, 0x0a, 0xac, 0x0a, 0xac, 0x0a,
    0xac, 0x0a, 0xac, 0x0a, 0xac, 0x0a, 0xac, 0x0a, 0xac, 0x0a, 0xac, 0x0a,
    0xac, 0x0a, 0xac, 0x0a, 0xac, 0x0a, 0xac, 0x0a, 0xac, 0x0a, 0xac, 0x0a,
    0xac, 0x0a, 0xac, 0x0a, 0xac, 0x0a, 0xac, 0x0a, 0xac, 0x0a, 0xac, 0x0a,
    0xac, 0x0a, 0xac, 0x0a, 0xac, 0x0a, 0xac, 0x0a, 0xac, 0x0a, 0xac, 0x0a,
    0xac, 0x0a, 0xac, 0x0a, 0xac, 0x0a, 0xac, 0x0a, 0xac, 0x0a, 0xac, 0x0a,
    0xac, 0x0a, 0xac, 0x0a, 0xac, 0x0a, 0xcd, 0x0a, 0x6c, 0x02, 0x86, 0x00,
    0xc6, 0x00, 0x45, 0x00, 0x04, 0x00, 0x65, 0x00, 0x45, 0x00, 0x45, 0x00,
    0x45, 0x00, 0x45, 0x00, 0x45, 0x00, 0x45, 0x00, 0x45, 0x00, 0x45, 0x00,
    0x45, 0x00, 0x45, 0x00, 0x45, 0x00, 0x45, 0x00, 0x45, 0x00, 0x45, 0x00,
    0x45, 0x00, 0x45, 0x00, 0x45, 0x00, 0x45, 0x00, 0x45, 0x00, 0x45, 0x00,
    0x45, 0x00, 0x45, 0x00, 0x45, 0x00, 0x45, 0x00,
};

static const lv_image_dsc_t persona_idle = {
    .header.magic = LV_IMAGE_HEADER_MAGIC,
    .header.cf = LV_COLOR_FORMAT_RGB565,
    .header.w = 200,
    .header.h = 200,
    .header.stride = 400,
    .data_size = 80000,
    .data = persona_idle_map,
};
